Num_Acc;id_vehicule;catv;obs;obsm;choc;manv;motor;id_usager;place;catu;grav;sexe;an_nais;trajet;secu1;jour;mois;an;hrmn;lum;dep;com;agg;int;atm;col;lat;long;catr;circ;nbv;vosp;prof;plan;surf;infra;situ;vma;day_of_week;gravity
202100002486;197 329;1;0;2;1;15;5;261 451;1;1;3;1;1970.0;5;2;19;12;2021;12;1;54;54108;1;2;5;3;48,5812066815;6,2672710420;3;2;2;0;1;1;1;0;1;80;6;Blessé hospitalisé
202100002510;197 288;7;0;2;1;9;1;261 395;1;1;1;2;1997.0;5;1;18;12;2021;17;2;29;29206;2;3;1;1;48,6188982102; -4,1994300485;4;2;2;0;1;1;1;5;1;50;5;Indemne
202100002510;197 289;1;0;2;1;5;5;261 396;1;1;3;1;1968.0;5;2;18;12;2021;17;2;29;29206;2;3;1;1;48,6188982102; -4,1994300485;4;2;2;0;1;1;1;5;1;50;5;Blessé hospitalisé
202100002517;197 277;1;0;2;4;2;5;261 378;1;1;4;1;1960.0;5;2;18;12;2021;16;1;72;72054;1;1;1;2;48,0025830000;0,3315640000;3;2;2;0;1;1;1;0;1;80;5;Blessé léger
202100002517;197 278;7;0;9;2;2;1;261 379;1;1;1;1;1979.0;5;8;18;12;2021;16;1;72;72054;1;1;1;2;48,0025830000;0,3315640000;3;2;2;0;1;1;1;0;1;80;5;Indemne
202100002519;197 273;1;0;2;1;13;5;261 374;1;1;4;2;1964.0;5;0;19;12;2021;14;1;45;45195;2;1;8;1;48,1048160000;2,1931460000;3;2;2;0;1;1;2;0;5;50;6;Blessé léger
202100002519;197 274;2;0;2;1;1;1;261 375;1;1;1;1;2006.0;5;8;19;12;2021;14;1;45;45195;2;1;8;1;48,1048160000;2,1931460000;3;2;2;0;1;1;2;0;5;50;6;Indemne
202100002524;197 265;1;0;0;6;1;5;261 366;1;1;4;2;1981.0;5;0;18;12;2021;16;1;85;85160;2;1;1;2;46,5922580000; -1,3975920000;4;2;2;0;2;1;1;0;1;50;5;Blessé léger
202100002524;197 266;7;0;2;2;1;1;261 367;1;1;1;2;1943.0;5;1;18;12;2021;16;1;85;85160;2;1;1;2;46,5922580000; -1,3975920000;4;2;2;0;2;1;1;0;1;50;5;Indemne
202100002549;197 224;1;0;0;4;1;5;261 302;1;1;2;1;1977.0;5;4;19;12;2021;02;3;80;80576;1;1;5;2;49,7279470000;2,9589270000;3;2;2;0;1;1;2;0;1;80;6;Tué
202100002549;197 225;7;0;2;2;1;1;261 303;1;1;1;1;1998.0;5;1;19;12;2021;02;3;80;80576;1;1;5;2;49,7279470000;2,9589270000;3;2;2;0;1;1;2;0;1;80;6;Indemne
202100002566;197 194;7;1;9;2;16;1;261 270;1;1;1;1;1973.0;4;1;16;12;2021;18;5;988;98818;2;4;1;3; -22,3090500000;166,4517700000;4;2;3;1;2;1;1;6;5;50;3;Indemne
202100002566;197 195;1;1;2;3;1;5;261 271;1;1;3;1;1966.0;5;2;16;12;2021;18;5;988;98818;2;4;1;3; -22,3090500000;166,4517700000;4;2;3;1;2;1;1;6;5;50;3;Blessé hospitalisé
202100002579;197 175;37;0;2;3;15;0;261 245;1;1;1;1;1967.0;4;1;16;12;2021;07;5;69;69382;2;4;2;1;45,7659500000;4,8380900000;4;2;3;3;1;2;2;0;1;50;3;Indemne
202100002579;197 176;1;0;2;1;19;6;261 246;1;1;4;1;1945.0;1;8;16;12;2021;07;5;69;69382;2;4;2;1;45,7659500000;4,8380900000;4;2;3;3;1;2;2;0;1;50;3;Blessé léger
202100002580;197 173;7;0;2;1;15;1;261 243;1;1;1;1;1982.0;5;1;15;12;2021;12;1;69;69381;2;3;1;6;45,7729661139;4,8213833570;4;2;3;2;1;1;1;0;1;50;2;Indemne
202100002580;197 174;1;0;2;1;13;5;261 244;1;1;3;1;1982.0;2;2;15;12;2021;12;1;69;69381;2;3;1;6;45,7729661139;4,8213833570;4;2;3;2;1;1;1;0;1;50;2;Blessé hospitalisé
202100002597;197 139;1;0;2;1;1;5;261 194;1;1;4;1;2005.0;0;8;14;12;2021;11;1;72;72003;2;1;1;3;47,9741000000;0,1590600000;4;1;2;1;1;1;1;0;5;50;1;Blessé léger
202100002597;197 140;7;0;9;3;15;1;261 195;1;1;1;1;1993.0;0;1;14;12;2021;11;1;72;72003;2;1;1;3;47,9741000000;0,1590600000;4;1;2;1;1;1;1;0;5;50;1;Indemne
202100002601;197 131;7;0;2;2;1;1;261 186;1;1;1;2;1991.0;5;1;15;12;2021;14;1;67;67447;2;3;1;3;48,6028500000;7,7475200000;4;1;2;0;1;1;1;0;1;50;2;Indemne
202100002601;197 132;1;0;2;2;5;5;261 187;1;1;4;2;2010.0;0;8;15;12;2021;14;1;67;67447;2;3;1;3;48,6028500000;7,7475200000;4;1;2;0;1;1;1;0;1;50;2;Blessé léger
202100002607;197 121;1;0;2;3;19;5;261 174;1;1;4;2;1989.0;5;8;16;12;2021;17;1;56;56260;2;1;1;3;47,6590000000; -2,7689000000;3;1;2;1;1;1;1;0;1;50;3;Blessé léger
202100002607;197 122;7;0;2;2;1;1;261 175;1;1;1;2;1961.0;3;1;16;12;2021;17;1;56;56260;2;1;1;3;47,6590000000; -2,7689000000;3;1;2;1;1;1;1;0;1;50;3;Indemne
202100002610;197 116;1;0;2;3;2;0;261 169;1;1;4;1;1986.0;0;2;16;12;2021;12;1;45;45147;2;2;1;3;47,9274911037;1,9248819351;7;2;2;1;1;1;1;0;1;50;3;Blessé léger
202100002610;197 117;7;0;2;2;0;0;261 170;1;1;1;2;1982.0;2;1;16;12;2021;12;1;45;45147;2;2;1;3;47,9274911037;1,9248819351;7;2;2;1;1;1;1;0;1;50;3;Indemne
202100002614;197 108;7;0;2;7;14;1;261 161;1;1;1;1;1989.0;0;8;15;12;2021;18;5;44;44114;2;1;1;2;47,2472300000; -1,6022100000;4;2;2;2;1;1;1;0;3;50;2;Indemne
202100002614;197 109;1;0;2;0;1;5;261 162;1;1;4;2;1972.0;0;8;15;12;2021;18;5;44;44114;2;1;1;2;47,2472300000; -1,6022100000;4;2;2;2;1;1;1;0;3;50;2;Blessé léger
202100002617;197 104;1;0;2;9;19;5;261 156;1;1;4;2;2003.0;5;2;16;12;2021;12;1;37;37261;2;1;1;3;47,3966661311;0,6860688329;4;2;4;0;1;1;1;0;1;50;3;Blessé léger
202100002617;197 105;33;0;2;1;1;1;261 157;1;1;4;1;1997.0;2;2;16;12;2021;12;1;37;37261;2;1;1;3;47,3966661311;0,6860688329;4;2;4;0;1;1;1;0;1;50;3;Blessé léger
202100002621;197 097;7;0;2;3;15;1;261 149;1;1;1;2;1996.0;1;1;16;12;2021;08;1;31;31555;2;9;7;3;43,5717600000;1,4536600000;7;2;6;2;1;1;1;3;1;50;3;Indemne
202100002621;197 098;1;0;2;8;1;5;261 150;1;1;3;1;1991.0;1;8;16;12;2021;08;1;31;31555;2;9;7;3;43,5717600000;1,4536600000;7;2;6;2;1;1;1;3;1;50;3;Blessé hospitalisé
202100002646;197 052;1;0;0;1;21;5;261 093;1;1;4;1;1980.0;1;2;16;12;2021;11;1;75;75114;2;3;1;7;48,8331980000;2,3193320000;4;1;1;0;1;1;1;0;1;30;3;Blessé léger
202100002665;197 019;7;0;2;5;20;1;261 051;1;1;1;2;1996.0;5;1;13;12;2021;19;5;92;92044;2;1;1;2;48,8958850000;2,2899620000;4;1;1;0;1;1;1;0;1;50;0;Indemne
202100002665;197 020;1;0;2;1;1;5;261 052;1;1;4;2;1966.0;9;8;13;12;2021;19;5;92;92044;2;1;1;2;48,8958850000;2,2899620000;4;1;1;0;1;1;1;0;1;50;0;Blessé léger
202100002683;196 980;1;0;2;2;9;0;260 998;1;1;4;1;1945.0;5;0;18;12;2021;15;2;70;70433;2;6;1;3;47,6153380000;6,1679490000;3;2;2;0;1;1;1;0;1;50;5;Blessé léger
202100002683;196 981;7;0;9;3;9;1;260 999;1;1;1;2;1958.0;5;1;18;12;2021;15;2;70;70433;2;6;1;3;47,6153380000;6,1679490000;3;2;2;0;1;1;1;0;1;50;5;Indemne
202100002710;196 929;80;0;0;8;17;3;260 916;1;1;2;1;1937.0;5;2;18;12;2021;14;1;35;35228;1;3;7;3;48,6008810000; -2,0570400000;4;2;2;0;2;1;1;5;1;70;5;Tué
202100002710;196 930;7;0;9;3;1;1;260 917;1;1;1;2;1981.0;5;1;18;12;2021;14;1;35;35228;1;3;7;3;48,6008810000; -2,0570400000;4;2;2;0;2;1;1;5;1;70;5;Indemne
202100002733;196 884;7;0;2;5;15;1;260 864;1;1;1;1;1993.0;0;8;14;12;2021;20;5;69;69383;2;2;1;3;45,7539625287;4,8469689488;4;1;1;2;1;1;1;0;1;50;1;Indemne
202100002733;196 885;1;0;2;0;0;0;260 865;1;1;4;1;1989.0;0;2;14;12;2021;20;5;69;69383;2;2;1;3;45,7539625287;4,8469689488;4;1;1;2;1;1;1;0;1;50;1;Blessé léger
202100002744;196 861;1;0;2;1;5;0;260 837;1;1;3;1;2002.0;0;8;13;12;2021;20;3;77;77048;1;1;2;1;48,3287754846;2,6879938958;3;3;5;0;1;1;2;0;1;90;0;Blessé hospitalisé
202100002744;196 862;7;0;2;2;1;1;260 838;1;1;1;1;1999.0;0;1;13;12;2021;20;3;77;77048;1;1;2;1;48,3287754846;2,6879938958;3;3;5;0;1;1;2;0;1;90;0;Indemne
202100002757;196 839;7;0;9;1;1;1;260 807;1;1;1;1;1949.0;5;1;13;12;2021;14;1;47;47001;2;1;1;3;44,1975650000;0,6269390000;3;2;2;0;1;1;1;0;1;50;0;Indemne
202100002757;196 840;1;0;2;8;19;5;260 808;1;1;4;1;1968.0;0;8;13;12;2021;14;1;47;47001;2;1;1;3;44,1975650000;0,6269390000;3;2;2;0;1;1;1;0;1;50;0;Blessé léger
202100002767;196 820;1;0;2;1;1;5;260 781;1;1;4;2;1971.0;0;2;7;12;2021;17;5;33;33063;2;2;3;3;44,8299300000; -0,5809200000;4;2;2;0;4;1;2;0;1;50;1;Blessé léger
202100002767;196 821;7;0;2;3;15;1;260 782;1;1;1;2;1986.0;0;1;7;12;2021;17;5;33;33063;2;2;3;3;44,8299300000; -0,5809200000;4;2;2;0;4;1;2;0;1;50;1;Indemne
202100002768;196 818;1;0;2;8;1;5;260 779;1;1;4;2;1996.0;9;2;15;12;2021;08;2;33;33318;2;1;1;3;44,8114615853; -0,6183551252;4;2;2;2;1;1;1;9;1;50;2;Blessé léger
202100002768;196 819;7;0;2;3;15;1;260 780;1;1;1;1;1978.0;0;1;15;12;2021;08;2;33;33318;2;1;1;3;44,8114615853; -0,6183551252;4;2;2;2;1;1;1;9;1;50;2;Indemne
202100002785;196 788;1;0;2;1;1;6;260 738;1;1;3;1;1953.0;5;2;15;12;2021;10;1;06;06029;2;1;1;3;43,5515900000;7,0164200000;4;3;2;0;1;1;1;0;1;50;2;Blessé hospitalisé
202100002785;196 789;7;0;2;1;11;1;260 739;1;1;1;1;1978.0;4;1;15;12;2021;10;1;06;06029;2;1;1;3;43,5515900000;7,0164200000;4;3;2;0;1;1;1;0;1;50;2;Indemne
202100002788;196 783;10;0;2;3;22;1;260 731;1;1;1;1;1998.0;9;1;15;12;2021;20;2;75;75118;2;5;1;3;48,8941710000;2,3327090000;4;2;2;0;1;1;1;0;1;30;2;Indemne
202100002788;196 784;1;0;2;2;1;5;260 732;1;1;4;1;1993.0;9;8;15;12;2021;20;2;75;75118;2;5;1;3;48,8941710000;2,3327090000;4;2;2;0;1;1;1;0;1;30;2;Blessé léger
202100002819;196 733;7;0;2;0;15;1;260 664;1;1;1;2;1953.0;0;1;15;12;2021;11;1;92;92036;2;2;1;3;48,9267617686;2,2946432233;3;2;2;0;1;1;1;0;1;50;2;Indemne
202100002819;196 734;1;0;2;0;0;5;260 665;1;1;4;2;1979.0;0;1;15;12;2021;11;1;92;92036;2;2;1;3;48,9267617686;2,2946432233;3;2;2;0;1;1;1;0;1;50;2;Blessé léger
202100002841;196 699;7;0;2;2;17;1;260 620;1;1;1;1;1931.0;5;1;17;12;2021;15;2;02;02232;1;1;1;3;49,2075570000;3,0530570000;3;2;2;0;3;1;1;0;1;80;4;Indemne
202100002841;196 700;1;16;2;8;2;5;260 621;1;1;2;1;1960.0;5;0;17;12;2021;15;2;02;02232;1;1;1;3;49,2075570000;3,0530570000;3;2;2;0;3;1;1;0;1;80;4;Tué
202100002847;196 690;1;0;2;3;2;5;260 606;1;1;3;1;1966.0;5;8;15;12;2021;17;3;45;45193;1;1;1;3;47,7624910000;1,9909950000;3;2;2;0;1;3;1;0;1;80;2;Blessé hospitalisé
202100002847;196 691;7;0;2;3;13;1;260 607;1;1;1;1;2000.0;5;8;15;12;2021;17;3;45;45193;1;1;1;3;47,7624910000;1,9909950000;3;2;2;0;1;3;1;0;1;80;2;Indemne
202100002861;196 663;1;15;0;1;21;5;260 576;1;1;3;1;2007.0;2;2;16;12;2021;16;2;68;68278;2;3;8;6;47,7483850000;7,4046190000;3;2;2;2;1;1;1;0;5;30;3;Blessé hospitalisé
202100002877;196 627;7;0;2;2;2;1;260 537;1;1;1;1;2001.0;1;1;20;8;2021;09;1;2A;2A004;1;1;1;2;41,9268800000;8,7823400000;2;3;0;0;1;1;1;0;1;90;4;Indemne
202100002877;196 628;1;0;2;4;2;5;260 538;1;1;3;1;1973.0;5;2;20;8;2021;09;1;2A;2A004;1;1;1;2;41,9268800000;8,7823400000;2;3;0;0;1;1;1;0;1;90;4;Blessé hospitalisé
202100002907;196 574;1;0;2;8;1;0;260 472;1;1;4;2;1993.0;0;8;14;12;2021;06;5;66;66136;2;6;1;3;42,6963500000;2,8640700000;4;2;2;0;1;2;1;0;1;30;1;Blessé léger
202100002907;196 575;7;0;2;1;9;1;260 473;1;1;1;2;1979.0;1;1;14;12;2021;06;5;66;66136;2;6;1;3;42,6963500000;2,8640700000;4;2;2;0;1;2;1;0;1;30;1;Indemne
202100002908;196 572;7;0;2;3;2;1;260 470;1;1;1;1;1938.0;0;1;14;12;2021;14;1;64;64348;2;1;1;2;43,3267308393; -0,3898537159;4;4;3;0;1;1;1;0;1;50;1;Indemne
202100002908;196 573;1;0;2;4;2;5;260 471;1;1;4;1;1943.0;5;8;14;12;2021;14;1;64;64348;2;1;1;2;43,3267308393; -0,3898537159;4;4;3;0;1;1;1;0;1;50;1;Blessé léger
202100002920;196 549;7;1;9;1;1;1;260 442;1;1;1;2;1986.0;1;1;13;12;2021;21;5;57;57306;2;1;1;3;49,3322800000;6,0539300000;3;2;2;0;1;1;1;0;1;50;0;Indemne
202100002920;196 550;1;0;2;3;19;5;260 443;1;1;3;1;1985.0;5;8;13;12;2021;21;5;57;57306;2;1;1;3;49,3322800000;6,0539300000;3;2;2;0;1;1;1;0;1;50;0;Blessé hospitalisé
202100002932;196 530;7;0;2;6;16;1;260 419;1;1;1;1;2002.0;1;1;14;12;2021;08;5;37;37122;2;6;5;2;47,3518509943;0,6864825636;4;3;1;1;1;1;2;5;5;50;1;Indemne
202100002932;196 531;1;0;2;2;15;5;260 420;1;1;4;2;1968.0;1;8;14;12;2021;08;5;37;37122;2;6;5;2;47,3518509943;0,6864825636;4;3;1;1;1;1;2;5;5;50;1;Blessé léger
202100002967;196 470;1;0;1;1;1;5;260 336;1;1;4;1;1991.0;1;2;14;12;2021;09;1;75;75114;2;1;1;6;48,8273030000;2,3255610000;4;1;2;2;1;1;1;0;1;30;1;Blessé léger
202100002967;196 470;1;0;1;1;1;5;260 337;10;3;4;1;1960.0;1;0;14;12;2021;09;1;75;75114;2;1;1;6;48,8273030000;2,3255610000;4;1;2;2;1;1;1;0;1;30;1;Blessé léger
202100002969;196 466;1;0;2;4;1;5;260 331;1;1;1;1;1997.0;5;8;14;12;2021;21;5;75;75110;2;2;1;2;48,8842800000;2,3646410000;4;1;3;1;1;1;1;0;1;30;1;Indemne
202100002969;196 467;32;0;2;1;1;1;260 332;1;1;4;2;1985.0;1;2;14;12;2021;21;5;75;75110;2;2;1;2;48,8842800000;2,3646410000;4;1;3;1;1;1;1;0;1;30;1;Blessé léger
202100003063;196 285;1;9;0;1;19;0;260 083;1;1;3;1;1995.0;0;8;13;12;2021;20;5;69;69386;2;1;1;6;45,7716065743;4,8408883810;9;1;1;1;1;1;1;0;5;50;0;Blessé hospitalisé
202100003064;196 283;1;0;2;3;1;0;260 081;1;1;4;1;1984.0;1;0;13;12;2021;17;1;69;69386;2;3;1;3;45,7690695827;4,8449760675;4;1;1;0;1;1;1;0;1;50;0;Blessé léger
202100003064;196 284;7;0;2;3;23;1;260 082;1;1;1;2;1980.0;1;1;13;12;2021;17;1;69;69386;2;3;1;3;45,7690695827;4,8449760675;4;1;1;0;1;1;1;0;1;50;0;Indemne
202100003112;196 203;1;0;2;7;1;5;259 971;1;1;3;2;1965.0;0;8;10;12;2021;07;5;59;59569;2;6;8;3;50,3657300000;3,1176100000;3;1;1;0;1;2;2;0;1;50;4;Blessé hospitalisé
202100003112;196 204;7;0;2;1;9;1;259 972;1;1;1;1;1985.0;0;1;10;12;2021;07;5;59;59569;2;6;8;3;50,3657300000;3,1176100000;3;1;1;0;1;2;2;0;1;50;4;Indemne
202100003118;196 191;7;0;2;7;26;1;259 953;1;1;1;2;1972.0;9;1;13;12;2021;19;5;49;49353;2;3;1;3;47,4431600000; -0,4879200000;4;2;2;0;1;1;1;0;1;50;0;Indemne
202100003118;196 192;1;0;2;7;11;5;259 954;1;1;4;1;2008.0;9;8;13;12;2021;19;5;49;49353;2;3;1;3;47,4431600000; -0,4879200000;4;2;2;0;1;1;1;0;1;50;0;Blessé léger
202100003154;196 125;7;0;1;0;13;3;259 843;10;3;4;2;1989.0;9;0;11;12;2021;20;5;75;75113;2;5;2;6;48,8260900000;2,3601180000;4;1;4;1;1;1;2;0;5;30;5;Blessé léger
202100003154;196 125;7;0;1;0;13;3;259 844;10;3;4;1;1987.0;5;0;11;12;2021;20;5;75;75113;2;5;2;6;48,8260900000;2,3601180000;4;1;4;1;1;1;2;0;5;30;5;Blessé léger
202100003154;196 125;7;0;1;0;13;3;259 845;10;3;4;2;1999.0;9;0;11;12;2021;20;5;75;75113;2;5;2;6;48,8260900000;2,3601180000;4;1;4;1;1;1;2;0;5;30;5;Blessé léger
202100003154;196 125;7;0;1;0;13;3;259 846;10;3;4;1;1976.0;9;0;11;12;2021;20;5;75;75113;2;5;2;6;48,8260900000;2,3601180000;4;1;4;1;1;1;2;0;5;30;5;Blessé léger
202100003154;196 125;7;0;1;0;13;3;259 847;10;3;4;1;1977.0;9;0;11;12;2021;20;5;75;75113;2;5;2;6;48,8260900000;2,3601180000;4;1;4;1;1;1;2;0;5;30;5;Blessé léger
202100003154;196 125;7;0;1;0;13;3;259 848;10;3;4;2;1998.0;9;0;11;12;2021;20;5;75;75113;2;5;2;6;48,8260900000;2,3601180000;4;1;4;1;1;1;2;0;5;30;5;Blessé léger
202100003154;196 125;7;0;1;0;13;3;259 849;10;3;4;1;1998.0;5;0;11;12;2021;20;5;75;75113;2;5;2;6;48,8260900000;2,3601180000;4;1;4;1;1;1;2;0;5;30;5;Blessé léger
202100003154;196 125;7;0;1;0;13;3;259 850;10;3;3;1;1987.0;5;0;11;12;2021;20;5;75;75113;2;5;2;6;48,8260900000;2,3601180000;4;1;4;1;1;1;2;0;5;30;5;Blessé hospitalisé
202100003154;196 125;7;0;1;0;13;3;259 851;10;3;3;1;1993.0;5;0;11;12;2021;20;5;75;75113;2;5;2;6;48,8260900000;2,3601180000;4;1;4;1;1;1;2;0;5;30;5;Blessé hospitalisé
202100003154;196 125;7;0;1;0;13;3;259 852;10;3;3;2;1986.0;5;0;11;12;2021;20;5;75;75113;2;5;2;6;48,8260900000;2,3601180000;4;1;4;1;1;1;2;0;5;30;5;Blessé hospitalisé
202100003154;196 125;7;0;1;0;13;3;259 853;10;3;3;1;1995.0;5;0;11;12;2021;20;5;75;75113;2;5;2;6;48,8260900000;2,3601180000;4;1;4;1;1;1;2;0;5;30;5;Blessé hospitalisé
202100003154;196 125;7;0;1;0;13;3;259 854;3;2;4;2;2008.0;5;1;11;12;2021;20;5;75;75113;2;5;2;6;48,8260900000;2,3601180000;4;1;4;1;1;1;2;0;5;30;5;Blessé léger
202100003154;196 125;7;0;1;0;13;3;259 855;1;1;4;1;1964.0;5;1;11;12;2021;20;5;75;75113;2;5;2;6;48,8260900000;2,3601180000;4;1;4;1;1;1;2;0;5;30;5;Blessé léger
202100003154;196 125;7;0;1;0;13;3;259 856;10;3;4;1;2018.0;5;0;11;12;2021;20;5;75;75113;2;5;2;6;48,8260900000;2,3601180000;4;1;4;1;1;1;2;0;5;30;5;Blessé léger
202100003154;196 125;7;0;1;0;13;3;259 857;10;3;4;1;2005.0;5;0;11;12;2021;20;5;75;75113;2;5;2;6;48,8260900000;2,3601180000;4;1;4;1;1;1;2;0;5;30;5;Blessé léger
202100003154;196 125;7;0;1;0;13;3;259 858;10;3;4;2;1986.0;5;0;11;12;2021;20;5;75;75113;2;5;2;6;48,8260900000;2,3601180000;4;1;4;1;1;1;2;0;5;30;5;Blessé léger
202100003154;196 125;7;0;1;0;13;3;259 859;2;2;4;2;1971.0;9;1;11;12;2021;20;5;75;75113;2;5;2;6;48,8260900000;2,3601180000;4;1;4;1;1;1;2;0;5;30;5;Blessé léger
202100003154;196 125;7;0;1;0;13;3;259 860;4;2;4;2;1993.0;9;1;11;12;2021;20;5;75;75113;2;5;2;6;48,8260900000;2,3601180000;4;1;4;1;1;1;2;0;5;30;5;Blessé léger
202100003154;196 125;7;0;1;0;13;3;259 861;10;3;1;1;1985.0;9;0;11;12;2021;20;5;75;75113;2;5;2;6;48,8260900000;2,3601180000;4;1;4;1;1;1;2;0;5;30;5;Indemne
202100003154;196 125;7;0;1;0;13;3;259 862;10;3;4;2;1993.0;9;0;11;12;2021;20;5;75;75113;2;5;2;6;48,8260900000;2,3601180000;4;1;4;1;1;1;2;0;5;30;5;Blessé léger
202100003154;196 125;7;0;1;0;13;3;259 863;10;3;4;2;1972.0;9;0;11;12;2021;20;5;75;75113;2;5;2;6;48,8260900000;2,3601180000;4;1;4;1;1;1;2;0;5;30;5;Blessé léger
202100003154;196 126;7;0;2;4;23;1;259 864;1;1;1;1;1988.0;5;1;11;12;2021;20;5;75;75113;2;5;2;6;48,8260900000;2,3601180000;4;1;4;1;1;1;2;0;5;30;5;Indemne
202100003154;196 127;1;0;2;0;1;5;259 865;1;1;2;1;1978.0;5;2;11;12;2021;20;5;75;75113;2;5;2;6;48,8260900000;2,3601180000;4;1;4;1;1;1;2;0;5;30;5;Tué
202100003154;196 128;10;0;2;1;1;1;259 866;1;1;1;1;1992.0;9;1;11;12;2021;20;5;75;75113;2;5;2;6;48,8260900000;2,3601180000;4;1;4;1;1;1;2;0;5;30;5;Indemne
202100003160;196 115;1;0;1;0;21;5;259 832;10;3;1;2;2003.0;9;0;13;12;2021;08;1;75;75115;2;1;1;6;48,8365460000;2,2950000000;4;1;2;0;1;1;1;0;1;30;0;Indemne
202100003160;196 115;1;0;1;0;21;5;259 833;1;1;4;1;1975.0;1;2;13;12;2021;08;1;75;75115;2;1;1;6;48,8365460000;2,2950000000;4;1;2;0;1;1;1;0;1;30;0;Blessé léger
202100003199;196 052;7;0;9;1;1;1;259 747;1;1;1;2;1974.0;0;1;14;12;2021;07;2;74;74081;2;1;5;3;46,0670130000;6,5735330000;4;3;1;0;1;4;1;0;1;50;1;Indemne
202100003199;196 053;1;0;2;8;26;5;259 748;1;1;4;1;2009.0;2;0;14;12;2021;07;2;74;74081;2;1;5;3;46,0670130000;6,5735330000;4;3;1;0;1;4;1;0;1;50;1;Blessé léger
202100003250;195 951;7;0;2;1;1;1;259 612;1;1;1;1;1976.0;5;8;12;12;2021;12;1;34;34003;2;6;1;6;43,3267400000;3,4817200000;3;2;0;0;1;3;1;0;1;50;6;Indemne
202100003250;195 952;1;0;2;4;1;5;259 613;1;1;4;2;1976.0;5;2;12;12;2021;12;1;34;34003;2;6;1;6;43,3267400000;3,4817200000;3;2;0;0;1;3;1;0;1;50;6;Blessé léger
202100003252;195 948;7;0;2;3;9;1;259 608;1;1;1;1;1979.0;5;1;12;12;2021;09;1;29;29019;2;6;1;3;48,3981004100; -4,4650732300;4;2;2;0;2;2;1;5;1;50;6;Indemne
202100003252;195 949;1;0;2;1;1;5;259 609;1;1;3;1;2002.0;5;2;12;12;2021;09;1;29;29019;2;6;1;3;48,3981004100; -4,4650732300;4;2;2;0;2;2;1;5;1;50;6;Blessé hospitalisé
202100003271;195 915;1;0;2;1;1;5;259 564;1;1;3;1;1961.0;0;8;12;12;2021;10;1;92;92076;2;2;1;3;48,8373498484;2,1526953578;3;2;2;0;2;1;2;0;1;50;6;Blessé hospitalisé
202100003271;195 916;7;0;2;3;15;1;259 565;1;1;1;1;1931.0;0;1;12;12;2021;10;1;92;92076;2;2;1;3;48,8373498484;2,1526953578;3;2;2;0;2;1;2;0;1;50;6;Indemne
202100003280;195 901;80;0;6;0;0;3;259 547;1;1;4;1;1966.0;1;4;13;12;2021;23;3;57;57169;1;1;5;6;48,7367200000;7,2395610000;3;2;2;0;2;1;2;0;1;80;0;Blessé léger
202100003308;195 854;1;0;0;8;19;5;259 475;1;1;3;1;2010.0;2;0;13;12;2021;11;1;01;01064;2;1;1;3;45,7858790000;5,4531780000;3;2;2;1;1;1;1;0;1;70;0;Blessé hospitalisé
202100003308;195 855;7;0;0;1;1;1;259 476;1;1;1;1;1947.0;5;1;13;12;2021;11;1;01;01064;2;1;1;3;45,7858790000;5,4531780000;3;2;2;1;1;1;1;0;1;70;0;Indemne
202100003315;195 841;1;0;0;7;1;5;259 459;1;1;3;1;1937.0;5;2;13;12;2021;09;1;35;35047;1;6;1;3;48,0620770000; -1,7551950000;7;2;2;0;1;2;2;0;1;80;0;Blessé hospitalisé
202100003315;195 842;10;0;9;1;26;6;259 460;1;1;1;2;1965.0;1;1;13;12;2021;09;1;35;35047;1;6;1;3;48,0620770000; -1,7551950000;7;2;2;0;1;2;2;0;1;80;0;Indemne
202100003355;195 766;1;0;2;1;1;5;259 363;1;1;3;1;1957.0;5;2;12;12;2021;10;1;64;64213;2;2;7;3;43,3393910000; -1,4529900000;3;2;2;0;1;1;2;0;5;50;6;Blessé hospitalisé
202100003355;195 767;7;0;9;2;9;1;259 364;1;1;1;2;1988.0;1;1;12;12;2021;10;1;64;64213;2;2;7;3;43,3393910000; -1,4529900000;3;2;2;0;1;1;2;0;5;50;6;Indemne
202100003365;195 748;1;0;2;8;2;5;259 338;1;1;4;1;1963.0;5;2;6;12;2021;13;1;77;77103;1;1;1;3;48,5433760000;2,8012560000;3;2;2;0;1;1;1;0;1;90;0;Blessé léger
202100003365;195 749;38;0;2;7;2;1;259 339;1;1;1;1;1991.0;4;1;6;12;2021;13;1;77;77103;1;1;1;3;48,5433760000;2,8012560000;3;2;2;0;1;1;1;0;1;90;0;Indemne
202100003410;195 661;1;0;2;1;1;5;259 223;1;1;4;1;1977.0;5;2;11;12;2021;11;1;51;51454;2;1;1;2;49,2456300000;4,0577400000;4;2;2;0;1;1;1;0;1;50;5;Blessé léger
202100003410;195 662;7;0;2;5;26;1;259 224;1;1;1;1;1968.0;9;1;11;12;2021;11;1;51;51454;2;1;1;2;49,2456300000;4,0577400000;4;2;2;0;1;1;1;0;1;50;5;Indemne
202100003432;195 619;80;0;1;1;1;3;259 166;10;3;4;2;1972.0;5;8;11;12;2021;11;1;75;75106;2;1;1;6;48,8496170000;2,3293180000;4;1;2;0;1;1;1;0;1;30;5;Blessé léger
202100003432;195 619;80;0;1;1;1;3;259 167;1;1;1;1;1998.0;1;8;11;12;2021;11;1;75;75106;2;1;1;6;48,8496170000;2,3293180000;4;1;2;0;1;1;1;0;1;30;5;Indemne