Num_Acc;id_vehicule;catv;obs;obsm;choc;manv;motor;id_usager;place;catu;grav;sexe;an_nais;trajet;secu1;jour;mois;an;hrmn;lum;dep;com;agg;int;atm;col;lat;long;catr;circ;nbv;vosp;prof;plan;surf;infra;situ;vma;day_of_week;gravity
202100006452;190 264;7;0;9;4;26;1;251 993;1;1;1;1;1944.0;5;1;24;11;2021;11;1;02;02738;2;1;7;2;49,6605360000;3,2791460000;4;2;0;0;1;1;1;0;1;50;2;Indemne
202100006452;190 265;1;0;2;4;26;5;251 994;1;1;4;1;1945.0;3;8;24;11;2021;11;1;02;02738;2;1;7;2;49,6605360000;3,2791460000;4;2;0;0;1;1;1;0;1;50;2;Blessé léger
202100006458;190 252;1;12;0;3;13;5;251 980;1;1;4;1;1980.0;9;8;24;11;2021;22;5;75;75106;2;4;1;6;48,8424130000;2,3295550000;4;1;2;3;1;1;1;0;1;30;2;Blessé léger
202100006489;190 202;1;0;0;0;26;5;251 917;1;1;4;2;1991.0;5;8;24;11;2021;15;1;92;92049;2;1;1;7;48,8194557955;2,3141777515;3;2;2;0;1;1;1;0;1;50;2;Blessé léger
202100006507;190 170;1;0;2;8;1;5;251 873;1;1;3;1;1960.0;5;2;23;11;2021;16;2;72;72334;1;1;7;4;48,1731840000; -0,1224800000;3;2;2;0;2;1;1;0;1;80;1;Blessé hospitalisé
202100006507;190 171;7;0;9;7;1;1;251 874;1;1;1;2;1989.0;0;1;23;11;2021;16;2;72;72334;1;1;7;4;48,1731840000; -0,1224800000;3;2;2;0;2;1;1;0;1;80;1;Indemne
202100006507;190 171;7;0;9;7;1;1;251 875;2;2;1;1;2004.0;0;1;23;11;2021;16;2;72;72334;1;1;7;4;48,1731840000; -0,1224800000;3;2;2;0;2;1;1;0;1;80;1;Indemne
202100006507;190 172;7;0;2;1;2;1;251 876;1;1;1;2;1933.0;5;1;23;11;2021;16;2;72;72334;1;1;7;4;48,1731840000; -0,1224800000;3;2;2;0;2;1;1;0;1;80;1;Indemne
202100006525;190 139;7;14;9;2;17;1;251 832;1;1;1;1;1977.0;5;1;24;11;2021;17;2;77;77453;1;3;1;3;48,5463949976;2,7833057843;3;2;2;0;1;1;1;2;1;90;2;Indemne
202100006525;190 140;1;0;0;8;15;5;251 833;1;1;2;1;1966.0;5;0;24;11;2021;17;2;77;77453;1;3;1;3;48,5463949976;2,7833057843;3;2;2;0;1;1;1;2;1;90;2;Tué
202100006584;190 029;1;0;1;1;1;5;251 682;10;3;3;2;1995.0;0;0;20;11;2021;08;1;87;87085;2;1;1;6;45,8300100000;1,2508100000;4;2;2;0;1;1;1;0;1;50;5;Blessé hospitalisé
202100006584;190 029;1;0;1;1;1;5;251 683;1;1;1;1;1999.0;5;8;20;11;2021;08;1;87;87085;2;1;1;6;45,8300100000;1,2508100000;4;2;2;0;1;1;1;0;1;50;5;Indemne
202100006597;190 003;1;0;2;8;9;5;251 652;1;1;4;1;1984.0;5;0;23;11;2021;16;1;79;79191;2;2;1;3;46,3162000000; -0,4769100000;4;3;4;3;1;1;1;5;6;50;1;Blessé léger
202100006597;190 004;37;0;2;1;1;1;251 653;1;1;1;1;1952.0;4;1;23;11;2021;16;1;79;79191;2;2;1;3;46,3162000000; -0,4769100000;4;3;4;3;1;1;1;5;6;50;1;Indemne
202100006597;190 004;37;0;2;1;1;1;251 654;2;2;4;2;1997.0;1;8;23;11;2021;16;1;79;79191;2;2;1;3;46,3162000000; -0,4769100000;4;3;4;3;1;1;1;5;6;50;1;Blessé léger
202100006599;190 000;1;0;2;8;19;5;251 648;1;1;4;1;1998.0;0;8;23;11;2021;14;1;78;78401;2;2;1;3;49,0057110000;1,9064650000;3;2;4;0;1;1;1;0;1;50;1;Blessé léger
202100006599;190 001;7;0;2;1;15;1;251 649;1;1;1;1;1979.0;0;1;23;11;2021;14;1;78;78401;2;2;1;3;49,0057110000;1,9064650000;3;2;4;0;1;1;1;0;1;50;1;Indemne
202100006608;189 977;7;0;2;1;1;1;251 620;1;1;1;2;1989.0;2;1;22;11;2021;17;5;76;76498;2;1;1;1;49,4175100000;1,0731700000;4;2;2;0;1;1;1;0;1;30;0;Indemne
202100006608;189 978;1;0;2;1;0;5;251 621;1;1;4;1;2013.0;0;8;22;11;2021;17;5;76;76498;2;1;1;1;49,4175100000;1,0731700000;4;2;2;0;1;1;1;0;1;30;0;Blessé léger
202100006622;189 953;7;0;2;2;15;1;251 591;1;1;1;2;1962.0;0;1;19;11;2021;08;1;67;67482;2;3;8;3;48,5806100000;7,7573900000;4;2;2;1;1;1;1;0;1;50;4;Indemne
202100006622;189 954;1;0;2;1;1;5;251 592;1;1;4;1;1972.0;0;8;19;11;2021;08;1;67;67482;2;3;8;3;48,5806100000;7,7573900000;4;2;2;1;1;1;1;0;1;50;4;Blessé léger
202100006626;189 946;1;0;2;3;1;5;251 579;1;1;4;1;1942.0;5;2;22;11;2021;13;1;65;65440;2;6;1;3;43,2212800000;0,0610140000;2;1;2;0;1;2;1;5;1;50;0;Blessé léger
202100006626;189 947;7;0;2;2;14;1;251 580;1;1;1;1;1965.0;1;1;22;11;2021;13;1;65;65440;2;6;1;3;43,2212800000;0,0610140000;2;1;2;0;1;2;1;5;1;50;0;Indemne
202100006666;189 869;1;0;2;8;15;5;251 483;1;1;4;1;2007.0;2;0;22;11;2021;17;1;33;33522;2;3;1;3;44,8031400000; -0,5826900000;4;2;2;0;1;1;1;0;1;50;0;Blessé léger
202100006666;189 870;7;0;2;1;1;1;251 484;1;1;1;1;2000.0;9;1;22;11;2021;17;1;33;33522;2;3;1;3;44,8031400000; -0,5826900000;4;2;2;0;1;1;1;0;1;50;0;Indemne
202100006678;189 844;7;0;9;2;2;1;251 458;1;1;1;1;1937.0;5;1;22;11;2021;09;1;29;29039;1;3;7;2;47,8785800000; -3,9026600000;3;2;3;0;1;1;2;5;1;50;0;Indemne
202100006678;189 845;1;0;2;4;23;5;251 459;1;1;4;1;1974.0;5;2;22;11;2021;09;1;29;29039;1;3;7;2;47,8785800000; -3,9026600000;3;2;3;0;1;1;2;5;1;50;0;Blessé léger
202100006707;189 791;1;0;2;7;15;5;251 392;1;1;4;2;1953.0;0;8;22;11;2021;19;5;09;09122;2;2;1;3;42,9556150444;1,6007114947;4;2;2;0;2;1;1;5;1;50;0;Blessé léger
202100006707;189 792;7;0;2;1;1;1;251 393;1;1;4;1;2001.0;1;1;22;11;2021;19;5;09;09122;2;2;1;3;42,9556150444;1,6007114947;4;2;2;0;2;1;1;5;1;50;0;Blessé léger
202100006734;189 746;1;0;2;3;17;5;251 340;1;1;4;2;1983.0;1;8;23;11;2021;09;1;93;93055;2;1;1;3;48,8940200000;2,4017500000;3;2;2;0;1;1;1;0;1;30;1;Blessé léger
202100006734;189 747;37;0;2;7;17;1;251 341;1;1;1;1;1991.0;4;1;23;11;2021;09;1;93;93055;2;1;1;3;48,8940200000;2,4017500000;3;2;2;0;1;1;1;0;1;30;1;Indemne
202100006740;189 735;7;0;2;1;19;1;251 328;1;1;1;1;1972.0;1;1;22;11;2021;18;3;92;92025;2;2;1;1;48,9183100000;2,2239500000;3;3;4;0;1;1;1;4;1;50;0;Indemne
202100006740;189 736;1;0;2;3;1;5;251 329;1;1;4;2;1960.0;0;2;22;11;2021;18;3;92;92025;2;2;1;1;48,9183100000;2,2239500000;3;3;4;0;1;1;1;4;1;50;0;Blessé léger
202100006746;189 724;1;0;2;1;5;5;251 316;1;1;3;1;2005.0;5;0;24;11;2021;21;5;974;97422;2;1;1;1; -21,2648100000;55,5046840000;4;2;2;0;2;2;1;0;1;50;2;Blessé hospitalisé
202100006746;189 725;7;0;2;1;1;1;251 317;1;1;1;1;1999.0;5;1;24;11;2021;21;5;974;97422;2;1;1;1; -21,2648100000;55,5046840000;4;2;2;0;2;2;1;0;1;50;2;Indemne
202100006785;189 658;7;0;2;1;9;1;251 221;1;1;1;1;1962.0;5;1;23;11;2021;11;1;29;29181;1;6;1;6;48,4782604370; -4,2864918708;3;1;2;0;1;1;1;5;1;70;1;Indemne
202100006785;189 659;1;0;2;7;1;5;251 222;1;1;3;1;1952.0;5;2;23;11;2021;11;1;29;29181;1;6;1;6;48,4782604370; -4,2864918708;3;1;2;0;1;1;1;5;1;70;1;Blessé hospitalisé
202100006825;189 577;80;0;0;4;15;3;251 123;1;1;4;2;1989.0;1;2;22;11;2021;08;1;93;93001;2;9;1;2;48,9119000000;2,3733800000;3;2;2;0;1;1;1;0;1;50;0;Blessé léger
202100006825;189 578;7;0;2;1;26;1;251 124;1;1;1;1;1961.0;1;1;22;11;2021;08;1;93;93001;2;9;1;2;48,9119000000;2,3733800000;3;2;2;0;1;1;1;0;1;50;0;Indemne
202100006841;189 555;1;0;2;1;5;5;251 091;1;1;4;1;1933.0;0;8;22;11;2021;15;1;92;92012;2;2;1;3;48,8426900000;2,2489500000;4;1;1;0;1;1;1;0;5;50;0;Blessé léger
202100006841;189 556;13;0;2;6;1;1;251 092;1;1;1;1;1954.0;0;1;22;11;2021;15;1;92;92012;2;2;1;3;48,8426900000;2,2489500000;4;1;1;0;1;1;1;0;5;50;0;Indemne
202100006844;189 548;7;0;9;3;15;1;251 082;1;1;1;2;1999.0;5;1;22;11;2021;19;5;76;76238;2;2;1;1;49,5632840000;0,2237180000;3;2;2;0;1;1;1;0;1;30;0;Indemne
202100006844;189 549;1;0;2;1;1;5;251 083;1;1;3;1;1984.0;1;0;22;11;2021;19;5;76;76238;2;2;1;1;49,5632840000;0,2237180000;3;2;2;0;1;1;1;0;1;30;0;Blessé hospitalisé
202100006864;189 515;1;0;0;0;0;5;251 040;1;1;2;1;1960.0;3;0;23;11;2021;13;1;50;50567;1;1;1;7;49,5747440000; -1,4963400000;3;2;2;0;2;3;1;0;1;80;1;Tué
202100006903;189 431;10;0;2;3;1;1;250 933;1;1;1;1;1965.0;0;1;19;11;2021;15;1;974;97416;1;4;1;1; -21,2950000000;55,4474700000;3;2;2;0;2;3;1;0;1;50;4;Indemne
202100006903;189 432;1;0;2;1;13;5;250 934;2;1;3;1;2005.0;0;8;19;11;2021;15;1;974;97416;1;4;1;1; -21,2950000000;55,4474700000;3;2;2;0;2;3;1;0;1;50;4;Blessé hospitalisé
202100006915;189 407;1;0;0;1;1;2;250 900;1;1;3;1;1958.0;5;8;21;11;2021;14;1;64;64269;2;1;2;7;43,2925700000; -0,3083900000;3;2;2;0;4;2;2;0;1;50;6;Blessé hospitalisé
202100006923;189 392;1;0;2;1;0;6;250 876;1;1;4;1;1980.0;9;2;14;11;2021;18;1;31;31555;2;1;1;1;43,5647530000;1,4015220000;4;1;1;0;1;1;1;0;1;50;6;Blessé léger
202100006923;189 393;7;0;0;0;0;1;250 877;1;1;1;1;1961.0;9;8;14;11;2021;18;1;31;31555;2;1;1;1;43,5647530000;1,4015220000;4;1;1;0;1;1;1;0;1;50;6;Indemne
202100006928;189 382;7;0;2;7;17;1;250 862;1;1;1;2;1956.0;1;1;19;11;2021;14;1;17;17306;2;1;1;3;45,6271200000; -1,0130500000;4;2;2;0;1;1;1;0;1;50;4;Indemne
202100006928;189 383;1;0;2;8;2;5;250 863;1;1;4;2;1949.0;5;8;19;11;2021;14;1;17;17306;2;1;1;3;45,6271200000; -1,0130500000;4;2;2;0;1;1;1;0;1;50;4;Blessé léger
202100006959;189 326;1;0;2;6;15;5;250 771;1;1;4;1;1969.0;1;0;22;11;2021;08;2;01;01069;1;2;5;3;46,1166250000;5,2775630000;3;2;2;0;1;1;1;0;1;80;0;Blessé léger
202100006959;189 327;7;0;9;3;1;1;250 772;1;1;1;1;1999.0;1;1;22;11;2021;08;2;01;01069;1;2;5;3;46,1166250000;5,2775630000;3;2;2;0;1;1;1;0;1;80;0;Indemne
202100006976;189 296;1;0;2;3;1;5;250 728;1;1;3;1;1953.0;5;2;16;11;2021;16;1;06;06065;2;3;7;3;43,7217930000;7,1672110000;7;2;2;0;1;3;1;0;1;50;1;Blessé hospitalisé
202100006976;189 297;99;0;9;2;15;1;250 729;1;1;1;1;1969.0;1;1;16;11;2021;16;1;06;06065;2;3;7;3;43,7217930000;7,1672110000;7;2;2;0;1;3;1;0;1;50;1;Indemne
202100007007;189 232;1;0;0;0;0;5;250 642;1;1;4;1;1979.0;1;8;20;11;2021;10;1;83;83062;1;1;1;6;43,1410700000;6,0300300000;4;2;2;0;1;1;1;0;1;50;5;Blessé léger
202100007007;189 233;7;0;2;5;15;1;250 643;1;1;1;2;1989.0;9;1;20;11;2021;10;1;83;83062;1;1;1;6;43,1410700000;6,0300300000;4;2;2;0;1;1;1;0;1;50;5;Indemne
202100007013;189 221;1;0;2;1;1;5;250 626;1;1;4;1;1990.0;9;2;20;11;2021;19;3;64;64445;2;3;1;1;43,3101200000; -0,3608500000;4;2;1;0;1;1;1;0;1;50;5;Blessé léger
202100007013;189 222;7;0;2;3;15;1;250 627;1;1;1;1;1986.0;9;1;20;11;2021;19;3;64;64445;2;3;1;1;43,3101200000; -0,3608500000;4;2;1;0;1;1;1;0;1;50;5;Indemne
202100007038;189 176;1;0;2;1;19;5;250 575;1;1;4;1;2002.0;9;8;20;11;2021;14;1;10;10387;2;2;1;3;48,2939000000;4,0819000000;4;1;1;0;1;1;1;0;1;50;5;Blessé léger
202100007038;189 177;7;0;2;3;1;1;250 576;1;1;1;1;2002.0;9;1;20;11;2021;14;1;10;10387;2;2;1;3;48,2939000000;4,0819000000;4;1;1;0;1;1;1;0;1;50;5;Indemne
202100007064;189 129;1;0;0;8;1;5;250 515;1;1;4;1;1972.0;5;2;20;11;2021;11;1;92;92047;2;1;1;7;48,8300990000;2,1755810000;3;2;2;0;1;1;1;0;1;50;5;Blessé léger
202100007129;189 025;3;0;2;7;16;1;250 368;1;1;1;2;2006.0;5;1;18;11;2021;15;1;988;98818;2;2;1;2; -22,3029600000;166,4453000000;4;3;4;0;1;3;1;0;1;50;3;Indemne
202100007129;189 026;80;0;2;1;2;3;250 369;1;1;2;1;1944.0;5;0;18;11;2021;15;1;988;98818;2;2;1;2; -22,3029600000;166,4453000000;4;3;4;0;1;3;1;0;1;50;3;Tué
202100007136;189 014;1;0;2;4;0;5;250 352;1;1;4;1;2006.0;2;8;18;11;2021;16;1;974;97409;2;1;1;2; -20,9614800000;55,6537100000;4;2;2;0;1;1;1;0;1;50;3;Blessé léger
202100007136;189 015;7;0;2;3;15;1;250 353;1;1;1;2;1982.0;5;1;18;11;2021;16;1;974;97409;2;1;1;2; -20,9614800000;55,6537100000;4;2;2;0;1;1;1;0;1;50;3;Indemne
202100007144;188 999;7;0;2;1;2;1;250 336;1;1;1;1;1948.0;0;8;18;11;2021;18;4;69;69386;2;2;1;3;45,7670700000;4,8476500000;4;1;1;2;1;1;1;0;1;50;3;Indemne
202100007144;189 000;1;0;2;7;2;0;250 337;1;1;4;2;1970.0;1;2;18;11;2021;18;4;69;69386;2;2;1;3;45,7670700000;4,8476500000;4;1;1;2;1;1;1;0;1;50;3;Blessé léger
202100007149;188 990;7;0;2;3;1;1;250 324;1;1;1;1;1961.0;4;1;12;11;2021;20;3;69;69386;2;3;1;3;45,7652900000;4,8588800000;4;1;1;0;1;1;1;0;1;50;4;Indemne
202100007149;188 991;1;0;2;1;9;5;250 325;1;1;4;1;2000.0;1;2;12;11;2021;20;3;69;69386;2;3;1;3;45,7652900000;4,8588800000;4;1;1;0;1;1;1;0;1;50;4;Blessé léger
202100007185;188 911;1;0;0;0;1;5;250 223;1;1;4;1;1994.0;5;8;17;11;2021;22;5;76;76351;2;1;1;7;49,4892000000;0,1392300000;4;2;2;0;1;1;1;0;1;50;2;Blessé léger
202100007190;188 902;1;0;2;1;1;5;250 214;1;1;4;1;2001.0;0;8;18;11;2021;17;2;72;72181;2;1;1;3;48,0087410000;0,1998980000;4;2;2;2;2;1;1;0;1;50;3;Blessé léger
202100007190;188 903;7;0;2;7;23;1;250 215;1;1;1;2;1949.0;0;1;18;11;2021;17;2;72;72181;2;1;1;3;48,0087410000;0,1998980000;4;2;2;2;2;1;1;0;1;50;3;Indemne
202100007191;188 900;1;0;2;1;1;5;250 212;1;1;4;1;2001.0;0;8;17;11;2021;09;1;72;72181;2;6;1;3;48,0156500000;0,2307000000;4;2;2;0;1;1;2;0;1;50;2;Blessé léger
202100007191;188 901;7;0;2;3;26;1;250 213;1;1;1;1;1978.0;0;1;17;11;2021;09;1;72;72181;2;6;1;3;48,0156500000;0,2307000000;4;2;2;0;1;1;2;0;1;50;2;Indemne
202100007192;188 898;7;0;2;5;16;1;250 210;1;1;1;1;1975.0;0;1;9;11;2021;14;1;72;72181;2;6;1;3;47,9920800000;0,2164000000;4;2;2;2;1;1;1;0;1;50;1;Indemne
202100007192;188 899;1;0;2;0;16;5;250 211;1;1;2;1;1960.0;0;8;9;11;2021;14;1;72;72181;2;6;1;3;47,9920800000;0,2164000000;4;2;2;2;1;1;1;0;1;50;1;Tué
202100007201;188 882;7;0;2;3;9;1;250 192;1;1;1;2;1984.0;0;1;19;11;2021;20;5;64;64445;2;6;1;3;43,3077600000; -0,3391800000;4;1;1;1;1;1;1;0;1;50;4;Indemne
202100007201;188 883;1;0;2;1;1;5;250 193;1;1;4;2;1992.0;0;2;19;11;2021;20;5;64;64445;2;6;1;3;43,3077600000; -0,3391800000;4;1;1;1;1;1;1;0;1;50;4;Blessé léger
202100007212;188 864;1;0;2;1;1;5;250 170;1;1;4;1;1968.0;0;8;18;11;2021;08;5;63;63113;2;2;1;3;45,7763000000;3,0900600000;4;3;4;0;2;1;1;0;1;50;3;Blessé léger
202100007212;188 865;7;0;9;8;1;1;250 171;1;1;1;2;1995.0;0;1;18;11;2021;08;5;63;63113;2;2;1;3;45,7763000000;3,0900600000;4;3;4;0;2;1;1;0;1;50;3;Indemne
202100007220;188 847;60;0;0;0;0;5;250 147;1;1;3;2;1987.0;1;2;9;11;2021;08;1;59;59350;2;1;1;3;50,6366000000;3,0705000000;4;1;1;3;1;2;1;0;1;30;1;Blessé hospitalisé
202100007220;188 848;80;0;9;1;7;3;250 148;1;1;1;1;1976.0;1;2;9;11;2021;08;1;59;59350;2;1;1;3;50,6366000000;3,0705000000;4;1;1;3;1;2;1;0;1;30;1;Indemne
202100007224;188 842;1;0;2;7;5;5;250 138;1;1;4;1;2002.0;3;8;4;11;2021;19;5;56;56260;2;3;1;3;47,6550360000; -2,7675310000;4;1;1;0;1;1;1;0;1;30;3;Blessé léger
202100007224;188 843;7;0;2;2;15;1;250 139;1;1;1;1;1971.0;1;1;4;11;2021;19;5;56;56260;2;3;1;3;47,6550360000; -2,7675310000;4;1;1;0;1;1;1;0;1;30;3;Indemne
202100007242;188 810;7;0;2;3;26;1;250 101;1;1;1;1;1972.0;1;8;18;11;2021;17;2;49;49007;2;6;1;3;47,4496500000; -0,5305300000;4;1;2;0;1;2;1;0;1;30;3;Indemne
202100007242;188 811;1;0;2;2;26;5;250 102;1;1;4;1;1983.0;1;8;18;11;2021;17;2;49;49007;2;6;1;3;47,4496500000; -0,5305300000;4;1;2;0;1;2;1;0;1;30;3;Blessé léger
202100007243;188 808;1;0;2;6;26;5;250 099;1;1;1;1;2006.0;5;8;18;11;2021;16;1;49;49007;2;3;1;3;47,4624600000; -0,5474100000;4;2;2;0;1;1;1;0;1;30;3;Indemne
202100007243;188 809;31;0;2;0;26;1;250 100;1;1;4;1;1998.0;5;8;18;11;2021;16;1;49;49007;2;3;1;3;47,4624600000; -0,5474100000;4;2;2;0;1;1;1;0;1;30;3;Blessé léger
202100007246;188 802;7;0;2;1;26;1;250 093;1;1;1;1;1960.0;9;8;17;11;2021;07;2;49;49007;2;6;1;3;47,4663700000; -0,5572800000;4;2;2;0;1;1;1;0;1;30;2;Indemne
202100007246;188 803;1;0;2;1;26;5;250 094;1;1;4;2;1996.0;9;8;17;11;2021;07;2;49;49007;2;6;1;3;47,4663700000; -0,5572800000;4;2;2;0;1;1;1;0;1;30;2;Blessé léger
202100007267;188 766;7;0;2;8;22;1;250 050;1;1;1;1;1999.0;2;1;18;11;2021;18;5;35;35238;2;1;1;3;48,1053628767; -1,6901190348;4;2;2;0;1;1;1;0;1;50;3;Indemne
202100007267;188 767;80;1;0;1;1;3;250 051;1;1;4;2;1992.0;1;2;18;11;2021;18;5;35;35238;2;1;1;3;48,1053628767; -1,6901190348;4;2;2;0;1;1;1;0;1;50;3;Blessé léger
202100007268;188 764;7;0;2;3;9;1;250 048;1;1;1;1;1958.0;0;1;18;11;2021;07;5;35;35051;2;6;1;3;48,1088500000; -1,6087300000;4;3;2;1;1;2;1;5;1;50;3;Indemne
202100007268;188 765;1;0;2;1;1;5;250 049;1;1;4;2;1980.0;0;2;18;11;2021;07;5;35;35051;2;6;1;3;48,1088500000; -1,6087300000;4;3;2;1;1;2;1;5;1;50;3;Blessé léger
202100007282;188 734;1;0;2;4;1;5;250 013;1;1;4;2;1996.0;1;2;19;11;2021;17;2;29;29051;1;1;1;2;48,0171120000; -4,0006770000;3;3;2;0;1;2;1;3;1;70;4;Blessé léger
202100007282;188 735;7;0;2;1;9;1;250 014;1;1;1;1;1951.0;5;1;19;11;2021;17;2;29;29051;1;1;1;2;48,0171120000; -4,0006770000;3;3;2;0;1;2;1;3;1;70;4;Indemne
202100007289;188 716;1;0;2;8;2;0;249 989;1;1;4;1;1993.0;0;2;18;11;2021;10;1;25;25056;2;1;1;3;47,2439400000;6,0053300000;3;3;2;2;1;1;1;0;5;50;3;Blessé léger
202100007289;188 717;7;0;2;7;16;1;249 990;1;1;1;2;1973.0;0;1;18;11;2021;10;1;25;25056;2;1;1;3;47,2439400000;6,0053300000;3;3;2;2;1;1;1;0;5;50;3;Indemne
202100007317;188 672;50;0;2;1;1;2;249 928;1;1;4;1;1993.0;0;8;19;11;2021;18;5;06;06088;2;1;1;3;43,6951650000;7,2731220000;4;1;1;1;1;1;1;6;1;30;4;Blessé léger
202100007317;188 673;1;0;2;0;19;5;249 929;1;1;4;2;1966.0;9;2;19;11;2021;18;5;06;06088;2;1;1;3;43,6951650000;7,2731220000;4;1;1;1;1;1;1;6;1;30;4;Blessé léger
202100007334;188 643;1;0;2;1;1;5;249 893;1;1;4;1;1991.0;9;8;19;11;2021;19;5;75;75119;2;7;1;2;48,8780210000;2,3706900000;4;2;2;0;2;1;1;0;1;30;4;Blessé léger
202100007334;188 644;30;0;2;4;17;1;249 894;1;1;1;1;2001.0;9;2;19;11;2021;19;5;75;75119;2;7;1;2;48,8780210000;2,3706900000;4;2;2;0;2;1;1;0;1;30;4;Indemne
202100007339;188 634;33;0;2;0;1;1;249 883;1;1;4;1;1994.0;1;2;19;11;2021;16;1;75;75114;2;3;1;7;48,8291352692;2,3084324598;4;1;1;0;1;1;1;0;1;30;4;Blessé léger
202100007339;188 635;1;0;2;0;15;5;249 884;1;1;1;1;1948.0;5;8;19;11;2021;16;1;75;75114;2;3;1;7;48,8291352692;2,3084324598;4;1;1;0;1;1;1;0;1;30;4;Indemne
202100007342;188 629;7;0;2;5;22;3;249 877;1;1;1;1;1970.0;4;1;16;11;2021;18;5;75;75109;2;1;1;3;48,8737620000;2,3406730000;4;1;1;0;1;1;1;0;1;30;1;Indemne
202100007342;188 630;1;0;2;5;18;5;249 878;1;1;4;1;1988.0;5;2;16;11;2021;18;5;75;75109;2;1;1;3;48,8737620000;2,3406730000;4;1;1;0;1;1;1;0;1;30;1;Blessé léger
202100007343;188 627;7;0;2;3;22;2;249 875;1;1;1;1;1979.0;4;1;19;11;2021;16;1;75;75107;2;2;1;6;48,8580670000;2,3100070000;4;1;2;0;1;1;1;0;1;30;4;Indemne
202100007343;188 628;1;0;2;1;1;5;249 876;1;1;4;1;1949.0;5;8;19;11;2021;16;1;75;75107;2;2;1;6;48,8580670000;2,3100070000;4;1;2;0;1;1;1;0;1;30;4;Blessé léger
202100007346;188 622;10;0;2;7;2;1;249 870;1;1;1;1;1974.0;4;1;18;11;2021;10;1;75;75107;2;3;1;3;48,8498200000;2,3232900000;4;2;2;0;1;1;1;0;1;30;3;Indemne
202100007346;188 623;1;0;2;8;1;5;249 871;1;1;4;1;1989.0;9;2;18;11;2021;10;1;75;75107;2;3;1;3;48,8498200000;2,3232900000;4;2;2;0;1;1;1;0;1;30;3;Blessé léger
202100007352;188 610;7;0;2;1;1;1;249 857;1;1;1;1;1985.0;1;1;19;11;2021;07;5;94;94033;2;6;8;3;48,8438700000;2,4791500000;3;2;2;0;1;1;2;0;1;30;4;Indemne
202100007352;188 611;1;0;2;0;0;5;249 858;1;1;4;1;1980.0;1;0;19;11;2021;07;5;94;94033;2;6;8;3;48,8438700000;2,4791500000;3;2;2;0;1;1;2;0;1;30;4;Blessé léger
202100007370;188 580;1;0;2;1;19;5;249 813;1;1;4;2;1969.0;1;2;19;11;2021;08;2;92;92046;2;9;1;3;48,8221118755;2,3057663441;4;1;3;2;1;1;1;5;1;50;4;Blessé léger
202100007370;188 581;7;0;2;0;0;1;249 814;1;1;1;1;1992.0;1;1;19;11;2021;08;2;92;92046;2;9;1;3;48,8221118755;2,3057663441;4;1;3;2;1;1;1;5;1;50;4;Indemne
202100007371;188 578;10;0;2;3;15;1;249 811;1;1;1;1;1992.0;0;8;18;11;2021;12;1;92;92072;2;6;1;3;48,8254423843;2,2158989498;3;3;4;1;1;1;1;0;1;50;3;Indemne
202100007371;188 579;1;0;2;1;1;5;249 812;1;1;4;2;1961.0;5;2;18;11;2021;12;1;92;92072;2;6;1;3;48,8254423843;2,2158989498;3;3;4;1;1;1;1;0;1;50;3;Blessé léger
202100007372;188 576;7;0;2;2;24;1;249 809;1;1;1;1;1983.0;0;8;19;11;2021;12;1;92;92064;2;1;1;1;48,8434754829;2,2206705809;3;2;2;0;4;1;1;0;1;50;4;Indemne
202100007372;188 577;1;1;0;2;13;5;249 810;1;1;4;2;1981.0;0;8;19;11;2021;12;1;92;92064;2;1;1;1;48,8434754829;2,2206705809;3;2;2;0;4;1;1;0;1;50;4;Blessé léger
202100007380;188 565;1;0;2;8;1;5;249 797;1;1;3;1;1960.0;5;2;19;11;2021;13;1;38;38373;2;1;1;3;45,3588330000;5,5581720000;3;2;2;0;1;1;1;0;1;50;4;Blessé hospitalisé
202100007380;188 566;10;0;9;7;17;1;249 798;1;1;1;1;1993.0;4;8;19;11;2021;13;1;38;38373;2;1;1;3;45,3588330000;5,5581720000;3;2;2;0;1;1;1;0;1;50;4;Indemne
202100007405;188 519;7;0;2;3;17;1;249 728;1;1;1;1;1994.0;4;1;13;11;2021;18;3;973;97303;1;1;1;3;5,4801846230; -53,2111483812;2;2;2;0;1;1;1;0;1;80;5;Indemne
202100007405;188 520;1;0;2;1;13;0;249 729;1;1;3;1;1959.0;5;0;13;11;2021;18;3;973;97303;1;1;1;3;5,4801846230; -53,2111483812;2;2;2;0;1;1;1;0;1;80;5;Blessé hospitalisé
202100007442;188 448;10;0;2;4;23;1;249 634;1;1;1;1;1960.0;1;1;18;11;2021;09;1;75;75111;2;3;1;2;48,8570560000;2,3712030000;4;1;2;1;1;1;1;8;1;30;3;Indemne
202100007442;188 449;1;0;2;1;1;5;249 635;1;1;4;2;1997.0;9;8;18;11;2021;09;1;75;75111;2;3;1;2;48,8570560000;2,3712030000;4;1;2;1;1;1;1;8;1;30;3;Blessé léger
202100007449;188 438;7;0;2;1;1;1;249 622;1;1;1;1;1985.0;1;1;18;11;2021;08;1;94;94080;2;3;1;1;48,8411700000;2,4329400000;3;2;0;0;1;1;1;0;1;30;3;Indemne
202100007449;188 439;1;0;2;3;0;5;249 623;1;1;4;1;1969.0;1;0;18;11;2021;08;1;94;94080;2;3;1;1;48,8411700000;2,4329400000;3;2;0;0;1;1;1;0;1;30;3;Blessé léger