Num_Acc;id_vehicule;catv;obs;obsm;choc;manv;motor;id_usager;place;catu;grav;sexe;an_nais;trajet;secu1;jour;mois;an;hrmn;lum;dep;com;agg;int;atm;col;lat;long;catr;circ;nbv;vosp;prof;plan;surf;infra;situ;vma;day_of_week;gravity
202100008570;186 418;7;0;2;1;15;1;246 994;1;1;1;1;1971.0;3;1;11;11;2021;10;1;29;29058;2;6;1;2;47,8980310000; -4,0144730000;3;1;2;0;1;1;1;5;1;50;3;Indemne
202100008597;186 367;1;0;0;1;1;5;246 927;1;1;4;2;1994.0;1;8;9;11;2021;08;1;75;75115;2;2;1;7;48,8372340000;2,2964420000;4;2;2;0;2;1;1;0;1;30;1;Blessé léger
202100008611;186 347;7;0;0;0;0;1;246 901;1;1;1;2;1972.0;2;1;10;11;2021;08;5;94;94073;2;1;1;2;48,7655715885;2,3975300789;4;2;2;0;1;1;1;0;1;50;2;Indemne
202100008611;186 348;1;0;2;0;0;5;246 902;1;1;4;1;1978.0;2;2;10;11;2021;08;5;94;94073;2;1;1;2;48,7655715885;2,3975300789;4;2;2;0;1;1;1;0;1;50;2;Blessé léger
202100008623;186 327;7;0;2;4;1;1;246 875;1;1;1;2;1961.0;1;1;10;11;2021;17;5;92;92050;2;2;1;3;48,8937575829;2,2119373083;3;3;4;1;1;1;1;0;1;50;2;Indemne
202100008623;186 328;1;0;2;4;1;5;246 876;1;1;4;1;2006.0;0;8;10;11;2021;17;5;92;92050;2;2;1;3;48,8937575829;2,2119373083;3;3;4;1;1;1;1;0;1;50;2;Blessé léger
202100008631;186 313;1;0;0;0;1;6;246 857;1;1;3;1;1963.0;5;2;11;11;2021;11;1;62;62105;2;1;1;7;50,7461930000;1,7587790000;3;2;2;0;1;1;2;0;1;50;3;Blessé hospitalisé
202100008680;186 223;37;0;2;2;16;1;246 725;1;1;1;1;1980.0;4;8;8;11;2021;13;1;69;69383;2;2;1;3;45,7636559893;4,8687967658;4;1;1;2;1;1;1;0;5;50;0;Indemne
202100008680;186 224;1;0;2;3;1;5;246 726;1;1;3;1;2005.0;2;8;8;11;2021;13;1;69;69383;2;2;1;3;45,7636559893;4,8687967658;4;1;1;2;1;1;1;0;5;50;0;Blessé hospitalisé
202100008689;186 203;7;0;2;2;15;1;246 704;1;1;1;2;1965.0;0;1;5;11;2021;14;1;87;87085;2;1;1;3;45,8364800000;1,2624700000;4;2;2;0;1;1;1;0;1;50;4;Indemne
202100008689;186 204;1;0;2;1;1;5;246 705;1;1;4;1;1990.0;0;8;5;11;2021;14;1;87;87085;2;1;1;3;45,8364800000;1,2624700000;4;2;2;0;1;1;1;0;1;50;4;Blessé léger
202100008704;186 179;1;0;1;3;1;5;246 670;10;3;1;2;1989.0;5;0;7;11;2021;14;1;67;67482;2;3;2;6;48,5830100000;7,7356300000;4;2;2;1;1;1;2;0;5;30;6;Indemne
202100008704;186 179;1;0;1;3;1;5;246 671;1;1;4;1;1974.0;4;2;7;11;2021;14;1;67;67482;2;3;2;6;48,5830100000;7,7356300000;4;2;2;1;1;1;2;0;5;30;6;Blessé léger
202100008719;186 148;7;0;2;1;1;1;246 635;1;1;1;1;2003.0;0;1;7;11;2021;12;1;51;51454;2;2;1;2;49,2455800185;4,0178788904;4;2;2;0;1;1;1;0;1;50;6;Indemne
202100008719;186 149;1;0;2;4;1;5;246 636;1;1;4;2;1966.0;5;2;7;11;2021;12;1;51;51454;2;2;1;2;49,2455800185;4,0178788904;4;2;2;0;1;1;1;0;1;50;6;Blessé léger
202100008721;186 144;7;0;2;1;1;1;246 631;1;1;1;1;1944.0;5;1;8;11;2021;14;1;49;49007;2;1;1;3;47,4710000000; -0,5646300000;4;2;2;0;1;1;1;0;1;50;0;Indemne
202100008721;186 145;1;0;2;3;26;5;246 632;1;1;4;1;2003.0;5;8;8;11;2021;14;1;49;49007;2;1;1;3;47,4710000000; -0,5646300000;4;2;2;0;1;1;1;0;1;50;0;Blessé léger
202100008723;186 142;1;0;2;1;19;5;246 629;1;1;4;1;2008.0;2;8;8;11;2021;17;2;45;45302;2;1;1;6;47,9466100000;1,8924200000;4;3;4;1;1;3;1;0;5;50;0;Blessé léger
202100008726;186 134;7;0;2;2;23;1;246 616;1;1;1;2;1997.0;1;1;8;11;2021;08;1;35;35281;1;1;1;2;48,0857960000; -1,7018170000;4;2;3;2;1;1;1;0;1;50;0;Indemne
202100008726;186 135;80;14;0;0;1;3;246 617;1;1;4;1;1979.0;1;2;8;11;2021;08;1;35;35281;1;1;1;2;48,0857960000; -1,7018170000;4;2;3;2;1;1;1;0;1;50;0;Blessé léger
202100008734;186 122;1;0;2;1;1;5;246 599;1;1;3;1;1960.0;0;0;8;11;2021;14;1;14;14327;2;3;1;3;49,2074600000; -0,3172400000;3;3;2;0;4;3;1;0;1;50;0;Blessé hospitalisé
202100008734;186 123;21;0;9;7;15;1;246 600;1;1;1;1;1963.0;5;0;8;11;2021;14;1;14;14327;2;3;1;3;49,2074600000; -0,3172400000;3;3;2;0;4;3;1;0;1;50;0;Indemne
202100008740;186 112;7;0;2;1;16;1;246 586;1;1;1;2;1982.0;0;1;7;11;2021;11;1;10;10387;2;3;2;1;48,2869000000;4,0793500000;4;3;2;1;1;1;2;0;5;50;6;Indemne
202100008740;186 113;1;0;2;1;5;0;246 587;1;1;4;1;2003.0;0;8;7;11;2021;11;1;10;10387;2;3;2;1;48,2869000000;4,0793500000;4;3;2;1;1;1;2;0;5;50;6;Blessé léger
202100008749;186 096;1;0;2;4;15;5;246 568;1;1;4;2;1956.0;1;8;9;11;2021;19;5;75;75117;2;3;1;3;48,8812010000;2,3155550000;4;2;4;0;1;1;1;0;1;30;1;Blessé léger
202100008749;186 097;32;0;2;1;14;1;246 569;1;1;1;1;2001.0;2;2;9;11;2021;19;5;75;75117;2;3;1;3;48,8812010000;2,3155550000;4;2;4;0;1;1;1;0;1;30;1;Indemne
202100008841;185 938;7;0;2;8;16;1;246 356;1;1;1;2;1962.0;9;1;8;11;2021;08;1;75;75120;2;5;1;3;48,8650130000;2,3955260000;4;2;2;1;2;1;1;0;5;30;0;Indemne
202100008841;185 939;80;0;2;1;1;3;246 357;1;1;4;2;1975.0;9;8;8;11;2021;08;1;75;75120;2;5;1;3;48,8650130000;2,3955260000;4;2;2;1;2;1;1;0;5;30;0;Blessé léger
202100008843;185 933;1;0;2;1;2;5;246 349;1;1;4;1;1998.0;5;8;8;11;2021;10;1;75;75116;2;1;1;2;48,8587670000;2,2750330000;4;2;2;0;1;1;1;0;1;30;0;Blessé léger
202100008843;185 934;7;0;2;5;23;1;246 350;2;2;1;2;1986.0;5;1;8;11;2021;10;1;75;75116;2;1;1;2;48,8587670000;2,2750330000;4;2;2;0;1;1;1;0;1;30;0;Indemne
202100008843;185 934;7;0;2;5;23;1;246 351;1;1;1;1;1983.0;5;1;8;11;2021;10;1;75;75116;2;1;1;2;48,8587670000;2,2750330000;4;2;2;0;1;1;1;0;1;30;0;Indemne
202100008846;185 927;32;0;2;1;17;1;246 340;2;2;1;2;1989.0;5;8;8;11;2021;11;1;75;75112;2;1;1;3;48,8443070000;2,4417360000;4;2;2;0;1;1;1;0;1;30;0;Indemne
202100008846;185 927;32;0;2;1;17;1;246 341;1;1;4;1;1990.0;5;2;8;11;2021;11;1;75;75112;2;1;1;3;48,8443070000;2,4417360000;4;2;2;0;1;1;1;0;1;30;0;Blessé léger
202100008846;185 928;80;0;2;8;19;3;246 342;1;1;4;1;1950.0;4;8;8;11;2021;11;1;75;75112;2;1;1;3;48,8443070000;2,4417360000;4;2;2;0;1;1;1;0;1;30;0;Blessé léger
202100008850;185 920;7;0;2;8;22;2;246 331;1;1;1;1;1973.0;4;1;8;11;2021;08;1;75;75107;2;2;1;3;48,8526990000;2,3085580000;4;2;2;0;1;1;1;0;1;30;0;Indemne
202100008850;185 921;1;1;0;2;1;5;246 332;1;1;4;1;2005.0;2;8;8;11;2021;08;1;75;75107;2;2;1;3;48,8526990000;2,3085580000;4;2;2;0;1;1;1;0;1;30;0;Blessé léger
202100008878;185 872;80;0;0;4;2;3;246 264;1;1;3;1;1963.0;0;6;9;11;2021;08;1;63;63047;2;1;7;2;45,5885707183;2,7296902049;3;2;2;0;1;2;1;0;1;50;1;Blessé hospitalisé
202100008878;185 873;7;0;2;2;2;1;246 265;1;1;1;2;1966.0;1;1;9;11;2021;08;1;63;63047;2;1;7;2;45,5885707183;2,7296902049;3;2;2;0;1;2;1;0;1;50;1;Indemne
202100008883;185 862;1;0;2;1;2;5;246 250;1;1;4;1;1970.0;0;0;8;11;2021;15;1;14;14100;2;1;1;2;49,0504473312; -0,3198950000;3;2;2;0;1;1;1;0;1;50;0;Blessé léger
202100008883;185 863;7;0;0;5;2;1;246 251;1;1;1;2;1984.0;0;8;8;11;2021;15;1;14;14100;2;1;1;2;49,0504473312; -0,3198950000;3;2;2;0;1;1;1;0;1;50;0;Indemne
202100008885;185 857;1;0;2;3;2;5;246 244;1;1;4;2;1948.0;5;4;27;10;2021;15;1;45;45193;1;1;7;3;47,7811400000;2,0185980000;3;2;2;0;1;1;1;0;1;80;2;Blessé léger
202100008885;185 858;7;0;9;2;2;1;246 245;1;1;1;1;1946.0;3;8;27;10;2021;15;1;45;45193;1;1;7;3;47,7811400000;2,0185980000;3;2;2;0;1;1;1;0;1;80;2;Indemne
202100008968;185 686;1;0;2;1;17;5;246 007;1;1;1;2;1993.0;5;8;7;11;2021;16;2;75;75112;2;1;1;3;48,8281230000;2,4096820000;4;2;1;0;1;1;1;0;1;30;6;Indemne
202100008968;185 687;50;0;2;8;10;3;246 008;1;1;4;1;2011.0;5;8;7;11;2021;16;2;75;75112;2;1;1;3;48,8281230000;2,4096820000;4;2;1;0;1;1;1;0;1;30;6;Blessé léger
202100008971;185 680;30;0;2;1;15;1;246 001;1;1;1;1;1992.0;4;2;7;11;2021;22;5;75;75103;2;2;1;3;48,8652420000;2,3519780000;4;1;3;1;1;1;1;0;1;30;6;Indemne
202100008971;185 681;1;0;2;1;16;5;246 002;1;1;4;1;1981.0;9;8;7;11;2021;22;5;75;75103;2;2;1;3;48,8652420000;2,3519780000;4;1;3;1;1;1;1;0;1;30;6;Blessé léger
202100008973;185 676;1;0;2;2;19;5;245 997;1;1;4;1;2002.0;9;0;7;11;2021;10;1;94;94033;2;1;2;3;48,8523800000;2,4863200000;3;3;4;2;1;1;2;0;1;50;6;Blessé léger
202100008973;185 677;7;0;9;2;1;1;245 998;1;1;1;2;1982.0;3;1;7;11;2021;10;1;94;94033;2;1;2;3;48,8523800000;2,4863200000;3;3;4;2;1;1;2;0;1;50;6;Indemne
202100008989;185 650;7;0;0;3;1;1;245 960;1;1;1;1;2000.0;1;1;8;11;2021;16;1;51;51146;1;2;1;3;48,8936820000;4,2363510000;3;2;2;0;1;1;1;0;1;80;0;Indemne
202100008989;185 651;1;0;2;2;1;5;245 961;1;1;4;1;1948.0;5;4;8;11;2021;16;1;51;51146;1;2;1;3;48,8936820000;4,2363510000;3;2;2;0;1;1;1;0;1;80;0;Blessé léger
202100009000;185 629;1;0;2;1;1;5;245 924;1;1;4;1;1975.0;5;2;13;10;2021;17;1;14;14740;1;1;1;1;49,0050730000;0,3965690000;3;2;2;0;1;1;1;0;1;80;2;Blessé léger
202100009000;185 630;16;0;2;0;19;1;245 925;1;1;1;1;1966.0;0;0;13;10;2021;17;1;14;14740;1;1;1;1;49,0050730000;0,3965690000;3;2;2;0;1;1;1;0;1;80;2;Indemne
202100009011;185 610;1;0;2;0;1;5;245 902;1;1;4;1;1957.0;5;0;5;11;2021;16;2;40;40317;2;4;1;1;43,6868840000; -1,3347990000;3;2;2;0;1;3;1;5;1;50;4;Blessé léger
202100009011;185 611;7;0;2;3;15;1;245 903;1;1;1;1;1988.0;1;1;5;11;2021;16;2;40;40317;2;4;1;1;43,6868840000; -1,3347990000;3;2;2;0;1;3;1;5;1;50;4;Indemne
202100009016;185 601;1;0;2;1;1;5;245 889;1;1;3;1;1954.0;5;2;8;11;2021;13;1;69;69244;2;6;1;3;45,7657890000;4,7516750000;7;1;1;0;1;2;1;9;1;50;0;Blessé hospitalisé
202100009016;185 602;10;0;9;3;9;1;245 890;1;1;1;1;2002.0;4;1;8;11;2021;13;1;69;69244;2;6;1;3;45,7657890000;4,7516750000;7;1;1;0;1;2;1;9;1;50;0;Indemne
202100009035;185 562;7;0;2;1;16;1;245 839;1;1;1;1;1949.0;9;8;6;11;2021;17;1;33;33273;2;6;1;3;44,8422380000; -0,7682330000;4;2;2;2;1;3;1;9;5;50;5;Indemne
202100009035;185 563;80;0;2;7;19;3;245 840;1;1;3;2;1988.0;9;2;6;11;2021;17;1;33;33273;2;6;1;3;44,8422380000; -0,7682330000;4;2;2;2;1;3;1;9;5;50;5;Blessé hospitalisé
202100009096;185 447;7;0;9;1;1;1;245 675;1;1;1;2;1982.0;5;1;6;11;2021;02;5;37;37233;2;6;1;1;47,3957377514;0,7107000083;4;1;4;0;1;2;1;5;1;50;5;Indemne
202100009096;185 448;1;0;2;1;5;5;245 676;1;1;4;1;1980.0;5;8;6;11;2021;02;5;37;37233;2;6;1;1;47,3957377514;0,7107000083;4;1;4;0;1;2;1;5;1;50;5;Blessé léger
202100009098;185 444;7;0;2;0;15;1;245 671;1;1;1;1;1986.0;0;8;6;11;2021;11;1;34;34172;2;2;1;3;43,6163200000;3,8411400000;4;2;2;0;2;2;1;0;1;50;5;Indemne
202100009098;185 445;1;0;2;8;1;5;245 672;1;1;3;2;1968.0;5;8;6;11;2021;11;1;34;34172;2;2;1;3;43,6163200000;3,8411400000;4;2;2;0;2;2;1;0;1;50;5;Blessé hospitalisé
202100009113;185 419;1;0;2;7;1;0;245 638;1;1;3;2;1990.0;0;8;5;11;2021;07;1;13;13004;2;6;1;3;43,6650600000;4,6471000000;3;1;2;0;1;2;1;5;1;50;4;Blessé hospitalisé
202100009113;185 420;7;0;2;1;9;1;245 639;1;1;1;1;1990.0;0;8;5;11;2021;07;1;13;13004;2;6;1;3;43,6650600000;4,6471000000;3;1;2;0;1;2;1;5;1;50;4;Indemne
202100009118;185 411;1;0;2;1;1;5;245 628;1;1;4;1;1997.0;9;8;6;11;2021;01;5;75;75116;2;7;1;3;48,8732940000;2,2955390000;4;1;5;0;1;2;1;0;1;50;5;Blessé léger
202100009118;185 412;7;0;2;5;16;1;245 629;1;1;1;1;1998.0;9;1;6;11;2021;01;5;75;75116;2;7;1;3;48,8732940000;2,2955390000;4;1;5;0;1;2;1;0;1;50;5;Indemne
202100009133;185 384;7;0;2;8;9;1;245 594;1;1;1;2;1955.0;0;1;6;11;2021;09;1;92;92064;2;6;7;3;48,8547248354;2,1980434656;3;2;2;0;1;2;1;5;1;50;5;Indemne
202100009133;185 385;1;0;2;7;1;5;245 595;1;1;4;1;1995.0;0;8;6;11;2021;09;1;92;92064;2;6;7;3;48,8547248354;2,1980434656;3;2;2;0;1;2;1;5;1;50;5;Blessé léger
202100009158;185 342;80;2;0;0;0;3;245 533;1;1;2;1;1948.0;5;2;6;11;2021;16;1;38;38395;1;1;1;7;45,3698150000;5,9225750000;3;2;2;0;2;1;1;0;3;80;5;Tué
202100009179;185 308;1;0;2;3;1;5;245 479;1;1;3;1;1955.0;5;2;10;10;2021;09;1;57;57124;1;9;7;3;49,4019780000;6,2484470000;3;2;2;0;1;2;1;0;1;50;6;Blessé hospitalisé
202100009179;185 309;7;0;0;5;17;1;245 480;1;1;1;1;1948.0;9;1;10;10;2021;09;1;57;57124;1;9;7;3;49,4019780000;6,2484470000;3;2;2;0;1;2;1;0;1;50;6;Indemne
202100009210;185 248;1;0;2;6;1;5;245 399;1;1;4;2;1985.0;1;8;5;11;2021;11;1;69;69382;2;2;1;3;45,7611244740;4,8362797762;4;1;1;2;1;1;1;0;1;30;4;Blessé léger
202100009210;185 249;7;0;2;3;15;1;245 400;1;1;1;1;1995.0;5;1;5;11;2021;11;1;69;69382;2;2;1;3;45,7611244740;4,8362797762;4;1;1;2;1;1;1;0;1;30;4;Indemne
202100009231;185 208;1;0;2;2;19;5;245 338;1;1;4;2;2002.0;0;8;4;11;2021;14;1;67;67482;2;3;1;3;48,5952900000;7,7186900000;4;2;4;1;1;1;1;0;1;50;3;Blessé léger
202100009231;185 209;7;0;2;2;1;1;245 339;1;1;1;2;1985.0;0;1;4;11;2021;14;1;67;67482;2;3;1;3;48,5952900000;7,7186900000;4;2;4;1;1;1;1;0;1;50;3;Indemne
202100009245;185 184;7;0;2;4;4;1;245 304;1;1;1;2;1967.0;0;1;5;11;2021;16;1;44;44114;2;1;1;2;47,2529800000; -1,5974400000;4;2;0;0;1;1;1;0;1;50;4;Indemne
202100009245;185 185;1;0;2;4;2;5;245 305;1;1;3;1;2001.0;0;8;5;11;2021;16;1;44;44114;2;1;1;2;47,2529800000; -1,5974400000;4;2;0;0;1;1;1;0;1;50;4;Blessé hospitalisé
202100009248;185 178;1;0;2;8;23;5;245 297;1;1;4;2;1965.0;1;8;5;11;2021;05;5;37;37261;2;1;8;3;47,3756468417;0,6798729300;4;2;3;0;2;1;2;0;1;50;4;Blessé léger
202100009248;185 179;7;0;2;3;15;1;245 298;2;2;1;2;1965.0;5;1;5;11;2021;05;5;37;37261;2;1;8;3;47,3756468417;0,6798729300;4;2;3;0;2;1;2;0;1;50;4;Indemne
202100009248;185 179;7;0;2;3;15;1;245 299;1;1;1;1;1996.0;5;1;5;11;2021;05;5;37;37261;2;1;8;3;47,3756468417;0,6798729300;4;2;3;0;2;1;2;0;1;50;4;Indemne
202100009273;185 123;1;0;2;7;1;5;245 234;1;1;4;1;2005.0;0;8;5;11;2021;17;2;10;10333;2;2;1;3;48,2761900000;4,0563900000;4;2;4;0;1;1;1;0;1;50;4;Blessé léger
202100009273;185 124;7;0;2;3;15;1;245 235;1;1;1;1;1972.0;0;1;5;11;2021;17;2;10;10333;2;2;1;3;48,2761900000;4,0563900000;4;2;4;0;1;1;1;0;1;50;4;Indemne
202100009286;185 100;7;0;2;1;1;1;245 207;1;1;1;2;1971.0;1;1;5;11;2021;08;1;75;75118;2;1;8;2;48,8999160000;2,3358180000;4;2;4;0;2;1;1;0;1;30;4;Indemne
202100009286;185 101;1;0;2;4;13;5;245 208;1;1;4;2;1966.0;1;8;5;11;2021;08;1;75;75118;2;1;8;2;48,8999160000;2,3358180000;4;2;4;0;2;1;1;0;1;30;4;Blessé léger
202100009327;185 031;1;0;2;3;19;5;245 121;1;1;3;1;2003.0;9;8;3;11;2021;16;1;92;92025;2;1;1;3;48,9157270000;2,2424050000;4;1;1;0;1;1;1;0;1;30;2;Blessé hospitalisé
202100009327;185 032;43;0;2;3;1;1;245 122;1;1;4;1;1997.0;9;8;3;11;2021;16;1;92;92025;2;1;1;3;48,9157270000;2,2424050000;4;1;1;0;1;1;1;0;1;30;2;Blessé léger
202100009342;185 007;7;0;2;3;2;1;245 091;1;1;1;1;1963.0;9;1;2;11;2021;15;1;44;44098;1;6;8;3;47,4777350000; -2,1800350000;3;2;2;0;1;1;2;0;1;70;1;Indemne
202100009342;185 008;80;0;2;1;2;3;245 092;1;1;3;1;1958.0;3;0;2;11;2021;15;1;44;44098;1;6;8;3;47,4777350000; -2,1800350000;3;2;2;0;1;1;2;0;1;70;1;Blessé hospitalisé
202100009368;184 959;7;0;0;3;15;1;245 031;1;1;1;1;1979.0;1;1;5;11;2021;07;2;68;68287;2;3;2;3;47,9603730000;7,3057560000;4;2;2;0;1;1;2;0;1;50;4;Indemne
202100009368;184 960;1;0;0;7;1;5;245 032;1;1;3;2;1963.0;1;0;5;11;2021;07;2;68;68287;2;3;2;3;47,9603730000;7,3057560000;4;2;2;0;1;1;2;0;1;50;4;Blessé hospitalisé
202100009372;184 953;1;0;0;8;1;5;245 018;1;1;3;1;1945.0;5;0;5;11;2021;17;1;22;22008;1;1;7;3;48,4139030000; -2,0963230000;4;2;2;0;1;1;1;0;1;80;4;Blessé hospitalisé
202100009372;184 954;7;0;9;3;2;1;245 019;1;1;1;1;1982.0;1;1;5;11;2021;17;1;22;22008;1;1;7;3;48,4139030000; -2,0963230000;4;2;2;0;1;1;1;0;1;80;4;Indemne
202100009393;184 911;1;0;1;1;1;5;244 959;1;1;1;2;1972.0;3;2;10;8;2021;14;1;75;75116;2;1;1;6;48,8502330000;2,2669750000;4;1;2;0;4;1;1;0;1;50;1;Indemne
202100009393;184 911;1;0;1;1;1;5;244 960;10;3;2;1;1933.0;5;0;10;8;2021;14;1;75;75116;2;1;1;6;48,8502330000;2,2669750000;4;1;2;0;4;1;1;0;1;50;1;Tué
202100009406;184 887;1;0;2;1;19;5;244 928;1;1;4;1;2008.0;5;8;4;11;2021;15;1;972;97209;2;1;7;3;14,6279500000; -61,0549200000;4;2;2;0;1;1;1;0;1;50;3;Blessé léger
202100009406;184 888;7;0;9;2;1;1;244 929;1;1;1;2;1932.0;5;1;4;11;2021;15;1;972;97209;2;1;7;3;14,6279500000; -61,0549200000;4;2;2;0;1;1;1;0;1;50;3;Indemne
202100009414;184 873;1;0;2;4;1;5;244 911;1;1;4;1;1948.0;5;2;3;11;2021;11;1;83;83069;2;1;1;2;43,1162000000;6,1133000000;7;2;2;0;1;1;1;0;1;50;2;Blessé léger
202100009414;184 874;7;0;2;2;1;1;244 912;1;1;1;1;1966.0;0;1;3;11;2021;11;1;83;83069;2;1;1;2;43,1162000000;6,1133000000;7;2;2;0;1;1;1;0;1;50;2;Indemne
202100009415;184 871;7;0;2;3;22;1;244 909;1;1;1;2;1987.0;0;8;2;11;2021;09;1;80;80021;2;1;1;3;49,8902200000;2,2982600000;4;1;1;0;1;1;1;0;1;30;1;Indemne
202100009415;184 872;1;1;0;1;1;0;244 910;1;1;4;1;1983.0;0;8;2;11;2021;09;1;80;80021;2;1;1;3;49,8902200000;2,2982600000;4;1;1;0;1;1;1;0;1;30;1;Blessé léger
202100009436;184 831;7;0;2;1;15;1;244 861;1;1;1;1;1967.0;5;1;4;11;2021;17;5;35;35238;2;3;1;3;48,0978200000; -1,6552300000;4;2;4;1;1;1;2;0;1;50;3;Indemne
202100009436;184 832;1;0;2;1;1;5;244 862;1;1;4;1;1977.0;5;2;4;11;2021;17;5;35;35238;2;3;1;3;48,0978200000; -1,6552300000;4;2;4;1;1;1;2;0;1;50;3;Blessé léger
202100009439;184 825;7;0;2;1;16;1;244 852;1;1;1;2;1986.0;1;8;3;11;2021;07;2;33;33119;2;4;2;3;44,8602570418; -0,5382946651;4;2;2;1;1;3;2;0;1;50;2;Indemne
202100009439;184 826;1;0;2;0;1;5;244 853;1;1;4;1;1993.0;0;8;3;11;2021;07;2;33;33119;2;4;2;3;44,8602570418; -0,5382946651;4;2;2;1;1;3;2;0;1;50;2;Blessé léger
202100009443;184 819;1;0;2;0;1;5;244 845;1;1;4;1;1986.0;1;2;4;11;2021;17;5;26;26198;2;1;1;1;44,5312890000;4,7445910000;2;2;2;1;1;1;1;0;1;50;3;Blessé léger
202100009443;184 820;7;0;2;3;15;1;244 846;1;1;1;2;1973.0;9;1;4;11;2021;17;5;26;26198;2;1;1;1;44,5312890000;4,7445910000;2;2;2;1;1;1;1;0;1;50;3;Indemne
202100009459;184 794;1;0;2;0;19;5;244 811;1;1;1;1;1958.0;1;8;4;11;2021;17;3;75;75105;2;2;2;3;48,8376940000;2,3455070000;4;2;4;0;1;1;2;0;1;30;3;Indemne
202100009459;184 795;32;0;2;5;1;1;244 812;1;1;4;2;1989.0;4;2;4;11;2021;17;3;75;75105;2;2;2;3;48,8376940000;2,3455070000;4;2;4;0;1;1;2;0;1;30;3;Blessé léger
202100009504;184 724;1;0;0;4;2;5;244 723;1;1;4;1;2000.0;5;9;4;11;2021;21;5;62;62502;2;1;3;2;50,6145150000;2,6888930000;3;2;2;2;1;1;2;0;5;50;3;Blessé léger
202100009504;184 725;7;0;2;2;2;1;244 724;1;1;1;1;1966.0;1;1;4;11;2021;21;5;62;62502;2;1;3;2;50,6145150000;2,6888930000;3;2;2;2;1;1;2;0;5;50;3;Indemne
202100009515;184 704;1;0;2;1;2;6;244 699;1;1;3;2;1945.0;0;0;4;11;2021;10;1;44;44154;2;2;1;3;47,2214092436; -2,1612864733;4;2;2;0;1;1;2;0;1;50;3;Blessé hospitalisé
202100009515;184 705;7;0;9;7;19;1;244 700;1;1;1;2;1952.0;9;1;4;11;2021;10;1;44;44154;2;2;1;3;47,2214092436; -2,1612864733;4;2;2;0;1;1;2;0;1;50;3;Indemne
202100009589;184 566;7;0;2;8;22;1;244 525;1;1;1;1;1996.0;5;8;31;10;2021;17;1;56;56098;2;1;1;3;47,7641300000; -3,3603600000;3;2;2;0;1;1;1;0;5;50;6;Indemne
202100009589;184 567;1;1;0;1;1;5;244 526;1;1;4;1;1994.0;4;2;31;10;2021;17;1;56;56098;2;1;1;3;47,7641300000; -3,3603600000;3;2;2;0;1;1;1;0;5;50;6;Blessé léger
202100009605;184 537;7;0;2;3;2;1;244 489;1;1;1;1;2001.0;0;1;1;11;2021;19;5;25;25056;2;5;2;1;47,2422600000;6,0147600000;3;1;2;0;1;1;2;0;1;50;0;Indemne
202100009605;184 538;80;0;2;8;19;3;244 490;1;1;4;1;1992.0;1;8;1;11;2021;19;5;25;25056;2;5;2;1;47,2422600000;6,0147600000;3;1;2;0;1;1;2;0;1;50;0;Blessé léger
202100009610;184 527;1;0;2;7;1;0;244 478;1;1;4;1;1993.0;9;8;2;11;2021;10;1;10;10333;2;6;8;3;48,2743653347;4,0401488541;3;2;2;0;1;1;2;5;5;50;1;Blessé léger
202100009610;184 528;7;0;2;1;9;1;244 479;1;1;1;1;1950.0;9;1;2;11;2021;10;1;10;10333;2;6;8;3;48,2743653347;4,0401488541;3;2;2;0;1;1;2;5;5;50;1;Indemne
202100009613;184 521;32;0;2;2;17;1;244 472;1;1;1;1;1995.0;9;2;3;11;2021;16;1;75;75120;2;2;8;3;48,8575990000;2,3993380000;4;2;2;0;1;1;2;0;1;30;2;Indemne
202100009613;184 522;1;0;2;8;13;5;244 473;1;1;4;1;1998.0;4;2;3;11;2021;16;1;75;75120;2;2;8;3;48,8575990000;2,3993380000;4;2;2;0;1;1;2;0;1;30;2;Blessé léger
202100009654;184 449;7;0;0;8;17;1;244 379;1;1;1;1;1975.0;1;1;28;10;2021;17;1;31;31022;2;4;1;3;43,6748996570;1,4324254293;4;2;2;0;1;1;1;0;1;50;3;Indemne
202100009654;184 450;1;0;0;7;11;5;244 380;1;1;3;2;1982.0;1;0;28;10;2021;17;1;31;31022;2;4;1;3;43,6748996570;1,4324254293;4;2;2;0;1;1;1;0;1;50;3;Blessé hospitalisé
202100009658;184 442;7;0;9;2;1;1;244 369;1;1;1;2;1966.0;5;1;2;11;2021;16;1;66;66021;1;6;7;3;42,7266030000;2,9466100000;3;1;1;0;1;3;1;0;1;80;1;Indemne
202100009658;184 443;1;0;2;7;1;5;244 370;1;1;3;1;1950.0;5;2;2;11;2021;16;1;66;66021;1;6;7;3;42,7266030000;2,9466100000;3;1;1;0;1;3;1;0;1;80;1;Blessé hospitalisé
202100009735;184 302;1;1;0;1;1;5;244 170;1;1;4;1;1977.0;5;8;2;11;2021;18;5;91;91691;2;1;1;2;48,7001000000;2,4778400000;4;2;0;0;1;1;1;0;1;30;1;Blessé léger
202100009735;184 303;7;0;0;0;0;1;244 171;1;1;1;1;1986.0;0;8;2;11;2021;18;5;91;91691;2;1;1;2;48,7001000000;2,4778400000;4;2;0;0;1;1;1;0;1;30;1;Indemne
202100009753;184 267;7;0;2;3;1;1;244 121;1;1;1;1;1998.0;0;1;28;10;2021;18;5;67;67482;2;3;1;3;48,5968000000;7,7041000000;4;2;3;1;1;1;1;0;1;50;3;Indemne
202100009753;184 268;1;0;2;1;19;5;244 122;1;1;4;1;1950.0;0;8;28;10;2021;18;5;67;67482;2;3;1;3;48,5968000000;7,7041000000;4;2;3;1;1;1;1;0;1;50;3;Blessé léger