Num_Acc;id_vehicule;catv;obs;obsm;choc;manv;motor;id_usager;place;catu;grav;sexe;an_nais;trajet;secu1;jour;mois;an;hrmn;lum;dep;com;agg;int;atm;col;lat;long;catr;circ;nbv;vosp;prof;plan;surf;infra;situ;vma;day_of_week;gravity
202100009754;184 265;7;0;2;5;16;1;244 119;1;1;1;1;1986.0;0;1;28;10;2021;08;1;67;67482;2;8;5;2;48,5749700000;7,7302300000;7;1;2;3;1;1;1;4;1;50;3;Indemne
202100009754;184 266;1;0;2;1;19;5;244 120;1;1;4;1;1986.0;0;8;28;10;2021;08;1;67;67482;2;8;5;2;48,5749700000;7,7302300000;7;1;2;3;1;1;1;4;1;50;3;Blessé léger
202100009778;184 216;7;0;2;4;2;1;244 058;1;1;1;2;1988.0;0;8;2;11;2021;17;1;33;33063;2;1;2;2;44,8343100000; -0,5746900000;4;1;3;0;1;1;2;0;1;50;1;Indemne
202100009778;184 217;1;0;2;1;1;5;244 059;1;1;4;1;2000.0;0;2;2;11;2021;17;1;33;33063;2;1;2;2;44,8343100000; -0,5746900000;4;1;3;0;1;1;2;0;1;50;1;Blessé léger
202100009788;184 199;1;0;2;1;0;0;244 033;1;1;3;1;1990.0;5;2;1;11;2021;17;2;17;17300;2;9;3;1;46,1529600000; -1,1369100000;4;2;2;1;1;1;2;0;8;50;0;Blessé hospitalisé
202100009788;184 200;30;0;2;1;2;1;244 034;1;1;1;1;1988.0;5;2;1;11;2021;17;2;17;17300;2;9;3;1;46,1529600000; -1,1369100000;4;2;2;1;1;1;2;0;8;50;0;Indemne
202100009815;184 152;1;0;2;8;0;0;243 972;2;1;4;1;1961.0;0;2;2;11;2021;18;5;93;93064;2;8;1;3;48,8788531865;2,4902591204;3;2;2;1;1;1;1;0;1;50;1;Blessé léger
202100009815;184 153;7;0;2;1;15;1;243 973;1;1;1;1;1982.0;0;1;2;11;2021;18;5;93;93064;2;8;1;3;48,8788531865;2,4902591204;3;2;2;1;1;1;1;0;1;50;1;Indemne
202100009825;184 134;1;0;2;3;1;5;243 952;1;1;3;1;2000.0;5;2;21;10;2021;15;1;31;31035;2;1;1;2;43,5354130000;1,4839050000;3;2;2;3;1;1;1;0;6;50;3;Blessé hospitalisé
202100009825;184 135;37;0;9;5;17;0;243 953;1;1;1;1;1978.0;4;1;21;10;2021;15;1;31;31035;2;1;1;2;43,5354130000;1,4839050000;3;2;2;3;1;1;1;0;6;50;3;Indemne
202100009845;184 100;1;13;0;0;13;5;243 902;1;1;2;1;1959.0;5;2;2;11;2021;14;1;53;53155;1;1;1;7;48,2825290000; -0,8771570000;4;2;2;0;2;1;1;0;3;80;1;Tué
202100009948;183 914;13;0;9;0;2;1;243 640;1;1;1;1;1965.0;4;8;7;10;2021;06;3;74;74165;1;1;1;6;45,8278050000;5,9885250000;3;2;2;0;1;2;1;0;1;50;3;Indemne
202100009948;183 915;1;0;2;0;2;5;243 641;1;1;3;1;2003.0;1;2;7;10;2021;06;3;74;74165;1;1;1;6;45,8278050000;5,9885250000;3;2;2;0;1;2;1;0;1;50;3;Blessé hospitalisé
202100010010;183 808;7;1;2;8;22;1;243 466;1;1;1;1;1970.0;0;1;29;10;2021;12;1;78;78486;2;1;2;6;48,6891400000;1,8515300000;3;2;2;2;1;1;2;9;1;50;4;Indemne
202100010010;183 809;1;0;0;0;1;0;243 467;1;1;2;1;1969.0;5;8;29;10;2021;12;1;78;78486;2;1;2;6;48,6891400000;1,8515300000;3;2;2;2;1;1;2;9;1;50;4;Tué
202100010014;183 799;1;0;2;1;1;5;243 456;1;1;4;1;1989.0;0;2;30;10;2021;17;1;64;64132;2;1;2;3;43,3027420000; -0,3196090000;4;2;2;1;1;1;2;0;5;50;5;Blessé léger
202100010014;183 800;7;0;2;5;16;1;243 457;1;1;1;1;1977.0;0;1;30;10;2021;17;1;64;64132;2;1;2;3;43,3027420000; -0,3196090000;4;2;2;1;1;1;2;0;5;50;5;Indemne
202100010042;183 744;7;0;2;5;9;1;243 366;1;1;1;2;1972.0;9;1;31;10;2021;14;1;75;75112;2;3;2;3;48,8437000000;2,4100970000;4;1;2;1;1;1;2;0;5;50;6;Indemne
202100010042;183 745;1;0;2;1;1;5;243 367;1;1;4;1;2001.0;9;8;31;10;2021;14;1;75;75112;2;3;2;3;48,8437000000;2,4100970000;4;1;2;1;1;1;2;0;5;50;6;Blessé léger
202100010074;183 690;1;0;0;0;26;5;243 286;1;1;3;1;1980.0;5;0;31;10;2021;16;1;39;39434;2;1;1;7;46,8358490000;5,7085640000;4;1;1;0;2;1;1;0;4;30;6;Blessé hospitalisé
202100010095;183 659;1;0;2;1;13;5;243 241;1;1;4;1;1976.0;5;2;1;11;2021;11;1;95;95042;1;1;7;5;49,0571220000;2,2970870000;3;2;2;0;1;3;1;0;1;50;0;Blessé léger
202100010095;183 660;1;0;2;3;13;5;243 242;1;1;4;1;1978.0;5;2;1;11;2021;11;1;95;95042;1;1;7;5;49,0571220000;2,2970870000;3;2;2;0;1;3;1;0;1;50;0;Blessé léger
202100010095;183 661;7;0;2;7;1;1;243 243;1;1;1;2;1975.0;5;1;1;11;2021;11;1;95;95042;1;1;7;5;49,0571220000;2,2970870000;3;2;2;0;1;3;1;0;1;50;0;Indemne
202100010145;183 566;80;0;2;8;19;3;243 102;1;1;3;2;1970.0;1;8;29;10;2021;23;5;57;57672;2;1;1;6;49,3565000000;6,1544600000;4;2;2;0;1;1;1;0;1;50;4;Blessé hospitalisé
202100010145;183 567;7;0;9;1;1;1;243 103;1;1;1;1;1988.0;5;1;29;10;2021;23;5;57;57672;2;1;1;6;49,3565000000;6,1544600000;4;2;2;0;1;1;1;0;1;50;4;Indemne
202100010156;183 543;1;0;2;1;8;0;243 070;1;1;4;1;1990.0;4;0;29;10;2021;12;1;33;33063;2;3;1;3;44,8284600000; -0,5620900000;4;2;4;3;1;1;1;0;1;50;4;Blessé léger
202100010156;183 544;7;0;9;2;15;2;243 071;1;1;1;2;1978.0;0;1;29;10;2021;12;1;33;33063;2;3;1;3;44,8284600000; -0,5620900000;4;2;4;3;1;1;1;0;1;50;4;Indemne
202100010166;183 529;80;0;2;1;1;3;243 051;1;1;4;1;1981.0;9;2;30;10;2021;20;5;75;75120;2;2;8;3;48,8759820000;2,4025780000;4;2;2;0;1;1;2;0;1;30;5;Blessé léger
202100010166;183 530;7;0;2;3;15;1;243 052;1;1;1;1;1989.0;1;1;30;10;2021;20;5;75;75120;2;2;8;3;48,8759820000;2,4025780000;4;2;2;0;1;1;2;0;1;30;5;Indemne
202100010175;183 514;1;0;0;8;1;5;243 033;1;1;2;2;1942.0;3;0;30;10;2021;11;1;94;94068;2;3;3;7;48,7980100000;2,4745700000;3;2;2;0;1;1;2;0;1;30;5;Tué
202100010209;183 459;7;0;2;2;1;1;242 949;1;1;1;1;2002.0;5;1;9;10;2021;10;1;44;44195;1;1;1;1;47,3410070000; -1,8960640000;4;2;2;0;1;2;1;0;3;70;5;Indemne
202100010209;183 460;1;0;2;7;23;5;242 950;1;1;4;1;1980.0;5;2;9;10;2021;10;1;44;44195;1;1;1;1;47,3410070000; -1,8960640000;4;2;2;0;1;2;1;0;3;70;5;Blessé léger
202100010280;183 332;80;0;2;4;26;3;242 763;1;1;4;1;1990.0;9;8;29;10;2021;22;5;72;72181;2;6;2;3;47,9829900000;0,2106200000;4;4;4;0;1;3;2;9;1;50;4;Blessé léger
202100010280;183 333;7;0;0;0;0;1;242 764;1;1;1;1;1999.0;0;1;29;10;2021;22;5;72;72181;2;6;2;3;47,9829900000;0,2106200000;4;4;4;0;1;3;2;9;1;50;4;Indemne
202100010282;183 329;1;0;2;1;1;5;242 759;1;1;3;1;1942.0;5;4;24;9;2021;12;1;70;70550;2;1;1;3;47,6195300000;6,1490000000;4;2;2;1;1;3;1;0;4;30;4;Blessé hospitalisé
202100010282;183 330;7;0;2;7;1;1;242 760;1;1;1;2;1991.0;1;1;24;9;2021;12;1;70;70550;2;1;1;3;47,6195300000;6,1490000000;4;2;2;1;1;3;1;0;4;30;4;Indemne
202100010300;183 294;1;0;2;7;1;5;242 714;1;1;3;1;2000.0;0;8;27;10;2021;07;2;59;59178;2;6;1;3;50,3974000000;3,1039000000;3;2;2;0;1;1;1;0;1;50;2;Blessé hospitalisé
202100010300;183 295;7;0;2;1;16;1;242 715;1;1;1;2;1962.0;0;1;27;10;2021;07;2;59;59178;2;6;1;3;50,3974000000;3,1039000000;3;2;2;0;1;1;1;0;1;50;2;Indemne
202100010305;183 284;1;0;2;4;1;5;242 703;1;1;4;1;2006.0;5;8;29;10;2021;19;2;54;54159;1;1;1;6;48,6290900000;6,3634400000;3;2;2;0;1;1;1;0;1;80;4;Blessé léger
202100010305;183 285;1;0;2;4;1;5;242 704;1;1;4;1;2007.0;5;8;29;10;2021;19;2;54;54159;1;1;1;6;48,6290900000;6,3634400000;3;2;2;0;1;1;1;0;1;80;4;Blessé léger
202100010305;183 286;10;0;9;1;26;1;242 705;1;1;1;1;1954.0;5;1;29;10;2021;19;2;54;54159;1;1;1;6;48,6290900000;6,3634400000;3;2;2;0;1;1;1;0;1;80;4;Indemne
202100010314;183 270;7;0;2;1;1;0;242 684;1;1;1;1;1979.0;0;8;29;10;2021;18;5;45;45234;2;7;2;2;47,9075300000;1,9062200000;4;2;6;0;1;1;2;0;1;50;4;Indemne
202100010314;183 271;1;0;2;4;16;0;242 685;1;1;4;1;1998.0;4;8;29;10;2021;18;5;45;45234;2;7;2;2;47,9075300000;1,9062200000;4;2;6;0;1;1;2;0;1;50;4;Blessé léger
202100010315;183 268;1;0;2;8;16;0;242 682;1;1;4;1;1977.0;1;2;29;10;2021;18;2;45;45234;2;2;2;3;47,9176000000;1,8986300000;7;2;2;0;3;1;2;0;1;50;4;Blessé léger
202100010315;183 269;7;0;2;7;16;1;242 683;1;1;1;1;2002.0;5;1;29;10;2021;18;2;45;45234;2;2;2;3;47,9176000000;1,8986300000;7;2;2;0;3;1;2;0;1;50;4;Indemne
202100010318;183 263;7;0;2;2;1;1;242 677;1;1;1;2;1973.0;0;1;29;10;2021;15;1;35;35238;2;1;7;2;48,1001500000; -1,6504300000;4;2;2;0;1;1;1;0;1;50;4;Indemne
202100010318;183 264;1;0;2;4;1;5;242 678;1;1;4;1;1957.0;5;8;29;10;2021;15;1;35;35238;2;1;7;2;48,1001500000; -1,6504300000;4;2;2;0;1;1;1;0;1;50;4;Blessé léger
202100010319;183 261;2;0;2;1;1;3;242 675;1;1;1;1;1966.0;4;2;28;10;2021;15;1;34;34032;2;1;1;3;43,3379100000;3,1836200000;4;2;2;0;1;1;1;0;1;30;3;Indemne
202100010319;183 262;1;0;2;0;19;5;242 676;1;1;3;1;2013.0;5;8;28;10;2021;15;1;34;34032;2;1;1;3;43,3379100000;3,1836200000;4;2;2;0;1;1;1;0;1;30;3;Blessé hospitalisé
202100010336;183 226;10;0;2;2;1;1;242 628;1;1;1;1;1999.0;4;1;29;10;2021;10;1;10;10333;2;6;1;3;48,2700240000;4,0498520000;3;1;2;0;1;1;1;5;5;50;4;Indemne
202100010336;183 227;1;0;2;0;0;0;242 629;1;1;4;2;1991.0;0;8;29;10;2021;10;1;10;10333;2;6;1;3;48,2700240000;4,0498520000;3;1;2;0;1;1;1;5;5;50;4;Blessé léger
202100010344;183 214;30;0;2;3;1;1;242 612;1;1;4;1;1980.0;4;2;29;10;2021;01;5;75;75120;2;2;1;3;48,8644210000;2,3980710000;4;2;2;0;1;1;1;0;1;30;4;Blessé léger
202100010344;183 215;1;0;2;2;1;5;242 613;1;1;1;1;1995.0;9;8;29;10;2021;01;5;75;75120;2;2;1;3;48,8644210000;2,3980710000;4;2;2;0;1;1;1;0;1;30;4;Indemne
202100010347;183 209;1;0;2;4;19;5;242 606;1;1;1;1;2004.0;9;2;29;10;2021;09;1;75;75116;2;3;1;2;48,8579300000;2,2879140000;4;1;3;0;1;1;1;0;1;30;4;Indemne
202100010347;183 210;33;0;2;1;1;1;242 607;1;1;4;1;1971.0;9;2;29;10;2021;09;1;75;75116;2;3;1;2;48,8579300000;2,2879140000;4;1;3;0;1;1;1;0;1;30;4;Blessé léger
202100010349;183 206;1;0;2;1;1;5;242 603;1;1;4;1;1997.0;5;8;29;10;2021;13;1;75;75114;2;2;2;3;48,8375420000;2,3230240000;4;1;1;1;1;1;2;0;5;30;4;Blessé léger
202100010349;183 207;43;0;2;3;9;1;242 604;1;1;1;1;1958.0;9;2;29;10;2021;13;1;75;75114;2;2;2;3;48,8375420000;2,3230240000;4;1;1;1;1;1;2;0;5;30;4;Indemne
202100010372;183 168;1;0;2;1;1;5;242 548;1;1;3;1;1970.0;1;0;27;10;2021;16;1;93;93066;2;3;1;3;48,9181622246;2,3571313876;3;1;2;3;1;1;1;0;1;50;2;Blessé hospitalisé
202100010372;183 169;37;0;2;7;16;1;242 549;1;1;1;2;1989.0;4;1;27;10;2021;16;1;93;93066;2;3;1;3;48,9181622246;2,3571313876;3;1;2;3;1;1;1;0;1;50;2;Indemne
202100010381;183 152;1;1;0;1;2;5;242 518;1;1;4;1;1983.0;9;1;28;10;2021;17;1;92;92049;2;1;1;3;48,8135190000;2,3182690000;4;2;2;0;1;1;1;0;1;50;3;Blessé léger
202100010381;183 153;7;1;0;8;24;1;242 519;1;1;1;1;1938.0;0;8;28;10;2021;17;1;92;92049;2;1;1;3;48,8135190000;2,3182690000;4;2;2;0;1;1;1;0;1;50;3;Indemne
202100010399;183 124;1;0;0;0;1;5;242 479;1;1;4;1;1993.0;5;2;2;9;2021;15;1;51;51287;1;1;1;7;49,0933360557;3,9403481312;3;2;2;0;1;1;1;0;3;80;3;Blessé léger
202100010443;183 056;1;0;2;5;1;5;242 378;1;1;3;1;1965.0;3;2;29;10;2021;17;1;69;69069;2;3;1;3;45,7459180000;4,7323940000;4;2;2;0;1;1;1;0;1;50;4;Blessé hospitalisé
202100010443;183 057;7;0;9;3;9;1;242 379;1;1;1;1;1981.0;5;1;29;10;2021;17;1;69;69069;2;3;1;3;45,7459180000;4,7323940000;4;2;2;0;1;1;1;0;1;50;4;Indemne
202100010468;183 011;7;0;2;2;19;1;242 315;1;1;1;1;1978.0;1;1;27;10;2021;19;5;974;97411;2;2;1;1; -20,9046300000;55,4817200000;4;2;2;0;4;3;1;0;1;50;2;Indemne
202100010468;183 012;1;0;2;7;5;5;242 316;1;1;4;1;2010.0;0;8;27;10;2021;19;5;974;97411;2;2;1;1; -20,9046300000;55,4817200000;4;2;2;0;4;3;1;0;1;50;2;Blessé léger
202100010470;183 007;7;0;2;8;15;1;242 311;1;1;1;2;1978.0;0;1;28;10;2021;17;2;69;69259;1;9;1;3;45,7217136949;4,8940175772;4;2;2;0;1;1;1;0;1;30;3;Indemne
202100010470;183 008;1;0;2;1;1;5;242 312;1;1;4;1;1949.0;5;2;28;10;2021;17;2;69;69259;1;9;1;3;45,7217136949;4,8940175772;4;2;2;0;1;1;1;0;1;30;3;Blessé léger
202100010473;183 003;1;1;0;1;1;2;242 305;1;1;4;2;1969.0;0;8;27;10;2021;09;1;69;69034;2;1;1;3;45,7956447751;4,8469544842;4;2;2;1;2;1;1;0;1;30;2;Blessé léger
202100010473;183 004;1;1;2;7;9;5;242 306;1;1;1;1;1986.0;0;8;27;10;2021;09;1;69;69034;2;1;1;3;45,7956447751;4,8469544842;4;2;2;1;2;1;1;0;1;30;2;Indemne
202100010476;182 998;7;0;2;2;13;1;242 298;1;1;1;1;1980.0;0;8;28;10;2021;14;1;971;97101;1;1;1;1;16,2687700000; -61,4900700000;4;2;1;0;2;3;1;0;1;30;3;Indemne
202100010476;182 999;1;0;2;7;13;5;242 299;1;1;4;1;1968.0;0;8;28;10;2021;14;1;971;97101;1;1;1;1;16,2687700000; -61,4900700000;4;2;1;0;2;3;1;0;1;30;3;Blessé léger
202100010492;182 968;1;0;2;1;2;5;242 259;1;1;4;1;1965.0;5;2;28;10;2021;15;1;77;77169;2;1;1;2;48,8169500000;2,6168800000;4;2;2;0;1;1;1;0;1;50;3;Blessé léger
202100010492;182 969;14;0;2;4;2;1;242 260;1;1;1;1;1965.0;4;1;28;10;2021;15;1;77;77169;2;1;1;2;48,8169500000;2,6168800000;4;2;2;0;1;1;1;0;1;50;3;Indemne
202100010507;182 942;80;0;2;1;26;3;242 226;1;1;4;2;1967.0;5;2;27;10;2021;16;1;64;64129;2;6;1;3;43,3048900000; -0,4018800000;3;2;4;0;1;3;1;9;1;50;2;Blessé léger
202100010507;182 943;7;0;9;8;9;1;242 227;1;1;1;1;1969.0;4;1;27;10;2021;16;1;64;64129;2;6;1;3;43,3048900000; -0,4018800000;3;2;4;0;1;3;1;9;1;50;2;Indemne
202100010519;182 924;7;0;2;1;15;2;242 201;1;1;1;2;1980.0;5;1;26;10;2021;16;1;56;56162;1;3;7;3;47,7336600000; -3,4769200000;3;2;2;0;1;1;1;0;1;70;1;Indemne
202100010519;182 925;1;0;2;7;1;5;242 202;1;1;4;2;1952.0;5;2;26;10;2021;16;1;56;56162;1;3;7;3;47,7336600000; -3,4769200000;3;2;2;0;1;1;1;0;1;70;1;Blessé léger
202100010523;182 916;7;0;2;3;26;1;242 192;1;1;1;2;1999.0;1;1;28;10;2021;08;1;49;49007;2;1;1;3;47,4666100000; -0,5619100000;4;2;2;0;1;1;1;0;1;50;3;Indemne
202100010523;182 917;1;0;2;2;1;5;242 193;1;1;4;1;1976.0;1;8;28;10;2021;08;1;49;49007;2;1;1;3;47,4666100000; -0,5619100000;4;2;2;0;1;1;1;0;1;50;3;Blessé léger
202100010548;182 872;80;0;1;3;1;3;242 140;1;1;4;2;1954.0;5;2;27;10;2021;16;1;07;07281;1;9;1;7;44,9451500000;4,8781300000;5;2;1;1;1;1;1;0;5;20;2;Blessé léger
202100010597;182 787;1;0;2;7;19;5;242 036;1;1;4;1;2007.0;5;0;28;10;2021;14;1;12;12208;1;2;1;3;43,9558660000;2,8597230000;3;2;1;0;1;1;1;0;1;70;3;Blessé léger
202100010597;182 788;7;0;2;1;1;1;242 037;1;1;1;2;1957.0;3;1;28;10;2021;14;1;12;12208;1;2;1;3;43,9558660000;2,8597230000;3;2;1;0;1;1;1;0;1;70;3;Indemne
202100010601;182 779;1;0;0;4;1;5;242 028;1;1;3;1;1978.0;5;0;27;10;2021;16;1;28;28022;1;1;1;2;48,4738170000;1,4109490000;3;2;2;0;1;1;1;0;1;90;2;Blessé hospitalisé
202100010601;182 780;7;0;2;2;1;1;242 029;1;1;1;1;1997.0;1;1;27;10;2021;16;1;28;28022;1;1;1;2;48,4738170000;1,4109490000;3;2;2;0;1;1;1;0;1;90;2;Indemne
202100010602;182 777;7;0;9;3;1;1;242 026;1;1;1;1;1979.0;1;1;28;10;2021;13;1;85;85215;2;1;1;3;46,8484430000; -1,1696160000;4;1;2;0;1;1;1;0;1;50;3;Indemne
202100010602;182 778;1;0;2;1;19;5;242 027;1;1;4;1;2011.0;5;0;28;10;2021;13;1;85;85215;2;1;1;3;46,8484430000; -1,1696160000;4;1;2;0;1;1;1;0;1;50;3;Blessé léger
202100010616;182 758;7;0;0;5;12;1;241 997;1;1;1;1;1998.0;0;8;28;10;2021;16;1;38;38416;2;6;1;2;45,1473300000;5,3072120000;3;2;2;1;1;1;1;0;5;50;3;Indemne
202100010616;182 759;1;0;0;6;1;5;241 998;1;1;4;2;1967.0;0;0;28;10;2021;16;1;38;38416;2;6;1;2;45,1473300000;5,3072120000;3;2;2;1;1;1;1;0;5;50;3;Blessé léger
202100010623;182 745;1;0;2;1;1;5;241 982;1;1;3;1;1925.0;5;2;28;10;2021;14;1;90;90044;1;3;7;3;47,7092330000;6,9656860000;3;2;2;0;2;1;1;0;1;80;3;Blessé hospitalisé
202100010623;182 746;7;0;2;7;15;1;241 983;1;1;1;1;1955.0;5;1;28;10;2021;14;1;90;90044;1;3;7;3;47,7092330000;6,9656860000;3;2;2;0;2;1;1;0;1;80;3;Indemne
202100010631;182 734;1;0;0;8;1;5;241 962;10;3;1;1;1998.0;1;0;28;10;2021;12;1;95;95394;2;1;1;6;49,0693150000;2,1793750000;3;2;2;1;1;1;1;0;5;50;3;Indemne
202100010631;182 734;1;0;0;8;1;5;241 963;1;1;4;1;1949.0;5;2;28;10;2021;12;1;95;95394;2;1;1;6;49,0693150000;2,1793750000;3;2;2;1;1;1;1;0;5;50;3;Blessé léger
202100010641;182 717;1;0;2;1;1;5;241 943;1;1;3;1;1966.0;0;2;29;10;2021;12;1;74;74079;1;4;1;3;45,8574470000;6,3293110000;3;2;2;0;2;1;1;0;1;80;4;Blessé hospitalisé
202100010641;182 718;7;0;2;2;15;1;241 944;1;1;1;1;1969.0;0;1;29;10;2021;12;1;74;74079;1;4;1;3;45,8574470000;6,3293110000;3;2;2;0;2;1;1;0;1;80;4;Indemne
202100010656;182 688;10;0;2;3;2;1;241 908;1;1;1;1;1995.0;4;1;28;10;2021;12;1;59;59133;2;6;1;3;50,5218430600;2,9629505200;7;2;2;0;1;2;1;0;1;50;3;Indemne
202100010656;182 689;1;0;2;1;2;5;241 909;1;1;4;1;1978.0;5;2;28;10;2021;12;1;59;59133;2;6;1;3;50,5218430600;2,9629505200;7;2;2;0;1;2;1;0;1;50;3;Blessé léger
202100010701;182 596;7;0;2;1;1;1;241 789;1;1;1;1;1990.0;0;1;19;10;2021;14;1;63;63113;1;1;1;2;45,7954500000;3,1043600000;7;3;5;0;1;1;1;0;1;70;1;Indemne
202100010701;182 597;1;0;2;4;0;5;241 790;1;1;2;1;1944.0;5;8;19;10;2021;14;1;63;63113;1;1;1;2;45,7954500000;3,1043600000;7;3;5;0;1;1;1;0;1;70;1;Tué
202100010723;182 561;1;14;2;9;21;5;241 734;1;1;3;1;2004.0;5;8;27;10;2021;17;1;18;18279;2;9;1;3;47,2207854801;2,0674319965;4;2;1;0;1;1;1;0;1;50;2;Blessé hospitalisé
202100010723;182 562;10;14;9;3;15;1;241 735;1;1;1;1;1986.0;9;8;27;10;2021;17;1;18;18279;2;9;1;3;47,2207854801;2,0674319965;4;2;1;0;1;1;1;0;1;50;2;Indemne
202100010723;182 562;10;14;9;3;15;1;241 736;2;2;1;1;1965.0;4;8;27;10;2021;17;1;18;18279;2;9;1;3;47,2207854801;2,0674319965;4;2;1;0;1;1;1;0;1;50;2;Indemne
202100010746;182 520;1;0;2;0;1;5;241 686;1;1;4;2;1975.0;9;8;26;10;2021;20;5;94;94011;2;9;1;3;48,7757910000;2,4802210000;3;2;2;1;1;1;1;0;5;50;1;Blessé léger
202100010746;182 521;10;0;2;3;15;1;241 687;1;1;1;1;1976.0;4;1;26;10;2021;20;5;94;94011;2;9;1;3;48,7757910000;2,4802210000;3;2;2;1;1;1;1;0;5;50;1;Indemne
202100010757;182 502;7;0;2;5;24;1;241 663;1;1;1;1;1960.0;9;1;27;10;2021;19;5;92;92007;2;1;1;2;48,7888936903;2,3189681768;3;3;6;1;1;1;1;0;1;50;2;Indemne
202100010757;182 503;80;1;0;1;1;3;241 664;1;1;4;1;1990.0;1;8;27;10;2021;19;5;92;92007;2;1;1;2;48,7888936903;2,3189681768;3;3;6;1;1;1;1;0;1;50;2;Blessé léger
202100010761;182 496;7;0;9;2;2;1;241 656;1;1;1;2;1984.0;0;1;27;10;2021;16;1;86;86183;1;1;1;2;46,9519790000;0,6466357000;3;2;2;0;1;1;1;0;1;80;2;Indemne
202100010761;182 497;1;0;2;4;2;5;241 657;1;1;3;1;1949.0;5;2;27;10;2021;16;1;86;86183;1;1;1;2;46,9519790000;0,6466357000;3;2;2;0;1;1;1;0;1;80;2;Blessé hospitalisé
202100010790;182 449;1;0;2;0;1;5;241 597;1;1;4;2;1980.0;5;0;27;10;2021;17;1;45;45146;1;1;7;3;47,7199940000;1,9309920000;4;2;2;0;1;1;1;0;1;50;2;Blessé léger
202100010790;182 450;7;0;9;2;1;1;241 598;1;1;1;1;1960.0;1;8;27;10;2021;17;1;45;45146;1;1;7;3;47,7199940000;1,9309920000;4;2;2;0;1;1;1;0;1;50;2;Indemne
202100010807;182 414;7;0;2;2;1;1;241 553;1;1;1;2;1984.0;5;1;26;10;2021;11;1;67;67329;1;2;1;1;48,4512680000;7,5212250000;3;2;2;1;1;1;1;0;1;80;1;Indemne
202100010807;182 415;1;0;2;3;19;5;241 554;1;1;4;1;2008.0;5;0;26;10;2021;11;1;67;67329;1;2;1;1;48,4512680000;7,5212250000;3;2;2;1;1;1;1;0;1;80;1;Blessé léger
202100010810;182 407;1;0;2;1;1;5;241 546;1;1;4;1;1975.0;5;2;28;10;2021;17;2;54;54196;1;2;1;6;48,5599440000;6,1852812762;3;2;1;0;2;1;1;0;1;80;3;Blessé léger
202100010810;182 408;1;0;2;1;1;5;241 547;1;1;4;1;2004.0;5;2;28;10;2021;17;2;54;54196;1;2;1;6;48,5599440000;6,1852812762;3;2;1;0;2;1;1;0;1;80;3;Blessé léger
202100010810;182 409;7;0;9;3;15;1;241 548;1;1;1;1;1968.0;1;1;28;10;2021;17;2;54;54196;1;2;1;6;48,5599440000;6,1852812762;3;2;1;0;2;1;1;0;1;80;3;Indemne
202100010843;182 343;7;0;2;1;15;1;241 467;1;1;1;1;1990.0;9;1;25;10;2021;17;2;974;97409;1;3;1;1; -20,9670000000;55,6246500000;3;2;2;0;2;3;1;0;1;50;0;Indemne
202100010843;182 344;1;0;2;8;1;5;241 468;1;1;4;1;1982.0;0;1;25;10;2021;17;2;974;97409;1;3;1;1; -20,9670000000;55,6246500000;3;2;2;0;2;3;1;0;1;50;0;Blessé léger
202100010846;182 339;1;1;0;1;1;0;241 461;1;1;1;1;1984.0;0;8;26;10;2021;07;5;69;69383;2;1;1;6;45,7543700000;4,8667600000;4;2;3;3;1;1;2;0;1;50;1;Indemne
202100010846;182 339;1;1;0;1;1;0;241 462;2;2;4;1;1997.0;0;8;26;10;2021;07;5;69;69383;2;1;1;6;45,7543700000;4,8667600000;4;2;3;3;1;1;2;0;1;50;1;Blessé léger
202100010848;182 335;1;0;2;8;25;5;241 457;1;1;2;1;1963.0;1;0;25;10;2021;06;5;69;69385;2;1;8;3;45,7605490000;4,7958000000;4;2;2;0;2;1;1;0;1;50;0;Tué
202100010848;182 336;7;0;2;2;1;1;241 458;1;1;1;2;1997.0;1;8;25;10;2021;06;5;69;69385;2;1;8;3;45,7605490000;4,7958000000;4;2;2;0;2;1;1;0;1;50;0;Indemne
202100010849;182 333;7;0;2;2;1;1;241 455;1;1;1;2;1998.0;5;1;25;10;2021;17;1;971;97101;2;6;1;3;16,2517900000; -61,5210700000;3;1;1;0;1;3;1;0;1;50;0;Indemne
202100010849;182 334;1;0;2;8;1;5;241 456;1;1;4;1;2004.0;5;2;25;10;2021;17;1;971;97101;2;6;1;3;16,2517900000; -61,5210700000;3;1;1;0;1;3;1;0;1;50;0;Blessé léger
202100010867;182 301;7;0;2;4;23;1;241 410;1;1;1;1;2001.0;0;1;25;10;2021;08;1;73;73008;2;6;1;2;45,6965600000;5,9073800000;3;3;3;2;1;1;1;0;1;50;0;Indemne
202100010867;182 302;1;0;2;1;2;5;241 411;1;1;3;1;1997.0;0;2;25;10;2021;08;1;73;73008;2;6;1;2;45,6965600000;5,9073800000;3;3;3;2;1;1;1;0;1;50;0;Blessé hospitalisé
202100010876;182 285;1;0;2;1;19;5;241 391;1;1;4;2;1940.0;0;8;26;10;2021;11;1;64;64445;2;6;1;3;43,3077300000; -0,3391300000;4;1;2;0;1;2;1;0;1;30;1;Blessé léger
202100010876;182 286;7;0;2;5;21;1;241 392;1;1;1;1;1995.0;0;1;26;10;2021;11;1;64;64445;2;6;1;3;43,3077300000; -0,3391300000;4;1;2;0;1;2;1;0;1;30;1;Indemne