Num_Acc;id_vehicule;catv;obs;obsm;choc;manv;motor;id_usager;place;catu;grav;sexe;an_nais;trajet;secu1;jour;mois;an;hrmn;lum;dep;com;agg;int;atm;col;lat;long;catr;circ;nbv;vosp;prof;plan;surf;infra;situ;vma;day_of_week;gravity
202100011808;180 612;40;0;2;1;1;3;239 187;1;1;1;1;1974.0;4;8;21;10;2021;17;1;45;45234;2;1;1;3;47,8996259281;1,8790376186;4;1;1;3;1;1;2;0;6;20;3;Indemne
202100011808;180 613;1;0;4;2;14;5;239 188;1;1;4;1;2008.0;2;8;21;10;2021;17;1;45;45234;2;1;1;3;47,8996259281;1,8790376186;4;1;1;3;1;1;2;0;6;20;3;Blessé léger
202100011813;180 605;1;0;2;4;19;5;239 177;1;1;4;2;1961.0;0;2;21;10;2021;15;1;44;44109;2;6;1;3;47,2258760000; -1,5707170000;4;1;0;0;1;1;2;0;1;30;3;Blessé léger
202100011813;180 606;30;0;2;1;19;1;239 178;1;1;1;1;1999.0;5;2;21;10;2021;15;1;44;44109;2;6;1;3;47,2258760000; -1,5707170000;4;1;0;0;1;1;2;0;1;30;3;Indemne
202100011815;180 601;7;1;2;3;21;1;239 173;1;1;1;1;1999.0;5;1;21;10;2021;20;5;37;37233;2;1;1;6;47,3897708163;0,7261218816;4;2;2;0;1;1;2;6;1;50;3;Indemne
202100011815;180 602;1;0;2;3;19;5;239 174;1;1;4;1;2004.0;5;2;21;10;2021;20;5;37;37233;2;1;1;6;47,3897708163;0,7261218816;4;2;2;0;1;1;2;6;1;50;3;Blessé léger
202100011818;180 597;1;1;0;1;1;5;239 168;1;1;4;2;2002.0;2;8;21;10;2021;16;1;35;35238;2;1;8;6;48,1110900000; -1,6491400000;4;3;2;3;1;1;2;0;3;30;3;Blessé léger
202100011821;180 592;1;1;0;1;1;5;239 162;1;1;4;2;1977.0;0;2;21;10;2021;06;5;35;35238;2;1;1;6;48,1053000000; -1,6506200000;4;2;2;1;1;1;1;0;5;50;3;Blessé léger
202100011821;180 593;7;0;9;3;9;1;239 163;1;1;1;2;1996.0;1;1;21;10;2021;06;5;35;35238;2;1;1;6;48,1053000000; -1,6506200000;4;2;2;1;1;1;1;0;5;50;3;Indemne
202100011834;180 569;7;0;2;1;1;1;239 133;1;1;1;2;1974.0;1;1;21;10;2021;17;1;10;10387;2;2;2;3;48,2800400000;4,0772800000;4;2;2;0;2;1;2;0;1;50;3;Indemne
202100011834;180 570;1;0;2;1;1;5;239 134;1;1;4;1;2001.0;0;8;21;10;2021;17;1;10;10387;2;2;2;3;48,2800400000;4,0772800000;4;2;2;0;2;1;2;0;1;50;3;Blessé léger
202100011836;180 564;1;0;2;1;25;0;239 126;1;1;4;1;2010.0;0;2;20;10;2021;12;1;10;10362;2;1;1;3;48,2937100000;4,0535700000;4;2;2;0;1;1;1;0;4;50;2;Blessé léger
202100011836;180 565;7;0;9;2;26;1;239 127;1;1;1;2;2001.0;0;1;20;10;2021;12;1;10;10362;2;1;1;3;48,2937100000;4,0535700000;4;2;2;0;1;1;1;0;4;50;2;Indemne
202100011841;180 553;37;0;2;1;1;2;239 114;1;1;1;1;1967.0;4;1;21;10;2021;03;5;75;75106;2;7;6;1;48,8442150000;2,3242330000;4;2;3;1;1;1;1;0;1;30;3;Indemne
202100011841;180 554;80;0;2;1;5;3;239 115;1;1;3;1;1997.0;9;8;21;10;2021;03;5;75;75106;2;7;6;1;48,8442150000;2,3242330000;4;2;3;1;1;1;1;0;1;30;3;Blessé hospitalisé
202100011850;180 540;1;0;0;0;1;5;239 098;1;1;4;2;2000.0;5;8;21;10;2021;00;5;75;75114;2;2;6;7;48,8221670000;2,3303680000;4;2;2;0;1;1;2;0;1;30;3;Blessé léger
202100011897;180 460;1;0;2;1;1;5;238 996;1;1;4;1;1990.0;1;0;22;10;2021;05;3;56;56226;1;1;2;1;47,9617810000; -2,1490770000;3;2;2;0;2;1;2;0;1;80;4;Blessé léger
202100011897;180 461;7;0;2;1;1;1;238 997;1;1;1;2;1977.0;0;1;22;10;2021;05;3;56;56226;1;1;2;1;47,9617810000; -2,1490770000;3;2;2;0;2;1;2;0;1;80;4;Indemne
202100011917;180 425;1;0;2;1;15;5;238 952;1;1;4;1;1965.0;5;0;18;10;2021;12;1;14;14691;2;6;1;1;49,1110040000; -0,3059270000;3;2;2;0;1;1;1;5;1;30;0;Blessé léger
202100011917;180 426;7;0;2;1;6;1;238 953;1;1;1;1;1963.0;1;1;18;10;2021;12;1;14;14691;2;6;1;1;49,1110040000; -0,3059270000;3;2;2;0;1;1;1;5;1;30;0;Indemne
202100011963;180 336;7;0;2;3;1;1;238 840;1;1;1;2;1957.0;5;1;29;7;2021;11;1;74;74080;1;1;1;5;45,8751870000;6,4541780000;3;2;2;0;2;3;1;0;1;80;3;Indemne
202100011963;180 337;1;0;2;1;1;5;238 841;1;1;2;1;1954.0;5;2;29;7;2021;11;1;74;74080;1;1;1;5;45,8751870000;6,4541780000;3;2;2;0;2;3;1;0;1;80;3;Tué
202100011963;180 338;33;0;2;1;17;1;238 842;1;1;4;2;1995.0;5;2;29;7;2021;11;1;74;74080;1;1;1;5;45,8751870000;6,4541780000;3;2;2;0;2;3;1;0;1;80;3;Blessé léger
202100011964;180 334;80;0;2;1;2;3;238 838;1;1;4;1;2004.0;5;8;20;10;2021;14;1;974;97416;2;1;1;2; -21,3237200000;55,4858800000;4;2;2;0;1;1;1;0;1;50;2;Blessé léger
202100011964;180 335;15;0;2;4;1;1;238 839;1;1;1;1;1996.0;4;1;20;10;2021;14;1;974;97416;2;1;1;2; -21,3237200000;55,4858800000;4;2;2;0;1;1;1;0;1;50;2;Indemne
202100011966;180 330;7;0;9;3;15;1;238 834;1;1;1;1;1961.0;5;1;19;10;2021;19;3;974;97411;2;3;1;3; -20,8905200000;55,4480600000;4;2;2;0;1;1;1;0;1;50;1;Indemne
202100011966;180 331;1;0;2;3;1;5;238 835;1;1;4;1;2000.0;5;8;19;10;2021;19;3;974;97411;2;3;1;3; -20,8905200000;55,4480600000;4;2;2;0;1;1;1;0;1;50;1;Blessé léger
202100011967;180 328;2;0;2;1;1;1;238 832;1;1;4;1;1996.0;0;2;20;10;2021;18;5;973;97302;2;1;1;3;4,9363100000; -52,2964200000;3;2;2;0;1;1;1;0;1;70;2;Blessé léger
202100011967;180 329;1;0;2;7;19;0;238 833;1;1;4;1;1998.0;0;8;20;10;2021;18;5;973;97302;2;1;1;3;4,9363100000; -52,2964200000;3;2;2;0;1;1;1;0;1;70;2;Blessé léger
202100012003;180 257;1;0;2;1;0;5;238 748;1;1;4;1;1940.0;5;2;20;10;2021;14;1;64;64335;2;6;7;3;43,3361660140; -0,4343032837;4;2;2;0;1;1;1;0;1;50;2;Blessé léger
202100012003;180 258;7;0;2;3;9;1;238 749;1;1;1;2;1989.0;5;1;20;10;2021;14;1;64;64335;2;6;7;3;43,3361660140; -0,4343032837;4;2;2;0;1;1;1;0;1;50;2;Indemne
202100012025;180 215;1;0;2;1;2;5;238 697;1;1;4;1;1982.0;1;0;20;10;2021;09;1;33;33200;2;6;1;3;44,8588900000; -0,6728900000;4;2;2;0;1;1;1;9;8;50;2;Blessé léger
202100012025;180 216;7;0;2;3;9;1;238 698;1;1;1;1;1977.0;1;1;20;10;2021;09;1;33;33200;2;6;1;3;44,8588900000; -0,6728900000;4;2;2;0;1;1;1;9;8;50;2;Indemne
202100012048;180 173;7;0;2;4;4;1;238 640;1;1;1;2;1962.0;5;1;20;10;2021;12;1;75;75112;2;3;8;2;48,8465200000;2,4002000000;4;1;2;1;1;1;1;0;1;50;2;Indemne
202100012048;180 174;1;0;2;7;9;5;238 641;1;1;4;2;1977.0;1;8;20;10;2021;12;1;75;75112;2;3;8;2;48,8465200000;2,4002000000;4;1;2;1;1;1;1;0;1;50;2;Blessé léger
202100012053;180 166;10;0;2;8;22;1;238 631;1;1;1;1;1984.0;1;1;20;10;2021;14;1;75;75101;2;1;1;3;48,8641890000;2,3334810000;4;1;1;0;1;1;1;0;1;30;2;Indemne
202100012053;180 167;1;0;2;1;1;5;238 632;1;1;4;1;1979.0;1;8;20;10;2021;14;1;75;75101;2;1;1;3;48,8641890000;2,3334810000;4;1;1;0;1;1;1;0;1;30;2;Blessé léger
202100012055;180 162;7;0;2;2;1;1;238 624;1;1;1;1;1997.0;2;1;19;10;2021;14;1;94;94068;2;2;1;3;48,7981100000;2,4840200000;3;2;2;0;1;1;1;0;1;30;1;Indemne
202100012055;180 162;7;0;2;2;1;1;238 625;2;2;1;2;1997.0;5;1;19;10;2021;14;1;94;94068;2;2;1;3;48,7981100000;2,4840200000;3;2;2;0;1;1;1;0;1;30;1;Indemne
202100012055;180 163;80;0;2;3;1;3;238 626;1;1;4;2;1999.0;2;0;19;10;2021;14;1;94;94068;2;2;1;3;48,7981100000;2,4840200000;3;2;2;0;1;1;1;0;1;30;1;Blessé léger
202100012071;180 136;10;0;2;5;16;1;238 587;1;1;1;1;1960.0;4;1;19;10;2021;18;1;92;92048;2;6;1;3;48,7890421514;2,2218105197;4;2;2;0;1;3;1;0;1;50;1;Indemne
202100012071;180 137;1;0;2;8;16;5;238 588;1;1;4;1;1988.0;5;8;19;10;2021;18;1;92;92048;2;6;1;3;48,7890421514;2,2218105197;4;2;2;0;1;3;1;0;1;50;1;Blessé léger
202100012078;180 126;1;0;1;1;1;5;238 574;10;3;4;2;1991.0;0;0;20;10;2021;18;5;92;92012;2;2;1;6;48,8450435946;2,2372211516;4;2;2;0;1;1;1;0;1;50;2;Blessé léger
202100012078;180 126;1;0;1;1;1;5;238 575;1;1;1;1;1973.0;1;2;20;10;2021;18;5;92;92012;2;2;1;6;48,8450435946;2,2372211516;4;2;2;0;1;1;1;0;1;50;2;Indemne
202100012096;180 095;10;0;9;2;1;1;238 531;1;1;1;1;2002.0;4;1;21;10;2021;13;1;44;44063;1;1;1;2;47,0671070000; -1,2007930000;3;2;2;0;1;1;1;0;1;80;3;Indemne
202100012096;180 096;1;0;2;4;1;0;238 532;1;1;2;1;1952.0;5;0;21;10;2021;13;1;44;44063;1;1;1;2;47,0671070000; -1,2007930000;3;2;2;0;1;1;1;0;1;80;3;Tué
202100012118;180 050;7;0;2;3;19;1;238 474;1;1;1;2;1953.0;5;1;20;10;2021;13;1;89;89085;1;2;1;3;47,9544410000;3,4935740000;3;2;2;0;1;1;1;0;1;80;2;Indemne
202100012118;180 051;1;0;2;1;2;0;238 475;1;1;4;1;1959.0;5;2;20;10;2021;13;1;89;89085;1;2;1;3;47,9544410000;3,4935740000;3;2;2;0;1;1;1;0;1;80;2;Blessé léger
202100012123;180 042;1;0;2;6;15;5;238 464;1;1;4;2;1971.0;1;2;21;10;2021;13;1;26;26313;1;3;1;2;44,9769800000;4,9617490000;3;2;2;0;1;1;1;0;1;80;3;Blessé léger
202100012123;180 043;31;0;2;2;17;1;238 465;1;1;1;1;1965.0;1;2;21;10;2021;13;1;26;26313;1;3;1;2;44,9769800000;4,9617490000;3;2;2;0;1;1;1;0;1;80;3;Indemne
202100012144;180 009;80;0;1;1;1;3;238 420;10;3;4;2;2015.0;5;0;18;10;2021;18;5;75;75118;2;3;1;6;48,8825470000;2,3419120000;4;3;2;1;1;1;1;0;5;30;0;Blessé léger
202100012144;180 009;80;0;1;1;1;3;238 421;1;1;1;1;1984.0;1;2;18;10;2021;18;5;75;75118;2;3;1;6;48,8825470000;2,3419120000;4;3;2;1;1;1;1;0;5;30;0;Indemne
202100012165;179 978;80;0;2;1;1;3;238 374;1;1;4;1;1951.0;5;2;19;10;2021;19;5;69;69259;2;9;1;1;45,7201631870;4,8679035902;4;2;2;2;1;1;1;0;5;50;1;Blessé léger
202100012165;179 979;7;0;2;1;5;1;238 375;1;1;1;1;1972.0;0;8;19;10;2021;19;5;69;69259;2;9;1;1;45,7201631870;4,8679035902;4;2;2;2;1;1;1;0;5;50;1;Indemne
202100012169;179 968;1;0;2;1;1;0;238 363;1;1;4;1;1990.0;1;2;18;10;2021;19;2;69;69034;2;1;1;1;45,7810999747;4,8397806287;4;2;4;1;2;1;1;0;5;50;0;Blessé léger
202100012169;179 969;2;0;2;1;5;1;238 364;1;1;1;1;2000.0;0;0;18;10;2021;19;2;69;69034;2;1;1;1;45,7810999747;4,8397806287;4;2;4;1;2;1;1;0;5;50;0;Indemne
202100012173;179 961;7;0;2;7;1;1;238 354;1;1;1;1;1969.0;5;1;19;10;2021;19;2;95;95018;2;3;1;3;48,9462380000;2,2353470000;3;3;2;1;1;1;1;0;1;50;1;Indemne
202100012173;179 962;80;0;2;1;26;3;238 355;1;1;4;2;1987.0;5;8;19;10;2021;19;2;95;95018;2;3;1;3;48,9462380000;2,2353470000;3;3;2;1;1;1;1;0;1;50;1;Blessé léger
202100012188;179 932;7;0;2;1;1;1;238 314;1;1;1;1;1975.0;1;1;18;10;2021;17;1;72;72181;2;2;2;3;48,0209029467;0,1556539533;4;2;2;1;1;1;2;0;1;30;0;Indemne
202100012188;179 933;1;0;2;7;19;5;238 315;1;1;4;1;1959.0;1;8;18;10;2021;17;1;72;72181;2;2;2;3;48,0209029467;0,1556539533;4;2;2;1;1;1;2;0;1;30;0;Blessé léger
202100012191;179 927;7;0;2;3;13;1;238 308;1;1;1;1;1979.0;1;1;18;10;2021;17;1;67;67482;2;1;1;1;48,5694610000;7,7691030000;4;1;2;1;1;1;1;0;1;30;0;Indemne
202100012191;179 928;1;0;2;1;1;5;238 309;1;1;4;1;1993.0;5;8;18;10;2021;17;1;67;67482;2;1;1;1;48,5694610000;7,7691030000;4;1;2;1;1;1;1;0;1;30;0;Blessé léger
202100012194;179 921;1;0;2;4;1;0;238 301;1;1;4;1;1977.0;0;8;19;10;2021;13;1;64;64445;2;1;1;2;43,3185717566; -0,3455489874;4;2;2;0;1;1;1;0;1;50;1;Blessé léger
202100012194;179 922;7;0;2;1;16;1;238 302;1;1;1;2;1942.0;5;1;19;10;2021;13;1;64;64445;2;1;1;2;43,3185717566; -0,3455489874;4;2;2;0;1;1;1;0;1;50;1;Indemne
202100012202;179 904;1;0;0;0;15;5;238 277;1;1;4;1;2002.0;0;0;18;10;2021;18;1;51;51055;2;1;1;3;49,2853621762;4,0286121165;4;2;2;0;1;1;1;0;1;50;0;Blessé léger
202100012202;179 905;3;0;2;5;17;1;238 278;1;1;1;1;1948.0;3;1;18;10;2021;18;1;51;51055;2;1;1;3;49,2853621762;4,0286121165;4;2;2;0;1;1;1;0;1;50;0;Indemne
202100012203;179 903;80;0;0;0;15;3;238 276;1;1;4;1;1971.0;9;8;18;10;2021;08;2;49;49015;2;1;5;7;47,5037898672; -0,6194724284;4;2;2;0;1;2;1;0;1;80;0;Blessé léger
202100012205;179 900;1;1;2;1;1;5;238 272;1;1;4;1;1971.0;4;8;18;10;2021;09;1;43;43157;2;1;1;3;45,0420000000;3,8830000000;3;2;4;0;1;1;1;0;1;50;0;Blessé léger
202100012205;179 901;7;0;2;1;22;1;238 273;1;1;1;2;1995.0;4;1;18;10;2021;09;1;43;43157;2;1;1;3;45,0420000000;3,8830000000;3;2;4;0;1;1;1;0;1;50;0;Indemne
202100012218;179 879;1;12;0;1;1;5;238 243;1;1;4;1;1975.0;5;2;19;10;2021;13;1;27;27229;2;1;1;7;49,0230900000;1,1693800000;4;1;1;0;1;2;1;0;1;30;1;Blessé léger
202100012219;179 877;7;0;2;1;13;1;238 241;1;1;1;1;1983.0;5;1;19;10;2021;08;1;27;27229;2;1;1;3;49,0300000000;1,1360000000;4;2;2;0;3;1;2;0;1;50;1;Indemne
202100012219;179 878;1;0;2;2;1;5;238 242;1;1;4;2;1981.0;5;2;19;10;2021;08;1;27;27229;2;1;1;3;49,0300000000;1,1360000000;4;2;2;0;3;1;2;0;1;50;1;Blessé léger
202100012220;179 876;1;0;0;0;1;5;238 240;1;1;4;2;1963.0;1;2;19;10;2021;07;2;27;27229;2;1;2;7;49,0242700000;1,1497900000;4;1;1;0;1;1;2;0;4;50;1;Blessé léger
202100012223;179 871;7;0;2;1;13;1;238 234;1;1;1;2;1981.0;1;1;19;10;2021;18;1;17;17461;2;3;1;1;45,6418970000; -1,0607330000;4;2;2;0;1;2;1;0;1;50;1;Indemne
202100012223;179 872;1;0;2;1;1;0;238 235;1;1;3;1;1963.0;5;8;19;10;2021;18;1;17;17461;2;3;1;1;45,6418970000; -1,0607330000;4;2;2;0;1;2;1;0;1;50;1;Blessé hospitalisé
202100012229;179 862;1;0;2;1;8;5;238 222;1;1;4;1;1999.0;5;8;18;10;2021;17;1;13;13209;2;1;1;3;43,2501000000;5,4044800000;7;2;3;3;1;1;1;0;1;50;0;Blessé léger
202100012229;179 863;3;0;2;3;15;1;238 223;1;1;1;2;2005.0;2;1;18;10;2021;17;1;13;13209;2;1;1;3;43,2501000000;5,4044800000;7;2;3;3;1;1;1;0;1;50;0;Indemne
202100012242;179 839;1;0;1;6;1;5;238 193;1;1;1;1;1998.0;1;2;19;10;2021;17;1;75;75105;2;1;1;6;48,8535070000;2,3452260000;4;2;5;1;1;1;1;0;5;30;1;Indemne
202100012242;179 839;1;0;1;6;1;5;238 194;10;3;4;2;1991.0;5;0;19;10;2021;17;1;75;75105;2;1;1;6;48,8535070000;2,3452260000;4;2;5;1;1;1;1;0;5;30;1;Blessé léger
202100012247;179 830;33;0;2;1;7;0;238 182;1;1;1;1;2000.0;5;2;19;10;2021;18;2;75;75118;2;3;1;3;48,8834150000;2,3343120000;4;3;2;3;1;1;1;0;6;30;1;Indemne
202100012247;179 831;1;0;2;6;11;5;238 183;1;1;4;1;1994.0;9;2;19;10;2021;18;2;75;75118;2;3;1;3;48,8834150000;2,3343120000;4;3;2;3;1;1;1;0;6;30;1;Blessé léger
202100012248;179 829;1;0;1;1;1;5;238 180;10;3;1;1;1977.0;4;8;19;10;2021;17;1;75;75116;2;1;1;6;48,8414330000;2,2634540000;4;3;2;1;1;1;1;0;5;30;1;Indemne
202100012248;179 829;1;0;1;1;1;5;238 181;1;1;4;2;1973.0;1;2;19;10;2021;17;1;75;75116;2;1;1;6;48,8414330000;2,2634540000;4;3;2;1;1;1;1;0;5;30;1;Blessé léger
202100012251;179 825;1;0;2;1;1;5;238 174;1;1;4;1;1998.0;1;2;18;10;2021;20;5;75;75114;2;2;2;3;48,8367620000;2,3207500000;4;2;2;0;1;1;2;0;1;30;0;Blessé léger
202100012251;179 826;7;0;2;8;1;1;238 175;1;1;1;1;1972.0;5;1;18;10;2021;20;5;75;75114;2;2;2;3;48,8367620000;2,3207500000;4;2;2;0;1;1;2;0;1;30;0;Indemne
202100012252;179 823;37;0;2;7;15;2;238 172;1;1;1;1;1964.0;4;1;19;10;2021;16;1;75;75113;2;3;1;3;48,8365670000;2,3511750000;4;1;3;3;2;3;1;0;6;30;1;Indemne
202100012252;179 824;1;0;2;8;13;5;238 173;1;1;4;2;1941.0;5;2;19;10;2021;16;1;75;75113;2;3;1;3;48,8365670000;2,3511750000;4;1;3;3;2;3;1;0;6;30;1;Blessé léger
202100012269;179 793;30;1;0;0;0;1;238 137;1;1;4;1;1987.0;0;1;19;10;2021;09;1;93;93066;2;1;1;3;48,9288400000;2,3623400000;3;2;1;0;1;1;1;0;1;50;1;Blessé léger
202100012269;179 794;1;0;0;0;0;5;238 138;1;1;4;1;1974.0;1;1;19;10;2021;09;1;93;93066;2;1;1;3;48,9288400000;2,3623400000;3;2;1;0;1;1;1;0;1;50;1;Blessé léger
202100012277;179 781;1;0;2;3;9;5;238 120;1;1;4;2;1998.0;9;8;19;10;2021;18;2;92;92035;2;6;1;3;48,9070574263;2,2403901815;3;1;1;0;1;3;1;0;5;50;1;Blessé léger
202100012277;179 782;32;0;2;2;9;1;238 121;1;1;4;1;1993.0;4;2;19;10;2021;18;2;92;92035;2;6;1;3;48,9070574263;2,2403901815;3;1;1;0;1;3;1;0;5;50;1;Blessé léger
202100012280;179 777;7;0;2;3;1;1;238 113;1;1;1;2;1980.0;5;1;19;10;2021;17;1;92;92007;2;2;1;3;48,8049300000;2,3227900000;3;2;4;2;1;1;1;5;1;50;1;Indemne
202100012280;179 777;7;0;2;3;1;1;238 114;2;2;1;1;1984.0;5;1;19;10;2021;17;1;92;92007;2;2;1;3;48,8049300000;2,3227900000;3;2;4;2;1;1;1;5;1;50;1;Indemne
202100012280;179 777;7;0;2;3;1;1;238 115;4;2;1;1;1980.0;5;1;19;10;2021;17;1;92;92007;2;2;1;3;48,8049300000;2,3227900000;3;2;4;2;1;1;1;5;1;50;1;Indemne
202100012280;179 778;1;0;2;1;1;0;238 116;1;1;4;2;1996.0;1;2;19;10;2021;17;1;92;92007;2;2;1;3;48,8049300000;2,3227900000;3;2;4;2;1;1;1;5;1;50;1;Blessé léger
202100012294;179 758;7;0;9;3;1;1;238 089;1;1;1;2;1958.0;5;1;19;10;2021;16;1;42;42210;1;1;1;1;45,4892580000;4,6341010000;7;2;2;0;2;2;1;0;1;80;1;Indemne
202100012294;179 759;1;0;2;1;11;0;238 090;1;1;4;1;1961.0;5;2;19;10;2021;16;1;42;42210;1;1;1;1;45,4892580000;4,6341010000;7;2;2;0;2;2;1;0;1;80;1;Blessé léger
202100012307;179 734;7;0;2;3;9;2;238 062;1;1;1;1;1977.0;4;1;18;10;2021;13;1;29;29061;2;6;3;2;48,4259600000; -4,4574160000;4;2;1;0;1;2;2;5;1;50;0;Indemne
202100012307;179 735;1;0;2;4;1;5;238 063;1;1;3;1;1986.0;1;0;18;10;2021;13;1;29;29061;2;6;3;2;48,4259600000; -4,4574160000;4;2;1;0;1;2;2;5;1;50;0;Blessé hospitalisé
202100012310;179 729;1;0;2;1;1;5;238 057;1;1;4;1;1948.0;5;2;20;10;2021;13;1;38;38006;2;2;7;3;45,3947770000;6,0721830000;3;2;2;0;3;1;1;0;1;50;2;Blessé léger
202100012310;179 730;7;0;9;2;15;1;238 058;1;1;1;2;1971.0;5;1;20;10;2021;13;1;38;38006;2;2;7;3;45,3947770000;6,0721830000;3;2;2;0;3;1;1;0;1;50;2;Indemne
202100012318;179 716;1;0;2;2;1;5;238 039;1;1;3;1;1965.0;1;2;19;10;2021;07;2;37;37179;1;6;1;3;47,4486482994;0,7275679921;7;2;2;0;1;2;1;5;1;50;1;Blessé hospitalisé
202100012318;179 717;7;0;2;3;9;1;238 040;1;1;1;2;1980.0;1;1;19;10;2021;07;2;37;37179;1;6;1;3;47,4486482994;0,7275679921;7;2;2;0;1;2;1;5;1;50;1;Indemne
202100012329;179 697;1;0;1;1;1;5;238 013;10;3;3;2;1949.0;9;0;19;10;2021;13;1;13;13014;2;1;1;1;43,4748360000;5,1686650000;4;1;2;0;1;1;1;0;1;30;1;Blessé hospitalisé
202100012329;179 697;1;0;1;1;1;5;238 014;1;1;1;1;1973.0;1;0;19;10;2021;13;1;13;13014;2;1;1;1;43,4748360000;5,1686650000;4;1;2;0;1;1;1;0;1;30;1;Indemne
202100012335;179 686;10;0;2;2;1;1;238 000;1;1;1;1;1999.0;1;1;20;10;2021;07;2;33;33442;1;1;1;2;45,0386115357; -0,2091508951;3;2;2;0;2;1;1;0;1;80;2;Indemne
202100012335;179 687;1;0;0;4;0;5;238 001;1;1;2;1;1962.0;1;0;20;10;2021;07;2;33;33442;1;1;1;2;45,0386115357; -0,2091508951;3;2;2;0;2;1;1;0;1;80;2;Tué
202100012382;179 579;1;0;2;2;0;5;237 879;1;1;4;2;1979.0;0;8;18;10;2021;12;1;69;69383;2;9;1;3;45,7606500000;4,8520200000;4;1;3;3;1;1;1;0;6;50;0;Blessé léger
202100012382;179 580;30;0;2;2;1;0;237 880;1;1;4;1;2005.0;9;8;18;10;2021;12;1;69;69383;2;9;1;3;45,7606500000;4,8520200000;4;1;3;3;1;1;1;0;6;50;0;Blessé léger
202100012383;179 577;1;0;2;1;1;0;237 877;1;1;4;2;1961.0;0;8;18;10;2021;11;1;69;69386;2;1;1;3;45,7640352491;4,8482108116;4;2;2;1;1;1;1;0;1;30;0;Blessé léger
202100012383;179 578;7;0;9;3;20;1;237 878;1;1;1;1;1943.0;0;1;18;10;2021;11;1;69;69386;2;1;1;3;45,7640352491;4,8482108116;4;2;2;1;1;1;1;0;1;30;0;Indemne
202100012388;179 567;7;0;2;2;0;1;237 863;1;1;1;1;1963.0;0;8;18;10;2021;11;1;69;69034;2;1;1;3;45,7932700000;4,8600300000;7;2;2;3;2;1;1;0;1;50;0;Indemne
202100012388;179 568;1;0;2;0;0;0;237 864;1;1;4;1;1999.0;0;8;18;10;2021;11;1;69;69034;2;1;1;3;45,7932700000;4,8600300000;7;2;2;3;2;1;1;0;1;50;0;Blessé léger
202100012393;179 557;10;0;9;2;14;1;237 851;1;1;1;1;1964.0;1;1;18;10;2021;08;1;95;95607;2;1;1;3;49,0133850000;2,2158780000;3;3;2;0;1;1;1;0;1;50;0;Indemne
202100012393;179 558;1;0;2;3;1;5;237 852;1;1;4;1;1979.0;1;2;18;10;2021;08;1;95;95607;2;1;1;3;49,0133850000;2,2158780000;3;3;2;0;1;1;1;0;1;50;0;Blessé léger
202100012406;179 530;80;0;2;2;25;3;237 820;1;1;4;2;1979.0;0;2;14;10;2021;18;1;80;80021;2;1;1;3;49,8958500000;2,2951000000;4;1;1;0;1;1;1;0;4;30;3;Blessé léger
202100012406;179 531;7;0;1;1;15;1;237 821;1;1;1;2;1965.0;0;1;14;10;2021;18;1;80;80021;2;1;1;3;49,8958500000;2,2951000000;4;1;1;0;1;1;1;0;4;30;3;Indemne
202100012427;179 494;7;0;2;8;13;0;237 766;1;1;1;1;1953.0;0;1;18;10;2021;16;1;64;64249;2;1;1;3;43,4255620000; -1,6041160000;3;2;2;0;1;1;1;0;1;50;0;Indemne
202100012427;179 495;80;0;2;7;17;3;237 767;1;1;3;2;1969.0;0;2;18;10;2021;16;1;64;64249;2;1;1;3;43,4255620000; -1,6041160000;3;2;2;0;1;1;1;0;1;50;0;Blessé hospitalisé
202100012428;179 492;80;0;2;1;19;3;237 764;1;1;2;2;1969.0;3;2;18;10;2021;12;1;64;64483;2;6;1;3;43,3859800000; -1,6621300000;3;1;2;0;1;2;1;0;1;50;0;Tué
202100012428;179 493;38;0;2;1;26;1;237 765;1;1;1;2;1969.0;4;1;18;10;2021;12;1;64;64483;2;6;1;3;43,3859800000; -1,6621300000;3;1;2;0;1;2;1;0;1;50;0;Indemne
202100012443;179 467;7;0;2;3;9;1;237 724;1;1;1;2;1957.0;0;1;18;10;2021;08;1;44;44109;2;6;1;3;47,2248000000; -1,5789070000;4;4;0;0;1;2;1;0;1;30;0;Indemne
202100012443;179 468;80;0;2;1;1;3;237 725;1;1;4;2;1954.0;0;2;18;10;2021;08;1;44;44109;2;6;1;3;47,2248000000; -1,5789070000;4;4;0;0;1;2;1;0;1;30;0;Blessé léger
202100012451;179 455;1;0;2;1;1;0;237 707;1;1;3;2;1991.0;1;2;18;10;2021;17;1;33;33063;2;1;1;3;44,8160100000; -0,5723300000;4;2;2;0;1;1;1;0;1;50;0;Blessé hospitalisé
202100012451;179 456;7;0;9;3;22;1;237 708;1;1;1;2;1964.0;5;0;18;10;2021;17;1;33;33063;2;1;1;3;44,8160100000; -0,5723300000;4;2;2;0;1;1;1;0;1;50;0;Indemne
202100012454;179 449;7;0;2;2;9;1;237 700;1;1;1;1;1997.0;1;1;18;10;2021;20;5;31;31149;2;6;1;3;43,6085700000;1,3268600000;7;1;2;0;1;3;1;0;1;30;0;Indemne
202100012454;179 450;1;0;2;7;19;5;237 701;1;1;4;1;1987.0;5;8;18;10;2021;20;5;31;31149;2;6;1;3;43,6085700000;1,3268600000;7;1;2;0;1;3;1;0;1;30;0;Blessé léger