Num_Acc;id_vehicule;catv;obs;obsm;choc;manv;motor;id_usager;place;catu;grav;sexe;an_nais;trajet;secu1;jour;mois;an;hrmn;lum;dep;com;agg;int;atm;col;lat;long;catr;circ;nbv;vosp;prof;plan;surf;infra;situ;vma;day_of_week;gravity
202100012456;179 446;1;0;2;0;1;5;237 696;1;1;4;1;1963.0;5;2;17;10;2021;08;1;29;29019;1;6;1;3;48,4490200000; -4,5113700000;7;1;2;0;1;2;1;5;1;50;6;Blessé léger
202100012456;179 447;10;0;2;8;9;1;237 697;1;1;1;1;1997.0;5;1;17;10;2021;08;1;29;29019;1;6;1;3;48,4490200000; -4,5113700000;7;1;2;0;1;2;1;5;1;50;6;Indemne
202100012472;179 414;7;0;9;1;1;1;237 654;1;1;1;1;1967.0;1;8;18;10;2021;08;1;03;03190;2;3;1;3;46,5607900000;3,3265000000;4;1;1;1;1;1;1;0;1;50;0;Indemne
202100012472;179 415;1;0;2;7;15;5;237 655;1;1;3;2;1941.0;0;8;18;10;2021;08;1;03;03190;2;3;1;3;46,5607900000;3,3265000000;4;1;1;1;1;1;1;0;1;50;0;Blessé hospitalisé
202100012477;179 405;1;0;2;8;1;5;237 640;1;1;4;1;1988.0;5;2;18;10;2021;20;5;75;75119;2;2;3;3;48,8952710000;2,3719270000;4;2;2;1;1;3;2;0;5;30;0;Blessé léger
202100012477;179 406;7;0;2;2;16;1;237 641;1;1;1;1;1972.0;5;1;18;10;2021;20;5;75;75119;2;2;3;3;48,8952710000;2,3719270000;4;2;2;1;1;3;2;0;5;30;0;Indemne
202100012479;179 401;7;0;0;4;23;1;237 634;1;1;1;1;1984.0;9;1;18;10;2021;20;5;75;75118;2;1;2;2;48,8949420000;2,3682710000;4;1;1;0;1;1;2;0;1;30;0;Indemne
202100012479;179 402;1;0;2;1;2;5;237 635;1;1;4;1;1989.0;9;8;18;10;2021;20;5;75;75118;2;1;2;2;48,8949420000;2,3682710000;4;1;1;0;1;1;2;0;1;30;0;Blessé léger
202100012480;179 398;10;0;2;7;1;1;237 631;1;1;1;1;1970.0;4;1;18;10;2021;11;1;75;75118;2;7;1;4;48,8848260000;2,3584440000;4;1;1;0;1;1;1;0;1;30;0;Indemne
202100012480;179 399;80;0;2;8;1;3;237 632;1;1;3;1;1981.0;9;2;18;10;2021;11;1;75;75118;2;7;1;4;48,8848260000;2,3584440000;4;1;1;0;1;1;1;0;1;30;0;Blessé hospitalisé
202100012480;179 400;7;0;2;0;22;1;237 633;1;1;1;1;1989.0;9;1;18;10;2021;11;1;75;75118;2;7;1;4;48,8848260000;2,3584440000;4;1;1;0;1;1;1;0;1;30;0;Indemne
202100012486;179 387;80;0;2;4;1;3;237 614;1;1;4;1;1995.0;9;2;18;10;2021;17;1;75;75113;2;5;8;3;48,8261760000;2,3600060000;4;2;3;1;1;1;1;0;5;30;0;Blessé léger
202100012486;179 388;14;0;2;3;16;6;237 615;1;1;1;1;1964.0;4;1;18;10;2021;17;1;75;75113;2;5;8;3;48,8261760000;2,3600060000;4;2;3;1;1;1;1;0;5;30;0;Indemne
202100012510;179 347;1;0;2;1;1;5;237 559;1;1;2;1;1946.0;5;2;18;10;2021;15;1;52;52538;1;1;1;2;47,9861920000;5,1913020000;3;2;2;0;1;1;1;0;1;80;0;Tué
202100012510;179 348;1;0;0;4;1;5;237 560;1;1;1;1;1953.0;5;2;18;10;2021;15;1;52;52538;1;1;1;2;47,9861920000;5,1913020000;3;2;2;0;1;1;1;0;1;80;0;Indemne
202100012512;179 345;80;4;0;8;1;3;237 556;1;1;2;1;1944.0;5;2;17;10;2021;09;1;06;06161;2;1;1;7;43,6495870000;7,1317720000;3;2;2;1;1;1;1;9;3;50;6;Tué
202100012539;179 299;1;0;2;7;1;5;237 492;1;1;3;1;1957.0;1;4;19;10;2021;06;5;26;26252;1;6;1;3;44,8578869000;4,8718650000;3;1;2;0;1;2;1;0;1;80;1;Blessé hospitalisé
202100012539;179 300;7;0;9;1;1;1;237 493;1;1;1;1;1976.0;1;1;19;10;2021;06;5;26;26252;1;6;1;3;44,8578869000;4,8718650000;3;1;2;0;1;2;1;0;1;80;1;Indemne
202100012575;179 238;1;0;2;3;1;5;237 420;1;1;3;1;1956.0;5;0;17;10;2021;14;1;74;74056;1;1;7;2;45,9360120000;6,8771960000;4;2;2;0;1;1;1;0;1;70;6;Blessé hospitalisé
202100012575;179 239;7;0;2;7;1;1;237 421;1;1;1;1;1975.0;5;1;17;10;2021;14;1;74;74056;1;1;7;2;45,9360120000;6,8771960000;4;2;2;0;1;1;1;0;1;70;6;Indemne
202100012582;179 227;1;0;0;0;0;5;237 405;1;1;2;1;1945.0;5;2;17;10;2021;11;1;85;85009;1;1;1;7;46,4364230000; -0,8664820000;4;2;2;0;2;1;1;0;1;80;6;Tué
202100012608;179 175;1;0;2;0;1;6;237 345;1;1;4;2;1996.0;0;8;23;3;2021;17;1;60;60684;2;1;1;3;49,2794100000;2,4963500000;4;2;2;0;1;1;1;0;1;70;1;Blessé léger
202100012608;179 176;7;0;9;8;15;1;237 346;1;1;1;2;1999.0;9;1;23;3;2021;17;1;60;60684;2;1;1;3;49,2794100000;2,4963500000;4;2;2;0;1;1;1;0;1;70;1;Indemne
202100012614;179 164;1;0;2;1;1;5;237 328;1;1;4;1;1975.0;5;2;3;6;2021;11;1;69;69003;2;9;1;1;45,8702040000;4,8322040000;4;2;2;0;2;3;1;0;1;50;3;Blessé léger
202100012614;179 165;7;0;2;2;13;1;237 329;1;1;1;1;1934.0;5;1;3;6;2021;11;1;69;69003;2;9;1;1;45,8702040000;4,8322040000;4;2;2;0;2;3;1;0;1;50;3;Indemne
202100012617;179 160;1;0;2;1;2;0;237 323;2;1;4;1;1977.0;0;1;17;10;2021;05;1;974;97409;2;1;1;3; -20,9667400000;55,6595200000;4;2;2;0;1;1;1;0;1;50;6;Blessé léger
202100012617;179 161;7;0;2;3;1;1;237 324;1;1;1;1;1987.0;0;1;17;10;2021;05;1;974;97409;2;1;1;3; -20,9667400000;55,6595200000;4;2;2;0;1;1;1;0;1;50;6;Indemne
202100012636;179 125;1;0;2;6;1;5;237 280;1;1;3;1;1973.0;5;8;17;10;2021;10;1;81;81018;1;1;1;3;43,9515500000;2,2339300000;3;2;2;0;1;1;1;0;1;80;6;Blessé hospitalisé
202100012636;179 126;7;0;2;2;17;1;237 281;1;1;1;2;1969.0;5;1;17;10;2021;10;1;81;81018;1;1;1;3;43,9515500000;2,2339300000;3;2;2;0;1;1;1;0;1;80;6;Indemne
202100012655;179 094;80;0;1;1;1;3;237 235;1;1;1;1;2002.0;4;8;17;10;2021;11;1;31;31555;2;1;1;6;43,6017000000;1,4589100000;7;2;2;3;4;2;1;0;1;50;6;Indemne
202100012655;179 094;80;0;1;1;1;3;237 236;10;3;4;2;1940.0;0;0;17;10;2021;11;1;31;31555;2;1;1;6;43,6017000000;1,4589100000;7;2;2;3;4;2;1;0;1;50;6;Blessé léger
202100012678;179 054;30;0;2;1;1;1;237 175;1;1;1;1;1993.0;4;2;17;10;2021;12;1;75;75110;2;2;1;1;48,8753140000;2,3509210000;4;1;2;0;1;1;1;0;1;30;6;Indemne
202100012678;179 055;1;0;2;2;5;5;237 176;1;1;3;2;2003.0;5;8;17;10;2021;12;1;75;75110;2;2;1;1;48,8753140000;2,3509210000;4;1;2;0;1;1;1;0;1;30;6;Blessé hospitalisé
202100012699;179 018;1;6;0;7;1;5;237 121;1;1;3;1;1974.0;5;2;16;10;2021;10;1;68;68173;2;4;1;6;48,1021190000;7,1936290000;3;2;1;0;2;2;1;0;3;50;5;Blessé hospitalisé
202100012765;178 903;1;0;2;8;9;5;236 962;1;1;2;1;1967.0;5;2;17;10;2021;15;1;63;63204;1;4;1;3;45,8267920000;3,1990170000;3;2;2;0;1;2;1;0;1;80;6;Tué
202100012765;178 904;7;0;2;2;1;1;236 963;1;1;1;1;1963.0;5;1;17;10;2021;15;1;63;63204;1;4;1;3;45,8267920000;3,1990170000;3;2;2;0;1;2;1;0;1;80;6;Indemne
202100012769;178 897;1;0;2;3;3;5;236 954;1;1;3;1;1972.0;0;0;12;10;2021;20;3;38;38087;1;1;1;1;45,5725960000;4,8115720000;3;2;2;0;1;1;1;0;1;80;1;Blessé hospitalisé
202100012769;178 898;7;0;2;3;1;2;236 955;1;1;1;1;1972.0;1;1;12;10;2021;20;3;38;38087;1;1;1;1;45,5725960000;4,8115720000;3;2;2;0;1;1;1;0;1;80;1;Indemne
202100012804;178 831;1;0;0;0;0;0;236 863;2;2;4;1;2007.0;5;8;15;10;2021;16;1;974;97407;2;9;1;6; -20,9400100000;55,2973100000;4;1;1;0;1;2;1;0;1;30;4;Blessé léger
202100012804;178 831;1;0;0;0;0;0;236 864;1;1;1;1;2007.0;5;8;15;10;2021;16;1;974;97407;2;9;1;6; -20,9400100000;55,2973100000;4;1;1;0;1;2;1;0;1;30;4;Indemne
202100012804;178 832;30;0;9;8;5;1;236 865;4;2;1;1;1990.0;0;1;15;10;2021;16;1;974;97407;2;9;1;6; -20,9400100000;55,2973100000;4;1;1;0;1;2;1;0;1;30;4;Indemne
202100012804;178 832;30;0;9;8;5;1;236 866;1;1;1;1;1995.0;0;2;15;10;2021;16;1;974;97407;2;9;1;6; -20,9400100000;55,2973100000;4;1;1;0;1;2;1;0;1;30;4;Indemne
202100012810;178 822;1;0;2;1;9;5;236 853;1;1;4;1;1992.0;0;8;16;10;2021;15;1;69;69383;2;1;1;1;45,7620300000;4,8412500000;4;1;3;1;1;1;1;0;5;50;5;Blessé léger
202100012810;178 823;1;0;2;1;1;5;236 854;1;1;4;1;1986.0;5;2;16;10;2021;15;1;69;69383;2;1;1;1;45,7620300000;4,8412500000;4;1;3;1;1;1;1;0;5;50;5;Blessé léger
202100012834;178 782;1;0;2;1;9;0;236 796;1;1;4;1;2004.0;5;8;16;10;2021;14;1;45;45234;2;3;1;3;47,9050700000;1,9046400000;4;1;1;2;1;1;1;6;1;30;5;Blessé léger
202100012834;178 783;7;0;2;2;9;1;236 797;1;1;1;2;1974.0;5;1;16;10;2021;14;1;45;45234;2;3;1;3;47,9050700000;1,9046400000;4;1;1;2;1;1;1;6;1;30;5;Indemne
202100012837;178 777;1;1;0;1;1;5;236 786;1;1;4;1;1993.0;5;8;16;10;2021;05;3;37;37261;2;1;1;6;47,3889900000;0,6789900000;4;2;4;0;1;1;1;0;1;50;5;Blessé léger
202100012840;178 772;80;0;2;1;1;3;236 779;1;1;4;1;2000.0;4;8;16;10;2021;11;1;35;35238;2;3;1;3;48,0970900000; -1,6537800000;4;2;4;3;2;1;1;0;1;50;5;Blessé léger
202100012840;178 773;7;0;2;1;15;1;236 780;1;1;1;2;1968.0;5;1;16;10;2021;11;1;35;35238;2;3;1;3;48,0970900000; -1,6537800000;4;2;4;3;2;1;1;0;1;50;5;Indemne
202100012845;178 763;80;0;2;1;11;3;236 768;1;1;4;1;1998.0;5;8;16;10;2021;11;1;29;29232;2;3;1;3;47,9935700000; -4,0991700000;4;1;2;0;1;1;1;5;1;30;5;Blessé léger
202100012845;178 764;37;0;9;8;15;6;236 769;1;1;1;1;1962.0;4;1;16;10;2021;11;1;29;29232;2;3;1;3;47,9935700000; -4,0991700000;4;1;2;0;1;1;1;5;1;30;5;Indemne
202100012854;178 749;7;0;2;3;2;2;236 748;1;1;1;1;1993.0;5;1;16;10;2021;09;1;17;17028;2;1;7;2;46,1370320000; -1,1261040000;4;3;4;2;1;1;1;0;1;30;5;Indemne
202100012854;178 750;1;0;2;4;15;5;236 749;1;1;4;1;1942.0;5;2;16;10;2021;09;1;17;17028;2;1;7;2;46,1370320000; -1,1261040000;4;3;4;2;1;1;1;0;1;30;5;Blessé léger
202100012855;178 747;80;0;2;1;22;3;236 746;1;1;4;2;1976.0;0;2;15;10;2021;17;1;17;17300;2;1;1;3;46,1651000000; -1,1851600000;4;2;4;1;1;1;1;0;5;50;4;Blessé léger
202100012855;178 748;7;0;9;8;0;1;236 747;1;1;1;2;1965.0;5;1;15;10;2021;17;1;17;17300;2;1;1;3;46,1651000000; -1,1851600000;4;2;4;1;1;1;1;0;5;50;4;Indemne
202100012860;178 739;1;0;0;0;0;0;236 736;1;1;4;1;1994.0;0;0;16;10;2021;09;1;10;10387;2;2;5;6;48,2941468325;4,0778331086;4;1;2;1;1;1;1;0;5;50;5;Blessé léger
202100012860;178 740;7;0;2;2;19;1;236 737;1;1;1;2;1998.0;0;1;16;10;2021;09;1;10;10387;2;2;5;6;48,2941468325;4,0778331086;4;1;2;1;1;1;1;0;5;50;5;Indemne
202100012872;178 717;80;0;2;1;1;3;236 711;1;1;4;1;1942.0;3;8;15;10;2021;17;1;75;75114;2;1;1;3;48,8248030000;2,3126800000;4;2;2;0;1;1;1;0;1;30;4;Blessé léger
202100012872;178 718;7;0;2;8;22;1;236 712;1;1;1;2;1990.0;9;1;15;10;2021;17;1;75;75114;2;1;1;3;48,8248030000;2,3126800000;4;2;2;0;1;1;1;0;1;30;4;Indemne
202100012875;178 712;1;0;2;1;1;5;236 705;1;1;4;1;1956.0;9;2;16;10;2021;13;1;75;75112;2;2;1;2;48,8270570000;2,4645480000;4;3;2;0;1;1;1;0;1;50;5;Blessé léger
202100012875;178 713;7;0;2;2;16;1;236 706;1;1;1;2;1977.0;9;1;16;10;2021;13;1;75;75112;2;2;1;2;48,8270570000;2,4645480000;4;3;2;0;1;1;1;0;1;50;5;Indemne
202100012898;178 671;1;1;0;0;1;5;236 653;1;1;4;2;1988.0;5;8;16;10;2021;11;1;92;92072;2;1;1;3;48,8240539700;2,2100789692;3;2;2;0;1;1;1;0;1;30;5;Blessé léger
202100012898;178 672;10;0;2;0;24;1;236 654;1;1;1;1;1962.0;4;8;16;10;2021;11;1;92;92072;2;1;1;3;48,8240539700;2,2100789692;3;2;2;0;1;1;1;0;1;30;5;Indemne
202100012917;178 641;1;0;2;6;1;5;236 611;1;1;4;1;1969.0;5;2;5;10;2021;14;1;56;56140;1;1;1;2;47,9617450000; -2,8269620000;3;2;2;0;3;2;1;0;1;80;1;Blessé léger
202100012917;178 642;7;0;2;2;2;1;236 612;1;1;1;2;1967.0;9;8;5;10;2021;14;1;56;56140;1;1;1;2;47,9617450000; -2,8269620000;3;2;2;0;3;2;1;0;1;80;1;Indemne
202100012990;178 522;80;10;0;1;13;3;236 445;1;1;2;1;1942.0;5;2;17;10;2021;11;1;81;81219;1;1;1;6;43,5862930000;2,0353190000;4;2;2;0;4;1;1;2;3;80;6;Tué
202100012994;178 517;1;0;2;1;23;5;236 438;1;1;3;2;1998.0;1;0;15;10;2021;09;1;14;14758;1;1;7;1;49,2400980000; -0,4008400000;4;2;2;0;1;1;1;0;3;80;4;Blessé hospitalisé
202100012994;178 518;7;0;2;0;1;1;236 439;1;1;1;2;1943.0;0;1;15;10;2021;09;1;14;14758;1;1;7;1;49,2400980000; -0,4008400000;4;2;2;0;1;1;1;0;3;80;4;Indemne
202100013024;178 468;80;0;1;1;1;3;236 367;10;3;4;1;1993.0;4;0;15;10;2021;14;1;69;69386;2;3;1;6;45,7646800000;4,8415100000;4;1;3;1;1;1;1;0;5;50;4;Blessé léger
202100013024;178 468;80;0;1;1;1;3;236 368;1;1;4;1;1980.0;1;2;15;10;2021;14;1;69;69386;2;3;1;6;45,7646800000;4,8415100000;4;1;3;1;1;1;1;0;5;50;4;Blessé léger
202100013026;178 465;1;4;0;1;1;5;236 364;1;1;3;1;1962.0;1;0;15;10;2021;10;1;69;69259;2;1;1;6;45,7195400000;4,8884500000;7;1;2;0;1;3;1;1;1;50;4;Blessé hospitalisé
202100013034;178 452;1;0;0;0;0;5;236 349;1;1;4;1;1967.0;5;8;15;10;2021;10;1;87;87085;2;1;1;7;45,8400100000;1,2841600000;4;2;2;0;1;1;1;0;1;50;4;Blessé léger
202100013056;178 407;1;0;2;8;19;5;236 295;1;1;3;1;1967.0;5;8;15;10;2021;13;1;63;63300;2;4;1;3;45,8913065486;3,1102305651;3;3;2;0;1;1;1;0;1;50;4;Blessé hospitalisé
202100013056;178 408;7;0;2;1;1;3;236 296;1;1;3;2;1971.0;5;1;15;10;2021;13;1;63;63300;2;4;1;3;45,8913065486;3,1102305651;3;3;2;0;1;1;1;0;1;50;4;Blessé hospitalisé
202100013066;178 388;1;0;2;1;2;5;236 272;1;1;4;2;1986.0;5;2;14;10;2021;09;1;56;56121;2;3;1;2;47,7548100000; -3,3635000000;4;2;4;3;1;1;1;0;1;30;3;Blessé léger
202100013066;178 389;7;0;2;4;1;1;236 273;1;1;1;1;1999.0;9;1;14;10;2021;09;1;56;56121;2;3;1;2;47,7548100000; -3,3635000000;4;2;4;3;1;1;1;0;1;30;3;Indemne
202100013067;178 386;7;0;2;3;15;1;236 270;1;1;1;2;1986.0;4;1;14;10;2021;17;1;56;56121;2;3;1;1;47,7511905000; -3,3586319000;4;4;2;2;1;1;1;0;5;30;3;Indemne
202100013067;178 387;80;0;2;8;1;3;236 271;1;1;4;2;1970.0;4;8;14;10;2021;17;1;56;56121;2;3;1;1;47,7511905000; -3,3586319000;4;4;2;2;1;1;1;0;5;30;3;Blessé léger
202100013069;178 382;7;0;2;7;17;1;236 266;1;1;1;1;1945.0;5;8;14;10;2021;17;1;56;56162;1;1;1;3;47,7278000000; -3,4938800000;3;2;2;0;1;1;1;0;1;30;3;Indemne
202100013069;178 383;1;0;2;8;1;5;236 267;1;1;4;2;1996.0;5;2;14;10;2021;17;1;56;56162;1;1;1;3;47,7278000000; -3,4938800000;3;2;2;0;1;1;1;0;1;30;3;Blessé léger
202100013070;178 380;7;0;2;4;15;1;236 264;1;1;1;1;1981.0;1;1;13;10;2021;18;1;56;56121;2;3;7;2;47,7448066000; -3,3779002700;4;2;2;0;1;1;1;0;1;30;2;Indemne
202100013070;178 381;1;0;2;1;2;5;236 265;1;1;4;1;2003.0;5;2;13;10;2021;18;1;56;56121;2;3;7;2;47,7448066000; -3,3779002700;4;2;2;0;1;1;1;0;1;30;2;Blessé léger
202100013073;178 373;1;0;2;2;5;5;236 256;1;1;3;1;1995.0;4;8;14;10;2021;19;5;51;51454;2;2;1;3;49,2454632875;4,0401100253;4;2;3;3;1;1;1;9;1;50;3;Blessé hospitalisé
202100013073;178 374;7;0;2;2;1;1;236 257;1;1;1;1;1965.0;5;1;14;10;2021;19;5;51;51454;2;2;1;3;49,2454632875;4,0401100253;4;2;3;3;1;1;1;9;1;50;3;Indemne
202100013076;178 368;7;0;2;0;9;1;236 246;1;1;1;1;1986.0;1;1;17;9;2021;08;1;50;50129;2;1;1;7;49,6324200000; -1,6269600000;4;2;1;0;2;1;1;0;1;50;4;Indemne
202100013076;178 369;1;0;2;0;21;5;236 247;1;1;4;2;1972.0;1;2;17;9;2021;08;1;50;50129;2;1;1;7;49,6324200000; -1,6269600000;4;2;1;0;2;1;1;0;1;50;4;Blessé léger
202100013080;178 360;7;0;2;8;1;1;236 236;1;1;1;2;1964.0;0;1;15;10;2021;16;1;44;44143;2;1;1;5;47,1922600000; -1,5839300000;4;2;0;0;1;1;1;0;1;30;4;Indemne
202100013080;178 361;1;0;2;1;1;5;236 237;1;1;4;2;1956.0;5;8;15;10;2021;16;1;44;44143;2;1;1;5;47,1922600000; -1,5839300000;4;2;0;0;1;1;1;0;1;30;4;Blessé léger
202100013080;178 362;1;0;2;1;1;5;236 238;1;1;4;1;1953.0;4;8;15;10;2021;16;1;44;44143;2;1;1;5;47,1922600000; -1,5839300000;4;2;0;0;1;1;1;0;1;30;4;Blessé léger
202100013082;178 357;7;0;2;2;9;1;236 232;1;1;1;2;1999.0;0;1;15;10;2021;15;1;44;44109;2;6;1;3;47,2131300000; -1,5371200000;4;1;0;0;1;2;1;0;1;50;4;Indemne
202100013082;178 358;1;0;2;8;1;5;236 233;1;1;3;1;1999.0;0;8;15;10;2021;15;1;44;44109;2;6;1;3;47,2131300000; -1,5371200000;4;1;0;0;1;2;1;0;1;50;4;Blessé hospitalisé
202100013083;178 355;7;0;2;7;1;1;236 230;1;1;1;1;1954.0;5;1;15;10;2021;13;1;37;37208;2;2;1;6;47,3503007562;0,7404637900;4;2;2;0;1;1;1;0;1;50;4;Indemne
202100013083;178 356;1;0;2;8;1;5;236 231;1;1;4;2;1960.0;1;8;15;10;2021;13;1;37;37208;2;2;1;6;47,3503007562;0,7404637900;4;2;2;0;1;1;1;0;1;50;4;Blessé léger
202100013093;178 337;80;0;2;4;2;3;236 209;1;1;3;1;1995.0;1;8;15;10;2021;23;5;18;18033;2;3;1;2;47,0838900000;2,3755900000;4;2;2;0;1;1;1;9;1;30;4;Blessé hospitalisé
202100013093;178 338;7;0;2;2;17;1;236 210;1;1;1;1;1956.0;5;1;15;10;2021;23;5;18;18033;2;3;1;2;47,0838900000;2,3755900000;4;2;2;0;1;1;1;9;1;30;4;Indemne
202100013107;178 315;1;0;1;1;1;5;236 180;1;1;4;1;2003.0;2;8;15;10;2021;10;1;75;75119;2;3;1;6;48,8732870000;2,3819150000;4;2;2;0;2;1;1;0;1;30;4;Blessé léger
202100013107;178 315;1;0;1;1;1;5;236 181;10;3;4;2;1990.0;9;0;15;10;2021;10;1;75;75119;2;3;1;6;48,8732870000;2,3819150000;4;2;2;0;2;1;1;0;1;30;4;Blessé léger
202100013109;178 311;34;0;2;1;1;1;236 176;1;1;3;1;1960.0;5;2;14;10;2021;09;1;75;75116;2;2;1;2;48,8578310000;2,2502690000;4;2;2;0;1;1;1;0;1;50;3;Blessé hospitalisé
202100013109;178 312;1;0;2;4;13;5;236 177;1;1;3;1;1993.0;9;2;14;10;2021;09;1;75;75116;2;2;1;2;48,8578310000;2,2502690000;4;2;2;0;1;1;1;0;1;50;3;Blessé hospitalisé
202100013115;178 301;30;0;2;1;1;3;236 164;1;1;1;2;1969.0;1;2;15;10;2021;08;1;75;75109;2;5;1;3;48,8729580000;2,3332910000;4;1;3;0;1;1;1;0;1;30;4;Indemne
202100013115;178 302;1;0;2;3;1;5;236 165;1;1;4;1;1959.0;1;2;15;10;2021;08;1;75;75109;2;5;1;3;48,8729580000;2,3332910000;4;1;3;0;1;1;1;0;1;30;4;Blessé léger
202100013122;178 290;7;0;2;2;16;0;236 144;1;1;1;2;1964.0;5;1;15;10;2021;11;1;94;94018;2;1;1;3;48,8288270000;2,4031640000;3;2;2;2;1;1;1;0;5;30;4;Indemne
202100013122;178 291;1;0;2;1;1;5;236 145;1;1;4;2;1991.0;5;8;15;10;2021;11;1;94;94018;2;1;1;3;48,8288270000;2,4031640000;3;2;2;2;1;1;1;0;5;30;4;Blessé léger
202100013124;178 287;1;0;2;4;1;0;236 140;1;1;4;2;1974.0;4;1;15;10;2021;15;1;93;93073;2;1;1;2;48,9509300000;2,5677000000;4;1;1;0;1;1;1;0;1;50;4;Blessé léger
202100013124;178 288;7;0;2;2;1;1;236 141;1;1;1;1;1998.0;5;1;15;10;2021;15;1;93;93073;2;1;1;2;48,9509300000;2,5677000000;4;1;1;0;1;1;1;0;1;50;4;Indemne
202100013146;178 248;1;1;0;1;1;5;236 093;1;1;4;1;1987.0;1;8;15;10;2021;19;4;92;92025;2;1;1;6;48,9215610000;2,2526690000;3;2;2;0;1;1;1;0;1;50;4;Blessé léger
202100013146;178 249;7;0;2;8;22;1;236 094;1;1;1;1;1975.0;5;1;15;10;2021;19;4;92;92025;2;1;1;6;48,9215610000;2,2526690000;3;2;2;0;1;1;1;0;1;50;4;Indemne
202100013156;178 231;1;0;2;9;2;5;236 074;1;1;4;1;1942.0;5;2;13;10;2021;16;1;32;32155;1;1;1;3;43,7602290000; -0,1940790000;3;2;2;0;2;2;1;0;1;80;2;Blessé léger
202100013156;178 232;1;0;2;9;2;2;236 075;1;1;4;2;1947.0;5;2;13;10;2021;16;1;32;32155;1;1;1;3;43,7602290000; -0,1940790000;3;2;2;0;2;2;1;0;1;80;2;Blessé léger
202100013156;178 233;7;0;2;2;17;1;236 076;1;1;1;1;1941.0;3;8;13;10;2021;16;1;32;32155;1;1;1;3;43,7602290000; -0,1940790000;3;2;2;0;2;2;1;0;1;80;2;Indemne
202100013161;178 221;7;0;2;1;2;1;236 062;1;1;1;1;1985.0;5;1;14;10;2021;16;1;70;70309;1;1;7;4;47,4540031000;6,2267140200;3;2;2;0;3;1;1;0;1;80;3;Indemne
202100013161;178 222;7;0;2;4;2;1;236 063;1;1;1;2;2001.0;5;1;14;10;2021;16;1;70;70309;1;1;7;4;47,4540031000;6,2267140200;3;2;2;0;3;1;1;0;1;80;3;Indemne
202100013161;178 223;80;0;2;4;1;3;236 064;1;1;4;1;1937.0;5;0;14;10;2021;16;1;70;70309;1;1;7;4;47,4540031000;6,2267140200;3;2;2;0;3;1;1;0;1;80;3;Blessé léger
202100013168;178 209;1;0;2;2;13;6;236 048;1;1;2;1;1949.0;5;2;15;10;2021;16;1;53;53150;1;1;1;6;47,7880970000; -0,6802460000;3;2;2;0;1;1;1;0;1;80;4;Tué
202100013168;178 210;7;0;9;3;0;1;236 049;1;1;1;2;1980.0;1;1;15;10;2021;16;1;53;53150;1;1;1;6;47,7880970000; -0,6802460000;3;2;2;0;1;1;1;0;1;80;4;Indemne
202100013170;178 206;1;0;2;7;19;5;236 045;1;1;3;1;2008.0;2;0;15;10;2021;08;2;85;85047;2;6;1;1;46,8396230000; -1,8654450000;3;1;2;0;1;2;1;5;1;50;4;Blessé hospitalisé
202100013170;178 207;10;0;2;1;9;1;236 046;1;1;1;1;1945.0;5;1;15;10;2021;08;2;85;85047;2;6;1;1;46,8396230000; -1,8654450000;3;1;2;0;1;2;1;5;1;50;4;Indemne
202100013176;178 196;1;0;0;0;1;5;236 034;1;1;4;1;1968.0;5;2;15;10;2021;17;1;95;95371;2;1;1;7;49,0956886788;2,5136429071;3;3;2;0;1;1;1;0;1;50;4;Blessé léger
202100013182;178 183;1;0;2;7;1;5;236 020;1;1;4;1;1966.0;5;2;15;10;2021;15;1;38;38061;1;9;1;1;45,3163170000;5,6220500000;3;2;2;0;1;1;1;0;1;70;4;Blessé léger
202100013182;178 184;7;0;9;3;19;1;236 021;1;1;1;1;1981.0;2;1;15;10;2021;15;1;38;38061;1;9;1;1;45,3163170000;5,6220500000;3;2;2;0;1;1;1;0;1;70;4;Indemne
202100013210;178 124;1;0;2;1;19;5;235 947;1;1;4;1;1981.0;0;2;14;10;2021;17;1;69;69259;2;4;7;1;45,7130900000;4,8768200000;4;1;2;0;1;1;1;0;1;50;3;Blessé léger
202100013210;178 125;7;0;2;2;16;1;235 948;1;1;1;1;1971.0;0;1;14;10;2021;17;1;69;69259;2;4;7;1;45,7130900000;4,8768200000;4;1;2;0;1;1;1;0;1;50;3;Indemne
202100013232;178 088;1;0;2;8;13;5;235 899;1;1;4;1;1951.0;5;2;14;10;2021;08;1;76;76382;1;1;1;3;49,5879204449;0,5361843109;3;2;2;0;1;1;1;0;1;70;3;Blessé léger
202100013232;178 089;15;0;2;2;2;1;235 900;1;1;1;1;1987.0;4;1;14;10;2021;08;1;76;76382;1;1;1;3;49,5879204449;0,5361843109;3;2;2;0;1;1;1;0;1;70;3;Indemne
202100013233;178 086;7;0;2;2;1;1;235 897;1;1;1;1;1951.0;5;1;14;10;2021;15;1;74;74008;2;1;1;3;46,1976564357;6,2225476530;4;2;2;0;1;1;1;0;1;50;3;Indemne
202100013233;178 087;1;0;2;8;5;0;235 898;1;1;4;1;1978.0;5;8;14;10;2021;15;1;74;74008;2;1;1;3;46,1976564357;6,2225476530;4;2;2;0;1;1;1;0;1;50;3;Blessé léger
202100013242;178 070;1;0;2;4;1;5;235 879;1;1;3;1;1970.0;1;2;13;10;2021;07;5;64;64269;1;1;1;2;43,2992975574; -0,3069761395;3;2;2;1;1;3;1;0;1;50;2;Blessé hospitalisé