Num_Acc;id_vehicule;catv;obs;obsm;choc;manv;motor;id_usager;place;catu;grav;sexe;an_nais;trajet;secu1;jour;mois;an;hrmn;lum;dep;com;agg;int;atm;col;lat;long;catr;circ;nbv;vosp;prof;plan;surf;infra;situ;vma;day_of_week;gravity
202100013771;177 096;32;0;2;8;21;1;234 654;1;1;3;1;1966.0;1;2;12;10;2021;13;1;973;97304;2;1;1;7;5,1747100000; -52,6534690000;3;2;2;1;1;1;1;0;1;50;1;Blessé hospitalisé
202100013782;177 073;7;0;2;6;1;1;234 629;1;1;1;2;1940.0;0;1;13;10;2021;09;1;29;29057;1;3;1;3;47,8964710000; -3,9706990000;4;2;2;0;1;1;1;0;1;50;2;Indemne
202100013782;177 074;1;0;2;7;1;5;234 630;1;1;4;2;1966.0;1;0;13;10;2021;09;1;29;29057;1;3;1;3;47,8964710000; -3,9706990000;4;2;2;0;1;1;1;0;1;50;2;Blessé léger
202100013809;177 012;1;0;2;8;1;5;234 561;1;1;4;1;2000.0;0;0;11;10;2021;15;1;973;97302;2;1;1;3;4,9352775531; -52,3081662655;3;2;2;0;1;1;1;0;1;50;0;Blessé léger
202100013809;177 013;10;0;2;1;15;1;234 562;1;1;1;2;1971.0;9;1;11;10;2021;15;1;973;97302;2;1;1;3;4,9352775531; -52,3081662655;3;2;2;0;1;1;1;0;1;50;0;Indemne
202100013810;177 010;1;0;2;8;19;5;234 559;1;1;4;1;1985.0;1;8;11;10;2021;08;1;69;69386;2;3;1;3;45,7676800000;4,8413000000;4;1;2;1;1;1;1;5;1;50;0;Blessé léger
202100013810;177 011;7;0;2;2;1;1;234 560;1;1;1;1;1983.0;2;1;11;10;2021;08;1;69;69386;2;3;1;3;45,7676800000;4,8413000000;4;1;2;1;1;1;1;5;1;50;0;Indemne
202100013837;176 960;7;0;2;6;23;1;234 487;1;1;1;2;1969.0;0;1;10;10;2021;11;1;72;72181;2;1;1;3;47,9978000000;0,2127700000;4;2;3;2;1;1;1;0;1;50;6;Indemne
202100013837;176 961;1;0;2;1;16;5;234 488;1;1;4;1;1983.0;0;8;10;10;2021;11;1;72;72181;2;1;1;3;47,9978000000;0,2127700000;4;2;3;2;1;1;1;0;1;50;6;Blessé léger
202100013841;176 952;1;0;2;8;19;5;234 479;1;1;4;1;2001.0;0;2;5;10;2021;18;2;63;63113;2;1;1;3;45,7756500000;3,0965100000;4;3;4;0;1;1;1;0;1;50;1;Blessé léger
202100013841;176 953;7;0;9;1;1;1;234 480;1;1;1;2;1980.0;0;1;5;10;2021;18;2;63;63113;2;1;1;3;45,7756500000;3,0965100000;4;3;4;0;1;1;1;0;1;50;1;Indemne
202100013842;176 950;7;0;9;8;1;1;234 477;1;1;1;2;1961.0;0;1;5;10;2021;18;2;63;63113;2;2;1;3;45,7834600000;3,0944100000;4;1;1;0;1;1;1;0;1;50;1;Indemne
202100013842;176 951;1;0;2;1;0;5;234 478;1;1;4;1;2002.0;0;2;5;10;2021;18;2;63;63113;2;2;1;3;45,7834600000;3,0944100000;4;1;1;0;1;1;1;0;1;50;1;Blessé léger
202100013857;176 928;1;0;2;1;1;5;234 449;1;1;3;2;1970.0;1;8;11;10;2021;07;2;38;38169;2;1;1;3;45,1931000000;5,6874800000;4;2;2;1;1;1;1;0;8;30;0;Blessé hospitalisé
202100013857;176 929;13;0;2;2;9;1;234 450;1;1;1;1;1967.0;4;1;11;10;2021;07;2;38;38169;2;1;1;3;45,1931000000;5,6874800000;4;2;2;1;1;1;1;0;8;30;0;Indemne
202100013872;176 904;7;0;2;1;9;2;234 419;1;1;1;2;1969.0;5;1;11;10;2021;09;2;27;27229;2;1;1;3;49,0204400000;1,1820100000;4;1;1;0;1;1;1;0;1;50;0;Indemne
202100013872;176 905;1;0;2;1;1;5;234 420;1;1;4;1;1962.0;0;2;11;10;2021;09;2;27;27229;2;1;1;3;49,0204400000;1,1820100000;4;1;1;0;1;1;1;0;1;50;0;Blessé léger
202100013892;176 866;1;12;0;1;1;5;234 369;1;1;4;2;2006.0;2;8;11;10;2021;14;1;75;75115;2;2;1;6;48,8420150000;2,3006280000;4;1;0;1;1;1;1;0;1;30;0;Blessé léger
202100013935;176 792;1;0;2;1;1;5;234 270;1;1;4;1;1993.0;0;0;12;10;2021;14;1;29;29220;2;6;1;3;47,8664130000; -4,2293040000;4;2;1;0;1;3;1;0;1;30;1;Blessé léger
202100013935;176 793;7;0;2;3;9;1;234 271;1;1;1;2;1950.0;9;1;12;10;2021;14;1;29;29220;2;6;1;3;47,8664130000; -4,2293040000;4;2;1;0;1;3;1;0;1;30;1;Indemne
202100013939;176 787;1;0;2;8;2;5;234 264;1;1;4;1;1954.0;5;0;12;10;2021;14;1;60;60509;2;3;1;3;49,3010211509;2,6044335364;3;2;2;1;1;1;1;0;1;50;1;Blessé léger
202100013939;176 788;7;0;9;2;2;1;234 265;1;1;1;1;1962.0;5;1;12;10;2021;14;1;60;60509;2;3;1;3;49,3010211509;2,6044335364;3;2;2;1;1;1;1;0;1;50;1;Indemne
202100013980;176 711;1;0;2;1;1;5;234 163;1;1;3;1;2003.0;5;8;10;10;2021;22;5;974;97411;1;8;1;3; -20,9192300000;55,4829100000;4;2;2;0;2;1;1;0;1;50;6;Blessé hospitalisé
202100013980;176 712;7;0;2;7;15;1;234 164;1;1;4;2;1999.0;5;1;10;10;2021;22;5;974;97411;1;8;1;3; -20,9192300000;55,4829100000;4;2;2;0;2;1;1;0;1;50;6;Blessé léger
202100013980;176 712;7;0;2;7;15;1;234 165;4;2;1;2;2010.0;5;1;10;10;2021;22;5;974;97411;1;8;1;3; -20,9192300000;55,4829100000;4;2;2;0;2;1;1;0;1;50;6;Indemne
202100013980;176 712;7;0;2;7;15;1;234 166;2;2;1;1;2021.0;5;1;10;10;2021;22;5;974;97411;1;8;1;3; -20,9192300000;55,4829100000;4;2;2;0;2;1;1;0;1;50;6;Indemne
202100013982;176 707;1;0;2;1;1;5;234 157;1;1;4;2;1999.0;0;2;10;10;2021;13;1;69;69388;2;1;1;3;45,7464036658;4,8668628931;4;1;1;0;1;1;1;0;1;50;6;Blessé léger
202100013982;176 708;7;0;2;8;22;1;234 158;1;1;1;2;2001.0;9;1;10;10;2021;13;1;69;69388;2;1;1;3;45,7464036658;4,8668628931;4;1;1;0;1;1;1;0;1;50;6;Indemne
202100013995;176 686;10;0;2;5;17;1;234 130;1;1;1;1;1971.0;3;8;10;10;2021;16;1;59;59017;2;1;1;6;50,6832400000;2,8875600000;4;2;2;0;1;1;1;0;1;50;6;Indemne
202100013995;176 687;80;0;2;1;2;3;234 131;1;1;4;1;1984.0;5;2;10;10;2021;16;1;59;59017;2;1;1;6;50,6832400000;2,8875600000;4;2;2;0;1;1;1;0;1;50;6;Blessé léger
202100014004;176 671;7;0;2;3;19;1;234 108;1;1;1;1;1969.0;0;1;9;10;2021;17;1;14;14118;2;1;1;3;49,1794200000; -0,3490500000;4;1;4;1;1;1;1;2;8;50;5;Indemne
202100014004;176 672;1;0;2;1;0;5;234 109;1;1;4;1;2008.0;5;2;9;10;2021;17;1;14;14118;2;1;1;3;49,1794200000; -0,3490500000;4;1;4;1;1;1;1;2;8;50;5;Blessé léger
202100014013;176 652;7;0;2;2;12;1;234 087;1;1;1;1;1967.0;1;1;10;10;2021;13;1;75;75120;2;4;1;3;48,8562840000;2,4099860000;4;3;2;0;1;1;1;0;1;30;6;Indemne
202100014013;176 653;1;0;2;1;1;5;234 088;1;1;4;1;1990.0;9;2;10;10;2021;13;1;75;75120;2;4;1;3;48,8562840000;2,4099860000;4;3;2;0;1;1;1;0;1;30;6;Blessé léger
202100014019;176 641;1;0;2;4;19;5;234 073;1;1;4;2;1971.0;5;8;9;10;2021;10;1;75;75113;2;2;1;3;48,8192850000;2,3620200000;4;2;4;0;1;1;1;0;1;30;5;Blessé léger
202100014019;176 642;7;0;2;1;1;1;234 074;1;1;1;1;1977.0;5;1;9;10;2021;10;1;75;75113;2;2;1;3;48,8192850000;2,3620200000;4;2;4;0;1;1;1;0;1;30;5;Indemne
202100014054;176 572;1;0;2;8;1;5;233 976;1;1;4;1;1982.0;5;2;10;10;2021;18;1;07;07160;1;1;1;1;45,2008940000;4,5073880000;4;2;2;0;2;3;1;0;1;80;6;Blessé léger
202100014054;176 573;7;0;2;8;1;2;233 977;1;1;1;1;1948.0;5;1;10;10;2021;18;1;07;07160;1;1;1;1;45,2008940000;4,5073880000;4;2;2;0;2;3;1;0;1;80;6;Indemne
202100014054;176 573;7;0;2;8;1;2;233 978;9;2;1;2;1954.0;5;1;10;10;2021;18;1;07;07160;1;1;1;1;45,2008940000;4,5073880000;4;2;2;0;2;3;1;0;1;80;6;Indemne
202100014054;176 573;7;0;2;8;1;2;233 979;2;2;1;2;1950.0;5;1;10;10;2021;18;1;07;07160;1;1;1;1;45,2008940000;4,5073880000;4;2;2;0;2;3;1;0;1;80;6;Indemne
202100014070;176 549;1;0;0;0;1;6;233 943;1;1;2;1;1959.0;5;0;10;10;2021;19;2;45;45191;1;1;1;7;48,2847920000;2,4165630000;3;2;2;0;2;3;1;0;3;50;6;Tué
202100014071;176 546;1;0;0;0;1;5;233 940;1;1;4;1;1967.0;5;2;10;10;2021;10;1;45;45346;2;1;1;6;47,9444460000;2,2781130000;9;2;2;0;1;1;1;0;1;70;6;Blessé léger
202100014071;176 547;1;0;0;8;1;5;233 941;1;1;3;1;1956.0;5;2;10;10;2021;10;1;45;45346;2;1;1;6;47,9444460000;2,2781130000;9;2;2;0;1;1;1;0;1;70;6;Blessé hospitalisé
202100014071;176 548;7;0;9;7;17;1;233 942;1;1;1;1;1938.0;5;8;10;10;2021;10;1;45;45346;2;1;1;6;47,9444460000;2,2781130000;9;2;2;0;1;1;1;0;1;70;6;Indemne
202100014086;176 521;3;0;2;1;16;1;233 902;1;1;1;1;1947.0;5;1;10;10;2021;10;1;29;29006;2;6;1;3;47,8793220000; -4,1066070000;3;1;2;0;1;1;1;5;1;50;6;Indemne
202100014086;176 522;1;0;2;4;1;5;233 903;1;1;4;1;1948.0;5;2;10;10;2021;10;1;29;29006;2;6;1;3;47,8793220000; -4,1066070000;3;1;2;0;1;1;1;5;1;50;6;Blessé léger
202100014121;176 445;7;0;9;3;15;1;233 791;1;1;1;1;1949.0;5;1;9;10;2021;18;2;974;97416;2;3;1;1; -21,3423700000;55,4845700000;4;2;2;0;2;1;1;0;1;30;5;Indemne
202100014121;176 446;1;0;2;1;0;5;233 792;1;1;4;1;2003.0;5;8;9;10;2021;18;2;974;97416;2;3;1;1; -21,3423700000;55,4845700000;4;2;2;0;2;1;1;0;1;30;5;Blessé léger
202100014124;176 440;7;0;9;8;1;1;233 785;1;1;1;1;1956.0;0;1;9;10;2021;17;1;973;97302;2;2;1;3;4,9342560347; -52,3234711290;4;2;2;0;1;1;1;0;1;50;5;Indemne
202100014124;176 441;1;0;2;1;19;5;233 786;1;1;4;1;2011.0;5;8;9;10;2021;17;1;973;97302;2;2;1;3;4,9342560347; -52,3234711290;4;2;2;0;1;1;1;0;1;50;5;Blessé léger
202100014159;176 384;1;0;2;4;15;5;233 710;1;1;4;1;1975.0;5;2;9;10;2021;14;1;59;59350;2;2;1;2;50,6400470000;3,0768790000;4;2;2;1;1;2;1;2;1;50;5;Blessé léger
202100014159;176 385;7;8;2;1;15;1;233 711;1;1;1;1;1990.0;5;1;9;10;2021;14;1;59;59350;2;2;1;2;50,6400470000;3,0768790000;4;2;2;1;1;2;1;2;1;50;5;Indemne
202100014198;176 313;1;0;2;8;15;5;233 610;1;1;4;2;1972.0;5;8;9;10;2021;18;1;75;75106;2;2;1;3;48,8451700000;2,3285400000;4;2;4;1;2;1;1;0;1;30;5;Blessé léger
202100014198;176 314;33;0;2;2;1;1;233 611;1;1;1;1;1985.0;5;2;9;10;2021;18;1;75;75106;2;2;1;3;48,8451700000;2,3285400000;4;2;4;1;2;1;1;0;1;30;5;Indemne
202100014204;176 302;1;0;2;1;1;5;233 596;1;1;4;1;1989.0;9;2;9;10;2021;19;5;75;75115;2;2;1;3;48,8284940000;2,3013860000;4;2;1;1;4;1;1;0;1;50;5;Blessé léger
202100014204;176 303;7;0;2;2;15;1;233 597;1;1;1;1;1957.0;9;1;9;10;2021;19;5;75;75115;2;2;1;3;48,8284940000;2,3013860000;4;2;1;1;4;1;1;0;1;50;5;Indemne
202100014218;176 279;7;0;2;1;0;1;233 566;1;1;1;1;1955.0;5;1;8;10;2021;22;5;94;94041;2;1;1;2;48,8178130000;2,3974180000;3;1;2;0;1;1;1;0;1;50;4;Indemne
202100014218;176 280;1;0;2;4;15;5;233 567;1;1;4;1;1987.0;9;0;8;10;2021;22;5;94;94041;2;1;1;2;48,8178130000;2,3974180000;3;1;2;0;1;1;1;0;1;50;4;Blessé léger
202100014237;176 239;1;0;2;1;1;6;233 520;1;1;4;1;1996.0;1;0;6;10;2021;13;1;41;41194;2;6;1;3;47,3422120000;1,7490120000;3;1;1;0;1;2;1;0;1;50;2;Blessé léger
202100014237;176 240;7;0;2;3;9;1;233 521;1;1;1;1;1981.0;4;1;6;10;2021;13;1;41;41194;2;6;1;3;47,3422120000;1,7490120000;3;1;1;0;1;2;1;0;1;50;2;Indemne
202100014304;176 133;1;0;2;0;26;5;233 378;1;1;4;1;1956.0;9;8;6;10;2021;21;3;971;97101;2;6;1;6;16,2516600000; -61,5207500000;3;3;2;0;1;1;1;0;1;50;2;Blessé léger
202100014304;176 134;7;0;2;0;26;0;233 379;1;1;1;1;2000.0;1;1;6;10;2021;21;3;971;97101;2;6;1;6;16,2516600000; -61,5207500000;3;3;2;0;1;1;1;0;1;50;2;Indemne
202100014309;176 127;7;0;2;3;15;1;233 367;1;1;1;2;1986.0;1;1;7;10;2021;19;5;45;45004;2;3;1;3;47,9785300000;2,7694300000;4;2;2;0;1;1;1;0;1;50;3;Indemne
202100014309;176 128;1;0;2;7;1;5;233 368;1;1;3;1;1971.0;1;8;7;10;2021;19;5;45;45004;2;3;1;3;47,9785300000;2,7694300000;4;2;2;0;1;1;1;0;1;50;3;Blessé hospitalisé
202100014311;176 122;7;0;2;0;21;1;233 362;1;1;1;1;1981.0;5;1;29;7;2021;12;1;74;74010;2;4;1;1;45,8915000000;6,1327300000;3;2;2;0;2;2;1;0;1;50;3;Indemne
202100014311;176 123;1;0;2;0;21;0;233 363;1;1;3;1;1954.0;5;2;29;7;2021;12;1;74;74010;2;4;1;1;45,8915000000;6,1327300000;3;2;2;0;2;2;1;0;1;50;3;Blessé hospitalisé
202100014312;176 120;80;0;2;1;0;3;233 360;1;1;3;1;1962.0;0;8;22;7;2021;08;1;74;74010;2;4;1;3;45,8992400000;6,1027500000;3;2;0;0;2;3;1;3;1;50;3;Blessé hospitalisé
202100014312;176 121;7;0;2;3;9;1;233 361;1;1;1;1;1991.0;0;1;22;7;2021;08;1;74;74010;2;4;1;3;45,8992400000;6,1027500000;3;2;0;0;2;3;1;3;1;50;3;Indemne
202100014315;176 115;7;0;9;7;1;1;233 354;1;1;1;1;1996.0;5;1;8;10;2021;19;5;974;97411;2;2;1;3; -20,8919200000;55,4873200000;4;1;1;0;2;1;1;9;1;30;4;Indemne
202100014315;176 116;1;0;2;1;0;0;233 355;1;1;4;1;2014.0;5;8;8;10;2021;19;5;974;97411;2;2;1;3; -20,8919200000;55,4873200000;4;1;1;0;2;1;1;9;1;30;4;Blessé léger
202100014345;176 065;7;0;2;2;1;1;233 294;1;1;1;1;1950.0;5;1;7;10;2021;10;1;69;69264;2;1;1;3;45,9870500000;4,7143900000;3;1;3;0;1;1;1;0;1;50;3;Indemne
202100014345;176 066;1;0;2;8;3;0;233 295;1;1;4;1;1944.0;5;8;7;10;2021;10;1;69;69264;2;1;1;3;45,9870500000;4,7143900000;3;1;3;0;1;1;1;0;1;50;3;Blessé léger
202100014348;176 060;1;0;2;1;1;5;233 288;1;1;4;1;2003.0;9;8;7;10;2021;13;1;66;66136;2;3;1;3;42,6989100000;2,8815200000;4;1;1;0;1;1;1;0;1;50;3;Blessé léger
202100014348;176 061;7;0;2;7;1;1;233 289;1;1;1;1;1965.0;0;1;7;10;2021;13;1;66;66136;2;3;1;3;42,6989100000;2,8815200000;4;1;1;0;1;1;1;0;1;50;3;Indemne
202100014359;176 044;1;0;2;8;15;5;233 260;1;1;4;1;1994.0;1;2;8;10;2021;09;1;59;59636;2;3;1;3;50,6874786876;3,0612813571;4;2;2;0;1;2;1;0;1;50;4;Blessé léger
202100014359;176 045;7;0;2;3;1;1;233 261;1;1;1;1;1967.0;0;1;8;10;2021;09;1;59;59636;2;3;1;3;50,6874786876;3,0612813571;4;2;2;0;1;2;1;0;1;50;4;Indemne
202100014370;176 026;1;0;0;1;7;5;233 237;1;1;4;1;1983.0;1;8;8;10;2021;08;1;37;37261;2;1;1;7;47,4047384734;0,7109922767;4;2;2;0;2;1;1;0;1;50;4;Blessé léger
202100014374;176 017;1;0;2;4;2;5;233 226;1;1;4;1;1972.0;1;8;8;10;2021;08;1;35;35238;2;1;1;2;48,1073600000; -1,6659100000;4;2;3;2;2;1;1;0;1;30;4;Blessé léger
202100014374;176 018;1;0;2;1;18;5;233 227;1;1;4;1;1966.0;1;8;8;10;2021;08;1;35;35238;2;1;1;2;48,1073600000; -1,6659100000;4;2;3;2;2;1;1;0;1;30;4;Blessé léger
202100014375;176 014;1;0;2;1;19;5;233 223;1;1;3;1;2000.0;5;8;6;10;2021;13;1;34;34172;2;1;1;5;43,6080090000;3,8905890000;4;1;2;0;1;1;1;0;1;30;2;Blessé hospitalisé
202100014375;176 015;32;0;2;2;1;1;233 224;1;1;3;1;2000.0;4;2;6;10;2021;13;1;34;34172;2;1;1;5;43,6080090000;3,8905890000;4;1;2;0;1;1;1;0;1;30;2;Blessé hospitalisé
202100014375;176 016;32;0;2;7;17;1;233 225;1;1;1;1;1997.0;1;2;6;10;2021;13;1;34;34172;2;1;1;5;43,6080090000;3,8905890000;4;1;2;0;1;1;1;0;1;30;2;Indemne
202100014378;176 009;7;0;2;3;9;1;233 217;1;1;1;2;1978.0;5;1;8;10;2021;12;1;33;33167;1;6;1;3;44,8431000000; -0,5039200000;4;2;5;0;1;1;1;0;1;50;4;Indemne
202100014378;176 010;1;0;2;4;1;5;233 218;1;1;3;1;1969.0;1;8;8;10;2021;12;1;33;33167;1;6;1;3;44,8431000000; -0,5039200000;4;2;5;0;1;1;1;0;1;50;4;Blessé hospitalisé
202100014403;175 960;1;14;0;8;17;5;233 158;1;1;4;1;1992.0;9;2;7;10;2021;08;1;75;75105;2;1;1;6;48,8519150000;2,3461450000;4;1;3;1;1;1;1;0;5;30;3;Blessé léger
202100014405;175 950;7;0;2;1;1;1;233 147;2;2;1;2;1990.0;5;1;7;10;2021;17;1;75;75117;2;2;1;4;48,8786430000;2,2942260000;4;2;4;0;1;1;1;0;1;30;3;Indemne
202100014405;175 950;7;0;2;1;1;1;233 148;1;1;4;1;1968.0;5;1;7;10;2021;17;1;75;75117;2;2;1;4;48,8786430000;2,2942260000;4;2;4;0;1;1;1;0;1;30;3;Blessé léger
202100014405;175 951;7;0;2;3;1;1;233 149;1;1;4;2;1993.0;5;1;7;10;2021;17;1;75;75117;2;2;1;4;48,8786430000;2,2942260000;4;2;4;0;1;1;1;0;1;30;3;Blessé léger
202100014405;175 952;7;0;2;4;1;1;233 150;1;1;4;1;1954.0;5;1;7;10;2021;17;1;75;75117;2;2;1;4;48,8786430000;2,2942260000;4;2;4;0;1;1;1;0;1;30;3;Blessé léger
202100014405;175 953;7;0;2;0;1;2;233 151;1;1;1;1;1960.0;4;1;7;10;2021;17;1;75;75117;2;2;1;4;48,8786430000;2,2942260000;4;2;4;0;1;1;1;0;1;30;3;Indemne
202100014405;175 954;7;0;2;4;1;1;233 152;1;1;1;2;1950.0;4;1;7;10;2021;17;1;75;75117;2;2;1;4;48,8786430000;2,2942260000;4;2;4;0;1;1;1;0;1;30;3;Indemne
202100014405;175 955;7;0;2;8;1;1;233 153;1;1;1;1;1992.0;4;1;7;10;2021;17;1;75;75117;2;2;1;4;48,8786430000;2,2942260000;4;2;4;0;1;1;1;0;1;30;3;Indemne
202100014405;175 956;7;0;2;8;24;2;233 154;1;1;1;1;1948.0;4;1;7;10;2021;17;1;75;75117;2;2;1;4;48,8786430000;2,2942260000;4;2;4;0;1;1;1;0;1;30;3;Indemne
202100014405;175 957;1;0;2;8;1;5;233 155;1;1;4;2;1982.0;9;2;7;10;2021;17;1;75;75117;2;2;1;4;48,8786430000;2,2942260000;4;2;4;0;1;1;1;0;1;30;3;Blessé léger
202100014407;175 946;1;0;2;1;1;5;233 143;1;1;4;1;1948.0;5;8;7;10;2021;19;5;75;75115;2;1;1;3;48,8390530000;2,2828260000;4;2;2;0;1;1;1;0;1;30;3;Blessé léger
202100014407;175 947;7;0;2;8;22;1;233 144;1;1;1;2;1981.0;9;1;7;10;2021;19;5;75;75115;2;1;1;3;48,8390530000;2,2828260000;4;2;2;0;1;1;1;0;1;30;3;Indemne
202100014408;175 944;1;0;2;1;1;5;233 141;1;1;4;2;1999.0;1;2;7;10;2021;18;1;75;75115;2;2;1;3;48,8411000000;2,2879430000;4;2;3;2;1;1;1;0;5;30;3;Blessé léger
202100014408;175 945;7;0;2;5;16;1;233 142;1;1;1;2;1985.0;5;1;7;10;2021;18;1;75;75115;2;2;1;3;48,8411000000;2,2879430000;4;2;3;2;1;1;1;0;5;30;3;Indemne
202100014444;175 880;80;0;2;4;1;3;233 057;1;1;1;1;1990.0;0;0;8;10;2021;18;1;92;92064;2;1;1;2;48,8428410000;2,2119690000;3;2;2;0;2;1;1;0;1;50;4;Indemne
202100014444;175 881;33;0;2;1;2;1;233 058;1;1;3;1;1967.0;1;2;8;10;2021;18;1;92;92064;2;1;1;2;48,8428410000;2,2119690000;3;2;2;0;2;1;1;0;1;50;4;Blessé hospitalisé
202100014450;175 870;10;0;2;3;22;1;233 045;1;1;1;1;1994.0;0;1;8;10;2021;10;1;92;92026;2;1;1;6;48,9002724446;2,2450411320;4;2;2;0;1;1;1;0;1;50;4;Indemne
202100014450;175 871;1;1;0;0;1;5;233 046;1;1;4;1;1984.0;5;2;8;10;2021;10;1;92;92026;2;1;1;6;48,9002724446;2,2450411320;4;2;2;0;1;1;1;0;1;50;4;Blessé léger
202100014456;175 861;1;0;2;1;1;5;233 034;1;1;3;1;1980.0;1;2;8;10;2021;07;1;51;51122;1;3;1;1;48,7734701904;4,6787756681;3;2;2;0;2;1;1;0;1;80;4;Blessé hospitalisé
202100014456;175 862;7;0;2;3;15;1;233 035;1;1;1;2;1945.0;5;1;8;10;2021;07;1;51;51122;1;3;1;1;48,7734701904;4,6787756681;3;2;2;0;2;1;1;0;1;80;4;Indemne
202100014463;175 851;1;0;2;0;2;5;233 022;1;1;4;2;1970.0;5;0;9;10;2021;10;1;69;69046;2;1;1;3;45,6644714561;4,7933861947;7;2;2;0;1;1;1;0;4;50;5;Blessé léger
202100014463;175 852;7;0;2;0;15;1;233 023;1;1;1;1;1985.0;5;1;9;10;2021;10;1;69;69046;2;1;1;3;45,6644714561;4,7933861947;7;2;2;0;1;1;1;0;4;50;5;Indemne
202100014472;175 835;1;0;2;6;26;6;233 003;1;1;4;2;1965.0;5;2;9;10;2021;15;1;61;61422;1;1;1;3;48,6969940000;0,6361560000;3;2;2;0;1;1;1;0;3;90;5;Blessé léger
202100014472;175 836;10;0;2;5;14;1;233 004;1;1;1;1;1988.0;4;1;9;10;2021;15;1;61;61422;1;1;1;3;48,6969940000;0,6361560000;3;2;2;0;1;1;1;0;3;90;5;Indemne
202100014492;175 806;7;0;2;3;1;1;232 965;1;1;1;1;1950.0;5;1;9;10;2021;17;1;50;50252;1;1;7;3;48,8870160000; -1,4598410000;3;2;2;0;4;3;1;0;1;80;5;Indemne
202100014492;175 807;1;0;2;1;1;5;232 966;1;1;3;1;1942.0;5;2;9;10;2021;17;1;50;50252;1;1;7;3;48,8870160000; -1,4598410000;3;2;2;0;4;3;1;0;1;80;5;Blessé hospitalisé
202100014513;175 768;7;0;2;2;15;1;232 908;1;1;1;1;1966.0;4;1;9;10;2021;10;1;67;67492;1;3;1;1;48,5941580000;7,4709500000;3;2;2;0;2;1;1;0;1;80;5;Indemne
202100014513;175 769;1;0;2;1;1;5;232 909;1;1;3;1;1974.0;5;2;9;10;2021;10;1;67;67492;1;3;1;1;48,5941580000;7,4709500000;3;2;2;0;2;1;1;0;1;80;5;Blessé hospitalisé
202100014552;175 691;7;0;2;2;1;1;232 816;1;1;1;1;1995.0;1;1;7;10;2021;17;1;69;69381;2;1;1;1;45,7703199374;4,8307091285;4;2;2;0;2;2;1;0;1;50;3;Indemne
202100014552;175 692;1;0;2;1;13;5;232 817;1;1;4;1;2001.0;5;8;7;10;2021;17;1;69;69381;2;1;1;1;45,7703199374;4,8307091285;4;2;2;0;2;2;1;0;1;50;3;Blessé léger
202100014554;175 687;7;0;2;2;1;1;232 812;1;1;1;1;1988.0;0;1;7;10;2021;08;1;69;69382;2;5;1;4;45,7603500000;4,8379100000;4;3;7;3;1;1;1;2;1;50;3;Indemne
202100014554;175 688;1;0;2;1;19;5;232 813;1;1;4;1;1993.0;1;2;7;10;2021;08;1;69;69382;2;5;1;4;45,7603500000;4,8379100000;4;3;7;3;1;1;1;2;1;50;3;Blessé léger
202100014554;175 689;7;0;2;6;1;2;232 814;1;1;1;1;1959.0;1;1;7;10;2021;08;1;69;69382;2;5;1;4;45,7603500000;4,8379100000;4;3;7;3;1;1;1;2;1;50;3;Indemne
202100014572;175 660;1;0;2;1;17;0;232 778;1;1;3;1;1968.0;0;8;7;10;2021;18;1;77;77059;2;1;1;3;48,8501700000;2,6635700000;3;2;2;0;2;1;1;0;1;50;3;Blessé hospitalisé
202100014572;175 661;10;0;2;8;1;1;232 779;1;1;1;1;1976.0;4;1;7;10;2021;18;1;77;77059;2;1;1;3;48,8501700000;2,6635700000;3;2;2;0;2;1;1;0;1;50;3;Indemne
202100014578;175 650;7;0;2;1;16;1;232 766;1;1;1;2;1964.0;0;1;7;10;2021;15;1;72;72181;1;1;1;1;47,9759200000;0,1661500000;4;2;2;2;1;1;1;0;1;50;3;Indemne
202100014578;175 651;1;0;2;2;5;5;232 767;1;1;4;2;1953.0;0;8;7;10;2021;15;1;72;72181;1;1;1;1;47,9759200000;0,1661500000;4;2;2;2;1;1;1;0;1;50;3;Blessé léger
202100014583;175 642;1;0;2;0;1;5;232 756;1;1;4;1;1997.0;0;8;6;10;2021;17;1;67;67482;2;3;2;3;48,5911900000;7,7420800000;4;1;1;0;1;3;2;0;1;50;2;Blessé léger
202100014583;175 643;10;0;2;3;16;1;232 757;1;1;1;1;1949.0;0;1;6;10;2021;17;1;67;67482;2;3;2;3;48,5911900000;7,7420800000;4;1;1;0;1;3;2;0;1;50;2;Indemne
202100014585;175 638;7;0;2;2;2;1;232 752;1;1;1;2;1940.0;5;1;6;10;2021;11;1;67;67447;2;3;1;2;48,6101700000;7,7394900000;4;2;3;0;1;1;1;0;1;30;2;Indemne
202100014585;175 639;1;0;2;0;2;5;232 753;1;1;4;1;1965.0;0;8;6;10;2021;11;1;67;67447;2;3;1;2;48,6101700000;7,7394900000;4;2;3;0;1;1;1;0;1;30;2;Blessé léger
202100014592;175 629;1;0;2;3;13;5;232 737;1;1;3;1;1950.0;5;8;29;9;2021;10;1;62;62193;2;6;1;3;50,9564620000;1,8642920000;4;1;1;0;1;2;1;5;1;40;2;Blessé hospitalisé
202100014592;175 630;7;0;2;2;15;3;232 738;1;1;1;2;1943.0;3;1;29;9;2021;10;1;62;62193;2;6;1;3;50,9564620000;1,8642920000;4;1;1;0;1;2;1;5;1;40;2;Indemne