Num_Acc;id_vehicule;catv;obs;obsm;choc;manv;motor;id_usager;place;catu;grav;sexe;an_nais;trajet;secu1;jour;mois;an;hrmn;lum;dep;com;agg;int;atm;col;lat;long;catr;circ;nbv;vosp;prof;plan;surf;infra;situ;vma;day_of_week;gravity
202100014600;175 617;1;0;2;1;2;5;232 722;1;1;4;1;1998.0;2;8;7;10;2021;07;1;51;51454;2;2;1;3;49,2470794136;4,0415899984;4;1;1;0;1;1;1;0;5;30;3;Blessé léger
202100014600;175 618;7;0;2;3;9;1;232 723;1;1;1;2;2003.0;2;1;7;10;2021;07;1;51;51454;2;2;1;3;49,2470794136;4,0415899984;4;1;1;0;1;1;1;0;5;30;3;Indemne
202100014604;175 611;7;0;2;7;1;1;232 714;1;1;1;1;1975.0;0;1;7;10;2021;13;1;44;44109;2;1;1;3;47,1977300000; -1,5421700000;4;1;4;3;1;1;1;0;1;50;3;Indemne
202100014604;175 612;1;0;2;1;1;5;232 715;1;1;3;1;1975.0;0;8;7;10;2021;13;1;44;44109;2;1;1;3;47,1977300000; -1,5421700000;4;1;4;3;1;1;1;0;1;50;3;Blessé hospitalisé
202100014630;175 563;1;0;2;1;1;5;232 658;1;1;4;2;1981.0;9;2;7;10;2021;08;1;75;75119;2;1;1;3;48,8886560000;2,3925590000;4;2;5;1;1;1;1;0;5;30;3;Blessé léger
202100014630;175 564;10;0;2;6;22;1;232 659;1;1;1;1;1964.0;4;1;7;10;2021;08;1;75;75119;2;1;1;3;48,8886560000;2,3925590000;4;2;5;1;1;1;1;0;5;30;3;Indemne
202100014632;175 560;80;0;1;1;5;3;232 652;10;3;4;1;1968.0;3;0;7;10;2021;19;5;75;75115;2;1;1;6;48,8437240000;2,2829980000;4;1;1;0;1;1;1;0;1;30;3;Blessé léger
202100014632;175 560;80;0;1;1;5;3;232 653;1;1;1;1;2000.0;4;2;7;10;2021;19;5;75;75115;2;1;1;6;48,8437240000;2,2829980000;4;1;1;0;1;1;1;0;1;30;3;Indemne
202100014635;175 554;1;0;2;1;1;5;232 646;1;1;4;2;2005.0;9;2;7;10;2021;15;1;75;75113;2;3;1;3;48,8290280000;2,3577020000;4;2;3;0;1;1;1;0;1;30;3;Blessé léger
202100014635;175 555;7;0;2;3;22;1;232 647;1;1;1;1;1987.0;9;1;7;10;2021;15;1;75;75113;2;3;1;3;48,8290280000;2,3577020000;4;2;3;0;1;1;1;0;1;30;3;Indemne
202100014636;175 552;80;0;2;8;19;3;232 644;1;1;4;1;2008.0;5;8;6;10;2021;20;5;75;75113;2;3;1;3;48,8271050000;2,3671320000;4;2;3;3;1;1;1;0;6;30;2;Blessé léger
202100014636;175 553;7;0;2;1;7;1;232 645;1;1;1;2;1961.0;1;8;6;10;2021;20;5;75;75113;2;3;1;3;48,8271050000;2,3671320000;4;2;3;3;1;1;1;0;6;30;2;Indemne
202100014638;175 548;1;0;2;4;1;5;232 640;1;1;1;1;1996.0;5;2;7;10;2021;22;5;75;75111;2;3;1;3;48,8693190000;2,3715680000;4;2;2;0;1;1;1;0;1;30;3;Indemne
202100014638;175 549;30;0;2;1;17;1;232 641;1;1;4;1;1994.0;9;2;7;10;2021;22;5;75;75111;2;3;1;3;48,8693190000;2,3715680000;4;2;2;0;1;1;1;0;1;30;3;Blessé léger
202100014641;175 542;7;0;2;1;15;1;232 633;1;1;1;1;1951.0;5;1;7;10;2021;10;1;75;75104;2;3;1;3;48,8548070000;2,3687430000;4;2;4;3;1;1;1;0;6;30;3;Indemne
202100014641;175 543;1;0;2;3;7;5;232 634;1;1;4;2;1960.0;9;2;7;10;2021;10;1;75;75104;2;3;1;3;48,8548070000;2,3687430000;4;2;4;3;1;1;1;0;6;30;3;Blessé léger
202100014652;175 521;7;0;2;3;15;2;232 609;1;1;1;2;1962.0;1;1;7;10;2021;17;1;93;93048;2;2;1;3;48,8762741830;2,4561309814;3;2;2;1;1;1;1;5;1;50;3;Indemne
202100014652;175 522;80;0;2;1;0;3;232 610;1;1;4;2;1985.0;1;2;7;10;2021;17;1;93;93048;2;2;1;3;48,8762741830;2,4561309814;3;2;2;1;1;1;1;5;1;50;3;Blessé léger
202100014664;175 504;34;0;2;2;14;1;232 585;1;1;1;1;1966.0;0;2;7;10;2021;08;1;92;92024;2;1;1;3;48,9013900000;2,3051200000;3;2;3;1;1;1;1;0;5;50;3;Indemne
202100014664;175 505;1;0;2;1;1;5;232 586;1;1;4;1;1980.0;0;8;7;10;2021;08;1;92;92024;2;1;1;3;48,9013900000;2,3051200000;3;2;3;1;1;1;1;0;5;50;3;Blessé léger
202100014666;175 500;1;1;0;7;17;5;232 581;1;1;4;2;1978.0;1;2;7;10;2021;17;1;92;92007;2;1;1;3;48,7967927758;2,3219963908;3;3;6;2;1;1;1;0;5;50;3;Blessé léger
202100014666;175 501;7;0;2;3;22;1;232 582;1;1;1;1;1972.0;4;1;7;10;2021;17;1;92;92007;2;1;1;3;48,7967927758;2,3219963908;3;3;6;2;1;1;1;0;5;50;3;Indemne
202100014674;175 483;1;0;2;1;19;6;232 562;1;1;4;1;2011.0;1;2;8;10;2021;07;1;83;83148;2;1;1;3;43,4296500000;6,4365020000;4;2;2;0;1;1;1;0;1;50;4;Blessé léger
202100014674;175 484;7;0;2;3;1;1;232 563;1;1;1;1;1961.0;5;1;8;10;2021;07;1;83;83148;2;1;1;3;43,4296500000;6,4365020000;4;2;2;0;1;1;1;0;1;50;4;Indemne
202100014682;175 468;10;0;9;2;21;1;232 546;1;1;1;1;1975.0;0;1;7;10;2021;19;2;57;57102;2;1;1;3;49,2776890000;6,2159170000;3;2;1;0;2;1;1;0;1;80;3;Indemne
202100014682;175 469;1;0;2;0;1;5;232 547;1;1;3;2;1969.0;5;2;7;10;2021;19;2;57;57102;2;1;1;3;49,2776890000;6,2159170000;3;2;1;0;2;1;1;0;1;80;3;Blessé hospitalisé
202100014710;175 418;7;0;2;1;1;1;232 477;1;1;1;1;1952.0;5;8;30;9;2021;11;1;69;69234;1;1;1;2;45,8657100000;4,5093890000;3;2;2;0;1;1;1;0;1;80;3;Indemne
202100014710;175 419;1;0;2;4;1;5;232 478;1;1;3;1;1948.0;5;8;30;9;2021;11;1;69;69234;1;1;1;2;45,8657100000;4,5093890000;3;2;2;0;1;1;1;0;1;80;3;Blessé hospitalisé
202100014766;175 319;1;0;2;7;19;5;232 355;1;1;4;1;1992.0;0;8;6;10;2021;14;1;69;69387;2;2;8;5;45,7482056186;4,8436938169;4;1;2;3;1;1;1;5;1;50;2;Blessé léger
202100014766;175 320;7;0;2;2;13;1;232 356;1;1;1;1;1942.0;0;1;6;10;2021;14;1;69;69387;2;2;8;5;45,7482056186;4,8436938169;4;1;2;3;1;1;1;5;1;50;2;Indemne
202100014766;175 321;7;0;2;2;21;1;232 357;1;1;1;1;1996.0;0;1;6;10;2021;14;1;69;69387;2;2;8;5;45,7482056186;4,8436938169;4;1;2;3;1;1;1;5;1;50;2;Indemne
202100014770;175 314;1;0;2;7;1;5;232 347;1;1;4;1;1959.0;1;2;6;10;2021;08;1;91;91477;2;1;1;3;48,7060010000;2,2088180000;4;2;0;0;1;1;1;0;1;30;2;Blessé léger
202100014770;175 315;7;0;2;8;9;1;232 348;1;1;1;1;1980.0;1;1;6;10;2021;08;1;91;91477;2;1;1;3;48,7060010000;2,2088180000;4;2;0;0;1;1;1;0;1;30;2;Indemne
202100014772;175 310;7;0;2;1;2;1;232 343;1;1;1;1;1980.0;0;1;5;10;2021;13;1;91;91223;2;1;1;6;48,4310900000;2,1596100000;4;2;2;0;1;1;1;0;1;30;1;Indemne
202100014772;175 311;1;0;2;4;2;5;232 344;1;1;4;1;1986.0;0;1;5;10;2021;13;1;91;91223;2;1;1;6;48,4310900000;2,1596100000;4;2;2;0;1;1;1;0;1;30;1;Blessé léger
202100014773;175 308;1;0;2;4;9;5;232 341;1;1;4;1;2002.0;5;8;5;10;2021;19;1;87;87085;2;2;2;3;45,8329600000;1,2558000000;4;1;1;0;1;1;2;0;1;50;1;Blessé léger
202100014773;175 309;7;0;2;6;9;1;232 342;1;1;1;2;1987.0;5;1;5;10;2021;19;1;87;87085;2;2;2;3;45,8329600000;1,2558000000;4;1;1;0;1;1;2;0;1;50;1;Indemne
202100014792;175 269;7;0;9;1;15;1;232 291;1;1;1;1;1984.0;1;1;18;9;2021;22;5;59;59360;2;3;1;3;50,6073801856;3,0305421352;4;4;3;0;1;1;1;5;1;50;5;Indemne
202100014792;175 270;1;0;2;1;19;0;232 292;1;1;4;1;1993.0;0;0;18;9;2021;22;5;59;59360;2;3;1;3;50,6073801856;3,0305421352;4;4;3;0;1;1;1;5;1;50;5;Blessé léger
202100014796;175 261;7;0;2;3;1;1;232 280;1;1;1;2;1952.0;0;1;6;10;2021;12;1;51;51454;2;2;1;3;49,2524566617;4,0514523492;4;2;2;0;1;1;1;0;1;50;2;Indemne
202100014796;175 262;1;0;2;1;19;5;232 281;1;1;4;1;2002.0;0;2;6;10;2021;12;1;51;51454;2;2;1;3;49,2524566617;4,0514523492;4;2;2;0;1;1;1;0;1;50;2;Blessé léger
202100014801;175 248;1;0;2;1;2;5;232 265;1;1;4;1;1990.0;5;8;6;10;2021;08;1;45;45234;2;2;1;3;47,8982400000;1,9041800000;4;2;2;3;1;1;1;0;1;30;2;Blessé léger
202100014801;175 249;50;0;2;1;1;3;232 266;1;1;4;1;1994.0;1;8;6;10;2021;08;1;45;45234;2;2;1;3;47,8982400000;1,9041800000;4;2;2;3;1;1;1;0;1;30;2;Blessé léger
202100014802;175 246;7;0;2;1;1;2;232 263;1;1;1;1;1995.0;0;1;5;10;2021;12;1;41;41018;2;1;1;3;47,5677600000;1,3256300000;3;2;2;1;1;1;2;0;1;50;1;Indemne
202100014802;175 247;1;0;2;1;5;5;232 264;1;1;4;2;1968.0;2;8;5;10;2021;12;1;41;41018;2;1;1;3;47,5677600000;1,3256300000;3;2;2;1;1;1;2;0;1;50;1;Blessé léger
202100014812;175 226;7;0;2;2;15;1;232 237;1;1;1;2;1972.0;0;1;5;10;2021;13;1;14;14118;2;1;2;3;49,1706400000; -0,3330000000;4;2;2;1;1;1;2;0;5;50;1;Indemne
202100014812;175 227;1;0;2;1;2;5;232 238;1;1;4;1;2005.0;0;0;5;10;2021;13;1;14;14118;2;1;2;3;49,1706400000; -0,3330000000;4;2;2;1;1;1;2;0;5;50;1;Blessé léger
202100014831;175 196;1;0;2;0;19;5;232 197;1;1;4;1;1995.0;9;8;6;10;2021;17;1;75;75120;2;2;1;3;48,8690370000;2,3806750000;4;1;2;3;1;1;1;0;6;30;2;Blessé léger
202100014831;175 197;32;0;2;7;7;1;232 198;1;1;4;1;1997.0;9;2;6;10;2021;17;1;75;75120;2;2;1;3;48,8690370000;2,3806750000;4;1;2;3;1;1;1;0;6;30;2;Blessé léger
202100014831;175 197;32;0;2;7;7;1;232 199;2;2;4;1;1995.0;9;2;6;10;2021;17;1;75;75120;2;2;1;3;48,8690370000;2,3806750000;4;1;2;3;1;1;1;0;6;30;2;Blessé léger
202100014844;175 176;1;0;2;8;1;5;232 169;1;1;4;1;2002.0;9;8;5;10;2021;21;5;75;75112;2;3;2;2;48,8358930000;2,4056370000;4;3;1;2;1;1;2;0;5;30;1;Blessé léger
202100014844;175 177;7;0;2;1;15;1;232 170;1;1;1;1;1974.0;9;1;5;10;2021;21;5;75;75112;2;3;2;2;48,8358930000;2,4056370000;4;3;1;2;1;1;2;0;5;30;1;Indemne
202100014845;175 174;1;0;2;1;1;0;232 167;1;1;4;2;1995.0;1;8;6;10;2021;12;1;75;75111;2;5;1;3;48,8621220000;2,3728730000;4;2;4;1;1;1;1;0;5;30;2;Blessé léger
202100014845;175 175;10;0;2;2;16;1;232 168;1;1;1;1;1986.0;4;1;6;10;2021;12;1;75;75111;2;5;1;3;48,8621220000;2,3728730000;4;2;4;1;1;1;1;0;5;30;2;Indemne
202100014852;175 163;1;14;0;1;26;5;232 150;1;1;4;2;1985.0;0;8;6;10;2021;15;1;94;94077;2;1;1;6;48,7320310000;2,4107800000;3;2;2;0;2;1;1;0;1;50;2;Blessé léger
202100014859;175 151;1;0;2;3;0;5;232 133;1;1;4;1;1992.0;5;8;6;10;2021;11;1;93;93029;2;1;1;3;48,9283420000;2,4361770000;3;2;2;0;1;1;1;0;1;50;2;Blessé léger
202100014859;175 152;7;0;0;2;23;1;232 134;1;1;1;2;1981.0;5;8;6;10;2021;11;1;93;93029;2;1;1;3;48,9283420000;2,4361770000;3;2;2;0;1;1;1;0;1;50;2;Indemne
202100014859;175 152;7;0;0;2;23;1;232 135;2;2;1;1;2011.0;5;8;6;10;2021;11;1;93;93029;2;1;1;3;48,9283420000;2,4361770000;3;2;2;0;1;1;1;0;1;50;2;Indemne
202100014870;175 132;7;0;2;5;1;1;232 110;1;1;1;2;1948.0;5;1;6;10;2021;16;1;92;92012;2;2;1;2;48,8333684520;2,2334541815;4;2;2;0;1;1;1;0;1;30;2;Indemne
202100014870;175 133;1;0;2;1;2;5;232 111;1;1;4;1;2007.0;5;8;6;10;2021;16;1;92;92012;2;2;1;2;48,8333684520;2,2334541815;4;2;2;0;1;1;1;0;1;30;2;Blessé léger
202100014877;175 120;1;0;2;8;15;5;232 092;1;1;1;1;1972.0;5;0;25;8;2021;18;2;974;97410;1;1;1;2; -21,0247000000;55,7044230000;2;3;2;1;4;1;1;0;1;50;2;Indemne
202100014877;175 121;33;0;2;7;21;1;232 093;1;1;3;1;1992.0;1;2;25;8;2021;18;2;974;97410;1;1;1;2; -21,0247000000;55,7044230000;2;3;2;1;4;1;1;0;1;50;2;Blessé hospitalisé
202100014882;175 112;7;0;2;2;2;1;232 083;1;1;1;2;1974.0;4;1;6;10;2021;15;1;32;32208;1;1;1;2;43,9498290000;0,6542120000;2;2;2;0;1;1;1;0;1;80;2;Indemne
202100014882;175 113;1;0;0;4;2;5;232 084;1;1;3;1;1961.0;5;2;6;10;2021;15;1;32;32208;1;1;1;2;43,9498290000;0,6542120000;2;2;2;0;1;1;1;0;1;80;2;Blessé hospitalisé
202100014893;175 090;7;0;9;3;17;1;232 057;1;1;1;1;1966.0;3;1;6;10;2021;21;3;17;17385;1;1;1;1;45,9549690000; -1,3354830000;3;2;2;0;1;1;1;0;1;80;2;Indemne
202100014893;175 091;1;0;2;3;1;5;232 058;1;1;4;1;1998.0;5;0;6;10;2021;21;3;17;17385;1;1;1;1;45,9549690000; -1,3354830000;3;2;2;0;1;1;1;0;1;80;2;Blessé léger
202100014912;175 059;7;0;0;7;1;1;232 015;1;1;1;1;1960.0;5;1;6;10;2021;19;1;63;63213;1;1;1;3;45,8341410000;3,2693430000;3;2;2;0;2;1;1;0;1;80;2;Indemne
202100014912;175 060;1;0;0;8;1;5;232 016;1;1;4;1;1963.0;5;2;6;10;2021;19;1;63;63213;1;1;1;3;45,8341410000;3,2693430000;3;2;2;0;2;1;1;0;1;80;2;Blessé léger
202100014914;175 055;1;0;0;6;1;5;232 011;1;1;3;1;1978.0;5;2;2;10;2021;11;1;65;65320;1;1;1;2;43,1204110000;0,1186290000;3;2;2;2;1;1;1;0;5;90;5;Blessé hospitalisé
202100014914;175 056;7;0;2;2;1;1;232 012;1;1;1;1;1982.0;5;1;2;10;2021;11;1;65;65320;1;1;1;2;43,1204110000;0,1186290000;3;2;2;2;1;1;1;0;5;90;5;Indemne
202100014982;174 925;7;0;2;3;16;1;231 843;1;1;1;2;1971.0;5;1;1;10;2021;17;1;87;87085;2;1;1;6;45,8342600000;1,2265100000;4;2;2;0;1;1;1;0;1;50;4;Indemne
202100014982;174 926;1;0;2;0;0;5;231 844;1;1;4;2;1999.0;5;8;1;10;2021;17;1;87;87085;2;1;1;6;45,8342600000;1,2265100000;4;2;2;0;1;1;1;0;1;50;4;Blessé léger
202100014983;174 923;1;0;2;1;1;5;231 841;1;1;3;1;1943.0;5;8;4;10;2021;11;1;84;84087;2;2;8;3;44,1318500000;4,8338300000;4;2;2;0;1;1;2;0;1;50;0;Blessé hospitalisé
202100014983;174 924;7;0;2;7;1;1;231 842;1;1;1;1;1963.0;4;1;4;10;2021;11;1;84;84087;2;2;8;3;44,1318500000;4,8338300000;4;2;2;0;1;1;2;0;1;50;0;Indemne
202100014999;174 892;1;0;2;0;1;5;231 795;1;1;3;1;1963.0;0;8;5;10;2021;13;1;72;72181;2;3;1;2;48,0034512848;0,1862749819;4;2;2;2;1;1;1;0;1;50;1;Blessé hospitalisé
202100014999;174 893;17;0;2;1;16;1;231 796;1;1;1;1;1979.0;4;1;5;10;2021;13;1;72;72181;2;3;1;2;48,0034512848;0,1862749819;4;2;2;2;1;1;1;0;1;50;1;Indemne
202100015022;174 853;7;0;2;1;15;1;231 743;1;1;1;2;2000.0;0;1;30;9;2021;18;2;63;63113;2;3;1;1;45,7840500000;3,0802100000;4;2;2;0;1;1;1;0;1;50;3;Indemne
202100015022;174 854;1;0;2;1;1;0;231 744;1;1;4;1;1993.0;0;2;30;9;2021;18;2;63;63113;2;3;1;1;45,7840500000;3,0802100000;4;2;2;0;1;1;1;0;1;50;3;Blessé léger
202100015029;174 844;7;0;2;1;1;1;231 728;1;1;1;1;1962.0;4;1;4;10;2021;18;1;59;59654;2;1;1;3;50,3870700000;3,1131100000;3;1;1;0;1;1;1;0;1;50;0;Indemne
202100015029;174 845;1;0;2;7;19;5;231 729;1;1;4;1;2010.0;5;8;4;10;2021;18;1;59;59654;2;1;1;3;50,3870700000;3,1131100000;3;1;1;0;1;1;1;0;1;50;0;Blessé léger
202100015044;174 819;1;0;2;8;1;5;231 691;1;1;4;2;1965.0;5;8;4;10;2021;14;1;49;49099;1;1;1;3;47,0751700000; -0,9008800000;3;3;4;0;1;1;1;0;1;90;0;Blessé léger
202100015044;174 820;7;0;2;7;17;1;231 692;1;1;1;1;1948.0;3;1;4;10;2021;14;1;49;49099;1;1;1;3;47,0751700000; -0,9008800000;3;3;4;0;1;1;1;0;1;90;0;Indemne
202100015056;174 794;1;0;0;2;1;5;231 655;1;1;4;1;1993.0;1;8;5;10;2021;07;2;37;37261;2;1;2;7;47,3909392634;0,6817755016;4;2;2;1;1;1;2;6;1;30;1;Blessé léger
202100015064;174 780;1;0;2;1;1;5;231 638;1;1;4;1;1983.0;1;8;4;10;2021;08;1;35;35238;2;2;1;3;48,1125300000; -1,6919700000;4;1;2;1;1;1;1;2;5;50;0;Blessé léger
202100015064;174 781;7;0;0;0;9;1;231 639;1;1;1;2;1982.0;2;1;4;10;2021;08;1;35;35238;2;2;1;3;48,1125300000; -1,6919700000;4;1;2;1;1;1;1;2;5;50;0;Indemne
202100015066;174 776;1;0;2;1;1;5;231 634;1;1;4;2;1945.0;5;8;14;9;2021;15;1;35;35115;2;2;1;6;48,3509720000; -1,1912280000;4;2;2;0;1;1;1;0;1;30;1;Blessé léger
202100015066;174 777;7;0;2;1;19;1;231 635;1;1;1;1;1961.0;0;1;14;9;2021;15;1;35;35115;2;2;1;6;48,3509720000; -1,1912280000;4;2;2;0;1;1;1;0;1;30;1;Indemne
202100015067;174 774;10;0;2;2;1;1;231 632;1;1;1;1;1985.0;4;1;5;10;2021;19;1;34;34172;2;1;1;3;43,6268200000;3,8693400000;4;2;4;3;1;1;1;9;6;30;1;Indemne
202100015067;174 775;1;0;2;8;19;5;231 633;1;1;3;1;1989.0;0;8;5;10;2021;19;1;34;34172;2;1;1;3;43,6268200000;3,8693400000;4;2;4;3;1;1;1;9;6;30;1;Blessé hospitalisé
202100015091;174 730;1;0;2;1;1;5;231 574;1;1;4;1;1945.0;9;2;2;10;2021;11;1;11;11262;2;9;1;6;43,1876500000;2,9804600000;4;2;2;0;1;1;1;0;1;50;5;Blessé léger
202100015091;174 731;7;0;2;7;15;1;231 575;1;1;1;1;1929.0;9;1;2;10;2021;11;1;11;11262;2;9;1;6;43,1876500000;2,9804600000;4;2;2;0;1;1;1;0;1;50;5;Indemne
202100015092;174 728;7;0;2;1;2;2;231 572;1;1;1;1;1940.0;0;1;1;10;2021;17;1;11;11262;2;1;1;6;43,1896800000;2,9853200000;4;2;2;0;1;1;1;0;1;50;4;Indemne
202100015092;174 729;1;0;2;1;2;5;231 573;1;1;4;1;2002.0;0;2;1;10;2021;17;1;11;11262;2;1;1;6;43,1896800000;2,9853200000;4;2;2;0;1;1;1;0;1;50;4;Blessé léger
202100015095;174 723;1;0;2;3;21;5;231 567;1;1;4;1;1946.0;0;2;5;10;2021;15;1;06;06027;2;1;1;3;43,6533820000;7,1541070000;4;1;1;1;1;1;1;0;1;50;1;Blessé léger
202100015095;174 724;10;0;2;3;21;1;231 568;1;1;1;1;1946.0;5;1;5;10;2021;15;1;06;06027;2;1;1;3;43,6533820000;7,1541070000;4;1;1;1;1;1;1;0;1;50;1;Indemne
202100015096;174 721;7;0;2;2;15;1;231 565;1;1;1;1;1981.0;4;1;1;10;2021;13;1;05;05061;2;1;1;3;44,5732500000;6,1088800000;2;2;2;0;1;1;1;0;1;50;4;Indemne
202100015096;174 722;1;0;2;1;1;5;231 566;1;1;3;1;1984.0;5;2;1;10;2021;13;1;05;05061;2;1;1;3;44,5732500000;6,1088800000;2;2;2;0;1;1;1;0;1;50;4;Blessé hospitalisé
202100015107;174 702;7;0;2;1;16;1;231 539;1;1;1;1;1972.0;2;8;5;10;2021;07;1;75;75120;2;7;8;3;48,8543610000;2,4130600000;4;1;2;1;1;1;1;5;5;30;1;Indemne
202100015107;174 703;80;0;2;8;1;3;231 540;1;1;4;2;1998.0;1;8;5;10;2021;07;1;75;75120;2;7;8;3;48,8543610000;2,4130600000;4;1;2;1;1;1;1;5;5;30;1;Blessé léger
202100015112;174 695;1;0;2;7;16;5;231 530;1;1;4;2;1963.0;1;8;5;10;2021;07;2;75;75113;2;2;1;3;48,8322350000;2,3797780000;4;2;4;1;1;1;1;5;5;30;1;Blessé léger
202100015112;174 696;1;0;2;7;1;5;231 531;1;1;1;1;2000.0;9;8;5;10;2021;07;2;75;75113;2;2;1;3;48,8322350000;2,3797780000;4;2;4;1;1;1;1;5;5;30;1;Indemne
202100015114;174 691;7;0;2;8;22;1;231 526;1;1;1;1;1976.0;9;8;5;10;2021;09;1;75;75111;2;3;3;3;48,8504120000;2,3919220000;4;1;0;0;2;1;2;0;1;30;1;Indemne
202100015114;174 692;1;0;2;2;1;5;231 527;1;1;4;2;1988.0;9;8;5;10;2021;09;1;75;75111;2;3;3;3;48,8504120000;2,3919220000;4;1;0;0;2;1;2;0;1;30;1;Blessé léger
202100015115;174 690;1;0;1;7;1;5;231 524;1;1;4;1;2005.0;2;8;5;10;2021;11;1;75;75108;2;1;3;6;48,8772060000;2,2975320000;4;1;2;1;2;1;2;0;5;30;1;Blessé léger
202100015115;174 690;1;0;1;7;1;5;231 525;10;3;4;1;1963.0;4;0;5;10;2021;11;1;75;75108;2;1;3;6;48,8772060000;2,2975320000;4;1;2;1;2;1;2;0;5;30;1;Blessé léger
202100015119;174 684;1;0;0;0;1;5;231 517;1;1;4;2;1981.0;9;8;5;10;2021;18;2;75;75104;2;3;2;7;48,8584490000;2,3584850000;4;1;0;0;1;1;2;0;1;30;1;Blessé léger
202100015133;174 660;7;0;9;8;15;1;231 488;1;1;1;1;1996.0;1;1;4;10;2021;08;1;93;93066;2;3;1;3;48,9408900000;2,3638800000;4;2;2;1;1;1;1;0;1;50;0;Indemne
202100015133;174 661;1;0;2;7;1;5;231 489;2;1;4;1;1995.0;0;8;4;10;2021;08;1;93;93066;2;3;1;3;48,9408900000;2,3638800000;4;2;2;1;1;1;1;0;1;50;0;Blessé léger
202100015138;174 651;1;0;0;8;14;5;231 478;1;1;4;2;1975.0;4;8;5;10;2021;09;1;92;92046;2;1;3;7;48,8227200000;2,3044000000;4;2;2;2;1;1;2;0;3;50;1;Blessé léger
202100015142;174 644;7;0;2;8;22;1;231 470;1;1;1;1;1977.0;5;8;4;10;2021;16;1;92;92050;2;1;1;3;48,8892605697;2,2295647860;4;2;2;1;2;1;1;9;5;50;0;Indemne
202100015142;174 645;1;1;0;1;1;5;231 471;1;1;4;2;1980.0;1;8;4;10;2021;16;1;92;92050;2;1;1;3;48,8892605697;2,2295647860;4;2;2;1;2;1;1;9;5;50;0;Blessé léger
202100015183;174 571;1;0;0;0;2;5;231 382;1;1;3;1;1967.0;0;0;5;10;2021;20;3;77;77327;1;1;2;7;48,5715530000;2,9996320000;3;2;2;0;1;1;2;0;1;90;1;Blessé hospitalisé
202100015187;174 563;13;0;2;2;0;1;231 372;1;1;1;1;1988.0;4;1;4;10;2021;11;1;81;81187;1;1;1;2;43,7031490000;2,0041090000;3;2;2;0;2;3;1;0;1;80;0;Indemne
202100015187;174 564;1;0;0;4;0;5;231 373;1;1;3;1;1947.0;5;2;4;10;2021;11;1;81;81187;1;1;1;2;43,7031490000;2,0041090000;3;2;2;0;2;3;1;0;1;80;0;Blessé hospitalisé
202100015224;174 488;1;0;2;1;17;5;231 283;1;1;4;1;1975.0;1;8;3;10;2021;19;5;75;75113;2;1;1;2;48,8240950000;2,3722490000;4;1;1;2;1;1;1;0;1;30;6;Blessé léger
202100015224;174 489;1;0;2;4;13;5;231 284;1;1;1;2;1975.0;5;8;3;10;2021;19;5;75;75113;2;1;1;2;48,8240950000;2,3722490000;4;1;1;2;1;1;1;0;1;30;6;Indemne
202100015226;174 485;1;0;1;1;1;5;231 279;1;1;1;1;2005.0;9;8;4;10;2021;13;1;75;75110;2;3;1;6;48,8812790000;2,3581310000;4;2;2;0;1;1;1;0;1;30;0;Indemne
202100015226;174 485;1;0;1;1;1;5;231 280;10;3;4;2;1978.0;9;0;4;10;2021;13;1;75;75110;2;3;1;6;48,8812790000;2,3581310000;4;2;2;0;1;1;1;0;1;30;0;Blessé léger
202100015227;174 484;1;0;0;1;16;5;231 278;1;1;4;1;1972.0;9;8;4;10;2021;16;1;75;75107;2;3;1;7;48,8625740000;2,3190080000;4;2;4;1;1;1;1;2;5;30;0;Blessé léger
202100015231;174 478;1;0;0;0;1;5;231 271;1;1;4;1;1993.0;5;8;4;10;2021;19;1;75;75101;2;2;1;7;48,8609140000;2,3408020000;4;2;2;0;1;1;1;0;1;30;0;Blessé léger
202100015234;174 473;1;0;2;1;1;5;231 265;1;1;4;2;1975.0;5;0;4;10;2021;12;1;94;94046;2;2;1;1;48,8028000000;2,4340500000;3;2;2;0;1;1;1;0;1;50;0;Blessé léger
202100015234;174 474;7;0;9;1;15;1;231 266;1;1;1;1;1998.0;1;1;4;10;2021;12;1;94;94046;2;2;1;1;48,8028000000;2,4340500000;3;2;2;0;1;1;1;0;1;50;0;Indemne
202100015237;174 468;1;0;2;8;19;5;231 259;2;1;4;1;1974.0;1;8;4;10;2021;09;1;93;93066;2;9;1;1;48,9153230000;2,3533260000;3;2;2;0;1;1;1;0;1;50;0;Blessé léger
202100015237;174 469;7;0;2;1;15;1;231 260;1;1;1;2;2002.0;9;8;4;10;2021;09;1;93;93066;2;9;1;1;48,9153230000;2,3533260000;3;2;2;0;1;1;1;0;1;50;0;Indemne
202100015263;174 429;1;1;0;1;2;5;231 199;1;1;2;1;1948.0;5;2;3;10;2021;14;1;33;33540;2;1;8;6;45,3552820000; -1,0607060000;4;1;1;0;1;1;1;0;1;50;6;Tué
202100015288;174 384;1;0;0;4;2;5;231 148;1;1;3;1;1943.0;5;2;25;8;2021;09;1;84;84068;2;6;7;2;43,7651200000;5,3654480000;3;2;2;0;1;2;1;0;1;50;2;Blessé hospitalisé
202100015288;174 385;7;0;9;1;2;1;231 149;1;1;1;1;1985.0;5;1;25;8;2021;09;1;84;84068;2;6;7;2;43,7651200000;5,3654480000;3;2;2;0;1;2;1;0;1;50;2;Indemne
202100015289;174 382;1;0;2;4;1;5;231 146;1;1;4;1;1960.0;5;2;2;10;2021;15;1;04;04019;2;1;1;2;44,3866230000;6,6544750000;4;1;1;0;1;1;1;0;1;30;5;Blessé léger
202100015289;174 383;31;0;2;1;1;1;231 147;1;1;3;1;2004.0;5;2;2;10;2021;15;1;04;04019;2;1;1;2;44,3866230000;6,6544750000;4;1;1;0;1;1;1;0;1;30;5;Blessé hospitalisé