Num_Acc;id_vehicule;catv;obs;obsm;choc;manv;motor;id_usager;place;catu;grav;sexe;an_nais;trajet;secu1;jour;mois;an;hrmn;lum;dep;com;agg;int;atm;col;lat;long;catr;circ;nbv;vosp;prof;plan;surf;infra;situ;vma;day_of_week;gravity
202100016743;171 693;7;0;9;1;19;1;227 624;1;1;1;1;1947.0;0;1;27;9;2021;17;1;42;42155;1;2;8;1;45,8064570000;4,1405150000;3;2;1;0;1;1;1;0;1;80;0;Indemne
202100016743;171 694;1;0;2;7;1;5;227 625;1;1;4;1;1966.0;0;2;27;9;2021;17;1;42;42155;1;2;8;1;45,8064570000;4,1405150000;3;2;1;0;1;1;1;0;1;80;0;Blessé léger
202100016747;171 687;1;0;2;8;26;5;227 618;2;1;4;1;1949.0;5;2;27;9;2021;09;1;26;26064;1;6;1;3;44,9030600000;5,0086930000;3;2;3;0;1;3;1;0;1;80;0;Blessé léger
202100016747;171 688;10;0;9;7;16;4;227 619;1;1;1;1;1995.0;4;1;27;9;2021;09;1;26;26064;1;6;1;3;44,9030600000;5,0086930000;3;2;3;0;1;3;1;0;1;80;0;Indemne
202100016779;171 621;1;0;9;1;5;5;227 522;1;1;4;2;1997.0;9;2;24;9;2021;17;1;973;97302;2;3;1;3;4,9338800000; -52,2909000000;3;2;1;0;1;1;1;0;1;50;4;Blessé léger
202100016779;171 622;7;0;9;2;16;1;227 523;1;1;1;2;1969.0;9;1;24;9;2021;17;1;973;97302;2;3;1;3;4,9338800000; -52,2909000000;3;2;1;0;1;1;1;0;1;50;4;Indemne
202100016781;171 616;1;0;2;4;1;5;227 517;1;1;4;1;2006.0;5;8;23;9;2021;16;1;973;97302;2;1;1;5;4,9187431546; -52,3160283566;3;2;1;0;1;1;1;0;1;50;3;Blessé léger
202100016781;171 617;7;0;0;2;19;1;227 518;1;1;1;2;1988.0;1;1;23;9;2021;16;1;973;97302;2;1;1;5;4,9187431546; -52,3160283566;3;2;1;0;1;1;1;0;1;50;3;Indemne
202100016781;171 618;7;0;2;8;18;1;227 519;1;1;1;2;1991.0;1;1;23;9;2021;16;1;973;97302;2;1;1;5;4,9187431546; -52,3160283566;3;2;1;0;1;1;1;0;1;50;3;Indemne
202100016813;171 565;1;0;2;8;19;5;227 449;1;1;4;1;1985.0;4;0;24;9;2021;12;1;91;91549;2;1;1;3;48,6240700000;2,3412400000;4;3;2;0;1;3;1;0;1;50;4;Blessé léger
202100016813;171 566;7;0;2;1;1;1;227 450;1;1;1;1;1964.0;5;1;24;9;2021;12;1;91;91549;2;1;1;3;48,6240700000;2,3412400000;4;3;2;0;1;3;1;0;1;50;4;Indemne
202100016815;171 561;1;0;2;1;26;5;227 445;1;1;4;1;2005.0;0;8;22;9;2021;18;1;91;91377;2;1;1;3;48,7300450000;2,2586910000;3;3;2;0;1;1;1;0;1;50;2;Blessé léger
202100016815;171 562;3;1;2;3;0;0;227 446;1;1;1;1;1991.0;0;1;22;9;2021;18;1;91;91377;2;1;1;3;48,7300450000;2,2586910000;3;3;2;0;1;1;1;0;1;50;2;Indemne
202100016834;171 528;7;0;2;3;15;1;227 399;1;1;1;2;1999.0;0;1;23;9;2021;14;1;83;83137;2;3;1;3;43,1219280000;5,9428420000;7;2;2;0;1;1;1;0;1;50;3;Indemne
202100016834;171 529;1;0;2;3;1;5;227 400;1;1;4;1;2002.0;2;2;23;9;2021;14;1;83;83137;2;3;1;3;43,1219280000;5,9428420000;7;2;2;0;1;1;1;0;1;50;3;Blessé léger
202100016864;171 475;1;0;2;8;13;5;227 327;1;1;4;1;1961.0;5;2;1;9;2021;18;1;68;68066;2;3;7;3;48,0669700000;7,3431100000;4;2;2;0;1;1;1;9;1;50;2;Blessé léger
202100016864;171 476;7;0;9;1;26;1;227 328;1;1;1;1;1970.0;1;1;1;9;2021;18;1;68;68066;2;3;7;3;48,0669700000;7,3431100000;4;2;2;0;1;1;1;9;1;50;2;Indemne
202100016866;171 472;7;0;2;2;1;1;227 323;1;1;1;1;1998.0;0;1;23;9;2021;16;1;67;67482;2;3;1;3;48,5898600000;7,7423700000;4;3;2;3;1;1;1;0;1;50;3;Indemne
202100016866;171 473;1;0;2;1;19;5;227 324;1;1;4;1;1998.0;0;8;23;9;2021;16;1;67;67482;2;3;1;3;48,5898600000;7,7423700000;4;3;2;3;1;1;1;0;1;50;3;Blessé léger
202100016876;171 457;7;0;2;7;14;1;227 300;1;1;1;1;1963.0;3;8;23;9;2021;11;1;65;65440;2;1;1;3;43,2319410000;0,0803480000;4;1;1;0;1;1;1;0;1;50;3;Indemne
202100016876;171 458;1;0;2;0;18;0;227 301;1;1;4;2;1973.0;5;2;23;9;2021;11;1;65;65440;2;1;1;3;43,2319410000;0,0803480000;4;1;1;0;1;1;1;0;1;50;3;Blessé léger
202100016878;171 454;1;0;2;3;1;5;227 296;1;1;4;2;1996.0;9;8;24;9;2021;11;1;64;64445;2;1;1;3;43,3045700000; -0,3679400000;4;1;1;2;1;1;1;0;5;50;4;Blessé léger
202100016878;171 455;7;0;2;7;15;1;227 297;1;1;1;2;1948.0;9;1;24;9;2021;11;1;64;64445;2;1;1;3;43,3045700000; -0,3679400000;4;1;1;2;1;1;1;0;5;50;4;Indemne
202100016887;171 437;80;1;2;3;2;3;227 274;1;1;4;2;1984.0;1;8;23;9;2021;13;1;61;61001;2;1;1;3;48,4355900000;0,0912100000;3;2;2;0;1;1;1;0;1;20;3;Blessé léger
202100016887;171 438;7;0;2;3;22;1;227 275;1;1;1;2;1978.0;1;1;23;9;2021;13;1;61;61001;2;1;1;3;48,4355900000;0,0912100000;3;2;2;0;1;1;1;0;1;20;3;Indemne
202100016888;171 435;80;1;9;3;26;3;227 272;1;1;4;1;1992.0;0;2;23;9;2021;14;1;59;59350;2;1;1;3;50,6457800000;2,9905500000;7;2;2;0;1;1;1;0;1;50;3;Blessé léger
202100016888;171 436;7;1;9;3;26;1;227 273;1;1;1;2;1999.0;0;1;23;9;2021;14;1;59;59350;2;1;1;3;50,6457800000;2,9905500000;7;2;2;0;1;1;1;0;1;50;3;Indemne
202100016901;171 411;7;0;9;3;1;1;227 239;1;1;1;1;1985.0;5;1;23;9;2021;19;1;50;50173;2;1;1;1;49,6532300000; -1,6573500000;4;2;2;0;1;1;1;0;1;50;3;Indemne
202100016901;171 412;1;0;2;1;9;0;227 240;1;1;3;1;1999.0;5;8;23;9;2021;19;1;50;50173;2;1;1;1;49,6532300000; -1,6573500000;4;2;2;0;1;1;1;0;1;50;3;Blessé hospitalisé
202100016904;171 406;1;0;2;8;26;5;227 233;1;1;1;1;1998.0;1;8;24;9;2021;12;1;49;49007;2;1;1;3;47,4755690000; -0,5834450000;4;1;2;0;1;2;1;0;1;30;4;Indemne
202100016904;171 407;1;0;2;1;26;5;227 234;1;1;4;2;2003.0;1;8;24;9;2021;12;1;49;49007;2;1;1;3;47,4755690000; -0,5834450000;4;1;2;0;1;2;1;0;1;30;4;Blessé léger
202100016909;171 396;1;0;2;0;26;5;227 223;1;1;3;1;1971.0;5;8;23;9;2021;09;1;49;49007;2;1;1;3;47,4786770000; -0,5649070000;4;3;2;0;1;1;1;0;1;50;3;Blessé hospitalisé
202100016909;171 397;7;0;2;0;26;3;227 224;1;1;1;1;1977.0;4;1;23;9;2021;09;1;49;49007;2;1;1;3;47,4786770000; -0,5649070000;4;3;2;0;1;1;1;0;1;50;3;Indemne
202100016910;171 394;1;0;2;3;15;5;227 221;1;1;4;2;1975.0;9;8;22;9;2021;12;1;49;49007;2;1;1;3;47,4723678952; -0,5570687272;4;1;1;0;1;1;1;0;1;50;2;Blessé léger
202100016910;171 395;7;0;2;2;1;1;227 222;1;1;1;1;2000.0;9;8;22;9;2021;12;1;49;49007;2;1;1;3;47,4723678952; -0,5570687272;4;1;1;0;1;1;1;0;1;50;2;Indemne
202100016914;171 386;1;0;2;1;1;5;227 206;1;1;4;1;2007.0;2;2;23;9;2021;16;1;45;45234;2;3;1;1;47,8925000000;1,8957700000;4;2;4;0;1;1;1;0;1;50;3;Blessé léger
202100016914;171 387;7;0;2;1;15;1;227 207;3;2;1;2;2021.0;2;3;23;9;2021;16;1;45;45234;2;3;1;1;47,8925000000;1,8957700000;4;2;4;0;1;1;1;0;1;50;3;Indemne
202100016914;171 387;7;0;2;1;15;1;227 208;4;2;1;1;2017.0;2;3;23;9;2021;16;1;45;45234;2;3;1;1;47,8925000000;1,8957700000;4;2;4;0;1;1;1;0;1;50;3;Indemne
202100016914;171 387;7;0;2;1;15;1;227 209;1;1;1;2;1993.0;9;1;23;9;2021;16;1;45;45234;2;3;1;1;47,8925000000;1,8957700000;4;2;4;0;1;1;1;0;1;50;3;Indemne
202100016915;171 384;10;0;9;3;1;1;227 204;1;1;1;1;1958.0;0;1;25;9;2021;14;1;45;45208;2;6;1;3;47,9949900000;2,7324400000;4;1;1;0;1;1;1;0;1;30;5;Indemne
202100016915;171 385;1;0;2;0;19;5;227 205;1;1;4;1;1956.0;0;8;25;9;2021;14;1;45;45208;2;6;1;3;47,9949900000;2,7324400000;4;1;1;0;1;1;1;0;1;30;5;Blessé léger
202100016918;171 379;32;0;2;3;15;1;227 198;1;1;1;1;1986.0;0;2;24;9;2021;17;1;44;44109;2;1;1;3;47,2375900000; -1,5696600000;4;2;2;0;1;1;1;0;5;50;4;Indemne
202100016918;171 380;1;0;0;0;0;5;227 199;1;1;4;1;1962.0;0;2;24;9;2021;17;1;44;44109;2;1;1;3;47,2375900000; -1,5696600000;4;2;2;0;1;1;1;0;5;50;4;Blessé léger
202100016928;171 363;7;0;2;1;1;1;227 176;1;1;1;2;2003.0;5;1;24;9;2021;01;5;37;37261;2;7;1;6;47,4017102003;0,6842836589;4;2;3;0;1;1;1;5;6;50;4;Indemne
202100016928;171 364;1;0;2;7;1;5;227 177;1;1;4;2;2003.0;5;8;24;9;2021;01;5;37;37261;2;7;1;6;47,4017102003;0,6842836589;4;2;3;0;1;1;1;5;6;50;4;Blessé léger
202100016931;171 358;1;0;2;2;25;5;227 170;1;1;4;1;2003.0;5;8;22;9;2021;14;1;37;37261;2;3;1;6;47,3798071990;0,6945661518;4;2;3;2;1;1;1;0;4;50;2;Blessé léger
202100016931;171 359;7;0;2;3;1;1;227 171;1;1;1;1;1968.0;1;1;22;9;2021;14;1;37;37261;2;3;1;6;47,3798071990;0,6945661518;4;2;3;2;1;1;1;0;4;50;2;Indemne
202100016938;171 346;1;0;2;0;1;5;227 153;1;1;4;2;1967.0;9;0;23;9;2021;19;1;33;33063;2;5;1;6;44,8550300000; -0,5738000000;4;1;2;1;1;1;1;0;1;50;3;Blessé léger
202100016938;171 347;7;0;2;3;15;1;227 154;1;1;1;2;1989.0;0;1;23;9;2021;19;1;33;33063;2;5;1;6;44,8550300000; -0,5738000000;4;1;2;1;1;1;1;0;1;50;3;Indemne
202100016956;171 317;80;0;2;8;1;3;227 119;1;1;4;2;1980.0;1;2;8;9;2021;08;1;29;29019;2;2;1;3;48,4099500000; -4,5148500000;4;2;4;1;1;1;1;5;1;50;2;Blessé léger
202100016956;171 318;10;0;2;7;1;1;227 120;1;1;1;1;1996.0;4;1;8;9;2021;08;1;29;29019;2;2;1;3;48,4099500000; -4,5148500000;4;2;4;1;1;1;1;5;1;50;2;Indemne
202100016962;171 304;7;0;2;1;26;1;227 103;1;1;1;2;1986.0;5;1;23;9;2021;14;1;26;26198;2;3;1;3;44,5455040000;4,7406690000;4;2;1;0;1;1;1;0;1;50;3;Indemne
202100016962;171 305;1;0;2;8;26;5;227 104;1;1;4;1;2010.0;2;8;23;9;2021;14;1;26;26198;2;3;1;3;44,5455040000;4,7406690000;4;2;1;0;1;1;1;0;1;50;3;Blessé léger
202100016964;171 301;7;0;2;2;22;1;227 097;2;2;1;1;2005.0;2;1;24;9;2021;08;1;25;25056;2;1;1;6;47,2475300000;6,0377900000;4;2;2;2;2;1;1;0;5;50;4;Indemne
202100016964;171 301;7;0;2;2;22;1;227 098;1;1;1;2;1978.0;2;1;24;9;2021;08;1;25;25056;2;1;1;6;47,2475300000;6,0377900000;4;2;2;2;2;1;1;0;5;50;4;Indemne
202100016964;171 302;1;1;0;1;26;5;227 099;1;1;4;1;1966.0;1;8;24;9;2021;08;1;25;25056;2;1;1;6;47,2475300000;6,0377900000;4;2;2;2;2;1;1;0;5;50;4;Blessé léger
202100016965;171 299;1;0;2;8;26;5;227 095;1;1;4;2;2007.0;2;8;24;9;2021;16;1;17;17291;1;1;1;3;46,1776000000; -1,1136000000;4;2;2;0;2;1;1;0;1;50;4;Blessé léger
202100016965;171 300;7;0;9;8;26;3;227 096;1;1;1;1;1979.0;5;1;24;9;2021;16;1;17;17291;1;1;1;3;46,1776000000; -1,1136000000;4;2;2;0;2;1;1;0;1;50;4;Indemne
202100016966;171 295;1;0;2;8;1;0;227 091;1;1;4;1;1955.0;5;2;22;9;2021;16;1;14;14487;2;1;1;6;49,1924700000;0,2224900000;4;2;2;0;1;1;1;0;1;50;2;Blessé léger
202100016966;171 296;7;0;2;7;17;1;227 092;1;1;1;1;1993.0;5;1;22;9;2021;16;1;14;14487;2;1;1;6;49,1924700000;0,2224900000;4;2;2;0;1;1;1;0;1;50;2;Indemne
202100016968;171 291;1;0;2;7;25;0;227 087;1;1;4;1;1997.0;0;0;24;9;2021;18;1;14;14118;2;1;1;3;49,1767400000; -0,3544800000;4;2;3;0;1;1;1;9;8;50;4;Blessé léger
202100016968;171 292;7;0;2;3;19;1;227 088;1;1;1;2;2000.0;5;1;24;9;2021;18;1;14;14118;2;1;1;3;49,1767400000; -0,3544800000;4;2;3;0;1;1;1;9;8;50;4;Indemne
202100016972;171 282;1;0;2;1;5;5;227 078;1;1;4;1;2005.0;0;0;22;9;2021;17;1;14;14118;2;9;1;3;49,1907200000; -0,3759000000;4;1;2;1;1;1;1;0;5;50;2;Blessé léger
202100016972;171 283;7;0;2;3;16;1;227 079;1;1;1;2;1998.0;0;1;22;9;2021;17;1;14;14118;2;9;1;3;49,1907200000; -0,3759000000;4;1;2;1;1;1;1;0;5;50;2;Indemne
202100017016;171 199;31;0;2;1;15;1;226 981;1;1;4;1;1982.0;1;2;22;9;2021;09;1;75;75107;2;4;1;3;48,8534018494;2,3095683656;4;2;2;0;1;1;1;0;1;30;2;Blessé léger
202100017016;171 200;1;0;2;1;1;5;226 982;1;1;3;1;1974.0;1;2;22;9;2021;09;1;75;75107;2;4;1;3;48,8534018494;2,3095683656;4;2;2;0;1;1;1;0;1;30;2;Blessé hospitalisé
202100017020;171 195;1;0;0;1;1;5;226 970;1;1;3;1;1979.0;5;2;23;9;2021;10;1;75;75113;2;3;1;7;48,8234010000;2,3750320000;4;3;2;1;2;1;1;0;5;30;3;Blessé hospitalisé
202100017021;171 193;33;0;2;1;1;1;226 968;1;1;1;1;1963.0;1;2;25;9;2021;19;5;75;75119;2;2;1;3;48,8987210000;2,3710410000;4;3;3;1;2;1;1;0;5;30;5;Indemne
202100017021;171 194;1;0;2;6;1;5;226 969;1;1;4;1;1981.0;5;2;25;9;2021;19;5;75;75119;2;2;1;3;48,8987210000;2,3710410000;4;3;3;1;2;1;1;0;5;30;5;Blessé léger
202100017038;171 166;1;0;1;1;1;5;226 933;10;3;4;2;1951.0;5;0;23;9;2021;10;1;75;75115;2;3;1;6;48,8408930000;2,3058730000;4;2;4;1;1;1;1;0;5;30;3;Blessé léger
202100017038;171 166;1;0;1;1;1;5;226 934;1;1;1;1;1994.0;9;2;23;9;2021;10;1;75;75115;2;3;1;6;48,8408930000;2,3058730000;4;2;4;1;1;1;1;0;5;30;3;Indemne
202100017044;171 159;1;0;1;1;1;5;226 923;1;1;1;1;1970.0;1;2;24;9;2021;20;5;75;75114;2;4;1;6;48,8410390000;2,3215540000;4;3;3;0;2;3;1;0;1;50;4;Indemne
202100017044;171 159;1;0;1;1;1;5;226 924;10;3;4;2;1990.0;5;0;24;9;2021;20;5;75;75114;2;4;1;6;48,8410390000;2,3215540000;4;3;3;0;2;3;1;0;1;50;4;Blessé léger
202100017047;171 153;1;0;2;1;13;5;226 917;1;1;4;1;1986.0;5;8;23;9;2021;21;5;75;75114;2;1;1;1;48,8323754823;2,3109386134;4;1;3;1;1;1;1;0;5;30;3;Blessé léger
202100017047;171 154;50;0;2;1;1;3;226 918;1;1;1;1;1996.0;5;8;23;9;2021;21;5;75;75114;2;1;1;1;48,8323754823;2,3109386134;4;1;3;1;1;1;1;0;5;30;3;Indemne
202100017051;171 146;7;0;2;3;22;1;226 909;1;1;1;1;1960.0;9;0;23;9;2021;14;1;75;75113;2;3;1;3;48,8180450000;2,3627840000;4;1;1;0;1;1;1;0;1;30;3;Indemne
202100017051;171 147;80;0;2;1;1;3;226 910;1;1;4;2;1980.0;9;2;23;9;2021;14;1;75;75113;2;3;1;3;48,8180450000;2,3627840000;4;1;1;0;1;1;1;0;1;30;3;Blessé léger
202100017058;171 134;7;0;2;3;15;1;226 895;1;1;1;2;1967.0;9;1;24;9;2021;17;1;75;75115;2;3;1;3;48,8412870000;2,2982140000;4;2;3;0;1;1;1;0;1;30;4;Indemne
202100017058;171 135;1;0;2;1;5;5;226 896;1;1;4;1;1985.0;9;2;24;9;2021;17;1;75;75115;2;3;1;3;48,8412870000;2,2982140000;4;2;3;0;1;1;1;0;1;30;4;Blessé léger
202100017059;171 132;1;0;2;1;1;5;226 893;1;1;4;1;1969.0;9;2;24;9;2021;13;1;75;75111;2;2;1;3;48,8615760000;2,3825880000;4;1;1;0;1;1;1;0;1;30;4;Blessé léger
202100017059;171 133;7;0;2;1;5;2;226 894;1;1;1;1;1963.0;9;1;24;9;2021;13;1;75;75111;2;2;1;3;48,8615760000;2,3825880000;4;1;1;0;1;1;1;0;1;30;4;Indemne
202100017060;171 130;10;0;2;3;22;1;226 891;1;1;1;1;1970.0;1;1;24;9;2021;11;1;75;75120;2;4;1;3;48,8710702175;2,3930613193;4;2;3;0;2;1;1;0;1;30;4;Indemne
202100017060;171 131;1;0;2;1;1;5;226 892;1;1;4;1;1983.0;1;2;24;9;2021;11;1;75;75120;2;4;1;3;48,8710702175;2,3930613193;4;2;3;0;2;1;1;0;1;30;4;Blessé léger
202100017067;171 118;1;0;1;1;1;5;226 871;10;3;4;2;1967.0;1;0;24;9;2021;08;1;75;75109;2;2;1;6;48,8741790000;2,3269620000;4;2;5;1;1;1;1;0;5;30;4;Blessé léger
202100017067;171 118;1;0;1;1;1;5;226 872;1;1;1;1;1970.0;1;2;24;9;2021;08;1;75;75109;2;2;1;6;48,8741790000;2,3269620000;4;2;5;1;1;1;1;0;5;30;4;Indemne
202100017069;171 115;10;0;2;8;22;1;226 867;1;1;1;1;1982.0;4;1;23;9;2021;06;2;75;75109;2;1;1;3;48,8817220000;2,3476130000;4;2;2;1;1;1;1;0;5;30;3;Indemne
202100017069;171 116;1;0;2;1;1;5;226 868;1;1;4;1;1992.0;1;2;23;9;2021;06;2;75;75109;2;1;1;3;48,8817220000;2,3476130000;4;2;2;1;1;1;1;0;5;30;3;Blessé léger
202100017072;171 111;80;12;2;1;13;3;226 863;1;1;4;2;1965.0;5;2;23;9;2021;20;5;75;75108;2;7;1;6;48,8688656098;2,3099139776;4;2;8;1;2;1;1;0;5;50;3;Blessé léger
202100017075;171 106;80;0;1;3;1;3;226 857;1;1;1;2;1996.0;9;2;23;9;2021;17;1;75;75107;2;3;9;6;48,8564380000;2,3265480000;4;2;2;0;1;1;1;0;1;30;3;Indemne
202100017075;171 106;80;0;1;3;1;3;226 858;10;3;4;2;1998.0;9;0;23;9;2021;17;1;75;75107;2;3;9;6;48,8564380000;2,3265480000;4;2;2;0;1;1;1;0;1;30;3;Blessé léger
202100017076;171 104;1;0;2;7;9;5;226 855;1;1;1;1;1981.0;1;2;23;9;2021;09;1;75;75114;2;4;1;3;48,8274472158;2,3050528765;4;2;3;1;2;1;1;0;5;30;3;Indemne
202100017076;171 105;80;0;2;7;1;3;226 856;1;1;4;2;1960.0;1;2;23;9;2021;09;1;75;75114;2;4;1;3;48,8274472158;2,3050528765;4;2;3;1;2;1;1;0;5;30;3;Blessé léger
202100017082;171 096;1;0;1;1;1;5;226 845;10;3;4;1;2007.0;2;0;24;9;2021;13;1;94;94067;2;1;1;6;48,8479236759;2,4177110195;4;2;2;0;1;1;1;0;1;50;4;Blessé léger
202100017082;171 096;1;0;1;1;1;5;226 846;1;1;4;1;1977.0;5;2;24;9;2021;13;1;94;94067;2;1;1;6;48,8479236759;2,4177110195;4;2;2;0;1;1;1;0;1;50;4;Blessé léger
202100017103;171 058;10;0;2;3;2;0;226 800;1;1;1;1;1998.0;4;1;24;9;2021;17;1;94;94055;2;1;1;2;48,7900000000;2,5500000000;3;2;2;0;1;1;1;0;1;50;4;Indemne
202100017103;171 059;1;0;2;4;2;5;226 801;1;1;4;1;1961.0;1;0;24;9;2021;17;1;94;94055;2;1;1;2;48,7900000000;2,5500000000;3;2;2;0;1;1;1;0;1;50;4;Blessé léger
202100017107;171 051;7;0;2;7;1;1;226 792;1;1;1;1;1951.0;3;1;24;9;2021;10;1;94;94017;2;1;1;3;48,8086600000;2,5507100000;3;3;2;1;1;1;1;0;5;50;4;Indemne
202100017107;171 052;1;0;2;1;13;5;226 793;1;1;4;1;1941.0;5;0;24;9;2021;10;1;94;94017;2;1;1;3;48,8086600000;2,5507100000;3;3;2;1;1;1;1;0;5;50;4;Blessé léger
202100017112;171 043;7;0;2;3;15;1;226 781;1;1;1;1;1978.0;5;1;25;9;2021;10;1;93;93078;2;2;1;3;48,9554200000;2,5528500000;4;2;2;0;1;1;1;5;1;50;5;Indemne
202100017112;171 044;1;0;2;8;0;5;226 782;1;1;4;1;1946.0;5;2;25;9;2021;10;1;93;93078;2;2;1;3;48,9554200000;2,5528500000;4;2;2;0;1;1;1;5;1;50;5;Blessé léger
202100017127;171 022;80;0;2;7;1;3;226 750;1;1;4;1;1937.0;5;8;23;9;2021;14;1;93;93029;2;1;1;3;48,9226869616;2,4472260475;3;2;4;0;1;1;1;8;1;50;3;Blessé léger
202100017127;171 023;13;3;0;7;26;1;226 751;1;1;1;1;1985.0;4;8;23;9;2021;14;1;93;93029;2;1;1;3;48,9226869616;2,4472260475;3;2;4;0;1;1;1;8;1;50;3;Indemne
202100017138;171 003;1;0;2;4;11;0;226 727;1;1;1;1;1997.0;2;8;23;9;2021;17;1;92;92073;2;1;1;2;48,8704690000;2,2319200000;3;1;2;0;1;1;1;0;1;50;3;Indemne
202100017138;171 004;32;0;2;1;1;1;226 728;1;1;4;1;1971.0;1;2;23;9;2021;17;1;92;92073;2;1;1;2;48,8704690000;2,2319200000;3;1;2;0;1;1;1;0;1;50;3;Blessé léger
202100017164;170 958;1;0;2;8;1;5;226 673;1;1;4;1;1969.0;5;2;26;9;2021;17;1;31;31573;1;1;1;3;43,6855640000;1,6704800000;3;2;2;0;2;1;1;0;1;80;6;Blessé léger
202100017164;170 959;7;0;2;7;21;1;226 674;1;1;1;1;1992.0;5;8;26;9;2021;17;1;31;31573;1;1;1;3;43,6855640000;1,6704800000;3;2;2;0;2;1;1;0;1;80;6;Indemne
202100017168;170 944;7;0;2;2;17;1;226 653;1;1;4;1;1967.0;3;1;25;9;2021;09;1;88;88106;1;1;1;5;48,1834710000;6,9760500000;3;2;2;0;1;3;1;0;1;80;5;Blessé léger
202100017168;170 945;1;0;2;1;1;5;226 654;1;1;3;1;1984.0;5;2;25;9;2021;09;1;88;88106;1;1;1;5;48,1834710000;6,9760500000;3;2;2;0;1;3;1;0;1;80;5;Blessé hospitalisé
202100017168;170 946;1;0;0;0;1;5;226 655;1;1;4;1;1972.0;5;2;25;9;2021;09;1;88;88106;1;1;1;5;48,1834710000;6,9760500000;3;2;2;0;1;3;1;0;1;80;5;Blessé léger
202100017168;170 947;1;0;0;0;1;5;226 656;1;1;4;1;1975.0;5;2;25;9;2021;09;1;88;88106;1;1;1;5;48,1834710000;6,9760500000;3;2;2;0;1;3;1;0;1;80;5;Blessé léger
202100017168;170 948;1;0;2;1;1;5;226 657;1;1;3;1;1977.0;5;2;25;9;2021;09;1;88;88106;1;1;1;5;48,1834710000;6,9760500000;3;2;2;0;1;3;1;0;1;80;5;Blessé hospitalisé
202100017168;170 949;1;0;0;0;1;5;226 658;1;1;1;1;1979.0;5;2;25;9;2021;09;1;88;88106;1;1;1;5;48,1834710000;6,9760500000;3;2;2;0;1;3;1;0;1;80;5;Indemne
202100017168;170 950;1;0;0;0;1;5;226 659;1;1;1;1;1983.0;5;6;25;9;2021;09;1;88;88106;1;1;1;5;48,1834710000;6,9760500000;3;2;2;0;1;3;1;0;1;80;5;Indemne
202100017168;170 951;1;0;0;0;1;5;226 660;1;1;1;1;1963.0;5;2;25;9;2021;09;1;88;88106;1;1;1;5;48,1834710000;6,9760500000;3;2;2;0;1;3;1;0;1;80;5;Indemne
202100017168;170 952;7;0;0;0;1;1;226 661;1;1;1;1;1976.0;5;1;25;9;2021;09;1;88;88106;1;1;1;5;48,1834710000;6,9760500000;3;2;2;0;1;3;1;0;1;80;5;Indemne
202100017192;170 903;1;0;2;8;1;5;226 588;1;1;3;1;1982.0;5;2;23;8;2021;17;1;74;74088;1;3;1;3;46,0542630000;6,0865440000;3;2;2;0;1;1;1;0;1;70;0;Blessé hospitalisé
202100017192;170 904;7;0;9;1;1;1;226 589;1;1;1;2;1964.0;1;1;23;8;2021;17;1;74;74088;1;3;1;3;46,0542630000;6,0865440000;3;2;2;0;1;1;1;0;1;70;0;Indemne
202100017224;170 858;80;0;2;3;1;3;226 529;1;1;3;1;1969.0;5;0;26;9;2021;10;1;35;35277;2;1;1;3;48,1143480000; -2,0661750000;4;2;2;0;1;4;1;0;1;50;6;Blessé hospitalisé
202100017224;170 859;7;0;2;3;1;1;226 530;1;1;1;1;1947.0;5;1;26;9;2021;10;1;35;35277;2;1;1;3;48,1143480000; -2,0661750000;4;2;2;0;1;4;1;0;1;50;6;Indemne
202100017226;170 854;80;0;2;2;1;3;226 525;1;1;4;2;1958.0;4;0;23;9;2021;18;1;29;29260;2;6;1;7;48,4353170000; -4,6186540000;4;2;2;0;1;2;1;5;1;50;3;Blessé léger
202100017226;170 855;7;0;2;3;9;1;226 526;1;1;1;1;1947.0;5;1;23;9;2021;18;1;29;29260;2;6;1;7;48,4353170000; -4,6186540000;4;2;2;0;1;2;1;5;1;50;3;Indemne
202100017227;170 852;1;0;2;7;1;5;226 523;1;1;3;1;1956.0;5;2;3;9;2021;13;1;31;31182;1;2;1;3;43,6675030000;1,4102890000;7;4;2;0;3;1;1;9;1;30;4;Blessé hospitalisé
202100017227;170 853;7;0;2;1;1;1;226 524;1;1;1;1;1983.0;4;1;3;9;2021;13;1;31;31182;1;2;1;3;43,6675030000;1,4102890000;7;4;2;0;3;1;1;9;1;30;4;Indemne
202100017237;170 835;80;0;0;0;0;3;226 498;1;1;2;1;1933.0;5;2;24;9;2021;14;1;26;26188;2;1;1;7;44,2352030000;5,1885130000;4;2;2;0;2;1;1;0;1;50;4;Tué
202100017242;170 827;80;0;2;1;1;3;226 490;1;1;4;1;1962.0;1;2;24;9;2021;08;1;58;58303;2;6;1;3;47,0160490000;3,1490370000;3;2;2;0;1;1;1;0;1;50;4;Blessé léger
202100017242;170 828;10;0;2;3;9;1;226 491;1;1;1;1;1969.0;1;1;24;9;2021;08;1;58;58303;2;6;1;3;47,0160490000;3,1490370000;3;2;2;0;1;1;1;0;1;50;4;Indemne
202100017319;170 693;1;0;2;7;1;5;226 301;1;1;3;2;1952.0;5;0;25;9;2021;09;1;44;44066;1;2;1;3;47,3737060000; -1,6049700000;3;2;2;0;1;1;1;5;1;80;5;Blessé hospitalisé
202100017319;170 694;7;0;9;2;15;1;226 302;1;1;1;2;1972.0;5;1;25;9;2021;09;1;44;44066;1;2;1;3;47,3737060000; -1,6049700000;3;2;2;0;1;1;1;5;1;80;5;Indemne