Num_Acc;id_vehicule;catv;obs;obsm;choc;manv;motor;id_usager;place;catu;grav;sexe;an_nais;trajet;secu1;jour;mois;an;hrmn;lum;dep;com;agg;int;atm;col;lat;long;catr;circ;nbv;vosp;prof;plan;surf;infra;situ;vma;day_of_week;gravity
202100018170;169 131;1;1;1;1;1;5;224 262;10;3;4;2;1940.0;5;0;18;9;2021;16;1;75;75120;2;1;1;6;48,8482520000;2,4008000000;4;1;1;0;1;1;1;0;1;30;5;Blessé léger
202100018174;169 124;30;0;2;3;15;1;224 253;1;1;1;1;1994.0;4;2;18;9;2021;19;2;75;75113;2;3;1;3;48,8328610000;2,3555400000;4;2;2;1;1;1;1;0;5;30;5;Indemne
202100018174;169 125;1;0;2;3;1;5;224 254;1;1;4;2;1980.0;5;2;18;9;2021;19;2;75;75113;2;3;1;3;48,8328610000;2,3555400000;4;2;2;1;1;1;1;0;5;30;5;Blessé léger
202100018181;169 113;1;0;2;2;1;5;224 238;1;1;4;1;1992.0;9;8;17;9;2021;20;5;75;75109;2;3;1;3;48,8760090000;2,3445160000;4;1;2;0;1;1;1;0;1;30;4;Blessé léger
202100018181;169 114;7;0;2;2;16;2;224 239;1;1;1;1;1991.0;4;1;17;9;2021;20;5;75;75109;2;3;1;3;48,8760090000;2,3445160000;4;1;2;0;1;1;1;0;1;30;4;Indemne
202100018190;169 094;1;0;2;1;1;5;224 212;1;1;4;1;1980.0;5;2;18;9;2021;09;1;94;94048;2;1;1;1;48,7382350000;2,5535100000;4;2;2;0;1;1;1;0;1;50;5;Blessé léger
202100018190;169 095;7;0;9;3;17;1;224 213;1;1;1;1;1983.0;5;1;18;9;2021;09;1;94;94048;2;1;1;1;48,7382350000;2,5535100000;4;2;2;0;1;1;1;0;1;50;5;Indemne
202100018191;169 092;1;0;2;1;1;5;224 210;1;1;3;2;1988.0;5;8;18;9;2021;11;1;93;93053;2;2;1;3;48,8990430000;2,4710110000;3;2;2;0;1;1;1;0;1;50;5;Blessé hospitalisé
202100018191;169 093;7;0;9;7;15;1;224 211;1;1;1;1;1984.0;5;1;18;9;2021;11;1;93;93053;2;2;1;3;48,8990430000;2,4710110000;3;2;2;0;1;1;1;0;1;50;5;Indemne
202100018198;169 081;1;0;2;1;9;5;224 196;1;1;3;1;1966.0;5;8;18;9;2021;16;1;92;92026;2;6;1;3;48,8934401631;2,2521248460;4;2;2;0;1;1;1;5;1;50;5;Blessé hospitalisé
202100018198;169 082;7;0;2;2;0;1;224 197;1;1;1;1;1985.0;0;1;18;9;2021;16;1;92;92026;2;6;1;3;48,8934401631;2,2521248460;4;2;2;0;1;1;1;5;1;50;5;Indemne
202100018237;169 008;1;0;2;1;2;5;224 104;1;1;4;2;1961.0;5;2;18;9;2021;09;1;56;56140;1;1;5;4;47,9367590000; -2,8090050000;3;2;2;0;4;3;2;0;1;80;5;Blessé léger
202100018237;169 009;1;0;2;1;2;5;224 105;1;1;4;1;1944.0;5;2;18;9;2021;09;1;56;56140;1;1;5;4;47,9367590000; -2,8090050000;3;2;2;0;4;3;2;0;1;80;5;Blessé léger
202100018237;169 010;1;0;2;4;1;5;224 106;1;1;3;2;1958.0;5;2;18;9;2021;09;1;56;56140;1;1;5;4;47,9367590000; -2,8090050000;3;2;2;0;4;3;2;0;1;80;5;Blessé hospitalisé
202100018246;168 998;1;12;0;1;1;5;224 089;1;1;2;1;1969.0;5;2;19;9;2021;11;1;44;44028;2;1;1;7;47,3180150000; -1,3469530000;3;2;2;0;2;1;1;0;1;30;6;Tué
202100018259;168 980;7;0;9;3;26;1;224 060;1;1;1;1;1993.0;5;1;19;9;2021;14;1;06;06018;2;9;1;3;43,6266750000;7,0955030000;3;2;2;0;2;2;1;0;1;30;6;Indemne
202100018259;168 981;1;0;2;1;1;5;224 061;1;1;3;1;1971.0;5;2;19;9;2021;14;1;06;06018;2;9;1;3;43,6266750000;7,0955030000;3;2;2;0;2;2;1;0;1;30;6;Blessé hospitalisé
202100018275;168 956;1;0;1;1;1;5;224 022;10;3;3;1;1936.0;5;0;18;9;2021;10;1;26;26220;2;1;1;6;44,3623880000;5,1291680000;3;2;2;0;2;1;1;0;1;50;5;Blessé hospitalisé
202100018275;168 956;1;0;1;1;1;5;224 023;1;1;1;1;1943.0;5;2;18;9;2021;10;1;26;26220;2;1;1;6;44,3623880000;5,1291680000;3;2;2;0;2;1;1;0;1;50;5;Indemne
202100018296;168 919;1;0;9;2;0;0;223 974;1;1;1;1;1996.0;0;8;17;9;2021;18;1;69;69387;2;1;1;3;45,7482203943;4,8324286938;4;2;4;1;1;1;1;0;5;50;4;Indemne
202100018296;168 920;60;0;9;8;13;5;223 975;1;1;4;1;1992.0;0;8;17;9;2021;18;1;69;69387;2;1;1;3;45,7482203943;4,8324286938;4;2;4;1;1;1;1;0;5;50;4;Blessé léger
202100018297;168 917;1;0;2;8;1;0;223 972;1;1;4;1;1990.0;5;8;17;9;2021;18;1;69;69386;2;2;1;3;45,7662200000;4,8591700000;4;2;4;3;1;1;1;0;5;50;4;Blessé léger
202100018297;168 918;7;0;9;1;15;1;223 973;1;1;1;1;1957.0;9;1;17;9;2021;18;1;69;69386;2;2;1;3;45,7662200000;4,8591700000;4;2;4;3;1;1;1;0;5;50;4;Indemne
202100018298;168 915;1;0;9;4;21;5;223 970;1;1;1;1;1953.0;5;8;17;9;2021;11;1;69;69383;2;2;1;3;45,7562808854;4,8402830539;4;3;5;2;1;1;1;2;1;50;4;Indemne
202100018298;168 916;50;0;2;4;19;3;223 971;1;1;4;2;1995.0;1;8;17;9;2021;11;1;69;69383;2;2;1;3;45,7562808854;4,8402830539;4;3;5;2;1;1;1;2;1;50;4;Blessé léger
202100018323;168 872;1;0;2;7;12;5;223 910;1;1;4;1;1963.0;1;8;17;9;2021;08;1;67;67482;2;1;1;2;48,5838440065;7,7585437149;4;3;3;1;2;1;1;0;1;50;4;Blessé léger
202100018323;168 873;1;0;2;8;18;5;223 911;1;1;1;2;1967.0;0;8;17;9;2021;08;1;67;67482;2;1;1;2;48,5838440065;7,7585437149;4;3;3;1;2;1;1;0;1;50;4;Indemne
202100018341;168 841;1;0;2;2;5;5;223 870;1;1;4;1;1987.0;5;2;15;9;2021;16;1;56;56121;2;6;1;3;47,7413200000; -3,3731900000;4;1;1;0;1;2;1;5;1;30;2;Blessé léger
202100018341;168 842;7;0;2;3;1;1;223 871;1;1;1;2;1944.0;5;1;15;9;2021;16;1;56;56121;2;6;1;3;47,7413200000; -3,3731900000;4;1;1;0;1;2;1;5;1;30;2;Indemne
202100018342;168 839;1;0;2;7;19;5;223 868;1;1;4;1;2005.0;0;0;14;9;2021;18;1;56;56162;2;1;1;3;47,7342000000; -3,4328300000;3;2;2;0;1;1;1;0;1;30;1;Blessé léger
202100018342;168 840;7;0;2;1;1;1;223 869;1;1;1;2;1985.0;0;1;14;9;2021;18;1;56;56162;2;1;1;3;47,7342000000; -3,4328300000;3;2;2;0;1;1;1;0;1;30;1;Indemne
202100018353;168 819;1;0;2;0;11;5;223 840;1;1;3;1;1989.0;0;8;17;9;2021;19;2;44;44109;2;1;1;2;47,2042600000; -1,5523700000;4;2;2;2;1;1;1;0;1;30;4;Blessé hospitalisé
202100018353;168 820;10;0;2;0;1;1;223 841;1;1;1;1;1988.0;0;1;17;9;2021;19;2;44;44109;2;1;1;2;47,2042600000; -1,5523700000;4;2;2;2;1;1;1;0;1;30;4;Indemne
202100018354;168 817;1;0;2;4;26;5;223 838;1;1;4;2;1981.0;1;2;17;9;2021;09;1;44;44162;2;1;1;2;47,2108700000; -1,6257900000;7;2;2;3;1;3;1;0;1;50;4;Blessé léger
202100018354;168 818;7;0;2;1;16;1;223 839;1;1;1;2;1965.0;4;1;17;9;2021;09;1;44;44162;2;1;1;2;47,2108700000; -1,6257900000;7;2;2;3;1;3;1;0;1;50;4;Indemne
202100018356;168 814;1;12;0;7;1;5;223 833;1;1;3;1;2004.0;5;8;16;9;2021;19;2;37;37261;2;1;1;7;47,3615200000;0,7084600000;4;2;2;0;2;1;1;0;1;50;3;Blessé hospitalisé
202100018357;168 812;7;0;2;3;5;1;223 831;1;1;1;1;1988.0;5;1;16;9;2021;14;1;37;37261;2;1;1;6;47,3610013435;0,6970397200;4;3;4;2;2;2;1;0;5;50;3;Indemne
202100018357;168 813;1;0;2;1;8;5;223 832;1;1;4;1;1997.0;1;8;16;9;2021;14;1;37;37261;2;1;1;6;47,3610013435;0,6970397200;4;3;4;2;2;2;1;0;5;50;3;Blessé léger
202100018369;168 793;7;0;9;5;16;1;223 807;1;1;1;2;1989.0;3;1;4;9;2021;13;1;28;28085;2;3;1;2;48,4466000000;1,5210300000;4;2;2;0;1;1;1;0;1;30;5;Indemne
202100018369;168 794;1;0;2;1;1;5;223 808;1;1;4;1;1949.0;5;8;4;9;2021;13;1;28;28085;2;3;1;2;48,4466000000;1,5210300000;4;2;2;0;1;1;1;0;1;30;5;Blessé léger
202100018372;168 786;7;0;9;7;1;1;223 799;1;1;1;2;2001.0;5;1;17;9;2021;17;1;25;25462;2;3;1;3;46,9179000000;6,3435600000;4;1;2;0;1;1;1;0;1;50;4;Indemne
202100018372;168 787;1;0;2;0;2;5;223 800;1;1;4;1;1934.0;5;8;17;9;2021;17;1;25;25462;2;3;1;3;46,9179000000;6,3435600000;4;1;2;0;1;1;1;0;1;50;4;Blessé léger
202100018378;168 773;7;1;0;8;22;1;223 782;1;1;1;1;1994.0;5;1;16;9;2021;21;5;14;14118;2;1;1;3;49,1822500000; -0,3596600000;4;2;2;0;1;1;1;0;1;50;3;Indemne
202100018378;168 774;1;1;0;1;26;5;223 783;1;1;4;1;1987.0;0;8;16;9;2021;21;5;14;14118;2;1;1;3;49,1822500000; -0,3596600000;4;2;2;0;1;1;1;0;1;50;3;Blessé léger
202100018397;168 740;33;0;2;1;1;1;223 739;1;1;1;1;1959.0;9;2;17;9;2021;20;5;75;75119;2;4;1;1;48,8831040000;2,3880620000;4;1;1;0;2;1;1;0;1;30;4;Indemne
202100018397;168 741;1;0;2;1;5;5;223 740;1;1;4;1;1989.0;9;8;17;9;2021;20;5;75;75119;2;4;1;1;48,8831040000;2,3880620000;4;1;1;0;2;1;1;0;1;30;4;Blessé léger
202100018399;168 737;7;0;2;3;13;1;223 734;1;1;1;1;1960.0;5;1;17;9;2021;20;5;75;75117;2;3;1;3;48,8845370000;2,3269830000;4;2;2;1;1;1;1;0;5;30;4;Indemne
202100018399;168 738;1;0;0;5;1;5;223 735;1;1;4;1;1995.0;5;8;17;9;2021;20;5;75;75117;2;3;1;3;48,8845370000;2,3269830000;4;2;2;1;1;1;1;0;5;30;4;Blessé léger
202100018404;168 728;1;0;2;7;5;5;223 724;1;1;4;1;2005.0;5;2;16;9;2021;13;1;75;75116;2;4;1;1;48,8395749791;2,2626918162;4;1;3;3;1;1;1;0;6;30;3;Blessé léger
202100018404;168 729;33;0;2;2;1;1;223 725;1;1;1;1;2002.0;2;2;16;9;2021;13;1;75;75116;2;4;1;1;48,8395749791;2,2626918162;4;1;3;3;1;1;1;0;6;30;3;Indemne
202100018408;168 720;2;0;2;2;1;1;223 713;1;1;4;1;1999.0;9;2;17;9;2021;15;1;75;75111;2;2;1;3;48,8506690000;2,3944930000;4;2;0;2;1;1;1;0;5;30;4;Blessé léger
202100018408;168 721;1;0;2;1;1;5;223 714;1;1;1;1;2000.0;9;8;17;9;2021;15;1;75;75111;2;2;1;3;48,8506690000;2,3944930000;4;2;0;2;1;1;1;0;5;30;4;Indemne
202100018442;168 662;3;0;2;2;26;1;223 640;1;1;1;1;1969.0;1;1;14;9;2021;09;1;92;92025;2;1;2;1;48,9130550000;2,2354290000;4;1;3;1;1;1;2;0;5;50;1;Indemne
202100018442;168 663;1;0;2;7;1;5;223 641;2;1;4;2;1991.0;0;8;14;9;2021;09;1;92;92025;2;1;2;1;48,9130550000;2,2354290000;4;1;3;1;1;1;2;0;5;50;1;Blessé léger
202100018456;168 640;1;0;0;0;0;5;223 607;1;1;2;1;1950.0;5;2;18;9;2021;09;1;2B;2B299;1;1;1;7;42,4269007220;9,4297109799;3;2;2;0;2;3;1;0;1;80;5;Tué
202100018459;168 636;1;0;0;4;2;5;223 601;1;1;2;1;2007.0;5;0;18;9;2021;01;3;86;86277;1;3;1;2;46,7730840000;0,1908020000;3;2;2;0;1;1;1;0;1;90;5;Tué
202100018459;168 637;7;0;9;1;1;1;223 602;1;1;1;1;1999.0;5;1;18;9;2021;01;3;86;86277;1;3;1;2;46,7730840000;0,1908020000;3;2;2;0;1;1;1;0;1;90;5;Indemne
202100018462;168 627;7;0;9;2;2;1;223 592;1;1;1;1;1947.0;0;1;18;9;2021;09;1;68;68349;2;6;1;3;47,5996090000;7,5769940000;3;1;1;0;1;2;1;0;1;50;5;Indemne
202100018462;168 628;1;0;0;3;2;5;223 593;1;1;4;1;1964.0;0;0;18;9;2021;09;1;68;68349;2;6;1;3;47,5996090000;7,5769940000;3;1;1;0;1;2;1;0;1;50;5;Blessé léger
202100018494;168 574;1;0;2;1;1;5;223 519;1;1;3;1;2004.0;5;0;12;9;2021;14;1;68;68334;2;1;1;3;47,8157770000;7,1061800000;4;2;2;0;2;1;1;0;1;50;6;Blessé hospitalisé
202100018494;168 575;7;0;0;8;19;1;223 520;1;1;1;2;1999.0;5;8;12;9;2021;14;1;68;68334;2;1;1;3;47,8157770000;7,1061800000;4;2;2;0;2;1;1;0;1;50;6;Indemne
202100018523;168 522;1;0;2;8;19;6;223 459;1;1;4;1;1989.0;1;2;16;9;2021;18;1;69;69387;2;2;2;3;45,7480000000;4,8390100000;4;1;1;2;1;1;2;0;1;30;3;Blessé léger
202100018523;168 523;7;0;2;1;19;1;223 460;1;1;1;2;1943.0;0;8;16;9;2021;18;1;69;69387;2;2;2;3;45,7480000000;4,8390100000;4;1;1;2;1;1;2;0;1;30;3;Indemne
202100018525;168 519;7;0;9;1;15;1;223 455;1;1;1;2;1978.0;1;1;16;9;2021;07;2;69;69259;2;4;1;3;45,7246398571;4,8540580273;4;2;4;1;1;1;1;0;5;50;3;Indemne
202100018525;168 520;1;0;2;8;1;5;223 456;1;1;4;1;1974.0;1;2;16;9;2021;07;2;69;69259;2;4;1;3;45,7246398571;4,8540580273;4;2;4;1;1;1;1;0;5;50;3;Blessé léger
202100018536;168 500;7;0;2;2;1;1;223 432;2;2;1;1;2000.0;5;1;15;9;2021;15;1;78;78358;2;2;1;3;48,9534700000;2,1506830000;4;1;1;0;1;1;1;0;1;50;2;Indemne
202100018536;168 500;7;0;2;2;1;1;223 433;1;1;1;2;2000.0;5;1;15;9;2021;15;1;78;78358;2;2;1;3;48,9534700000;2,1506830000;4;1;1;0;1;1;1;0;1;50;2;Indemne
202100018536;168 501;1;0;2;7;1;5;223 434;1;1;3;1;1962.0;0;2;15;9;2021;15;1;78;78358;2;2;1;3;48,9534700000;2,1506830000;4;1;1;0;1;1;1;0;1;50;2;Blessé hospitalisé
202100018548;168 479;1;0;2;6;1;5;223 404;1;1;4;1;1951.0;5;2;31;8;2021;15;1;69;69096;2;2;1;3;45,6044580228;4,7826039791;7;3;4;0;1;1;1;0;1;50;1;Blessé léger
202100018548;168 480;37;0;2;3;15;1;223 405;1;1;1;1;1982.0;4;8;31;8;2021;15;1;69;69096;2;2;1;3;45,6044580228;4,7826039791;7;3;4;0;1;1;1;0;1;50;1;Indemne
202100018567;168 446;1;0;0;8;1;5;223 352;1;1;4;2;1965.0;1;8;14;9;2021;11;1;56;56121;2;1;1;7;47,7561100000; -3,3912800000;4;3;2;1;2;1;1;0;5;30;1;Blessé léger
202100018576;168 430;7;0;2;5;2;1;223 332;1;1;1;1;1984.0;2;1;15;9;2021;08;1;37;37261;2;1;1;6;47,3926382075;0,6805434536;4;1;1;0;1;3;1;0;1;50;2;Indemne
202100018576;168 431;1;0;2;8;2;5;223 333;1;1;4;2;1937.0;5;2;15;9;2021;08;1;37;37261;2;1;1;6;47,3926382075;0,6805434536;4;1;1;0;1;3;1;0;1;50;2;Blessé léger
202100018583;168 417;1;0;0;0;1;5;223 316;1;1;4;1;2003.0;5;2;16;9;2021;15;1;27;27229;2;1;1;7;49,0292500000;1,1520500000;4;2;2;0;1;1;1;0;1;50;3;Blessé léger
202100018584;168 416;1;12;0;1;9;5;223 315;1;1;4;1;1956.0;5;2;14;9;2021;18;1;27;27229;2;1;8;7;49,0194800000;1,1577300000;4;1;3;0;2;3;1;0;1;50;1;Blessé léger
202100018591;168 404;7;0;2;2;15;1;223 298;1;1;1;1;2001.0;2;1;16;9;2021;08;1;17;17300;2;2;1;3;46,1409900000; -1,1534300000;4;2;2;2;1;1;1;0;1;50;3;Indemne
202100018591;168 405;1;0;2;1;1;5;223 299;1;1;4;1;2000.0;2;8;16;9;2021;08;1;17;17300;2;2;1;3;46,1409900000; -1,1534300000;4;2;2;2;1;1;1;0;1;50;3;Blessé léger
202100018604;168 382;1;0;0;0;1;5;223 266;1;1;4;2;1960.0;5;2;15;9;2021;16;1;75;75117;2;7;2;7;48,8779630000;2,2878850000;4;1;2;0;1;1;2;0;1;30;2;Blessé léger
202100018607;168 376;1;0;2;1;1;5;223 259;1;1;4;2;1984.0;5;2;15;9;2021;20;5;75;75114;2;7;8;3;48,8336970000;2,3319360000;4;1;4;0;1;1;2;0;1;30;2;Blessé léger
202100018607;168 377;10;0;2;2;16;1;223 260;1;1;1;1;1993.0;5;1;15;9;2021;20;5;75;75114;2;7;8;3;48,8336970000;2,3319360000;4;1;4;0;1;1;2;0;1;30;2;Indemne
202100018608;168 373;30;0;2;0;1;1;223 256;1;1;1;1;1987.0;4;2;16;9;2021;21;5;75;75112;2;2;1;5;48,8480921572;2,3991871743;4;3;3;0;1;1;1;0;1;30;3;Indemne
202100018608;168 374;7;0;2;4;2;1;223 257;1;1;1;1;1999.0;5;1;16;9;2021;21;5;75;75112;2;2;1;5;48,8480921572;2,3991871743;4;3;3;0;1;1;1;0;1;30;3;Indemne
202100018608;168 375;1;0;2;1;2;5;223 258;1;1;4;1;1988.0;1;2;16;9;2021;21;5;75;75112;2;2;1;5;48,8480921572;2,3991871743;4;3;3;0;1;1;1;0;1;30;3;Blessé léger
202100018616;168 361;1;0;2;0;1;5;223 241;1;1;4;1;1978.0;1;2;16;9;2021;09;1;75;75101;2;1;1;1;48,8630011016;2,3237649410;4;2;2;0;1;1;1;1;1;30;3;Blessé léger
202100018616;168 362;1;0;2;0;13;5;223 242;1;1;4;1;1985.0;1;2;16;9;2021;09;1;75;75101;2;1;1;1;48,8630011016;2,3237649410;4;2;2;0;1;1;1;1;1;30;3;Blessé léger
202100018617;168 359;80;0;0;0;0;3;223 239;1;1;4;2;1974.0;9;2;14;9;2021;17;1;94;94052;2;1;1;3;48,8408300000;2,4820800000;3;2;2;0;2;1;1;0;1;50;1;Blessé léger
202100018617;168 360;7;0;2;3;24;1;223 240;1;1;1;1;1975.0;9;1;14;9;2021;17;1;94;94052;2;1;1;3;48,8408300000;2,4820800000;3;2;2;0;2;1;1;0;1;50;1;Indemne
202100018622;168 350;7;0;2;7;1;1;223 229;1;1;1;1;1954.0;0;1;15;9;2021;16;1;93;93006;2;1;2;3;48,8700000000;2,4200000000;4;3;2;0;1;1;2;0;1;50;2;Indemne
202100018622;168 351;1;0;2;8;13;5;223 230;1;1;4;1;1967.0;0;8;15;9;2021;16;1;93;93006;2;1;2;3;48,8700000000;2,4200000000;4;3;2;0;1;1;2;0;1;50;2;Blessé léger
202100018632;168 331;1;0;2;2;13;5;223 206;1;1;3;1;1991.0;5;0;15;8;2021;17;1;974;97415;1;1;1;1; -21,0703890000;55,2866350000;4;2;1;0;2;1;1;0;1;70;6;Blessé hospitalisé
202100018632;168 332;2;0;9;2;1;1;223 207;1;1;1;1;1961.0;5;2;15;8;2021;17;1;974;97415;1;1;1;1; -21,0703890000;55,2866350000;4;2;1;0;2;1;1;0;1;70;6;Indemne
202100018641;168 317;7;0;9;1;2;1;223 190;1;1;1;1;1990.0;9;1;13;8;2021;14;1;57;57527;1;1;1;6;49,0296560000;6,2406150000;3;2;2;0;1;1;1;0;1;80;4;Indemne
202100018641;168 318;1;0;0;4;2;5;223 191;1;1;3;1;1972.0;5;2;13;8;2021;14;1;57;57527;1;1;1;6;49,0296560000;6,2406150000;3;2;2;0;1;1;1;0;1;80;4;Blessé hospitalisé
202100018646;168 309;1;0;2;8;13;5;223 180;1;1;3;1;1950.0;5;0;16;9;2021;11;1;2B;2B283;1;2;1;1;41,9057110000;9,3892870000;2;2;2;0;1;1;1;0;1;70;3;Blessé hospitalisé
202100018646;168 310;7;0;9;1;1;1;223 181;1;1;1;1;1961.0;5;1;16;9;2021;11;1;2B;2B283;1;2;1;1;41,9057110000;9,3892870000;2;2;2;0;1;1;1;0;1;70;3;Indemne
202100018655;168 294;1;0;0;0;1;5;223 163;1;1;3;2;1946.0;5;2;17;9;2021;09;1;64;64094;2;1;1;7;43,4785380000; -1,1888190000;3;2;2;0;1;1;1;0;1;50;4;Blessé hospitalisé
202100018685;168 243;1;0;2;8;19;5;223 094;1;1;3;1;1971.0;0;2;14;9;2021;06;5;33;33056;2;9;1;3;44,9271010000; -0,6349620000;4;2;2;1;1;1;1;0;1;50;1;Blessé hospitalisé
202100018685;168 244;7;0;2;3;16;1;223 095;1;1;1;2;1997.0;1;1;14;9;2021;06;5;33;33056;2;9;1;3;44,9271010000; -0,6349620000;4;2;2;1;1;1;1;0;1;50;1;Indemne
202100018718;168 179;7;0;2;3;1;1;223 019;1;1;1;1;1981.0;1;1;24;8;2021;15;1;34;34003;2;1;1;3;43,2787100000;3,4811900000;4;2;1;1;1;1;1;0;1;50;1;Indemne
202100018718;168 180;1;0;2;8;19;5;223 020;1;1;3;1;1947.0;5;0;24;8;2021;15;1;34;34003;2;1;1;3;43,2787100000;3,4811900000;4;2;1;1;1;1;1;0;1;50;1;Blessé hospitalisé
202100018729;168 161;1;0;2;3;26;5;222 992;1;1;4;1;1969.0;1;8;15;9;2021;12;1;974;97411;2;2;1;3; -20,8806800000;55,4523000000;4;2;0;0;1;1;1;0;1;30;2;Blessé léger
202100018729;168 162;37;0;9;0;0;1;222 993;9;2;1;2;1967.0;1;8;15;9;2021;12;1;974;97411;2;2;1;3; -20,8806800000;55,4523000000;4;2;0;0;1;1;1;0;1;30;2;Indemne
202100018729;168 162;37;0;9;0;0;1;222 994;2;2;1;2;1955.0;1;8;15;9;2021;12;1;974;97411;2;2;1;3; -20,8806800000;55,4523000000;4;2;0;0;1;1;1;0;1;30;2;Indemne
202100018729;168 162;37;0;9;0;0;1;222 995;2;2;1;2;2012.0;1;8;15;9;2021;12;1;974;97411;2;2;1;3; -20,8806800000;55,4523000000;4;2;0;0;1;1;1;0;1;30;2;Indemne
202100018729;168 162;37;0;9;0;0;1;222 996;1;1;1;1;1965.0;4;1;15;9;2021;12;1;974;97411;2;2;1;3; -20,8806800000;55,4523000000;4;2;0;0;1;1;1;0;1;30;2;Indemne
202100018732;168 155;15;0;2;2;16;1;222 984;1;1;1;1;2000.0;4;1;15;9;2021;11;1;69;69259;2;2;1;3;45,6895243437;4,9011415246;4;2;2;0;1;1;1;0;1;50;2;Indemne
202100018732;168 156;80;0;2;8;0;3;222 985;1;1;2;1;1963.0;5;0;15;9;2021;11;1;69;69259;2;2;1;3;45,6895243437;4,9011415246;4;2;2;0;1;1;1;0;1;50;2;Tué
202100018736;168 148;1;0;2;8;1;0;222 977;1;1;3;1;1963.0;5;2;14;9;2021;19;2;89;89387;2;3;2;2;48,2033000000;3,2682000000;3;2;3;0;1;1;2;5;1;50;1;Blessé hospitalisé
202100018736;168 149;7;0;2;2;16;1;222 978;1;1;1;2;1996.0;1;1;14;9;2021;19;2;89;89387;2;3;2;2;48,2033000000;3,2682000000;3;2;3;0;1;1;2;5;1;50;1;Indemne
202100018749;168 127;7;0;9;3;9;2;222 951;1;1;1;1;1999.0;0;1;15;9;2021;12;1;69;69266;2;6;1;3;45,7749200000;4,8885000000;4;2;2;0;1;1;1;0;1;50;2;Indemne
202100018749;168 128;1;0;2;7;1;5;222 952;1;1;4;1;1992.0;9;8;15;9;2021;12;1;69;69266;2;6;1;3;45,7749200000;4,8885000000;4;2;2;0;1;1;1;0;1;50;2;Blessé léger
202100018751;168 124;7;0;2;1;1;1;222 948;1;1;1;1;1973.0;5;1;11;9;2021;13;1;69;69091;2;1;1;1;45,5821530627;4,7718746717;4;2;2;0;2;1;1;0;1;50;5;Indemne
202100018751;168 125;1;0;2;1;26;0;222 949;1;1;4;1;2013.0;5;8;11;9;2021;13;1;69;69091;2;1;1;1;45,5821530627;4,7718746717;4;2;2;0;2;1;1;0;1;50;5;Blessé léger
202100018759;168 109;7;0;2;3;9;1;222 931;1;1;1;1;1968.0;0;1;14;9;2021;13;1;51;51454;2;2;8;3;49,2570327423;4,0358363853;4;1;1;0;1;1;2;0;1;30;1;Indemne
202100018759;168 110;80;0;2;7;1;3;222 932;1;1;4;1;1986.0;4;8;14;9;2021;13;1;51;51454;2;2;8;3;49,2570327423;4,0358363853;4;1;1;0;1;1;2;0;1;30;1;Blessé léger
202100018761;168 105;1;0;2;8;1;0;222 927;1;1;4;1;1987.0;1;0;15;9;2021;07;2;45;45234;2;2;1;3;47,9128800000;1,9124200000;4;2;2;0;1;1;2;5;1;50;2;Blessé léger
202100018761;168 106;7;0;2;3;15;1;222 928;1;1;1;1;1961.0;1;1;15;9;2021;07;2;45;45234;2;2;1;3;47,9128800000;1,9124200000;4;2;2;0;1;1;2;5;1;50;2;Indemne
202100018764;168 100;7;0;0;0;0;1;222 922;1;1;1;1;2002.0;0;1;14;9;2021;18;1;38;38185;2;1;1;3;45,1853500000;5,7317300000;7;2;4;1;1;1;1;0;1;30;1;Indemne
202100018764;168 101;1;0;2;7;19;5;222 923;1;1;4;2;1994.0;0;8;14;9;2021;18;1;38;38185;2;1;1;3;45,1853500000;5,7317300000;7;2;4;1;1;1;1;0;1;30;1;Blessé léger
202100018766;168 097;1;6;0;0;1;5;222 918;1;1;4;2;2005.0;2;8;14;9;2021;18;1;37;37214;2;1;3;7;47,4177125509;0,6655223072;4;2;5;1;1;1;3;0;5;50;1;Blessé léger
202100018767;168 096;1;0;1;1;14;5;222 916;10;3;4;2;1937.0;5;0;14;9;2021;17;1;37;37208;2;1;2;6;47,3568008070;0,7348491758;4;2;2;1;1;1;2;0;5;50;1;Blessé léger
202100018767;168 096;1;0;1;1;14;5;222 917;1;1;1;1;1997.0;5;8;14;9;2021;17;1;37;37208;2;1;2;6;47,3568008070;0,7348491758;4;2;2;1;1;1;2;0;5;50;1;Indemne
202100018776;168 079;7;0;2;2;26;1;222 897;1;1;1;1;1951.0;0;1;15;9;2021;13;1;33;33529;1;9;1;3;44,6466200000; -1,1583300000;3;2;1;0;1;1;1;0;1;50;2;Indemne
202100018776;168 080;1;0;2;2;26;0;222 898;1;1;4;2;2005.0;0;2;15;9;2021;13;1;33;33529;1;9;1;3;44,6466200000; -1,1583300000;3;2;1;0;1;1;1;0;1;50;2;Blessé léger
202100018780;168 071;7;0;2;3;9;1;222 886;1;1;1;2;1971.0;1;1;15;9;2021;08;1;17;17300;2;3;1;1;46,1503600000; -1,1461200000;4;4;2;1;2;1;1;0;1;50;2;Indemne
202100018780;168 072;1;0;2;1;1;5;222 887;1;1;4;1;1964.0;5;2;15;9;2021;08;1;17;17300;2;3;1;1;46,1503600000; -1,1461200000;4;4;2;1;2;1;1;0;1;50;2;Blessé léger
202100018804;168 032;1;0;2;8;15;5;222 833;1;1;4;2;1984.0;1;2;15;9;2021;08;1;75;75111;2;2;2;3;48,8651680000;2,3677590000;4;2;4;0;1;1;2;0;1;30;2;Blessé léger
202100018804;168 033;33;0;2;1;1;1;222 834;1;1;1;2;1988.0;1;2;15;9;2021;08;1;75;75111;2;2;2;3;48,8651680000;2,3677590000;4;2;4;0;1;1;2;0;1;30;2;Indemne