Num_Acc;id_vehicule;catv;obs;obsm;choc;manv;motor;id_usager;place;catu;grav;sexe;an_nais;trajet;secu1;jour;mois;an;hrmn;lum;dep;com;agg;int;atm;col;lat;long;catr;circ;nbv;vosp;prof;plan;surf;infra;situ;vma;day_of_week;gravity
202100018810;168 020;7;0;2;4;23;1;222 820;1;1;1;1;1989.0;5;1;15;9;2021;19;1;94;94018;2;1;1;2;48,8293200000;2,4015200000;3;2;4;0;1;1;1;2;1;50;2;Indemne
202100018810;168 021;1;0;2;1;1;5;222 821;1;1;4;1;1963.0;1;0;15;9;2021;19;1;94;94018;2;1;1;2;48,8293200000;2,4015200000;3;2;4;0;1;1;1;2;1;50;2;Blessé léger
202100018829;167 990;1;1;0;1;1;5;222 780;1;1;4;1;2000.0;4;8;15;9;2021;10;1;92;92012;2;1;2;6;48,8395842338;2,2413207911;3;3;4;0;1;1;2;0;1;50;2;Blessé léger
202100018835;167 979;7;0;9;8;1;1;222 761;1;1;1;1;1975.0;0;1;10;9;2021;20;5;60;60203;2;1;1;3;49,2348172430;2,8556446200;3;2;2;0;1;1;1;0;1;50;4;Indemne
202100018835;167 980;80;0;2;8;5;3;222 762;1;1;3;1;1955.0;5;0;10;9;2021;20;5;60;60203;2;1;1;3;49,2348172430;2,8556446200;3;2;2;0;1;1;1;0;1;50;4;Blessé hospitalisé
202100018840;167 969;1;0;5;1;1;5;222 748;1;1;3;1;1951.0;5;2;11;9;2021;10;1;71;71340;1;2;1;6;46,5589780000;4,1902920000;3;2;1;0;2;1;1;0;1;80;5;Blessé hospitalisé
202100018843;167 964;1;0;2;1;1;5;222 743;1;1;4;1;1952.0;5;2;2;8;2021;11;1;49;49218;2;1;1;3;47,2810790000; -1,1189520000;3;2;2;0;2;1;1;0;1;50;0;Blessé léger
202100018843;167 965;7;0;9;3;15;1;222 744;1;1;1;1;1973.0;3;1;2;8;2021;11;1;49;49218;2;1;1;3;47,2810790000; -1,1189520000;3;2;2;0;2;1;1;0;1;50;0;Indemne
202100018862;167 933;7;0;2;8;20;1;222 710;1;1;1;2;1999.0;3;1;11;9;2021;15;1;35;35353;2;1;1;3;48,1188222508; -1,7597611848;4;2;2;0;1;1;1;0;1;50;5;Indemne
202100018862;167 934;1;0;2;7;17;5;222 711;1;1;3;1;1966.0;5;2;11;9;2021;15;1;35;35353;2;1;1;3;48,1188222508; -1,7597611848;4;2;2;0;1;1;1;0;1;50;5;Blessé hospitalisé
202100018871;167 916;1;13;0;0;2;5;222 690;1;1;3;1;1954.0;3;0;12;9;2021;18;1;83;83101;1;1;1;7;43,2204310000;6,6483910000;3;2;2;1;2;1;1;0;5;80;6;Blessé hospitalisé
202100018871;167 917;7;0;0;0;2;1;222 691;1;1;1;1;1977.0;5;1;12;9;2021;18;1;83;83101;1;1;1;7;43,2204310000;6,6483910000;3;2;2;1;2;1;1;0;5;80;6;Indemne
202100018876;167 908;7;0;2;3;1;0;222 680;1;1;1;1;1966.0;1;1;8;9;2021;18;2;57;57212;2;6;1;3;49,0312840000;6,1129050000;2;2;2;0;1;1;1;0;1;80;2;Indemne
202100018876;167 909;1;0;2;2;1;5;222 681;1;1;3;1;1961.0;5;0;8;9;2021;18;2;57;57212;2;6;1;3;49,0312840000;6,1129050000;2;2;2;0;1;1;1;0;1;80;2;Blessé hospitalisé
202100018880;167 902;1;0;2;1;1;5;222 672;1;1;3;1;1985.0;5;2;12;9;2021;10;1;59;59558;2;3;1;1;50,2407854627;3,4422455431;3;2;2;0;1;2;1;0;1;50;6;Blessé hospitalisé
202100018880;167 903;7;0;2;2;15;1;222 673;1;1;1;1;1964.0;0;1;12;9;2021;10;1;59;59558;2;3;1;1;50,2407854627;3,4422455431;3;2;2;0;1;2;1;0;1;50;6;Indemne
202100018903;167 854;7;0;2;1;1;1;222 610;1;1;1;2;1974.0;9;1;2;7;2021;10;1;75;75120;2;7;1;3;48,8545860000;2,4134380000;4;1;5;0;1;2;1;2;1;50;4;Indemne
202100018903;167 855;1;0;2;7;1;5;222 611;1;1;2;2;1989.0;9;2;2;7;2021;10;1;75;75120;2;7;1;3;48,8545860000;2,4134380000;4;1;5;0;1;2;1;2;1;50;4;Tué
202100018928;167 810;7;0;2;1;1;1;222 559;1;1;1;1;1965.0;5;1;13;9;2021;17;1;67;67482;2;1;1;1;48,5825120389;7,7744190395;4;1;1;0;1;2;1;0;1;50;0;Indemne
202100018928;167 811;1;0;2;2;1;5;222 560;1;1;4;1;2017.0;5;2;13;9;2021;17;1;67;67482;2;1;1;1;48,5825120389;7,7744190395;4;1;1;0;1;2;1;0;1;50;0;Blessé léger
202100018929;167 808;1;0;2;1;1;5;222 557;1;1;4;1;1969.0;0;8;13;9;2021;17;1;67;67482;2;1;1;3;48,5654100000;7,7769600000;4;3;3;1;1;1;1;0;5;50;0;Blessé léger
202100018929;167 809;7;0;2;2;26;3;222 558;1;1;1;1;1952.0;0;1;13;9;2021;17;1;67;67482;2;1;1;3;48,5654100000;7,7769600000;4;3;3;1;1;1;1;0;5;50;0;Indemne
202100018930;167 806;1;0;2;0;19;5;222 555;1;1;4;1;1968.0;0;8;13;9;2021;15;1;67;67482;2;1;1;3;48,5697040000;7,7335400000;4;2;3;1;1;1;1;0;1;50;0;Blessé léger
202100018930;167 807;31;0;2;1;13;1;222 556;1;1;3;2;2000.0;5;8;13;9;2021;15;1;67;67482;2;1;1;3;48,5697040000;7,7335400000;4;2;3;1;1;1;1;0;1;50;0;Blessé hospitalisé
202100018931;167 804;31;0;2;1;15;1;222 553;1;1;4;1;1971.0;0;2;10;9;2021;15;1;67;67482;2;8;1;1;48,5876900000;7,7388300000;4;3;8;3;1;1;1;4;1;50;4;Blessé léger
202100018931;167 805;1;0;2;1;1;5;222 554;1;1;4;2;1982.0;0;8;10;9;2021;15;1;67;67482;2;8;1;1;48,5876900000;7,7388300000;4;3;8;3;1;1;1;4;1;50;4;Blessé léger
202100018937;167 794;1;0;2;4;2;5;222 540;1;1;4;2;1998.0;0;2;14;9;2021;07;5;63;63113;2;4;1;3;45,7803900000;3,0836700000;4;2;2;1;1;1;1;0;1;50;1;Blessé léger
202100018937;167 795;7;0;2;1;15;1;222 541;1;1;1;1;1949.0;0;1;14;9;2021;07;5;63;63113;2;4;1;3;45,7803900000;3,0836700000;4;2;2;1;1;1;1;0;1;50;1;Indemne
202100018938;167 792;14;0;2;1;9;1;222 538;1;1;1;1;1973.0;4;1;9;9;2021;08;1;63;63113;2;2;1;3;45,7712400000;3,0833900000;4;3;4;3;1;1;1;0;1;50;3;Indemne
202100018938;167 793;1;0;2;8;18;5;222 539;1;1;4;2;1973.0;0;2;9;9;2021;08;1;63;63113;2;2;1;3;45,7712400000;3,0833900000;4;3;4;3;1;1;1;0;1;50;3;Blessé léger
202100018939;167 790;7;0;2;1;2;1;222 536;1;1;1;1;1940.0;0;1;10;9;2021;17;1;63;63113;2;2;1;3;45,7716295903;3,0832176589;4;3;2;0;1;1;1;0;1;50;4;Indemne
202100018939;167 791;1;0;2;8;19;5;222 537;1;1;4;2;1999.0;0;2;10;9;2021;17;1;63;63113;2;2;1;3;45,7716295903;3,0832176589;4;3;2;0;1;1;1;0;1;50;4;Blessé léger
202100018942;167 785;7;0;2;1;15;1;222 529;1;1;1;1;1957.0;0;1;11;9;2021;11;1;63;63113;2;2;1;3;45,7932000000;3,0867400000;4;2;2;0;1;1;1;0;1;50;5;Indemne
202100018942;167 786;1;0;2;1;9;5;222 530;1;1;4;1;1956.0;0;2;11;9;2021;11;1;63;63113;2;2;1;3;45,7932000000;3,0867400000;4;2;2;0;1;1;1;0;1;50;5;Blessé léger
202100018945;167 780;1;8;2;3;1;5;222 523;1;1;3;1;1993.0;0;8;13;9;2021;09;1;59;59350;2;3;1;3;50,6223455786;3,0362629521;4;2;2;1;1;1;1;0;1;50;0;Blessé hospitalisé
202100018945;167 781;10;0;2;3;9;1;222 524;1;1;1;1;1984.0;4;1;13;9;2021;09;1;59;59350;2;3;1;3;50,6223455786;3,0362629521;4;2;2;1;1;1;1;0;1;50;0;Indemne
202100018950;167 771;80;0;0;0;26;3;222 513;1;1;3;1;1951.0;5;8;14;9;2021;15;1;49;49007;2;1;1;7;47,4664400000; -0,5571800000;4;1;2;0;1;2;1;0;1;30;1;Blessé hospitalisé
202100018950;167 772;7;0;0;0;26;1;222 514;1;1;1;1;2000.0;5;8;14;9;2021;15;1;49;49007;2;1;1;7;47,4664400000; -0,5571800000;4;1;2;0;1;2;1;0;1;30;1;Indemne
202100018955;167 761;1;0;2;1;1;5;222 500;1;1;4;1;1998.0;2;2;14;9;2021;18;1;35;35238;2;2;1;3;48,1147500000; -1,6572300000;4;2;2;2;1;1;1;0;5;50;1;Blessé léger
202100018955;167 762;7;0;2;7;15;1;222 501;1;1;1;2;1988.0;1;8;14;9;2021;18;1;35;35238;2;2;1;3;48,1147500000; -1,6572300000;4;2;2;2;1;1;1;0;5;50;1;Indemne
202100018956;167 758;7;0;9;1;1;1;222 497;1;1;1;2;1937.0;0;1;14;9;2021;16;1;35;35238;2;2;1;4;48,1218300000; -1,6627300000;4;2;2;0;1;1;1;0;1;50;1;Indemne
202100018956;167 759;7;0;2;7;23;1;222 498;1;1;1;1;1989.0;0;1;14;9;2021;16;1;35;35238;2;2;1;4;48,1218300000; -1,6627300000;4;2;2;0;1;1;1;0;1;50;1;Indemne
202100018956;167 760;1;0;2;4;2;5;222 499;1;1;4;1;2002.0;0;2;14;9;2021;16;1;35;35238;2;2;1;4;48,1218300000; -1,6627300000;4;2;2;0;1;1;1;0;1;50;1;Blessé léger
202100018960;167 750;7;0;2;1;15;1;222 487;1;1;1;2;1993.0;0;1;14;9;2021;15;1;33;33063;2;1;1;3;44,8603900000; -0,5556800000;4;2;2;3;1;3;1;0;4;20;1;Indemne
202100018960;167 751;1;0;2;3;1;5;222 488;1;1;4;1;1975.0;0;8;14;9;2021;15;1;33;33063;2;1;1;3;44,8603900000; -0,5556800000;4;2;2;3;1;3;1;0;4;20;1;Blessé léger
202100018979;167 709;7;0;2;0;0;1;222 439;1;1;1;2;1943.0;0;1;14;9;2021;17;1;09;09122;2;9;1;3;42,9600510000;1,6158540000;3;1;3;1;1;2;1;0;5;50;1;Indemne
202100018979;167 710;1;0;2;0;0;5;222 440;1;1;4;2;1990.0;0;8;14;9;2021;17;1;09;09122;2;9;1;3;42,9600510000;1,6158540000;3;1;3;1;1;2;1;0;5;50;1;Blessé léger
202100018983;167 700;1;0;1;8;1;5;222 424;1;1;1;1;1996.0;4;2;14;9;2021;14;1;75;75106;2;3;1;6;48,8441340000;2,3230370000;4;2;4;0;1;1;1;0;1;30;1;Indemne
202100018983;167 700;1;0;1;8;1;5;222 425;10;3;4;2;1948.0;5;0;14;9;2021;14;1;75;75106;2;3;1;6;48,8441340000;2,3230370000;4;2;4;0;1;1;1;0;1;30;1;Blessé léger
202100018986;167 694;7;0;2;7;15;1;222 418;1;1;1;1;1972.0;1;1;14;9;2021;05;5;75;75118;2;2;3;3;48,9007309355;2,3440280557;4;2;6;1;1;1;2;0;5;50;1;Indemne
202100018986;167 695;1;0;2;1;1;5;222 419;1;1;4;1;1965.0;1;2;14;9;2021;05;5;75;75118;2;2;3;3;48,9007309355;2,3440280557;4;2;6;1;1;1;2;0;5;50;1;Blessé léger
202100018992;167 684;10;0;2;8;15;1;222 405;1;1;1;1;1970.0;4;1;13;9;2021;14;1;75;75116;2;7;1;3;48,8631330000;2,2685810000;4;3;3;1;1;1;1;0;5;50;0;Indemne
202100018992;167 685;80;0;2;2;1;3;222 406;1;1;4;1;1959.0;5;2;13;9;2021;14;1;75;75116;2;7;1;3;48,8631330000;2,2685810000;4;3;3;1;1;1;1;0;5;50;0;Blessé léger
202100018996;167 678;10;0;2;0;16;1;222 396;1;1;1;2;1989.0;1;1;14;9;2021;12;1;75;75114;2;1;1;3;48,8196530000;2,3419250000;4;3;2;1;1;1;1;0;5;50;1;Indemne
202100018996;167 679;1;0;2;0;1;5;222 397;1;1;4;1;1992.0;9;2;14;9;2021;12;1;75;75114;2;1;1;3;48,8196530000;2,3419250000;4;3;2;1;1;1;1;0;5;50;1;Blessé léger
202100018998;167 675;1;0;2;1;16;5;222 390;1;1;4;2;1991.0;9;2;14;9;2021;17;1;75;75113;2;1;1;3;48,8430738815;2,3663305414;4;2;5;1;1;1;1;0;5;30;1;Blessé léger
202100018998;167 676;1;0;2;1;1;5;222 391;1;1;4;1;1985.0;9;2;14;9;2021;17;1;75;75113;2;1;1;3;48,8430738815;2,3663305414;4;2;5;1;1;1;1;0;5;30;1;Blessé léger
202100019003;167 668;7;0;2;1;15;1;222 379;1;1;1;1;1994.0;4;1;14;9;2021;19;2;75;75110;2;4;2;3;48,8831830000;2,3498370000;4;2;2;1;2;3;2;0;5;30;1;Indemne
202100019003;167 669;1;0;2;7;1;5;222 380;1;1;4;2;1994.0;9;2;14;9;2021;19;2;75;75110;2;4;2;3;48,8831830000;2,3498370000;4;2;2;1;2;3;2;0;5;30;1;Blessé léger
202100019005;167 664;10;0;2;8;1;1;222 375;1;1;1;1;1989.0;4;1;14;9;2021;08;1;75;75109;2;1;3;3;48,8769580000;2,3481130000;4;2;4;1;2;1;2;0;5;30;1;Indemne
202100019005;167 665;1;0;2;8;13;5;222 376;1;1;4;2;1973.0;1;2;14;9;2021;08;1;75;75109;2;1;3;3;48,8769580000;2,3481130000;4;2;4;1;2;1;2;0;5;30;1;Blessé léger
202100019011;167 656;1;14;0;7;13;5;222 365;1;1;4;1;1951.0;3;2;14;9;2021;12;1;75;75104;2;3;8;6;48,8550626965;2,3616790376;4;2;4;1;1;1;2;0;5;30;1;Blessé léger
202100019012;167 654;1;0;2;1;1;5;222 363;1;1;1;1;1987.0;9;2;14;9;2021;12;1;75;75103;2;3;1;3;48,8668750000;2,3620030000;4;1;2;1;1;1;1;0;5;30;1;Indemne
202100019012;167 655;1;0;2;1;15;5;222 364;1;1;4;2;1963.0;5;2;14;9;2021;12;1;75;75103;2;3;1;3;48,8668750000;2,3620030000;4;1;2;1;1;1;1;0;5;30;1;Blessé léger
202100019017;167 645;1;1;0;2;0;0;222 351;1;1;4;2;1984.0;1;8;14;9;2021;08;2;94;94058;1;1;2;6;48,8487600000;2,4936600000;3;1;1;0;1;1;2;0;1;30;1;Blessé léger
202100019017;167 646;10;0;2;3;24;1;222 352;1;1;1;1;1975.0;4;8;14;9;2021;08;2;94;94058;1;1;2;6;48,8487600000;2,4936600000;3;1;1;0;1;1;2;0;1;30;1;Indemne
202100019023;167 634;1;0;2;2;25;5;222 336;1;1;4;1;2018.0;2;2;14;9;2021;13;1;94;94022;2;1;1;3;48,7618800000;2,4222700000;4;2;2;0;1;1;2;0;4;50;1;Blessé léger
202100019023;167 635;7;0;2;3;9;1;222 337;1;1;1;1;1985.0;2;1;14;9;2021;13;1;94;94022;2;1;1;3;48,7618800000;2,4222700000;4;2;2;0;1;1;2;0;4;50;1;Indemne
202100019029;167 623;7;0;2;1;15;1;222 324;1;1;1;1;1959.0;0;8;14;9;2021;15;1;92;92022;2;3;1;3;48,8055700000;2,1841900000;3;1;4;1;1;2;1;5;1;50;1;Indemne
202100019029;167 624;1;0;2;7;1;5;222 325;1;1;4;1;1976.0;1;8;14;9;2021;15;1;92;92022;2;3;1;3;48,8055700000;2,1841900000;3;1;4;1;1;2;1;5;1;50;1;Blessé léger
202100019036;167 611;1;0;2;0;19;6;222 310;1;1;4;2;1965.0;1;2;14;9;2021;13;1;92;92002;2;2;1;3;48,7513022436;2,3106270301;3;2;2;0;1;1;1;0;1;50;1;Blessé léger
202100019036;167 612;7;0;2;1;15;3;222 311;1;1;1;1;1965.0;0;1;14;9;2021;13;1;92;92002;2;2;1;3;48,7513022436;2,3106270301;3;2;2;0;1;1;1;0;1;50;1;Indemne
202100019040;167 604;7;0;2;3;18;1;222 299;1;1;1;1;1995.0;4;1;14;9;2021;15;1;42;42213;1;1;1;6;45,9001780000;4,3137110000;3;2;2;0;2;1;1;0;1;80;1;Indemne
202100019040;167 605;1;0;2;4;14;5;222 300;1;1;2;1;1934.0;5;2;14;9;2021;15;1;42;42213;1;1;1;6;45,9001780000;4,3137110000;3;2;2;0;2;1;1;0;1;80;1;Tué
202100019045;167 595;1;0;0;9;0;5;222 288;1;1;3;1;1968.0;1;0;14;9;2021;18;1;32;32426;1;1;1;7;43,4975930000;0,5839490000;3;2;2;0;2;1;1;0;1;80;1;Blessé hospitalisé
202100019059;167 573;7;0;2;3;1;1;222 263;2;2;1;1;2011.0;9;1;15;9;2021;16;1;50;50236;1;2;1;3;49,2650670000; -1,5684380000;3;2;2;0;1;1;1;0;1;80;2;Indemne
202100019059;167 573;7;0;2;3;1;1;222 264;1;1;1;1;1981.0;9;1;15;9;2021;16;1;50;50236;1;2;1;3;49,2650670000; -1,5684380000;3;2;2;0;1;1;1;0;1;80;2;Indemne
202100019059;167 574;1;0;2;2;1;5;222 265;1;1;4;1;1949.0;5;2;15;9;2021;16;1;50;50236;1;2;1;3;49,2650670000; -1,5684380000;3;2;2;0;1;1;1;0;1;80;2;Blessé léger
202100019071;167 552;10;0;0;5;23;1;222 236;1;1;1;1;1993.0;4;8;14;9;2021;11;1;38;38486;2;1;1;2;45,1588650000;5,6963290000;7;2;2;1;1;1;1;0;5;50;1;Indemne
202100019071;167 553;1;0;2;1;1;5;222 237;1;1;4;1;1965.0;5;0;14;9;2021;11;1;38;38486;2;1;1;2;45,1588650000;5,6963290000;7;2;2;1;1;1;1;0;5;50;1;Blessé léger
202100019090;167 520;7;0;2;2;15;1;222 199;1;1;1;1;1978.0;4;8;15;9;2021;10;1;01;01249;2;2;1;3;45,8268440000;4,9529510000;3;2;2;0;2;1;2;0;1;50;2;Indemne
202100019090;167 521;1;0;2;1;1;5;222 200;1;1;4;1;1998.0;5;8;15;9;2021;10;1;01;01249;2;2;1;3;45,8268440000;4,9529510000;3;2;2;0;2;1;2;0;1;50;2;Blessé léger
202100019093;167 513;7;0;2;2;17;1;222 191;1;1;1;2;1996.0;5;1;15;9;2021;10;1;29;29295;1;1;1;5;48,5150390000; -4,2426320000;3;2;2;0;1;2;1;5;1;70;2;Indemne
202100019093;167 514;10;0;2;6;1;1;222 192;1;1;1;2;1982.0;4;1;15;9;2021;10;1;29;29295;1;1;1;5;48,5150390000; -4,2426320000;3;2;2;0;1;2;1;5;1;70;2;Indemne
202100019093;167 515;1;0;2;8;2;5;222 193;1;1;4;1;1943.0;5;2;15;9;2021;10;1;29;29295;1;1;1;5;48,5150390000; -4,2426320000;3;2;2;0;1;2;1;5;1;70;2;Blessé léger
202100019129;167 432;1;0;1;1;1;5;222 101;1;1;1;1;2004.0;2;8;13;9;2021;07;1;69;69266;2;2;1;6;45,7647700000;4,8804500000;4;2;2;2;1;1;1;0;1;50;0;Indemne
202100019129;167 432;1;0;1;1;1;5;222 102;10;3;4;1;1952.0;5;0;13;9;2021;07;1;69;69266;2;2;1;6;45,7647700000;4,8804500000;4;2;2;2;1;1;1;0;1;50;0;Blessé léger
202100019178;167 352;10;0;2;2;26;1;221 989;1;1;1;1;2001.0;4;1;13;9;2021;10;1;33;33063;2;2;1;3;44,8646800000; -0,5494800000;4;1;1;0;1;1;1;0;1;30;0;Indemne
202100019178;167 353;1;0;2;1;1;5;221 990;1;1;4;1;2001.0;0;8;13;9;2021;10;1;33;33063;2;2;1;3;44,8646800000; -0,5494800000;4;1;1;0;1;1;1;0;1;30;0;Blessé léger
202100019187;167 332;1;0;2;0;1;5;221 967;1;1;3;1;2000.0;5;2;12;9;2021;02;5;21;21231;2;1;1;1;47,3170502409;5,0374776409;4;2;2;0;1;1;1;0;1;50;6;Blessé hospitalisé
202100019187;167 333;1;0;2;0;1;5;221 968;1;1;3;1;1988.0;5;2;12;9;2021;02;5;21;21231;2;1;1;1;47,3170502409;5,0374776409;4;2;2;0;1;1;1;0;1;50;6;Blessé hospitalisé
202100019196;167 313;7;0;2;1;19;1;221 945;1;1;1;1;1952.0;5;1;13;9;2021;11;1;01;01451;2;2;1;3;46,2633200000;5,2346200000;4;2;4;0;1;1;1;0;1;50;0;Indemne
202100019196;167 314;1;0;2;8;19;5;221 946;1;1;4;1;1961.0;5;2;13;9;2021;11;1;01;01451;2;2;1;3;46,2633200000;5,2346200000;4;2;4;0;1;1;1;0;1;50;0;Blessé léger
202100019200;167 305;13;0;2;2;16;1;221 928;1;1;1;1;1959.0;4;1;13;9;2021;10;1;75;75119;2;2;1;3;48,8843430000;2,3668810000;4;3;2;1;1;1;1;0;5;30;0;Indemne
202100019200;167 306;1;0;2;1;1;5;221 929;1;1;4;1;1990.0;1;2;13;9;2021;10;1;75;75119;2;2;1;3;48,8843430000;2,3668810000;4;3;2;1;1;1;1;0;5;30;0;Blessé léger
202100019203;167 301;30;0;2;5;1;1;221 923;1;1;1;1;2003.0;9;2;13;9;2021;09;1;75;75116;2;1;1;3;48,8491030000;2,2420440000;4;2;2;1;1;1;1;0;5;50;0;Indemne
202100019203;167 302;1;0;2;1;19;5;221 924;1;1;4;2;1986.0;1;2;13;9;2021;09;1;75;75116;2;1;1;3;48,8491030000;2,2420440000;4;2;2;1;1;1;1;0;5;50;0;Blessé léger
202100019207;167 296;1;0;1;8;1;5;221 917;10;3;4;2;1981.0;9;0;13;9;2021;09;1;75;75115;2;2;1;6;48,8444410000;2,3177070000;4;2;3;1;1;1;1;0;5;30;0;Blessé léger
202100019207;167 296;1;0;1;8;1;5;221 918;1;1;1;1;2002.0;2;2;13;9;2021;09;1;75;75115;2;2;1;6;48,8444410000;2,3177070000;4;2;3;1;1;1;1;0;5;30;0;Indemne
202100019217;167 279;10;0;9;3;15;1;221 897;1;1;1;1;1973.0;4;1;13;9;2021;07;1;94;94004;2;1;1;6;48,7493600000;2,5084200000;2;2;4;0;2;1;1;0;1;50;0;Indemne
202100019217;167 280;1;0;2;1;0;5;221 898;1;1;4;2;1974.0;0;8;13;9;2021;07;1;94;94004;2;1;1;6;48,7493600000;2,5084200000;2;2;4;0;2;1;1;0;1;50;0;Blessé léger
202100019222;167 270;1;0;2;1;1;5;221 886;1;1;4;1;1993.0;0;8;13;9;2021;06;5;93;93046;2;3;1;3;48,9118300000;2,5209300000;3;3;4;0;1;1;1;0;1;50;0;Blessé léger
202100019222;167 271;7;0;2;3;1;1;221 887;1;1;1;2;1996.0;1;1;13;9;2021;06;5;93;93046;2;3;1;3;48,9118300000;2,5209300000;3;3;4;0;1;1;1;0;1;50;0;Indemne
202100019238;167 241;1;9;2;7;19;5;221 853;1;1;4;2;1990.0;9;2;11;9;2021;16;1;92;92004;2;1;1;3;48,9119704836;2,3015389274;3;2;0;0;1;1;1;0;1;50;5;Blessé léger
202100019238;167 242;7;9;2;1;1;1;221 854;1;1;1;1;2000.0;9;1;11;9;2021;16;1;92;92004;2;1;1;3;48,9119704836;2,3015389274;3;2;0;0;1;1;1;0;1;50;5;Indemne
202100019240;167 237;13;0;2;1;1;1;221 849;1;1;1;1;1997.0;4;1;14;9;2021;09;1;25;25116;1;1;1;1;47,2815320000;6,2628550000;3;2;2;0;1;1;1;0;1;80;1;Indemne
202100019240;167 238;1;0;2;1;13;5;221 850;1;1;3;1;1999.0;0;0;14;9;2021;09;1;25;25116;1;1;1;1;47,2815320000;6,2628550000;3;2;2;0;1;1;1;0;1;80;1;Blessé hospitalisé
202100019242;167 233;1;0;2;1;5;5;221 845;1;1;3;1;1974.0;5;2;13;9;2021;14;1;67;67073;2;3;1;1;48,2793950000;7,4020550000;3;2;2;0;2;4;9;8;4;50;0;Blessé hospitalisé
202100019242;167 234;10;0;9;1;11;1;221 846;1;1;1;1;1968.0;4;1;13;9;2021;14;1;67;67073;2;3;1;1;48,2793950000;7,4020550000;3;2;2;0;2;4;9;8;4;50;0;Indemne
202100019274;167 184;1;0;2;0;0;6;221 770;1;1;3;1;1937.0;0;2;4;9;2021;19;2;87;87154;2;1;1;1;45,9041500000;0,9315040000;3;2;2;0;1;1;1;0;1;80;5;Blessé hospitalisé
202100019274;167 185;7;0;9;2;1;1;221 771;1;1;1;1;1960.0;0;1;4;9;2021;19;2;87;87154;2;1;1;1;45,9041500000;0,9315040000;3;2;2;0;1;1;1;0;1;80;5;Indemne
202100019324;167 084;1;0;1;2;0;0;221 630;1;1;4;1;2007.0;5;8;12;9;2021;16;1;91;91161;2;2;1;6;48,6995800000;2,3160600000;3;2;2;0;1;1;1;0;8;50;6;Blessé léger
202100019324;167 085;7;0;2;3;0;1;221 631;1;1;1;1;1981.0;5;1;12;9;2021;16;1;91;91161;2;2;1;6;48,6995800000;2,3160600000;3;2;2;0;1;1;1;0;8;50;6;Indemne
202100019324;167 086;7;0;1;2;0;1;221 632;1;1;1;1;1992.0;5;1;12;9;2021;16;1;91;91161;2;2;1;6;48,6995800000;2,3160600000;3;2;2;0;1;1;1;0;8;50;6;Indemne
202100019335;167 065;7;9;0;6;2;1;221 598;1;1;1;2;1967.0;0;1;11;9;2021;17;1;61;61397;2;1;1;2;48,4240000000;0,0613000000;3;2;2;0;1;1;1;2;1;50;5;Indemne
202100019335;167 066;1;0;2;1;2;5;221 599;1;1;4;1;1984.0;5;2;11;9;2021;17;1;61;61397;2;1;1;2;48,4240000000;0,0613000000;3;2;2;0;1;1;1;2;1;50;5;Blessé léger
202100019338;167 060;1;0;0;0;26;5;221 592;1;1;4;1;2000.0;5;8;8;9;2021;23;5;49;49007;2;1;1;7;47,4816040000; -0,5501390000;4;2;2;0;1;1;1;0;1;50;2;Blessé léger
202100019362;167 019;7;0;2;3;9;1;221 531;1;1;1;2;1938.0;5;1;12;9;2021;10;1;06;06069;2;6;1;3;43,6414630000;6,9112820000;3;1;1;0;2;1;1;0;1;50;6;Indemne
202100019362;167 020;1;0;2;7;26;0;221 532;1;1;4;2;1977.0;5;2;12;9;2021;10;1;06;06069;2;6;1;3;43,6414630000;6,9112820000;3;1;1;0;2;1;1;0;1;50;6;Blessé léger
202100019363;167 017;7;0;2;1;9;1;221 529;1;1;1;2;1947.0;5;1;12;9;2021;12;1;06;06069;2;6;1;3;43,6316920000;6,9575850000;3;2;2;0;1;1;1;0;1;50;6;Indemne
202100019363;167 018;1;0;2;1;1;5;221 530;1;1;4;1;1978.0;5;2;12;9;2021;12;1;06;06069;2;6;1;3;43,6316920000;6,9575850000;3;2;2;0;1;1;1;0;1;50;6;Blessé léger
202100019367;167 011;1;0;1;1;1;5;221 521;10;3;4;2;1960.0;5;0;11;9;2021;12;1;75;75116;2;1;1;6;48,8519410000;2,2645450000;4;1;1;0;4;1;1;0;1;30;5;Blessé léger
202100019367;167 011;1;0;1;1;1;5;221 522;1;1;1;1;1982.0;5;2;11;9;2021;12;1;75;75116;2;1;1;6;48,8519410000;2,2645450000;4;1;1;0;4;1;1;0;1;30;5;Indemne
202100019373;167 002;80;12;0;1;14;3;221 509;1;1;4;2;1959.0;5;2;12;9;2021;17;1;75;75108;2;7;1;6;48,8641736983;2,3202051795;4;1;8;0;1;1;1;0;1;30;6;Blessé léger
202100019375;166 999;1;12;0;7;14;5;221 505;1;1;4;1;1999.0;5;2;11;9;2021;13;1;75;75107;2;3;1;6;48,8626370000;2,3190600000;4;1;3;1;1;1;1;5;5;30;5;Blessé léger
202100019377;166 995;7;0;2;8;22;1;221 500;4;2;1;1;1960.0;5;8;11;9;2021;21;5;94;94081;2;9;1;6;48,8021700000;2,4031400000;3;2;2;0;1;1;1;0;1;30;5;Indemne
202100019377;166 995;7;0;2;8;22;1;221 501;1;1;1;2;1992.0;5;1;11;9;2021;21;5;94;94081;2;9;1;6;48,8021700000;2,4031400000;3;2;2;0;1;1;1;0;1;30;5;Indemne
202100019377;166 996;1;1;2;7;1;5;221 502;1;1;4;1;1989.0;9;0;11;9;2021;21;5;94;94081;2;9;1;6;48,8021700000;2,4031400000;3;2;2;0;1;1;1;0;1;30;5;Blessé léger