Num_Acc;id_vehicule;catv;obs;obsm;choc;manv;motor;id_usager;place;catu;grav;sexe;an_nais;trajet;secu1;jour;mois;an;hrmn;lum;dep;com;agg;int;atm;col;lat;long;catr;circ;nbv;vosp;prof;plan;surf;infra;situ;vma;day_of_week;gravity
202100021346;163 497;7;0;2;3;15;1;216 914;1;1;1;1;1992.0;5;1;31;8;2021;17;1;86;86177;1;3;1;3;46,7038420000;0,2636080000;4;2;2;0;1;1;1;0;1;80;1;Indemne
202100021346;163 498;1;0;2;1;1;5;216 915;1;1;3;1;2008.0;5;0;31;8;2021;17;1;86;86177;1;3;1;3;46,7038420000;0,2636080000;4;2;2;0;1;1;1;0;1;80;1;Blessé hospitalisé
202100021350;163 490;10;0;9;2;1;1;216 907;1;1;1;1;1987.0;4;1;2;9;2021;14;1;38;38345;1;1;1;2;45,2005120000;5,4546130000;3;3;2;0;1;1;1;0;1;80;3;Indemne
202100021350;163 491;1;0;0;4;1;5;216 908;1;1;3;1;1937.0;5;2;2;9;2021;14;1;38;38345;1;1;1;2;45,2005120000;5,4546130000;3;3;2;0;1;1;1;0;1;80;3;Blessé hospitalisé
202100021366;163 460;7;0;0;2;2;1;216 866;1;1;1;1;1946.0;0;1;3;9;2021;14;1;17;17447;1;1;1;3;46,0929060000; -0,9152980000;3;2;2;0;2;1;1;2;1;80;4;Indemne
202100021366;163 461;1;0;2;3;1;5;216 867;1;1;3;1;1955.0;5;2;3;9;2021;14;1;17;17447;1;1;1;3;46,0929060000; -0,9152980000;3;2;2;0;2;1;1;2;1;80;4;Blessé hospitalisé
202100021378;163 431;7;0;9;2;2;1;216 825;1;1;1;1;1950.0;5;1;3;9;2021;05;3;78;78263;1;1;8;5;48,7982600000;1,7169080000;3;2;2;0;1;1;2;0;1;80;4;Indemne
202100021378;163 432;1;0;2;4;2;5;216 826;1;1;2;1;2004.0;5;0;3;9;2021;05;3;78;78263;1;1;8;5;48,7982600000;1,7169080000;3;2;2;0;1;1;2;0;1;80;4;Tué
202100021378;163 433;1;0;0;0;2;5;216 827;1;1;1;1;2004.0;5;0;3;9;2021;05;3;78;78263;1;1;8;5;48,7982600000;1,7169080000;3;2;2;0;1;1;2;0;1;80;4;Indemne
202100021386;163 418;1;0;0;3;1;5;216 811;1;1;3;1;1973.0;5;2;2;9;2021;16;1;33;33548;1;3;1;3;44,9720620000; -0,3406620000;3;2;2;0;1;1;1;0;1;80;3;Blessé hospitalisé
202100021386;163 419;7;0;9;3;1;1;216 812;1;1;1;1;1982.0;5;1;2;9;2021;16;1;33;33548;1;3;1;3;44,9720620000; -0,3406620000;3;2;2;0;1;1;1;0;1;80;3;Indemne
202100021413;163 375;10;1;2;7;1;1;216 753;1;1;1;1;1962.0;0;1;1;9;2021;16;1;973;97302;2;2;1;3;4,9340308514; -52,3292479813;4;2;1;0;1;1;1;0;1;50;2;Indemne
202100021413;163 376;1;0;2;1;9;0;216 754;1;1;4;1;2000.0;0;8;1;9;2021;16;1;973;97302;2;2;1;3;4,9340308514; -52,3292479813;4;2;1;0;1;1;1;0;1;50;2;Blessé léger
202100021422;163 361;7;0;2;8;15;1;216 733;2;2;1;2;1934.0;5;1;1;9;2021;09;1;91;91421;2;3;1;3;48,7026000000;2,4631000000;3;2;0;0;1;1;1;0;1;30;2;Indemne
202100021422;163 361;7;0;2;8;15;1;216 734;1;1;1;1;1934.0;5;1;1;9;2021;09;1;91;91421;2;3;1;3;48,7026000000;2,4631000000;3;2;0;0;1;1;1;0;1;30;2;Indemne
202100021422;163 362;80;0;2;1;1;3;216 735;1;1;4;2;2002.0;4;2;1;9;2021;09;1;91;91421;2;3;1;3;48,7026000000;2,4631000000;3;2;0;0;1;1;1;0;1;30;2;Blessé léger
202100021431;163 336;10;0;2;4;2;1;216 701;1;1;1;1;1974.0;4;1;1;9;2021;14;1;72;72181;2;1;1;2;47,9695250000;0,2042030000;4;3;4;0;1;1;1;0;1;50;2;Indemne
202100021431;163 337;1;0;2;1;2;5;216 702;1;1;4;1;1984.0;0;8;1;9;2021;14;1;72;72181;2;1;1;2;47,9695250000;0,2042030000;4;3;4;0;1;1;1;0;1;50;2;Blessé léger
202100021438;163 323;80;0;2;8;1;3;216 683;1;1;3;1;1961.0;5;8;1;9;2021;16;1;64;64445;2;1;1;3;43,3228400000; -0,3707300000;4;2;4;1;1;1;1;0;1;50;2;Blessé hospitalisé
202100021438;163 324;7;0;2;2;1;1;216 684;1;1;1;1;1957.0;5;1;1;9;2021;16;1;64;64445;2;1;1;3;43,3228400000; -0,3707300000;4;2;4;1;1;1;1;0;1;50;2;Indemne
202100021444;163 314;7;0;9;1;1;1;216 670;1;1;1;2;1998.0;0;1;1;9;2021;15;1;59;59009;2;9;1;3;50,6405400000;3,1553000000;7;3;1;1;1;1;1;9;5;50;2;Indemne
202100021444;163 315;1;0;2;8;0;5;216 671;1;1;4;2;1961.0;0;8;1;9;2021;15;1;59;59009;2;9;1;3;50,6405400000;3,1553000000;7;3;1;1;1;1;1;9;5;50;2;Blessé léger
202100021454;163 296;1;0;0;0;0;5;216 646;1;1;3;1;1983.0;0;8;1;9;2021;14;1;44;44109;2;1;1;3;47,2096670000; -1,5608430000;4;2;2;1;1;1;1;0;5;30;2;Blessé hospitalisé
202100021454;163 297;7;0;2;8;26;1;216 647;1;1;1;2;1952.0;0;1;1;9;2021;14;1;44;44109;2;1;1;3;47,2096670000; -1,5608430000;4;2;2;1;1;1;1;0;5;30;2;Indemne
202100021459;163 285;7;0;2;1;1;1;216 634;1;1;1;1;1948.0;0;1;1;9;2021;11;1;33;33318;2;9;1;3;44,8017300000; -0,6350600000;4;2;2;1;1;1;1;0;5;50;2;Indemne
202100021459;163 286;1;0;2;8;1;6;216 635;1;1;4;1;2016.0;0;2;1;9;2021;11;1;33;33318;2;9;1;3;44,8017300000; -0,6350600000;4;2;2;1;1;1;1;0;5;50;2;Blessé léger
202100021461;163 281;80;0;2;0;0;3;216 629;1;1;4;2;1972.0;1;2;31;8;2021;19;1;26;26362;2;6;1;3;44,9195270000;4,9179260000;4;2;2;0;1;2;1;0;1;50;1;Blessé léger
202100021461;163 282;7;0;2;0;9;1;216 630;1;1;1;1;1997.0;0;1;31;8;2021;19;1;26;26362;2;6;1;3;44,9195270000;4,9179260000;4;2;2;0;1;2;1;0;1;50;1;Indemne
202100021463;163 275;7;0;2;3;9;1;216 623;1;1;1;2;1963.0;1;1;1;9;2021;18;1;14;14118;2;6;1;3;49,1810100000; -0,3700700000;4;1;2;0;1;2;1;0;1;50;2;Indemne
202100021463;163 276;1;0;2;0;0;5;216 624;1;1;3;2;1955.0;0;8;1;9;2021;18;1;14;14118;2;6;1;3;49,1810100000; -0,3700700000;4;1;2;0;1;2;1;0;1;50;2;Blessé hospitalisé
202100021473;163 258;1;0;2;8;1;5;216 600;1;1;4;1;1996.0;1;8;31;8;2021;09;1;10;10387;2;2;8;3;48,2903955450;4,0717852861;4;2;2;0;2;1;1;0;1;50;1;Blessé léger
202100021473;163 259;7;0;2;2;15;1;216 601;1;1;1;2;1933.0;9;1;31;8;2021;09;1;10;10387;2;2;8;3;48,2903955450;4,0717852861;4;2;2;0;2;1;1;0;1;50;1;Indemne
202100021477;163 250;10;0;2;5;15;3;216 591;1;1;1;1;1983.0;4;1;1;9;2021;11;1;75;75118;2;1;1;3;48,8967001160;2,3706087470;4;2;5;1;2;1;1;0;5;30;2;Indemne
202100021477;163 251;1;0;2;1;1;5;216 592;1;1;4;1;1984.0;9;2;1;9;2021;11;1;75;75118;2;1;1;3;48,8967001160;2,3706087470;4;2;5;1;2;1;1;0;5;30;2;Blessé léger
202100021479;163 246;1;0;2;8;17;5;216 587;1;1;1;1;1973.0;1;2;1;9;2021;08;1;75;75116;2;4;1;1;48,8499030000;2,2771530000;4;2;3;1;2;1;1;0;5;30;2;Indemne
202100021479;163 247;80;0;2;8;1;3;216 588;1;1;4;2;1968.0;1;2;1;9;2021;08;1;75;75116;2;4;1;1;48,8499030000;2,2771530000;4;2;3;1;2;1;1;0;5;30;2;Blessé léger
202100021481;163 244;1;0;0;1;1;5;216 584;1;1;4;2;1983.0;1;2;1;9;2021;08;1;75;75113;2;1;1;7;48,8232660000;2,3776300000;4;2;4;1;1;1;1;0;5;30;2;Blessé léger
202100021486;163 234;80;0;2;2;1;3;216 571;1;1;4;2;1995.0;1;2;1;9;2021;18;1;75;75110;2;1;1;3;48,8795990000;2,3499720000;4;1;1;0;1;1;1;0;1;30;2;Blessé léger
202100021486;163 235;7;0;2;3;9;1;216 572;1;1;1;1;1969.0;1;1;1;9;2021;18;1;75;75110;2;1;1;3;48,8795990000;2,3499720000;4;1;1;0;1;1;1;0;1;30;2;Indemne
202100021492;163 220;1;0;2;7;15;5;216 556;1;1;4;1;1951.0;5;0;1;9;2021;21;5;94;94033;2;2;1;3;48,8445200000;2,4508600000;4;2;2;0;1;1;1;0;1;30;2;Blessé léger
202100021492;163 221;7;0;2;2;1;1;216 557;1;1;1;1;1957.0;1;1;1;9;2021;21;5;94;94033;2;2;1;3;48,8445200000;2,4508600000;4;2;2;0;1;1;1;0;1;30;2;Indemne
202100021495;163 213;7;0;2;3;23;0;216 548;1;1;1;1;1997.0;0;1;31;8;2021;00;5;93;93061;2;1;1;3;48,8831000000;2,4106790000;4;1;1;0;2;2;1;0;1;50;1;Indemne
202100021495;163 214;1;1;2;1;2;0;216 549;1;1;4;1;1992.0;0;8;31;8;2021;00;5;93;93061;2;1;1;3;48,8831000000;2,4106790000;4;1;1;0;2;2;1;0;1;50;1;Blessé léger
202100021502;163 201;1;0;1;1;9;5;216 531;10;3;4;1;2006.0;0;0;1;9;2021;18;1;92;92040;2;2;1;6;48,8225851958;2,2680464387;3;2;2;0;1;1;1;0;1;50;2;Blessé léger
202100021502;163 201;1;0;1;1;9;5;216 532;1;1;4;1;1970.0;0;8;1;9;2021;18;1;92;92040;2;2;1;6;48,8225851958;2,2680464387;3;2;2;0;1;1;1;0;1;50;2;Blessé léger
202100021503;163 200;80;0;1;0;1;3;216 529;10;3;4;2;1937.0;9;0;1;9;2021;11;1;92;92071;2;1;1;6;48,7790600000;2,2903800000;3;2;2;0;1;1;1;0;1;50;2;Blessé léger
202100021503;163 200;80;0;1;0;1;3;216 530;1;1;4;1;1947.0;3;8;1;9;2021;11;1;92;92071;2;1;1;6;48,7790600000;2,2903800000;3;2;2;0;1;1;1;0;1;50;2;Blessé léger
202100021504;163 199;80;1;0;7;26;3;216 528;1;1;4;1;1989.0;5;8;1;9;2021;02;5;92;92012;2;1;1;6;48,8389560036;2,2400021926;4;1;1;0;1;1;1;0;1;50;2;Blessé léger
202100021507;163 195;1;0;2;4;1;5;216 524;1;1;3;1;1949.0;5;2;27;8;2021;16;1;22;22182;1;1;1;2;48,5429210000; -2,9609660000;3;2;2;0;2;1;1;0;1;80;4;Blessé hospitalisé
202100021507;163 196;7;0;2;2;17;1;216 525;1;1;1;1;1934.0;3;1;27;8;2021;16;1;22;22182;1;1;1;2;48,5429210000; -2,9609660000;3;2;2;0;2;1;1;0;1;80;4;Indemne
202100021517;163 178;80;0;2;7;1;3;216 502;1;1;3;2;1973.0;1;0;2;9;2021;07;1;65;65304;2;6;1;3;43,4711510000;0,0414560000;3;2;2;0;1;3;1;5;1;50;3;Blessé hospitalisé
202100021517;163 179;7;0;9;3;9;1;216 503;1;1;1;1;1999.0;1;1;2;9;2021;07;1;65;65304;2;6;1;3;43,4711510000;0,0414560000;3;2;2;0;1;3;1;5;1;50;3;Indemne
202100021522;163 170;1;0;2;1;1;5;216 493;1;1;4;1;1945.0;5;2;1;9;2021;14;1;25;25320;1;2;1;3;46,7879320000;6,2777420000;3;2;2;0;1;1;1;5;1;70;2;Blessé léger
202100021522;163 171;7;0;0;2;15;1;216 494;1;1;1;1;1981.0;0;1;1;9;2021;14;1;25;25320;1;2;1;3;46,7879320000;6,2777420000;3;2;2;0;1;1;1;5;1;70;2;Indemne
202100021524;163 167;7;0;2;2;1;1;216 490;1;1;1;1;1939.0;3;1;30;8;2021;16;1;29;29260;2;3;1;3;48,4264490000; -4,6033470000;4;2;2;1;1;1;1;0;1;50;0;Indemne
202100021524;163 168;1;0;2;2;19;5;216 491;1;1;4;1;2005.0;5;2;30;8;2021;16;1;29;29260;2;3;1;3;48,4264490000; -4,6033470000;4;2;2;1;1;1;1;0;1;50;0;Blessé léger
202100021578;163 062;1;0;2;8;19;0;216 361;1;1;4;2;1983.0;0;2;31;8;2021;17;1;69;69387;2;1;1;3;45,7315000000;4,8254100000;4;3;2;2;1;1;1;0;6;50;1;Blessé léger
202100021578;163 063;30;0;2;1;18;1;216 362;1;1;4;2;1995.0;0;2;31;8;2021;17;1;69;69387;2;1;1;3;45,7315000000;4,8254100000;4;3;2;2;1;1;1;0;6;50;1;Blessé léger
202100021590;163 040;10;0;9;3;15;1;216 336;1;1;1;1;1981.0;0;8;31;8;2021;21;5;83;83137;2;3;1;3;43,1075413829;5,9331222337;4;2;2;0;1;1;1;0;1;50;1;Indemne
202100021590;163 041;1;0;2;1;1;5;216 337;1;1;4;1;2005.0;0;8;31;8;2021;21;5;83;83137;2;3;1;3;43,1075413829;5,9331222337;4;2;2;0;1;1;1;0;1;50;1;Blessé léger
202100021596;163 028;1;0;2;1;1;0;216 322;1;1;4;1;1971.0;0;8;30;8;2021;18;1;69;69266;2;2;1;3;45,7638100000;4,8831700000;4;1;1;2;1;1;1;0;1;50;0;Blessé léger
202100021596;163 029;7;0;9;2;15;1;216 323;1;1;1;2;1998.0;1;1;30;8;2021;18;1;69;69266;2;2;1;3;45,7638100000;4,8831700000;4;1;1;2;1;1;1;0;1;50;0;Indemne
202100021610;163 005;1;0;2;4;1;5;216 287;1;1;3;1;1966.0;5;2;27;8;2021;11;1;56;56162;2;6;7;2;47,7082400000; -3,4211100000;3;1;2;0;1;2;1;5;1;50;4;Blessé hospitalisé
202100021610;163 006;7;0;2;1;2;1;216 288;1;1;1;2;2000.0;4;1;27;8;2021;11;1;56;56162;2;6;7;2;47,7082400000; -3,4211100000;3;1;2;0;1;2;1;5;1;50;4;Indemne
202100021612;163 001;10;0;2;1;15;1;216 282;1;1;1;2;1999.0;4;1;30;8;2021;15;1;49;49099;2;4;1;3;47,0573800000; -0,8479600000;4;2;2;0;1;2;1;0;1;50;0;Indemne
202100021612;163 002;1;0;2;7;1;5;216 283;1;1;3;1;1957.0;5;2;30;8;2021;15;1;49;49099;2;4;1;3;47,0573800000; -0,8479600000;4;2;2;0;1;2;1;0;1;50;0;Blessé hospitalisé
202100021613;163 000;1;0;0;7;26;5;216 281;1;1;4;2;1938.0;5;2;31;8;2021;13;1;49;49353;2;1;1;7;47,4434600000; -0,4831200000;3;2;2;0;1;1;1;0;1;50;1;Blessé léger
202100021622;162 981;1;0;2;8;15;5;216 257;1;1;4;1;1976.0;9;0;31;8;2021;11;1;33;33063;2;9;1;3;44,8239000000; -0,5919000000;4;2;2;0;1;1;1;0;1;50;1;Blessé léger
202100021622;162 982;7;0;2;2;17;1;216 258;1;1;1;1;1972.0;9;1;31;8;2021;11;1;33;33063;2;9;1;3;44,8239000000; -0,5919000000;4;2;2;0;1;1;1;0;1;50;1;Indemne
202100021637;162 949;1;0;2;8;19;0;216 215;1;1;4;2;1970.0;0;8;31;8;2021;12;1;13;13047;2;9;1;3;43,4981181311;4,9815748455;4;1;2;0;1;1;1;0;1;50;1;Blessé léger
202100021637;162 950;7;0;2;1;17;1;216 216;1;1;1;2;1967.0;0;1;31;8;2021;12;1;13;13047;2;9;1;3;43,4981181311;4,9815748455;4;1;2;0;1;1;1;0;1;50;1;Indemne
202100021671;162 895;7;0;2;0;0;1;216 145;1;1;1;2;1982.0;5;1;31;8;2021;19;1;92;92023;2;1;1;2;48,7876562855;2,2368764789;4;2;2;0;1;1;1;0;1;30;1;Indemne
202100021671;162 896;1;0;2;1;1;5;216 146;1;1;4;1;1986.0;5;2;31;8;2021;19;1;92;92023;2;1;1;2;48,7876562855;2,2368764789;4;2;2;0;1;1;1;0;1;30;1;Blessé léger
202100021685;162 871;1;0;0;0;0;5;216 111;1;1;2;1;1957.0;5;2;14;8;2021;12;1;59;59083;1;1;1;7;50,9019200000;2,4159370000;4;2;1;0;1;1;1;0;8;80;5;Tué
202100021724;162 808;80;0;2;1;19;3;216 027;1;1;3;1;1927.0;5;8;31;8;2021;16;1;42;42299;1;2;1;3;45,6152830000;4,1165690000;3;2;1;0;1;1;1;0;1;80;1;Blessé hospitalisé
202100021724;162 809;7;0;9;2;19;1;216 028;1;1;1;2;1949.0;5;8;31;8;2021;16;1;42;42299;1;2;1;3;45,6152830000;4,1165690000;3;2;1;0;1;1;1;0;1;80;1;Indemne
202100021772;162 709;7;0;9;2;15;1;215 904;1;1;1;1;1961.0;3;1;30;8;2021;16;1;62;62688;2;8;8;6;50,4179030000;1,6477260000;3;2;6;0;2;1;1;4;1;50;0;Indemne
202100021772;162 710;7;0;2;0;23;1;215 905;1;1;1;2;1960.0;5;1;30;8;2021;16;1;62;62688;2;8;8;6;50,4179030000;1,6477260000;3;2;6;0;2;1;1;4;1;50;0;Indemne
202100021772;162 711;1;0;2;1;1;5;215 906;1;1;3;1;1941.0;5;2;30;8;2021;16;1;62;62688;2;8;8;6;50,4179030000;1,6477260000;3;2;6;0;2;1;1;4;1;50;0;Blessé hospitalisé
202100021801;162 651;1;0;2;1;1;5;215 821;1;1;4;2;1949.0;5;8;30;8;2021;13;1;75;75106;2;2;1;3;48,8482380000;2,3310400000;4;2;2;0;1;1;1;0;1;30;0;Blessé léger
202100021801;162 652;7;0;2;8;22;1;215 822;1;1;1;1;1994.0;5;8;30;8;2021;13;1;75;75106;2;2;1;3;48,8482380000;2,3310400000;4;2;2;0;1;1;1;0;1;30;0;Indemne
202100021814;162 630;1;8;0;1;1;0;215 791;1;1;4;1;1968.0;5;8;26;8;2021;14;1;94;94068;2;1;1;6;48,8091640000;2,5134820000;4;2;1;1;1;1;1;6;5;30;3;Blessé léger
202100021823;162 616;1;0;0;1;1;5;215 771;1;1;4;1;2003.0;5;8;30;8;2021;15;1;92;92073;2;1;1;7;48,8644380000;2,2205430000;4;2;2;0;2;1;1;0;1;50;0;Blessé léger
202100021866;162 549;7;0;2;2;17;1;215 688;1;1;1;1;1944.0;5;8;30;8;2021;19;1;18;18226;1;1;1;3;47,1286950000;2,4638130000;3;2;2;0;1;1;1;0;1;80;0;Indemne
202100021866;162 550;1;0;2;1;15;5;215 689;1;1;3;1;2004.0;5;2;30;8;2021;19;1;18;18226;1;1;1;3;47,1286950000;2,4638130000;3;2;2;0;1;1;1;0;1;80;0;Blessé hospitalisé
202100021876;162 528;1;0;0;3;2;5;215 657;1;1;4;1;2005.0;5;0;29;8;2021;18;1;971;97103;2;1;1;3;16,2362770000; -61,6048590000;4;2;2;0;1;1;1;0;1;50;6;Blessé léger
202100021876;162 529;31;0;9;2;17;1;215 658;1;1;3;1;1975.0;0;2;29;8;2021;18;1;971;97103;2;1;1;3;16,2362770000; -61,6048590000;4;2;2;0;1;1;1;0;1;50;6;Blessé hospitalisé
202100021889;162 506;80;0;2;1;13;3;215 628;1;1;3;2;1945.0;5;0;31;8;2021;15;1;17;17161;2;1;1;1;46,1843440000; -1,3140430000;4;2;2;2;2;3;1;9;1;30;1;Blessé hospitalisé
202100021889;162 507;99;0;9;6;1;3;215 629;1;1;1;1;1970.0;4;1;31;8;2021;15;1;17;17161;2;1;1;1;46,1843440000; -1,3140430000;4;2;2;2;2;3;1;9;1;30;1;Indemne
202100021909;162 466;1;0;2;0;1;5;215 568;1;1;3;1;1960.0;5;2;29;6;2021;10;1;83;83016;1;1;1;3;43,2182460000;5,8109630000;3;2;2;0;2;1;1;0;1;70;1;Blessé hospitalisé
202100021909;162 467;15;0;2;7;17;1;215 569;1;1;1;1;1957.0;4;1;29;6;2021;10;1;83;83016;1;1;1;3;43,2182460000;5,8109630000;3;2;2;0;2;1;1;0;1;70;1;Indemne
202100021921;162 441;10;0;2;1;17;1;215 530;1;1;1;1;1989.0;0;1;29;8;2021;13;1;69;69266;2;1;1;2;45,7516200000;4,9048300000;4;2;4;0;1;1;1;0;1;50;6;Indemne
202100021921;162 442;1;0;2;4;1;5;215 531;1;1;4;1;1988.0;0;8;29;8;2021;13;1;69;69266;2;1;1;2;45,7516200000;4,9048300000;4;2;4;0;1;1;1;0;1;50;6;Blessé léger
202100021922;162 440;1;0;0;0;1;5;215 529;1;1;4;1;1979.0;1;8;29;8;2021;07;2;69;69256;2;1;1;7;45,7501100000;4,9276000000;4;2;2;0;1;1;1;0;1;50;6;Blessé léger
202100021923;162 438;7;0;2;1;11;1;215 527;1;1;1;1;1961.0;5;1;27;8;2021;15;1;65;65226;1;1;1;1;43,2409654402;0,0185206532;3;2;2;0;1;1;1;0;1;50;4;Indemne
202100021923;162 439;1;0;2;1;15;5;215 528;1;1;4;2;2000.0;3;8;27;8;2021;15;1;65;65226;1;1;1;1;43,2409654402;0,0185206532;3;2;2;0;1;1;1;0;1;50;4;Blessé léger
202100021925;162 434;1;0;2;1;0;5;215 522;1;1;3;1;1994.0;5;2;29;8;2021;09;1;59;59328;2;1;2;3;50,6448800000;3,0284100000;7;2;1;1;1;1;2;0;1;50;6;Blessé hospitalisé
202100021925;162 435;7;0;2;1;15;1;215 523;1;1;1;1;1938.0;5;1;29;8;2021;09;1;59;59328;2;1;2;3;50,6448800000;3,0284100000;7;2;1;1;1;1;2;0;1;50;6;Indemne
202100021926;162 432;30;0;9;1;1;1;215 520;1;1;4;1;1978.0;1;2;29;8;2021;12;1;59;59183;2;1;1;1;51,0262400000;2,3151800000;3;2;2;0;1;1;1;0;1;50;6;Blessé léger
202100021926;162 433;1;0;2;1;14;5;215 521;1;1;4;1;2005.0;0;8;29;8;2021;12;1;59;59183;2;1;1;1;51,0262400000;2,3151800000;3;2;2;0;1;1;1;0;1;50;6;Blessé léger
202100021935;162 416;1;0;2;1;1;5;215 498;1;1;4;1;1948.0;0;2;29;8;2021;16;1;24;24037;2;9;1;3;44,8435500000;0,4845000000;3;1;1;0;1;1;1;0;1;50;6;Blessé léger
202100021935;162 417;7;0;2;8;1;1;215 499;1;1;1;1;1970.0;5;1;29;8;2021;16;1;24;24037;2;9;1;3;44,8435500000;0,4845000000;3;1;1;0;1;1;1;0;1;50;6;Indemne
202100021964;162 368;1;0;2;3;13;5;215 434;1;1;3;1;1982.0;5;2;29;8;2021;15;1;05;05027;1;1;1;3;44,8776160000;6,7392110000;3;2;2;0;2;3;1;0;1;80;6;Blessé hospitalisé
202100021964;162 369;7;0;2;3;1;2;215 435;1;1;1;1;1971.0;5;1;29;8;2021;15;1;05;05027;1;1;1;3;44,8776160000;6,7392110000;3;2;2;0;2;3;1;0;1;80;6;Indemne
202100021980;162 343;1;0;0;0;1;5;215 401;1;1;2;1;1950.0;5;0;29;8;2021;15;1;49;49235;2;1;1;7;47,2251010000;0,0104560000;4;2;1;0;3;1;1;0;1;50;6;Tué
202100021986;162 331;3;0;9;1;9;1;215 383;1;1;1;2;1962.0;5;1;27;8;2021;11;1;34;34126;1;6;1;3;43,5870710000;3,0828670000;3;2;2;0;1;2;1;0;1;70;4;Indemne
202100021986;162 332;80;0;2;7;1;3;215 384;1;1;3;1;1946.0;5;2;27;8;2021;11;1;34;34126;1;6;1;3;43,5870710000;3,0828670000;3;2;2;0;1;2;1;0;1;70;4;Blessé hospitalisé
202100021997;162 316;1;0;0;0;0;5;215 362;1;1;2;1;1952.0;5;2;29;8;2021;10;1;10;10251;1;1;1;7;48,1082050000;3,9515380000;3;2;2;0;3;3;1;0;3;80;6;Tué
202100021998;162 314;7;0;9;2;11;1;215 360;1;1;1;1;2001.0;5;1;27;8;2021;19;2;07;07306;2;1;1;3;44,4291370000;4,3554350000;3;2;2;0;1;1;1;0;1;50;4;Indemne
202100021998;162 315;80;0;2;7;19;3;215 361;1;1;3;2;1960.0;5;0;27;8;2021;19;2;07;07306;2;1;1;3;44,4291370000;4,3554350000;3;2;2;0;1;1;1;0;1;50;4;Blessé hospitalisé
202100022011;162 291;1;0;2;1;1;5;215 330;1;1;4;1;1971.0;5;2;28;8;2021;14;1;74;74010;2;6;1;1;45,8780180000;6,0935500000;4;1;2;3;1;1;1;5;6;30;5;Blessé léger
202100022011;162 292;7;0;2;1;15;1;215 331;1;1;1;1;1968.0;1;1;28;8;2021;14;1;74;74010;2;6;1;1;45,8780180000;6,0935500000;4;1;2;3;1;1;1;5;6;30;5;Indemne
202100022015;162 279;7;0;9;2;13;1;215 302;1;1;1;2;2000.0;3;1;29;8;2021;22;3;77;77327;1;1;1;1;48,5715670000;2,9995890000;3;2;2;0;1;1;1;0;1;80;6;Indemne
202100022015;162 280;1;0;2;1;14;5;215 303;1;1;3;1;1977.0;5;0;29;8;2021;22;3;77;77327;1;1;1;1;48,5715670000;2,9995890000;3;2;2;0;1;1;1;0;1;80;6;Blessé hospitalisé
202100022025;162 259;1;0;2;4;1;5;215 273;1;1;4;1;1962.0;5;2;26;8;2021;12;1;44;44026;2;6;7;2;47,3082920000; -1,4805190000;7;2;2;2;1;3;1;0;1;50;3;Blessé léger
202100022025;162 260;7;0;2;1;2;3;215 274;1;1;1;1;1941.0;5;1;26;8;2021;12;1;44;44026;2;6;7;2;47,3082920000; -1,4805190000;7;2;2;2;1;3;1;0;1;50;3;Indemne
202100022071;162 175;7;0;9;3;1;1;215 152;1;1;1;2;1995.0;0;1;27;8;2021;15;1;60;60175;2;1;1;3;49,2518200000;2,4766700000;4;2;3;0;1;1;1;0;1;50;4;Indemne
202100022071;162 176;1;0;2;2;19;0;215 153;1;1;4;1;2009.0;5;2;27;8;2021;15;1;60;60175;2;1;1;3;49,2518200000;2,4766700000;4;2;3;0;1;1;1;0;1;50;4;Blessé léger
202100022077;162 163;1;0;2;7;1;0;215 129;1;1;4;2;1988.0;0;2;28;8;2021;15;1;45;45302;2;6;1;3;47,9369299793;1,8869871497;4;1;2;0;1;2;1;0;1;50;5;Blessé léger
202100022077;162 164;7;0;2;3;9;1;215 130;2;2;1;1;1952.0;5;1;28;8;2021;15;1;45;45302;2;6;1;3;47,9369299793;1,8869871497;4;1;2;0;1;2;1;0;1;50;5;Indemne
202100022077;162 164;7;0;2;3;9;1;215 131;1;1;1;2;1975.0;5;1;28;8;2021;15;1;45;45302;2;6;1;3;47,9369299793;1,8869871497;4;1;2;0;1;2;1;0;1;50;5;Indemne
202100022087;162 144;1;1;2;1;1;5;215 106;1;1;4;1;1978.0;0;8;27;8;2021;11;1;25;25462;2;1;1;1;46,9065100000;6,3477700000;4;2;1;0;1;1;1;0;1;50;4;Blessé léger
202100022087;162 145;7;0;2;8;20;1;215 107;1;1;1;2;1958.0;5;1;27;8;2021;11;1;25;25462;2;1;1;1;46,9065100000;6,3477700000;4;2;1;0;1;1;1;0;1;50;4;Indemne
202100022093;162 132;7;0;2;3;16;1;215 089;1;1;1;2;1969.0;1;1;28;8;2021;22;5;17;17300;2;3;1;3;46,1495000000; -1,1446500000;4;2;2;0;2;1;1;0;5;30;5;Indemne
202100022093;162 133;1;0;0;0;0;0;215 090;1;1;4;1;2015.0;9;8;28;8;2021;22;5;17;17300;2;3;1;3;46,1495000000; -1,1446500000;4;2;2;0;2;1;1;0;5;30;5;Blessé léger
202100022106;162 109;1;0;2;0;1;5;215 058;1;1;3;1;1967.0;9;2;27;8;2021;01;5;75;75105;2;2;1;1;48,8468000000;2,3433470000;4;2;2;1;1;1;1;0;5;50;4;Blessé hospitalisé
202100022106;162 110;7;0;2;1;16;1;215 059;1;1;1;1;2001.0;5;1;27;8;2021;01;5;75;75105;2;2;1;1;48,8468000000;2,3433470000;4;2;2;1;1;1;1;0;5;50;4;Indemne
202100022128;162 078;1;0;0;6;1;6;215 017;5;2;4;1;2015.0;5;2;28;8;2021;10;1;92;92046;2;1;1;7;48,8164805186;2,2973200679;4;2;1;0;1;1;1;0;1;30;5;Blessé léger