Num_Acc;id_vehicule;catv;obs;obsm;choc;manv;motor;id_usager;place;catu;grav;sexe;an_nais;trajet;secu1;jour;mois;an;hrmn;lum;dep;com;agg;int;atm;col;lat;long;catr;circ;nbv;vosp;prof;plan;surf;infra;situ;vma;day_of_week;gravity
202100023950;158 822;10;0;9;4;1;1;210 584;1;1;1;1;1959.0;1;1;17;8;2021;18;1;01;01036;2;1;1;1;45,8757060000;5,6648040000;3;2;2;0;2;1;1;0;1;30;1;Indemne
202100023950;158 823;1;6;2;1;0;5;210 585;1;1;2;2;1984.0;5;2;17;8;2021;18;1;01;01036;2;1;1;1;45,8757060000;5,6648040000;3;2;2;0;2;1;1;0;1;30;1;Tué
202100023957;158 811;80;0;2;8;1;3;210 565;1;1;3;1;1959.0;5;2;16;8;2021;11;1;85;85047;2;1;1;3;46,8106490000; -1,8338800000;4;2;2;0;1;1;1;0;1;50;0;Blessé hospitalisé
202100023957;158 812;7;0;2;7;17;0;210 566;1;1;1;1;1953.0;5;1;16;8;2021;11;1;85;85047;2;1;1;3;46,8106490000; -1,8338800000;4;2;2;0;1;1;1;0;1;50;0;Indemne
202100023998;158 742;7;0;2;1;1;1;210 460;1;1;1;1;1943.0;5;1;12;8;2021;14;1;83;83123;2;1;1;2;43,1306900000;5,7819200000;3;2;2;0;1;1;1;0;1;50;3;Indemne
202100023998;158 743;1;0;2;4;13;5;210 461;1;1;4;1;1951.0;5;2;12;8;2021;14;1;83;83123;2;1;1;2;43,1306900000;5,7819200000;3;2;2;0;1;1;1;0;1;50;3;Blessé léger
202100024000;158 739;1;0;2;1;16;5;210 456;1;1;3;1;1962.0;3;8;15;8;2021;09;1;82;82121;2;3;1;3;44,0091600000;1,3762900000;4;2;2;0;1;4;1;0;1;50;6;Blessé hospitalisé
202100024000;158 740;7;0;2;2;15;1;210 457;1;1;1;1;1983.0;3;1;15;8;2021;09;1;82;82121;2;3;1;3;44,0091600000;1,3762900000;4;2;2;0;1;4;1;0;1;50;6;Indemne
202100024006;158 729;7;0;2;3;1;0;210 443;1;1;1;1;1951.0;0;1;14;8;2021;12;1;69;69264;2;9;1;3;45,9849000000;4,7301600000;3;1;2;2;1;1;1;0;5;50;5;Indemne
202100024006;158 730;80;0;2;1;19;3;210 444;1;1;4;1;1999.0;0;8;14;8;2021;12;1;69;69264;2;9;1;3;45,9849000000;4,7301600000;3;1;2;2;1;1;1;0;5;50;5;Blessé léger
202100024021;158 709;7;0;9;7;1;1;210 415;1;1;1;1;1948.0;5;1;9;8;2021;10;1;03;03190;2;1;1;3;46,5733400000;3,3258700000;4;1;2;1;1;1;1;0;1;50;0;Indemne
202100024021;158 709;7;0;9;7;1;1;210 416;2;2;1;2;1952.0;5;1;9;8;2021;10;1;03;03190;2;1;1;3;46,5733400000;3,3258700000;4;1;2;1;1;1;1;0;1;50;0;Indemne
202100024021;158 710;1;0;2;6;1;5;210 417;1;1;3;1;1955.0;5;2;9;8;2021;10;1;03;03190;2;1;1;3;46,5733400000;3,3258700000;4;1;2;1;1;1;1;0;1;50;0;Blessé hospitalisé
202100024024;158 703;7;0;2;3;15;1;210 407;1;1;1;1;1954.0;4;1;14;8;2021;12;1;75;75120;2;5;1;3;48,8562025326;2,4049311175;4;2;2;0;2;1;1;0;1;50;5;Indemne
202100024024;158 704;1;0;2;1;1;5;210 408;1;1;4;1;1962.0;5;2;14;8;2021;12;1;75;75120;2;5;1;3;48,8562025326;2,4049311175;4;2;2;0;2;1;1;0;1;50;5;Blessé léger
202100024025;158 701;7;0;2;2;15;1;210 405;1;1;1;1;1980.0;5;1;15;8;2021;22;5;75;75118;2;3;1;3;48,8946160000;2,3291040000;4;1;1;0;1;1;1;0;1;30;6;Indemne
202100024025;158 702;1;0;2;1;5;5;210 406;1;1;4;1;1980.0;5;2;15;8;2021;22;5;75;75118;2;3;1;3;48,8946160000;2,3291040000;4;1;1;0;1;1;1;0;1;30;6;Blessé léger
202100024032;158 688;1;0;2;1;1;5;210 381;1;1;4;1;2002.0;0;2;15;8;2021;17;1;94;94043;2;3;1;3;48,8135100000;2,3614300000;3;2;5;1;1;1;1;0;1;50;6;Blessé léger
202100024032;158 689;7;0;2;7;1;1;210 382;1;1;1;1;1999.0;0;8;15;8;2021;17;1;94;94043;2;3;1;3;48,8135100000;2,3614300000;3;2;5;1;1;1;1;0;1;50;6;Indemne
202100024034;158 683;7;0;2;1;15;1;210 375;1;1;1;1;1995.0;0;1;15;8;2021;20;2;94;94022;2;3;1;3;48,7688000000;2,4225400000;3;1;2;0;1;1;1;0;1;50;6;Indemne
202100024034;158 684;1;0;2;8;19;5;210 376;1;1;4;1;2002.0;5;0;15;8;2021;20;2;94;94022;2;3;1;3;48,7688000000;2,4225400000;3;1;2;0;1;1;1;0;1;50;6;Blessé léger
202100024035;158 682;1;1;0;1;1;5;210 374;1;1;4;1;1993.0;0;2;15;8;2021;12;1;94;94022;2;1;1;6;48,7571000000;2,4121000000;4;2;2;0;2;1;1;0;3;50;6;Blessé léger
202100024039;158 676;1;0;0;0;1;0;210 368;1;1;3;1;2000.0;5;0;15;8;2021;11;1;54;54411;1;1;1;7;48,4834620000;6,1869660000;3;2;2;0;2;1;1;0;1;80;6;Blessé hospitalisé
202100024041;158 672;1;0;0;8;1;5;210 364;1;1;3;1;1969.0;5;2;15;8;2021;12;1;84;84008;1;3;1;3;44,1435410000;5,1053300000;3;2;2;0;1;4;1;0;1;80;6;Blessé hospitalisé
202100024041;158 673;7;0;9;1;15;1;210 365;1;1;1;1;1958.0;3;1;15;8;2021;12;1;84;84008;1;3;1;3;44,1435410000;5,1053300000;3;2;2;0;1;4;1;0;1;80;6;Indemne
202100024042;158 670;7;0;2;3;0;1;210 362;1;1;1;1;1987.0;5;1;14;8;2021;17;1;62;62439;1;9;1;3;50,7990050000;1,8722520000;3;2;2;0;2;1;1;0;1;80;5;Indemne
202100024042;158 671;1;0;2;1;0;5;210 363;1;1;3;1;1984.0;5;0;14;8;2021;17;1;62;62439;1;9;1;3;50,7990050000;1,8722520000;3;2;2;0;2;1;1;0;1;80;5;Blessé hospitalisé
202100024044;158 666;7;0;2;2;1;1;210 358;1;1;1;1;2000.0;1;1;16;8;2021;04;3;62;62205;1;1;1;2;50,7243260000;2,3312690000;3;2;2;0;1;1;1;2;1;80;0;Indemne
202100024044;158 667;1;0;2;4;1;5;210 359;1;1;3;1;1971.0;1;9;16;8;2021;04;3;62;62205;1;1;1;2;50,7243260000;2,3312690000;3;2;2;0;1;1;1;2;1;80;0;Blessé hospitalisé
202100024054;158 651;1;0;5;2;1;5;210 337;1;1;4;1;1981.0;5;2;21;6;2021;19;1;29;29018;1;1;1;6;48,3513701228; -3,8490495667;3;2;2;0;4;3;1;0;1;80;0;Blessé léger
202100024088;158 602;7;0;2;2;1;1;210 258;1;1;1;2;1997.0;1;1;16;8;2021;14;1;38;38449;1;1;1;3;45,6406920000;5,1101230000;3;1;4;0;1;1;1;0;6;70;0;Indemne
202100024088;158 603;1;0;2;0;26;5;210 259;1;1;4;2;1974.0;0;8;16;8;2021;14;1;38;38449;1;1;1;3;45,6406920000;5,1101230000;3;1;4;0;1;1;1;0;6;70;0;Blessé léger
202100024090;158 598;1;0;2;1;2;5;210 253;1;1;3;1;1966.0;5;2;15;8;2021;10;1;65;65123;1;1;1;2;42,9454560000;0,2206060000;3;2;2;0;2;1;1;0;1;80;6;Blessé hospitalisé
202100024090;158 599;7;0;2;4;1;1;210 254;1;1;1;1;1990.0;5;1;15;8;2021;10;1;65;65123;1;1;1;2;42,9454560000;0,2206060000;3;2;2;0;2;1;1;0;1;80;6;Indemne
202100024127;158 532;80;0;2;4;19;3;210 155;1;1;3;1;1985.0;5;8;14;8;2021;22;5;59;59512;2;2;1;3;50,6971760000;3,1658790000;7;2;2;0;1;1;1;5;1;50;5;Blessé hospitalisé
202100024127;158 533;7;0;2;0;19;1;210 156;1;1;1;1;1985.0;5;1;14;8;2021;22;5;59;59512;2;2;1;3;50,6971760000;3,1658790000;7;2;2;0;1;1;1;5;1;50;5;Indemne
202100024127;158 533;7;0;2;0;19;1;210 157;2;2;1;1;1989.0;5;1;14;8;2021;22;5;59;59512;2;2;1;3;50,6971760000;3,1658790000;7;2;2;0;1;1;1;5;1;50;5;Indemne
202100024129;158 528;7;0;2;1;26;1;210 146;1;1;1;2;1995.0;0;1;14;8;2021;18;1;44;44109;2;2;1;3;47,2084700000; -1,5740400000;4;2;2;0;2;1;1;0;1;30;5;Indemne
202100024129;158 529;1;0;0;0;0;2;210 147;1;1;4;1;2000.0;0;8;14;8;2021;18;1;44;44109;2;2;1;3;47,2084700000; -1,5740400000;4;2;2;0;2;1;1;0;1;30;5;Blessé léger
202100024154;158 484;1;0;0;1;16;5;210 082;1;1;4;1;1994.0;5;2;12;8;2021;19;1;94;94002;2;5;1;7;48,8145900000;2,4119840000;3;2;4;1;2;3;1;0;1;50;3;Blessé léger
202100024177;158 447;1;0;2;1;1;5;210 031;1;1;3;1;1982.0;0;6;13;8;2021;20;1;25;25058;2;3;1;3;47,2049080000;5,9950540000;4;2;2;0;1;1;1;0;1;30;4;Blessé hospitalisé
202100024177;158 448;7;0;2;3;15;1;210 032;1;1;1;2;1986.0;0;8;13;8;2021;20;1;25;25058;2;3;1;3;47,2049080000;5,9950540000;4;2;2;0;1;1;1;0;1;30;4;Indemne
202100024201;158 413;1;7;2;8;19;5;209 976;1;1;2;2;2008.0;4;0;14;8;2021;19;1;33;33214;1;1;7;3;45,0013910000; -1,1802750000;4;2;2;0;2;1;1;0;1;50;5;Tué
202100024201;158 414;7;0;9;2;1;1;209 977;1;1;1;2;1999.0;5;1;14;8;2021;19;1;33;33214;1;1;7;3;45,0013910000; -1,1802750000;4;2;2;0;2;1;1;0;1;50;5;Indemne
202100024211;158 398;7;0;9;1;13;1;209 950;1;1;1;2;2000.0;0;1;15;8;2021;08;1;73;73114;1;1;1;1;45,8214780000;6,5314050000;3;2;2;0;2;2;1;2;1;80;6;Indemne
202100024211;158 399;1;0;2;1;1;5;209 951;1;1;3;1;1995.0;5;2;15;8;2021;08;1;73;73114;1;1;1;1;45,8214780000;6,5314050000;3;2;2;0;2;2;1;2;1;80;6;Blessé hospitalisé
202100024217;158 386;7;0;2;7;1;1;209 924;1;1;1;1;2001.0;5;1;13;8;2021;22;3;56;56114;1;1;1;3;47,2949490000; -3,1063630000;3;2;2;0;1;1;1;0;1;80;4;Indemne
202100024217;158 387;1;0;2;1;1;5;209 925;1;1;3;1;1946.0;3;0;13;8;2021;22;3;56;56114;1;1;1;3;47,2949490000; -3,1063630000;3;2;2;0;1;1;1;0;1;80;4;Blessé hospitalisé
202100024243;158 335;1;0;0;8;1;5;209 864;1;1;4;1;2004.0;5;8;12;8;2021;11;1;87;87085;1;1;1;7;45,8375500000;1,2774000000;4;2;2;0;1;1;1;0;1;50;3;Blessé léger
202100024257;158 309;31;0;2;8;1;1;209 826;1;1;3;1;1987.0;0;2;12;8;2021;22;5;67;67482;2;1;1;7;48,5782100000;7,7344100000;4;2;4;0;2;1;1;2;1;50;3;Blessé hospitalisé
202100024257;158 310;1;0;2;0;11;5;209 827;1;1;1;2;2005.0;0;8;12;8;2021;22;5;67;67482;2;1;1;7;48,5782100000;7,7344100000;4;2;4;0;2;1;1;2;1;50;3;Indemne
202100024265;158 294;1;0;2;1;18;5;209 808;1;1;2;1;1968.0;5;2;13;8;2021;16;1;59;59352;2;1;1;3;50,7320515141;3,0375641584;4;2;2;0;1;1;1;0;1;50;4;Tué
202100024265;158 295;21;0;2;6;23;1;209 809;1;1;1;1;1996.0;4;1;13;8;2021;16;1;59;59352;2;1;1;3;50,7320515141;3,0375641584;4;2;2;0;1;1;1;0;1;50;4;Indemne
202100024276;158 278;80;0;0;0;1;3;209 783;1;1;2;1;1931.0;5;8;13;8;2021;09;1;34;34172;2;1;1;7;43,6378700000;3,8736600000;4;2;2;0;2;1;1;0;1;50;4;Tué
202100024279;158 272;1;0;2;1;1;5;209 777;1;1;4;1;2001.0;1;8;13;8;2021;12;1;33;33162;2;3;1;3;44,8811800000; -0,6527300000;4;2;3;2;1;1;1;0;5;50;4;Blessé léger
202100024279;158 273;10;0;2;3;15;1;209 778;1;1;1;1;1992.0;1;1;13;8;2021;12;1;33;33162;2;3;1;3;44,8811800000; -0,6527300000;4;2;3;2;1;1;1;0;5;50;4;Indemne
202100024281;158 268;80;0;2;1;1;3;209 773;1;1;4;2;2000.0;1;8;12;8;2021;13;1;33;33063;2;3;1;3;44,8502700000; -0,5448500000;4;1;1;2;1;1;1;0;1;30;3;Blessé léger
202100024281;158 269;7;0;2;3;1;1;209 774;1;1;1;1;1965.0;1;8;12;8;2021;13;1;33;33063;2;3;1;3;44,8502700000; -0,5448500000;4;1;1;2;1;1;1;0;1;30;3;Indemne
202100024288;158 256;1;0;2;8;19;5;209 756;1;1;3;1;2010.0;5;8;12;8;2021;18;1;17;17291;2;3;1;1;46,1863700000; -1,1214800000;4;2;2;0;1;1;1;0;1;50;3;Blessé hospitalisé
202100024288;158 257;7;0;9;3;0;1;209 757;1;1;1;1;1952.0;5;1;12;8;2021;18;1;17;17291;2;3;1;1;46,1863700000; -1,1214800000;4;2;2;0;1;1;1;0;1;50;3;Indemne
202100024289;158 254;7;0;2;1;16;2;209 754;1;1;1;1;1996.0;4;1;13;8;2021;08;1;17;17300;2;1;1;3;46,1567400000; -1,1203200000;4;2;3;1;1;1;1;0;5;50;4;Indemne
202100024289;158 255;1;0;2;3;1;5;209 755;1;1;4;1;1999.0;1;8;13;8;2021;08;1;17;17300;2;1;1;3;46,1567400000; -1,1203200000;4;2;3;1;1;1;1;0;5;50;4;Blessé léger
202100024297;158 240;7;0;2;1;16;1;209 727;1;1;1;2;1998.0;5;1;12;8;2021;16;1;10;10387;2;3;1;3;48,2964600000;4,0749100000;4;1;1;0;1;1;1;0;1;30;3;Indemne
202100024297;158 241;1;0;2;7;25;0;209 728;1;1;4;1;2004.0;5;8;12;8;2021;16;1;10;10387;2;3;1;3;48,2964600000;4,0749100000;4;1;1;0;1;1;1;0;1;30;3;Blessé léger
202100024309;158 215;1;1;0;1;1;5;209 689;1;1;4;1;1991.0;5;2;12;8;2021;23;5;75;75105;2;2;1;6;48,8469160000;2,3428400000;4;2;2;0;2;1;1;0;1;30;3;Blessé léger
202100024318;158 200;1;0;1;1;1;5;209 671;1;1;1;1;1990.0;5;8;13;8;2021;19;1;75;75101;2;2;1;6;48,8600520000;2,3490610000;4;2;5;1;1;1;1;0;5;50;4;Indemne
202100024318;158 200;1;0;1;1;1;5;209 672;10;3;4;1;1945.0;5;8;13;8;2021;19;1;75;75101;2;2;1;6;48,8600520000;2,3490610000;4;2;5;1;1;1;1;0;5;50;4;Blessé léger
202100024326;158 187;1;0;2;1;1;0;209 657;1;1;4;1;1975.0;1;2;13;8;2021;18;1;93;93008;2;3;9;3;48,9035000000;2,4243440000;4;2;2;0;1;1;1;0;1;50;4;Blessé léger
202100024326;158 188;37;1;0;8;15;2;209 658;1;1;1;2;1995.0;4;1;13;8;2021;18;1;93;93008;2;3;9;3;48,9035000000;2,4243440000;4;2;2;0;1;1;1;0;1;50;4;Indemne
202100024328;158 184;1;4;0;1;1;5;209 653;1;1;4;1;1968.0;1;2;13;8;2021;08;1;92;92076;2;1;1;6;48,8319600000;2,1528000000;3;1;2;0;1;1;1;2;4;30;4;Blessé léger
202100024349;158 154;7;0;9;3;21;1;209 617;1;1;1;2;1967.0;5;1;12;8;2021;17;1;38;38115;1;1;1;3;44,9651320000;5,6378320000;3;2;2;0;1;1;1;0;1;70;3;Indemne
202100024349;158 155;1;0;2;8;10;5;209 618;1;1;4;1;1953.0;5;0;12;8;2021;17;1;38;38115;1;1;1;3;44,9651320000;5,6378320000;3;2;2;0;1;1;1;0;1;70;3;Blessé léger
202100024359;158 138;7;0;0;3;18;1;209 593;1;1;1;1;1938.0;3;1;14;8;2021;12;1;33;33046;2;3;1;3;44,3718610000; -0,2436680000;2;2;2;0;1;1;1;0;1;50;5;Indemne
202100024359;158 139;1;0;0;2;15;5;209 594;2;2;4;2;2007.0;5;2;14;8;2021;12;1;33;33046;2;3;1;3;44,3718610000; -0,2436680000;2;2;2;0;1;1;1;0;1;50;5;Blessé léger
202100024359;158 139;1;0;0;2;15;5;209 595;1;1;3;1;1976.0;5;0;14;8;2021;12;1;33;33046;2;3;1;3;44,3718610000; -0,2436680000;2;2;2;0;1;1;1;0;1;50;5;Blessé hospitalisé
202100024365;158 127;1;0;2;8;1;5;209 580;1;1;3;1;1950.0;5;2;14;8;2021;09;1;63;63037;1;1;1;3;45,6356020000;3,6800870000;4;2;2;0;1;2;1;0;1;80;5;Blessé hospitalisé
202100024365;158 128;7;0;9;3;13;1;209 581;1;1;1;1;1995.0;5;1;14;8;2021;09;1;63;63037;1;1;1;3;45,6356020000;3,6800870000;4;2;2;0;1;2;1;0;1;80;5;Indemne
202100024369;158 121;1;0;0;0;0;5;209 571;1;1;2;1;1947.0;9;2;12;8;2021;09;1;47;47054;1;1;9;7;44,4010970000;0,4977380000;3;2;2;0;2;1;1;0;8;80;3;Tué
202100024386;158 093;80;0;2;1;9;3;209 526;1;1;3;1;1991.0;5;0;12;8;2021;06;2;65;65305;2;3;1;3;42,9603542713;0,5684088721;3;2;2;0;2;3;1;5;1;50;3;Blessé hospitalisé
202100024386;158 094;10;0;2;7;1;1;209 527;1;1;1;1;1993.0;1;1;12;8;2021;06;2;65;65305;2;3;1;3;42,9603542713;0,5684088721;3;2;2;0;2;3;1;5;1;50;3;Indemne
202100024398;158 074;1;0;2;1;1;5;209 501;1;1;4;1;1981.0;5;2;12;8;2021;17;1;72;72349;1;9;1;3;48,2040760000;0,2013050000;4;2;2;0;1;1;1;0;1;80;3;Blessé léger
202100024398;158 075;7;0;9;2;1;1;209 502;1;1;1;1;1937.0;5;1;12;8;2021;17;1;72;72349;1;9;1;3;48,2040760000;0,2013050000;4;2;2;0;1;1;1;0;1;80;3;Indemne
202100024401;158 067;7;0;2;2;9;1;209 487;2;2;1;2;1972.0;5;1;6;8;2021;17;1;05;05164;1;3;7;3;44,5137430000;6,3722070000;3;2;2;0;2;1;1;0;1;80;4;Indemne
202100024401;158 067;7;0;2;2;9;1;209 488;1;1;1;1;1960.0;5;1;6;8;2021;17;1;05;05164;1;3;7;3;44,5137430000;6,3722070000;3;2;2;0;2;1;1;0;1;80;4;Indemne
202100024401;158 068;1;0;2;8;15;5;209 489;1;1;3;1;1949.0;5;2;6;8;2021;17;1;05;05164;1;3;7;3;44,5137430000;6,3722070000;3;2;2;0;2;1;1;0;1;80;4;Blessé hospitalisé
202100024403;158 064;10;0;2;1;9;1;209 484;1;1;1;1;1964.0;1;1;4;8;2021;08;1;83;83083;1;4;1;3;43,4738350000;6,1303930000;3;2;1;0;1;1;1;0;1;50;2;Indemne
202100024403;158 065;1;0;2;7;1;5;209 485;1;1;3;1;1950.0;5;2;4;8;2021;08;1;83;83083;1;4;1;3;43,4738350000;6,1303930000;3;2;1;0;1;1;1;0;1;50;2;Blessé hospitalisé
202100024423;158 026;7;0;2;2;1;1;209 432;1;1;1;2;1948.0;5;1;13;8;2021;15;1;08;08291;1;1;1;2;49,6822290000;5,2860650000;3;2;2;0;2;3;1;0;1;80;4;Indemne
202100024423;158 027;1;0;0;4;1;5;209 433;1;1;3;1;1965.0;5;2;13;8;2021;15;1;08;08291;1;1;1;2;49,6822290000;5,2860650000;3;2;2;0;2;3;1;0;1;80;4;Blessé hospitalisé
202100024440;157 994;80;0;0;4;1;3;209 392;1;1;4;1;1949.0;5;2;10;8;2021;10;1;21;21171;2;4;1;3;47,2941057979;5,1326658062;4;2;2;0;1;1;1;0;1;50;1;Blessé léger
202100024440;157 995;7;0;2;3;16;1;209 393;1;1;1;1;1949.0;5;1;10;8;2021;10;1;21;21171;2;4;1;3;47,2941057979;5,1326658062;4;2;2;0;1;1;1;0;1;50;1;Indemne
202100024454;157 965;1;0;0;0;1;5;209 347;1;1;3;2;1957.0;5;2;12;8;2021;15;1;68;68106;1;1;1;7;47,8914850000;7,1076390000;3;2;2;0;2;1;1;0;3;80;3;Blessé hospitalisé
202100024455;157 963;7;0;2;3;15;1;209 345;1;1;1;1;1996.0;0;1;14;8;2021;10;1;68;68145;2;2;1;3;48,0809740000;7,3941240000;3;2;2;1;1;1;1;5;5;50;5;Indemne
202100024455;157 964;1;0;2;2;1;5;209 346;1;1;3;1;1938.0;3;0;14;8;2021;10;1;68;68145;2;2;1;3;48,0809740000;7,3941240000;3;2;2;1;1;1;1;5;5;50;5;Blessé hospitalisé
202100024456;157 961;1;0;2;2;1;5;209 343;1;1;3;1;1951.0;5;2;11;8;2021;17;1;67;67263;1;1;1;6;49,0315160000;7,7593300000;3;2;2;0;1;1;1;0;1;80;2;Blessé hospitalisé
202100024456;157 962;1;0;2;4;1;5;209 344;1;1;1;1;1983.0;5;2;11;8;2021;17;1;67;67263;1;1;1;6;49,0315160000;7,7593300000;3;2;2;0;1;1;1;0;1;80;2;Indemne
202100024464;157 942;1;0;2;8;13;5;209 316;1;1;4;1;1984.0;5;2;13;8;2021;09;1;09;09334;1;1;1;3;42,7729120000;1,4898710000;3;2;2;0;2;1;1;0;1;80;4;Blessé léger
202100024464;157 943;7;0;0;7;17;1;209 317;1;1;1;1;1989.0;5;1;13;8;2021;09;1;09;09334;1;1;1;3;42,7729120000;1,4898710000;3;2;2;0;2;1;1;0;1;80;4;Indemne
202100024495;157 880;1;0;2;7;0;5;209 243;1;1;4;2;1987.0;0;2;12;8;2021;15;1;86;86194;2;3;1;3;46,5869870000;0,3649790000;3;3;4;0;1;1;1;0;1;50;3;Blessé léger
202100024495;157 881;7;0;2;1;9;1;209 244;1;1;1;2;1991.0;9;1;12;8;2021;15;1;86;86194;2;3;1;3;46,5869870000;0,3649790000;3;3;4;0;1;1;1;0;1;50;3;Indemne
202100024506;157 855;7;0;2;2;1;1;209 212;1;1;1;1;1985.0;0;1;11;8;2021;11;1;76;76351;2;2;1;3;49,4975300000;0,1155500000;4;2;2;1;1;1;1;0;1;50;2;Indemne
202100024506;157 856;1;0;2;1;5;5;209 213;1;1;4;1;1998.0;0;8;11;8;2021;11;1;76;76351;2;2;1;3;49,4975300000;0,1155500000;4;2;2;1;1;1;1;0;1;50;2;Blessé léger
202100024552;157 773;1;0;2;1;2;5;209 106;1;1;4;1;1972.0;5;2;12;8;2021;19;1;75;75112;2;1;1;2;48,8228110000;2,4421250000;4;2;2;1;1;1;1;0;5;50;3;Blessé léger
202100024552;157 774;1;0;2;4;2;5;209 107;1;1;4;1;2001.0;5;2;12;8;2021;19;1;75;75112;2;1;1;2;48,8228110000;2,4421250000;4;2;2;1;1;1;1;0;5;50;3;Blessé léger
202100024553;157 771;50;0;2;1;13;3;209 104;1;1;1;1;1998.0;9;8;11;8;2021;19;1;75;75112;2;3;1;1;48,8446750000;2,3691440000;4;2;2;1;1;1;1;0;5;30;2;Indemne
202100024553;157 772;1;0;2;1;1;5;209 105;1;1;4;1;1958.0;1;8;11;8;2021;19;1;75;75112;2;3;1;1;48,8446750000;2,3691440000;4;2;2;1;1;1;1;0;5;30;2;Blessé léger
202100024561;157 757;1;0;2;1;19;0;209 088;2;1;4;2;2011.0;0;8;12;8;2021;20;1;93;93066;2;3;1;3;48,9453000000;2,3764000000;4;4;4;0;1;1;1;0;1;50;3;Blessé léger
202100024561;157 758;10;0;9;0;0;1;209 089;1;1;1;1;1977.0;0;1;12;8;2021;20;1;93;93066;2;3;1;3;48,9453000000;2,3764000000;4;4;4;0;1;1;1;0;1;50;3;Indemne
202100024568;157 745;7;1;0;3;23;1;209 072;1;1;1;1;1982.0;0;1;12;8;2021;15;1;93;93027;2;1;1;3;48,9214700000;2,3833400000;3;3;0;0;1;1;1;0;1;50;3;Indemne
202100024568;157 746;1;1;2;2;0;0;209 073;1;1;4;1;1969.0;0;1;12;8;2021;15;1;93;93027;2;1;1;3;48,9214700000;2,3833400000;3;3;0;0;1;1;1;0;1;50;3;Blessé léger
202100024571;157 740;1;0;2;8;15;5;209 066;1;1;4;1;1964.0;1;2;12;8;2021;15;1;92;92048;2;6;1;3;48,8179000000;2,2488400000;3;2;2;0;1;1;1;5;1;30;3;Blessé léger
202100024571;157 741;10;0;2;1;16;1;209 067;1;1;1;1;1985.0;4;1;12;8;2021;15;1;92;92048;2;6;1;3;48,8179000000;2,2488400000;3;2;2;0;1;1;1;5;1;30;3;Indemne
202100024592;157 701;80;0;0;8;1;3;209 016;1;1;4;1;2003.0;5;8;11;8;2021;05;5;87;87085;2;1;1;7;45,8563500000;1,2842800000;4;2;2;0;1;1;1;0;1;50;2;Blessé léger
202100024599;157 686;1;0;1;1;17;5;208 994;10;3;4;2;1933.0;5;0;11;8;2021;09;1;69;69029;2;1;1;6;45,7494321182;4,9031598866;4;2;1;0;2;1;1;0;1;50;2;Blessé léger
202100024599;157 686;1;0;1;1;17;5;208 995;1;1;1;1;1969.0;1;8;11;8;2021;09;1;69;69029;2;1;1;6;45,7494321182;4,9031598866;4;2;1;0;2;1;1;0;1;50;2;Indemne
202100024602;157 680;1;0;2;7;1;5;208 985;1;1;3;1;1968.0;0;2;11;8;2021;21;3;57;57487;1;1;1;3;49,0982400000;6,1178900000;7;1;4;0;1;1;1;0;1;70;2;Blessé hospitalisé
202100024602;157 681;7;0;9;3;15;1;208 986;4;2;1;2;1995.0;5;1;11;8;2021;21;3;57;57487;1;1;1;3;49,0982400000;6,1178900000;7;1;4;0;1;1;1;0;1;70;2;Indemne
202100024602;157 681;7;0;9;3;15;1;208 987;3;2;1;1;1993.0;5;1;11;8;2021;21;3;57;57487;1;1;1;3;49,0982400000;6,1178900000;7;1;4;0;1;1;1;0;1;70;2;Indemne
202100024602;157 681;7;0;9;3;15;1;208 988;2;2;1;2;1991.0;5;1;11;8;2021;21;3;57;57487;1;1;1;3;49,0982400000;6,1178900000;7;1;4;0;1;1;1;0;1;70;2;Indemne
202100024602;157 681;7;0;9;3;15;1;208 989;1;1;1;1;1996.0;5;1;11;8;2021;21;3;57;57487;1;1;1;3;49,0982400000;6,1178900000;7;1;4;0;1;1;1;0;1;70;2;Indemne
202100024608;157 669;7;0;2;3;15;1;208 964;1;1;1;1;1964.0;0;8;11;8;2021;14;1;37;37261;2;2;1;6;47,3840397110;0,6912592517;4;2;6;3;1;1;1;5;6;50;2;Indemne
202100024608;157 670;1;0;2;7;0;0;208 965;1;1;4;1;1981.0;5;2;11;8;2021;14;1;37;37261;2;2;1;6;47,3840397110;0,6912592517;4;2;6;3;1;1;1;5;6;50;2;Blessé léger
202100024623;157 645;1;0;0;0;13;5;208 933;1;1;4;1;1997.0;5;2;11;8;2021;13;1;07;07281;1;1;1;7;44,9519000000;4,8235000000;3;2;2;0;2;4;1;0;8;50;2;Blessé léger
202100024628;157 635;7;0;2;5;15;1;208 921;1;1;1;2;1990.0;9;1;11;8;2021;09;1;75;75114;2;3;1;3;48,8346540000;2,3382210000;4;2;4;1;1;1;1;0;5;50;2;Indemne
202100024628;157 636;1;0;2;1;1;5;208 922;1;1;4;2;1972.0;9;2;11;8;2021;09;1;75;75114;2;3;1;3;48,8346540000;2,3382210000;4;2;4;1;1;1;1;0;5;50;2;Blessé léger
202100024630;157 631;1;0;2;8;13;5;208 917;1;1;4;2;2002.0;5;2;10;8;2021;23;5;75;75109;2;3;1;3;48,8781360000;2,3301160000;4;1;2;3;2;1;1;0;6;50;1;Blessé léger
202100024630;157 632;37;0;2;2;17;3;208 918;1;1;1;1;1980.0;4;1;10;8;2021;23;5;75;75109;2;3;1;3;48,8781360000;2,3301160000;4;1;2;3;2;1;1;0;6;50;1;Indemne
202100024647;157 602;14;0;2;2;16;0;208 876;1;1;1;1;1973.0;4;1;1;7;2021;17;1;92;92004;2;3;1;3;48,9165677380;2,2890213132;3;2;2;2;1;1;1;0;5;50;3;Indemne