Num_Acc;id_vehicule;catv;obs;obsm;choc;manv;motor;id_usager;place;catu;grav;sexe;an_nais;trajet;secu1;jour;mois;an;hrmn;lum;dep;com;agg;int;atm;col;lat;long;catr;circ;nbv;vosp;prof;plan;surf;infra;situ;vma;day_of_week;gravity
202100024647;157 603;1;0;2;1;1;0;208 877;1;1;4;2;1968.0;1;8;1;7;2021;17;1;92;92004;2;3;1;3;48,9165677380;2,2890213132;3;2;2;2;1;1;1;0;5;50;3;Blessé léger
202100024658;157 578;7;0;0;6;23;1;208 850;1;1;1;1;1963.0;3;0;12;8;2021;11;1;34;34169;1;1;1;2;43,6685240000;3,8682820000;7;2;2;2;1;1;1;0;5;70;3;Indemne
202100024658;157 579;1;1;0;1;1;5;208 851;1;1;2;1;1951.0;5;2;12;8;2021;11;1;34;34169;1;1;1;2;43,6685240000;3,8682820000;7;2;2;2;1;1;1;0;5;70;3;Tué
202100024666;157 561;1;0;2;1;0;5;208 831;1;1;4;1;2003.0;0;0;9;8;2021;13;1;45;45234;2;3;1;1;47,8196713444;1,9467618513;7;2;2;0;2;1;1;8;1;50;0;Blessé léger
202100024666;157 562;7;0;9;1;16;1;208 832;1;1;1;2;1954.0;0;8;9;8;2021;13;1;45;45234;2;3;1;1;47,8196713444;1,9467618513;7;2;2;0;2;1;1;8;1;50;0;Indemne
202100024685;157 520;1;12;0;4;2;5;208 756;1;1;4;1;1977.0;5;0;11;8;2021;11;1;13;13096;1;1;1;2;43,5461060000;4,3505000000;3;2;2;0;2;1;1;2;1;50;2;Blessé léger
202100024685;157 521;1;12;0;4;2;5;208 757;1;1;4;1;1975.0;5;0;11;8;2021;11;1;13;13096;1;1;1;2;43,5461060000;4,3505000000;3;2;2;0;2;1;1;2;1;50;2;Blessé léger
202100024685;157 522;7;0;2;2;17;1;208 758;1;1;1;1;1930.0;9;1;11;8;2021;11;1;13;13096;1;1;1;2;43,5461060000;4,3505000000;3;2;2;0;2;1;1;2;1;50;2;Indemne
202100024694;157 505;1;0;2;1;1;5;208 735;1;1;4;2;1992.0;5;2;11;8;2021;17;1;33;33449;2;1;1;3;44,8937110000; -0,7177300000;4;1;0;1;1;1;1;0;6;20;2;Blessé léger
202100024694;157 506;7;0;2;2;1;1;208 736;1;1;1;1;1988.0;1;1;11;8;2021;17;1;33;33449;2;1;1;3;44,8937110000; -0,7177300000;4;1;0;1;1;1;1;0;6;20;2;Indemne
202100024711;157 473;1;0;2;1;15;5;208 693;1;1;4;1;2004.0;0;8;10;8;2021;15;1;974;97411;2;1;1;3; -20,8796700000;55,4558200000;4;2;2;0;2;1;1;0;1;50;1;Blessé léger
202100024711;157 474;7;0;2;1;15;1;208 694;1;1;1;1;1967.0;0;8;10;8;2021;15;1;974;97411;2;1;1;3; -20,8796700000;55,4558200000;4;2;2;0;2;1;1;0;1;50;1;Indemne
202100024729;157 440;1;0;2;7;26;6;208 645;1;1;4;2;1991.0;1;8;10;8;2021;17;1;65;65100;2;6;1;3;43,2582800000;0,0395700000;3;2;2;0;1;1;1;5;1;50;1;Blessé léger
202100024729;157 441;7;0;2;1;9;1;208 646;1;1;1;2;1985.0;1;1;10;8;2021;17;1;65;65100;2;6;1;3;43,2582800000;0,0395700000;3;2;2;0;1;1;1;5;1;50;1;Indemne
202100024740;157 423;1;0;2;2;26;5;208 625;1;1;4;2;1968.0;5;8;9;8;2021;17;1;49;49007;2;3;1;1;47,4578145759; -0,5228403211;4;2;2;0;1;1;1;0;1;30;0;Blessé léger
202100024740;157 424;7;0;2;3;26;1;208 626;1;1;1;1;1988.0;5;1;9;8;2021;17;1;49;49007;2;3;1;1;47,4578145759; -0,5228403211;4;2;2;0;1;1;1;0;1;30;0;Indemne
202100024746;157 414;1;0;1;1;5;5;208 614;1;1;1;1;2002.0;5;8;29;7;2021;16;1;40;40192;2;1;1;1;43,8908200000; -0,4735600000;4;1;1;0;2;1;1;0;1;50;3;Indemne
202100024746;157 414;1;0;1;1;5;5;208 615;10;3;4;1;2016.0;5;0;29;7;2021;16;1;40;40192;2;1;1;1;43,8908200000; -0,4735600000;4;1;1;0;2;1;1;0;1;50;3;Blessé léger
202100024752;157 404;1;12;0;0;12;5;208 602;1;1;4;2;1963.0;0;2;10;8;2021;17;1;33;33009;2;1;1;6;44,6495900000; -1,1872100000;4;1;2;0;1;1;1;0;1;50;1;Blessé léger
202100024772;157 371;1;0;2;7;14;5;208 559;1;1;1;1;1977.0;5;2;10;8;2021;19;1;75;75104;2;1;1;3;48,8518420000;2,3614850000;4;2;6;1;1;1;1;0;5;30;1;Indemne
202100024772;157 372;50;0;2;7;1;3;208 560;1;1;4;2;1996.0;5;2;10;8;2021;19;1;75;75104;2;1;1;3;48,8518420000;2,3614850000;4;2;6;1;1;1;1;0;5;30;1;Blessé léger
202100024794;157 332;7;0;2;3;15;1;208 495;1;1;1;1;1962.0;5;1;10;8;2021;15;1;42;42302;2;1;1;3;45,5041400000;4,4350920000;7;2;2;0;2;3;1;0;1;50;1;Indemne
202100024794;157 333;1;0;2;8;1;5;208 496;1;1;4;1;1956.0;5;2;10;8;2021;15;1;42;42302;2;1;1;3;45,5041400000;4,4350920000;7;2;2;0;2;3;1;0;1;50;1;Blessé léger
202100024804;157 317;1;0;2;8;2;5;208 477;1;1;2;1;1996.0;5;2;11;8;2021;10;1;90;90063;2;1;1;3;47,4896440000;6,9760070000;3;2;2;0;1;1;1;0;1;50;2;Tué
202100024804;157 318;21;0;2;5;2;1;208 478;1;1;1;1;1976.0;4;0;11;8;2021;10;1;90;90063;2;1;1;3;47,4896440000;6,9760070000;3;2;2;0;1;1;1;0;1;50;2;Indemne
202100024811;157 305;7;0;2;3;15;1;208 463;1;1;1;1;1995.0;5;1;9;8;2021;12;1;74;74221;1;1;1;3;45,9915690000;6,4734100000;3;2;2;0;2;1;1;0;1;80;0;Indemne
202100024811;157 306;1;13;2;1;17;5;208 464;1;1;3;1;1989.0;5;2;9;8;2021;12;1;74;74221;1;1;1;3;45,9915690000;6,4734100000;3;2;2;0;2;1;1;0;1;80;0;Blessé hospitalisé
202100024818;157 295;1;0;0;1;1;5;208 449;1;1;3;1;1945.0;5;2;11;8;2021;14;1;55;55435;1;1;1;7;48,7437170000;5,0223080000;3;2;2;0;2;1;9;0;1;80;2;Blessé hospitalisé
202100024822;157 288;1;0;2;1;1;5;208 442;1;1;3;1;1954.0;5;0;10;8;2021;09;1;38;38382;2;2;1;3;45,2282580000;5,6840890000;7;2;2;2;1;1;1;0;1;50;1;Blessé hospitalisé
202100024822;157 289;7;0;0;7;16;1;208 443;1;1;1;2;1950.0;5;1;10;8;2021;09;1;38;38382;2;2;1;3;45,2282580000;5,6840890000;7;2;2;2;1;1;1;0;1;50;1;Indemne
202100024826;157 281;80;0;0;0;11;3;208 434;1;1;4;2;1950.0;5;2;11;8;2021;19;1;14;14047;2;3;1;7;49,2758270000; -0,7198190000;3;2;2;0;3;1;1;0;1;50;2;Blessé léger
202100024846;157 245;1;0;1;1;1;5;208 380;1;1;1;1;1986.0;0;8;2;8;2021;13;1;59;59350;2;1;1;6;50,6199800000;3,0650000000;4;3;0;0;1;1;1;0;1;50;0;Indemne
202100024846;157 245;1;0;1;1;1;5;208 381;10;3;4;1;1963.0;0;8;2;8;2021;13;1;59;59350;2;1;1;6;50,6199800000;3,0650000000;4;3;0;0;1;1;1;0;1;50;0;Blessé léger
202100024849;157 240;1;0;2;8;0;0;208 373;1;1;4;1;2005.0;0;8;7;8;2021;17;1;974;97407;2;1;1;3; -20,9358300000;55,2909700000;4;1;1;0;1;1;1;0;1;30;5;Blessé léger
202100024849;157 241;7;0;9;1;1;1;208 374;1;1;1;1;1969.0;0;1;7;8;2021;17;1;974;97407;2;1;1;3; -20,9358300000;55,2909700000;4;1;1;0;1;1;1;0;1;30;5;Indemne
202100024876;157 195;7;0;2;7;17;1;208 314;1;1;1;1;1972.0;0;1;9;8;2021;10;1;53;53130;2;1;2;3;48,0601400000; -0,7774800000;3;3;4;0;2;1;1;0;1;70;0;Indemne
202100024876;157 196;1;0;2;8;1;0;208 315;1;1;4;2;1963.0;3;8;9;8;2021;10;1;53;53130;2;1;2;3;48,0601400000; -0,7774800000;3;3;4;0;2;1;1;0;1;70;0;Blessé léger
202100024879;157 189;7;0;2;3;26;2;208 305;1;1;1;2;1987.0;4;1;6;8;2021;11;1;41;41018;2;9;1;3;47,5947900000;1,3301500000;4;2;2;0;1;1;1;0;4;50;4;Indemne
202100024879;157 190;1;0;2;8;25;5;208 306;1;1;3;1;2004.0;5;8;6;8;2021;11;1;41;41018;2;9;1;3;47,5947900000;1,3301500000;4;2;2;0;1;1;1;0;4;50;4;Blessé hospitalisé
202100024882;157 183;1;0;2;7;19;5;208 298;1;1;4;2;1958.0;0;2;9;8;2021;15;1;33;33550;2;6;1;3;44,7781010000; -0,5705537000;4;3;2;0;1;3;1;0;1;50;0;Blessé léger
202100024882;157 184;7;0;2;3;16;1;208 299;1;1;1;1;1953.0;0;1;9;8;2021;15;1;33;33550;2;6;1;3;44,7781010000; -0,5705537000;4;3;2;0;1;3;1;0;1;50;0;Indemne
202100024893;157 163;1;0;1;1;1;5;208 271;10;3;4;2;2000.0;5;0;14;7;2021;20;1;75;75116;2;1;1;6;48,8636290000;2,2369690000;4;2;1;1;1;1;1;0;5;30;2;Blessé léger
202100024893;157 163;1;0;1;1;1;5;208 272;1;1;1;1;1995.0;5;2;14;7;2021;20;1;75;75116;2;1;1;6;48,8636290000;2,2369690000;4;2;1;1;1;1;1;0;5;30;2;Indemne
202100024897;157 154;7;0;2;1;15;1;208 261;1;1;1;1;1998.0;9;1;8;8;2021;14;1;75;75112;2;3;1;3;48,8292070000;2,3902660000;4;2;5;0;1;1;1;5;1;50;6;Indemne
202100024897;157 155;1;0;2;0;19;5;208 262;1;1;4;1;1987.0;9;8;8;8;2021;14;1;75;75112;2;3;1;3;48,8292070000;2,3902660000;4;2;5;0;1;1;1;5;1;50;6;Blessé léger
202100024898;157 153;1;0;1;1;1;5;208 258;1;1;1;1;1987.0;1;8;9;8;2021;08;1;75;75111;2;2;2;6;48,8629310000;2,3875170000;4;3;4;1;2;1;2;0;1;50;0;Indemne
202100024898;157 153;1;0;1;1;1;5;208 259;10;3;4;2;1976.0;1;0;9;8;2021;08;1;75;75111;2;2;2;6;48,8629310000;2,3875170000;4;3;4;1;2;1;2;0;1;50;0;Blessé léger
202100024898;157 153;1;0;1;1;1;5;208 260;10;3;4;2;1984.0;1;0;9;8;2021;08;1;75;75111;2;2;2;6;48,8629310000;2,3875170000;4;3;4;1;2;1;2;0;1;50;0;Blessé léger
202100024901;157 149;1;0;2;1;1;5;208 253;1;1;4;2;1969.0;9;8;9;8;2021;16;1;75;75107;2;1;1;3;48,8615660000;2,2977130000;4;2;5;1;1;1;1;0;5;50;0;Blessé léger
202100024901;157 150;50;0;2;1;11;3;208 254;1;1;1;1;2002.0;9;8;9;8;2021;16;1;75;75107;2;1;1;3;48,8615660000;2,2977130000;4;2;5;1;1;1;1;0;5;50;0;Indemne
202100024924;157 110;1;0;0;0;1;5;208 202;1;1;4;1;1992.0;5;2;8;8;2021;12;1;63;63219;1;1;8;7;45,7943250000;2,9004340000;3;2;2;0;2;3;9;0;1;80;6;Blessé léger
202100024924;157 111;1;0;0;0;1;5;208 203;1;1;4;1;1970.0;5;2;8;8;2021;12;1;63;63219;1;1;8;7;45,7943250000;2,9004340000;3;2;2;0;2;3;9;0;1;80;6;Blessé léger
202100024931;157 096;7;0;2;7;1;1;208 180;1;1;1;1;1961.0;5;1;9;8;2021;18;1;82;82187;1;3;1;3;44,1474060000;1,8556330000;3;2;2;0;2;1;1;0;1;80;0;Indemne
202100024931;157 096;7;0;2;7;1;1;208 181;2;2;1;2;1962.0;5;1;9;8;2021;18;1;82;82187;1;3;1;3;44,1474060000;1,8556330000;3;2;2;0;2;1;1;0;1;80;0;Indemne
202100024931;157 097;1;0;2;1;15;5;208 182;1;1;3;1;2013.0;5;0;9;8;2021;18;1;82;82187;1;3;1;3;44,1474060000;1,8556330000;3;2;2;0;2;1;1;0;1;80;0;Blessé hospitalisé
202100024939;157 083;7;0;0;2;1;1;208 166;1;1;1;2;1997.0;5;1;10;8;2021;07;1;39;39255;1;3;1;3;46,5344190000;5,4274330000;3;2;2;0;1;1;1;0;1;70;1;Indemne
202100024939;157 084;1;0;2;1;16;5;208 167;1;1;3;1;2003.0;5;0;10;8;2021;07;1;39;39255;1;3;1;3;46,5344190000;5,4274330000;3;2;2;0;1;1;1;0;1;70;1;Blessé hospitalisé
202100024940;157 082;1;0;0;0;1;5;208 165;1;1;2;1;1956.0;5;2;8;8;2021;11;1;31;31317;2;1;1;7;43,3068800000;1,1084070000;3;2;2;0;2;3;1;0;3;50;6;Tué
202100024941;157 081;80;0;0;0;0;3;208 164;1;1;3;2;1963.0;5;0;9;8;2021;17;1;38;38370;1;1;1;7;45,1079350000;5,2376300000;4;2;2;0;2;2;8;0;1;50;0;Blessé hospitalisé
202100024942;157 079;1;0;2;1;15;5;208 162;1;1;4;1;2008.0;5;2;9;8;2021;18;1;38;38547;2;6;1;3;45,2642270000;5,9004520000;3;2;2;0;1;2;1;5;1;50;0;Blessé léger
202100024942;157 080;7;0;9;5;16;1;208 163;1;1;1;1;1997.0;1;1;9;8;2021;18;1;38;38547;2;6;1;3;45,2642270000;5,9004520000;3;2;2;0;1;2;1;5;1;50;0;Indemne
202100024953;157 061;1;0;0;0;16;5;208 139;1;1;3;1;1956.0;5;0;8;8;2021;12;1;43;43039;2;3;1;7;44,9349560000;3,8799690000;3;2;2;0;2;1;1;0;1;30;6;Blessé hospitalisé
202100024957;157 052;7;0;0;2;15;1;208 127;1;1;1;2;1958.0;5;1;8;8;2021;11;1;85;85204;2;4;1;3;46,8230500000; -1,7596800000;3;2;2;0;4;1;1;0;1;50;6;Indemne
202100024957;157 053;1;0;2;1;1;5;208 128;1;1;3;1;1959.0;5;2;8;8;2021;11;1;85;85204;2;4;1;3;46,8230500000; -1,7596800000;3;2;2;0;4;1;1;0;1;50;6;Blessé hospitalisé
202100024963;157 040;15;0;9;6;1;1;208 114;1;1;1;1;1983.0;4;1;3;8;2021;10;1;84;84129;1;1;1;7;43,9930920000;4,8646470000;3;3;2;0;1;1;1;0;1;70;1;Indemne
202100024963;157 041;1;0;2;0;25;5;208 115;1;1;4;1;1948.0;5;0;3;8;2021;10;1;84;84129;1;1;1;7;43,9930920000;4,8646470000;3;3;2;0;1;1;1;0;1;70;1;Blessé léger
202100025005;156 957;7;0;2;1;13;1;207 996;1;1;1;2;1967.0;0;1;8;8;2021;15;1;17;17380;1;1;1;1;45,6554000000; -1,0959000000;3;2;2;0;1;1;1;0;1;70;6;Indemne
202100025005;156 958;1;0;2;1;1;0;207 997;1;1;2;1;1986.0;5;0;8;8;2021;15;1;17;17380;1;1;1;1;45,6554000000; -1,0959000000;3;2;2;0;1;1;1;0;1;70;6;Tué
202100025013;156 940;1;0;1;1;17;5;207 973;10;3;4;2;2008.0;5;0;2;8;2021;17;1;05;05023;2;1;1;6;44,8975500000;6,6372600000;3;2;2;0;2;1;1;9;1;30;0;Blessé léger
202100025013;156 940;1;0;1;1;17;5;207 974;1;1;1;1;2001.0;5;2;2;8;2021;17;1;05;05023;2;1;1;6;44,8975500000;6,6372600000;3;2;2;0;2;1;1;9;1;30;0;Indemne
202100025015;156 937;7;0;2;2;16;3;207 970;1;1;1;1;1955.0;5;8;8;8;2021;11;1;75;75105;2;2;1;3;48,8508160000;2,3455290000;4;1;2;3;1;1;1;0;6;50;6;Indemne
202100025015;156 938;1;0;2;1;7;5;207 971;1;1;4;1;1992.0;9;2;8;8;2021;11;1;75;75105;2;2;1;3;48,8508160000;2,3455290000;4;1;2;3;1;1;1;0;6;50;6;Blessé léger
202100025017;156 934;1;0;2;0;1;5;207 966;1;1;4;1;1983.0;5;2;8;8;2021;18;1;75;75119;2;1;1;3;48,8890610000;2,3939420000;4;2;5;1;1;1;1;0;5;50;6;Blessé léger
202100025017;156 935;50;0;2;2;5;3;207 967;1;1;1;1;2007.0;5;2;8;8;2021;18;1;75;75119;2;1;1;3;48,8890610000;2,3939420000;4;2;5;1;1;1;1;0;5;50;6;Indemne
202100025026;156 918;1;0;2;1;19;5;207 944;1;1;3;1;1930.0;5;2;9;8;2021;18;1;71;71145;1;2;1;3;46,5292250000;4,6859600000;3;3;2;0;1;1;1;0;1;80;0;Blessé hospitalisé
202100025026;156 919;17;0;2;7;1;1;207 945;1;1;1;1;1982.0;4;1;9;8;2021;18;1;71;71145;1;2;1;3;46,5292250000;4,6859600000;3;3;2;0;1;1;1;0;1;80;0;Indemne
202100025037;156 901;1;0;2;1;1;5;207 917;1;1;3;1;1980.0;5;2;9;8;2021;10;1;81;81192;1;1;1;1;43,7000671000;2,9222729000;3;2;2;0;2;2;1;9;1;80;0;Blessé hospitalisé
202100025037;156 902;7;0;2;3;1;1;207 918;1;1;1;1;1955.0;5;1;9;8;2021;10;1;81;81192;1;1;1;1;43,7000671000;2,9222729000;3;2;2;0;2;2;1;9;1;80;0;Indemne
202100025046;156 886;1;0;2;1;1;5;207 898;1;1;3;1;1958.0;5;0;9;8;2021;12;1;03;03044;1;2;2;3;46,0698330000;3,3805970000;3;2;2;0;1;1;2;5;1;90;0;Blessé hospitalisé
202100025046;156 887;10;0;0;7;1;1;207 899;1;1;1;2;1999.0;4;1;9;8;2021;12;1;03;03044;1;2;2;3;46,0698330000;3,3805970000;3;2;2;0;1;1;2;5;1;90;0;Indemne
202100025054;156 875;1;0;5;2;0;5;207 885;1;1;3;1;1956.0;5;2;8;8;2021;09;1;43;43130;1;2;1;6;45,0610010000;4,2422490000;3;2;1;0;2;3;1;0;1;80;6;Blessé hospitalisé
202100025055;156 872;1;0;2;0;1;0;207 882;1;1;1;1;1956.0;5;2;2;8;2021;15;1;43;43016;1;1;1;5;45,3909015000;3,3530340000;3;2;2;0;1;3;1;0;1;80;0;Indemne
202100025055;156 873;1;0;2;8;1;0;207 883;1;1;3;2;1958.0;5;2;2;8;2021;15;1;43;43016;1;1;1;5;45,3909015000;3,3530340000;3;2;2;0;1;3;1;0;1;80;0;Blessé hospitalisé
202100025055;156 874;21;0;2;5;17;1;207 884;1;1;1;1;1993.0;4;8;2;8;2021;15;1;43;43016;1;1;1;5;45,3909015000;3,3530340000;3;2;2;0;1;3;1;0;1;80;0;Indemne
202100025059;156 862;7;0;2;3;19;1;207 869;1;1;1;1;1987.0;5;1;8;8;2021;10;1;42;42279;2;1;1;3;45,4943710000;4,2370480000;4;2;2;0;1;1;1;0;1;50;6;Indemne
202100025059;156 863;1;0;0;3;1;5;207 870;1;1;3;1;1975.0;5;2;8;8;2021;10;1;42;42279;2;1;1;3;45,4943710000;4,2370480000;4;2;2;0;1;1;1;0;1;50;6;Blessé hospitalisé
202100025083;156 819;1;0;2;5;1;5;207 795;1;1;3;1;2010.0;5;0;8;8;2021;15;1;49;49023;2;3;1;3;47,1984100000; -0,9945520000;4;2;2;0;4;1;1;0;1;30;6;Blessé hospitalisé
202100025083;156 820;7;0;9;7;1;1;207 796;1;1;1;2;1964.0;5;8;8;8;2021;15;1;49;49023;2;3;1;3;47,1984100000; -0,9945520000;4;2;2;0;4;1;1;0;1;30;6;Indemne
202100025126;156 743;1;1;0;1;16;5;207 684;2;1;4;2;2013.0;5;8;3;8;2021;17;1;27;27229;2;3;8;6;49,0255994415;1,1625931248;4;2;2;0;4;3;1;0;1;30;1;Blessé léger
202100025141;156 716;1;0;2;7;1;5;207 643;1;1;1;1;1984.0;9;8;7;8;2021;15;1;75;75105;2;2;1;3;48,8397080000;2,3565960000;4;1;2;0;1;1;1;0;1;50;5;Indemne
202100025141;156 717;30;0;2;1;1;1;207 644;1;1;4;1;1999.0;4;2;7;8;2021;15;1;75;75105;2;2;1;3;48,8397080000;2,3565960000;4;1;2;0;1;1;1;0;1;50;5;Blessé léger
202100025143;156 713;1;0;1;1;1;5;207 639;10;3;4;1;1981.0;4;0;7;8;2021;14;1;75;75106;2;1;1;6;48,8471390000;2,3272360000;4;2;2;0;1;1;1;0;1;50;5;Blessé léger
202100025143;156 713;1;0;1;1;1;5;207 640;1;1;4;1;1992.0;5;8;7;8;2021;14;1;75;75106;2;1;1;6;48,8471390000;2,3272360000;4;2;2;0;1;1;1;0;1;50;5;Blessé léger
202100025166;156 671;33;0;2;8;1;1;207 577;1;1;1;1;1957.0;5;2;8;8;2021;16;1;05;05027;1;1;1;3;44,8225620000;6,7359280000;3;2;2;0;2;4;1;0;1;80;6;Indemne
202100025166;156 672;1;0;2;8;1;5;207 578;1;1;3;1;1975.0;5;2;8;8;2021;16;1;05;05027;1;1;1;3;44,8225620000;6,7359280000;3;2;2;0;2;4;1;0;1;80;6;Blessé hospitalisé
202100025185;156 643;1;0;2;1;1;5;207 533;1;1;4;1;2010.0;5;0;7;8;2021;15;1;46;46059;2;2;1;3;44,7180632000;1,6084300000;3;2;2;0;1;3;1;0;1;50;5;Blessé léger
202100025185;156 644;7;0;2;2;1;1;207 534;1;1;1;1;1999.0;1;1;7;8;2021;15;1;46;46059;2;2;1;3;44,7180632000;1,6084300000;3;2;2;0;1;3;1;0;1;50;5;Indemne
202100025188;156 637;7;0;2;3;1;1;207 526;2;2;1;1;2008.0;9;1;6;8;2021;14;1;29;29273;1;1;1;5;48,7068180000; -4,0153260000;4;2;1;0;2;4;1;0;1;50;4;Indemne
202100025188;156 637;7;0;2;3;1;1;207 527;1;1;1;1;1968.0;9;1;6;8;2021;14;1;29;29273;1;1;1;5;48,7068180000; -4,0153260000;4;2;1;0;2;4;1;0;1;50;4;Indemne
202100025188;156 638;1;0;0;0;1;5;207 528;1;1;1;2;2008.0;5;0;6;8;2021;14;1;29;29273;1;1;1;5;48,7068180000; -4,0153260000;4;2;1;0;2;4;1;0;1;50;4;Indemne
202100025188;156 639;1;0;2;1;17;5;207 529;1;1;4;1;2008.0;5;0;6;8;2021;14;1;29;29273;1;1;1;5;48,7068180000; -4,0153260000;4;2;1;0;2;4;1;0;1;50;4;Blessé léger
202100025196;156 625;7;0;9;2;9;1;207 510;1;1;1;2;1993.0;4;1;6;8;2021;18;1;50;50267;2;6;1;3;49,2176500000; -1,5315250000;3;4;2;0;1;1;1;0;1;50;4;Indemne
202100025196;156 626;1;0;2;1;1;5;207 511;1;1;4;1;1972.0;0;0;6;8;2021;18;1;50;50267;2;6;1;3;49,2176500000; -1,5315250000;3;4;2;0;1;1;1;0;1;50;4;Blessé léger
202100025197;156 623;1;0;2;4;1;5;207 508;1;1;4;1;1956.0;5;2;8;8;2021;13;1;50;50260;1;1;1;2;48,6764820000; -0,9852500000;3;2;2;0;1;1;1;0;1;80;6;Blessé léger
202100025197;156 624;7;0;9;1;1;1;207 509;1;1;1;2;1932.0;5;1;8;8;2021;13;1;50;50260;1;1;1;2;48,6764820000; -0,9852500000;3;2;2;0;1;1;1;0;1;80;6;Indemne
202100025204;156 611;7;0;2;1;2;1;207 492;2;2;1;2;1985.0;5;1;5;8;2021;23;3;40;40266;1;1;1;2;44,0474100000; -1,2352320000;3;2;2;0;1;1;1;0;1;80;3;Indemne
202100025204;156 611;7;0;2;1;2;1;207 493;1;1;1;1;1983.0;5;1;5;8;2021;23;3;40;40266;1;1;1;2;44,0474100000; -1,2352320000;3;2;2;0;1;1;1;0;1;80;3;Indemne
202100025204;156 612;7;0;9;2;2;1;207 494;1;1;1;1;2002.0;1;1;5;8;2021;23;3;40;40266;1;1;1;2;44,0474100000; -1,2352320000;3;2;2;0;1;1;1;0;1;80;3;Indemne
202100025204;156 613;1;0;2;4;2;5;207 495;1;1;2;1;1945.0;5;0;5;8;2021;23;3;40;40266;1;1;1;2;44,0474100000; -1,2352320000;3;2;2;0;1;1;1;0;1;80;3;Tué
202100025218;156 586;1;0;2;1;1;5;207 440;1;1;4;1;1965.0;5;0;8;8;2021;08;1;13;13073;2;1;1;1;43,3868830000;5,5557350000;7;2;2;1;1;1;1;0;1;50;6;Blessé léger
202100025218;156 587;7;0;2;5;15;1;207 441;1;1;1;1;1971.0;3;1;8;8;2021;08;1;13;13073;2;1;1;1;43,3868830000;5,5557350000;7;2;2;1;1;1;1;0;1;50;6;Indemne
202100025220;156 582;1;12;2;4;1;5;207 436;1;1;3;2;1956.0;5;2;8;8;2021;15;1;81;81271;2;1;1;2;43,7697240000;1,7046210000;4;2;2;0;1;1;1;0;1;50;6;Blessé hospitalisé
202100025220;156 583;7;0;2;2;0;1;207 437;1;1;1;1;1971.0;5;8;8;8;2021;15;1;81;81271;2;1;1;2;43,7697240000;1,7046210000;4;2;2;0;1;1;1;0;1;50;6;Indemne
202100025250;156 521;7;0;2;1;1;1;207 339;1;1;1;1;1961.0;0;1;18;6;2021;17;1;971;97101;2;6;1;3;16,2501100000; -61,5292700000;2;1;1;0;2;1;1;0;1;50;4;Indemne
202100025250;156 522;1;0;2;1;19;5;207 340;2;1;4;1;1991.0;9;8;18;6;2021;17;1;971;97101;2;6;1;3;16,2501100000; -61,5292700000;2;1;1;0;2;1;1;0;1;50;4;Blessé léger
202100025269;156 485;1;0;2;0;1;5;207 293;1;1;3;2;1973.0;5;8;6;8;2021;19;1;69;69266;2;1;1;3;45,7645900000;4,8912900000;4;1;0;2;2;1;1;0;1;50;4;Blessé hospitalisé
202100025269;156 486;7;0;2;1;1;1;207 294;1;1;1;1;1999.0;1;1;6;8;2021;19;1;69;69266;2;1;1;3;45,7645900000;4,8912900000;4;1;0;2;2;1;1;0;1;50;4;Indemne
202100025282;156 464;1;0;0;1;26;5;207 267;1;1;4;2;1998.0;1;2;3;8;2021;11;1;49;49007;2;1;1;7;47,4792000000; -0,5590000000;4;2;2;0;1;1;1;0;1;50;1;Blessé léger
202100025299;156 437;1;0;2;8;1;5;207 230;1;1;4;2;1975.0;0;2;6;8;2021;15;1;33;33529;2;1;1;6;44,6369300000; -1,1445900000;4;2;2;0;1;1;1;0;1;50;4;Blessé léger
202100025299;156 438;1;0;2;8;1;5;207 231;1;1;4;2;2004.0;0;2;6;8;2021;15;1;33;33529;2;1;1;6;44,6369300000; -1,1445900000;4;2;2;0;1;1;1;0;1;50;4;Blessé léger
202100025299;156 439;7;0;2;7;17;1;207 232;1;1;1;1;1954.0;0;1;6;8;2021;15;1;33;33529;2;1;1;6;44,6369300000; -1,1445900000;4;2;2;0;1;1;1;0;1;50;4;Indemne
202100025307;156 422;7;0;0;6;1;1;207 211;1;1;1;1;1988.0;5;1;6;8;2021;10;1;17;17380;2;3;1;2;45,6474700000; -1,1102300000;4;2;2;1;2;2;1;0;5;30;4;Indemne
202100025307;156 423;1;0;2;1;19;5;207 212;1;1;4;1;1945.0;5;2;6;8;2021;10;1;17;17380;2;3;1;2;45,6474700000; -1,1102300000;4;2;2;1;2;2;1;0;5;30;4;Blessé léger
202100025319;156 399;1;0;2;1;1;5;207 168;1;1;3;1;1976.0;1;8;6;8;2021;19;1;06;06088;2;2;1;3;43,7018630000;7,2733030000;4;1;1;0;1;1;1;0;1;50;4;Blessé hospitalisé
202100025319;156 400;33;0;9;1;1;1;207 169;1;1;3;1;1995.0;0;2;6;8;2021;19;1;06;06088;2;2;1;3;43,7018630000;7,2733030000;4;1;1;0;1;1;1;0;1;50;4;Blessé hospitalisé
202100025319;156 400;33;0;9;1;1;1;207 170;2;2;3;2;2001.0;0;2;6;8;2021;19;1;06;06088;2;2;1;3;43,7018630000;7,2733030000;4;1;1;0;1;1;1;0;1;50;4;Blessé hospitalisé
202100025321;156 396;7;0;2;8;16;1;207 164;1;1;1;1;1935.0;5;1;5;8;2021;12;1;06;06027;2;6;1;3;43,6627000000;7,1529980000;4;2;2;1;1;4;1;5;1;30;3;Indemne
202100025321;156 397;1;0;2;1;19;5;207 165;1;1;4;1;1969.0;9;8;5;8;2021;12;1;06;06027;2;6;1;3;43,6627000000;7,1529980000;4;2;2;1;1;4;1;5;1;30;3;Blessé léger