Num_Acc;id_vehicule;catv;obs;obsm;choc;manv;motor;id_usager;place;catu;grav;sexe;an_nais;trajet;secu1;jour;mois;an;hrmn;lum;dep;com;agg;int;atm;col;lat;long;catr;circ;nbv;vosp;prof;plan;surf;infra;situ;vma;day_of_week;gravity
202100025327;156 383;80;0;2;0;1;3;207 149;1;1;4;1;1960.0;9;8;6;8;2021;16;1;75;75120;2;1;1;3;48,8761220000;2,4030420000;4;2;2;0;1;1;1;0;1;50;4;Blessé léger
202100025327;156 384;7;0;2;6;22;1;207 150;4;2;1;1;2010.0;5;1;6;8;2021;16;1;75;75120;2;1;1;3;48,8761220000;2,4030420000;4;2;2;0;1;1;1;0;1;50;4;Indemne
202100025327;156 384;7;0;2;6;22;1;207 151;1;1;1;1;1964.0;5;1;6;8;2021;16;1;75;75120;2;1;1;3;48,8761220000;2,4030420000;4;2;2;0;1;1;1;0;1;50;4;Indemne
202100025331;156 375;1;0;2;1;1;5;207 141;1;1;4;1;1988.0;9;8;6;8;2021;01;5;75;75118;2;2;1;3;48,8911850000;2,3516180000;4;2;2;0;1;1;1;5;1;50;4;Blessé léger
202100025331;156 376;7;0;2;6;1;1;207 142;1;1;1;1;1976.0;5;1;6;8;2021;01;5;75;75118;2;2;1;3;48,8911850000;2,3516180000;4;2;2;0;1;1;1;5;1;50;4;Indemne
202100025335;156 367;7;0;2;2;16;2;207 125;1;1;1;1;1997.0;4;1;5;8;2021;10;1;75;75115;2;2;1;3;48,8524720000;2,2906020000;4;2;2;1;1;1;1;0;5;30;3;Indemne
202100025335;156 368;1;0;2;1;1;5;207 126;1;1;4;1;1991.0;1;2;5;8;2021;10;1;75;75115;2;2;1;3;48,8524720000;2,2906020000;4;2;2;1;1;1;1;0;5;30;3;Blessé léger
202100025338;156 363;1;0;1;1;21;5;207 120;1;1;4;2;1995.0;9;8;6;8;2021;19;1;75;75101;2;2;1;6;48,8609180000;2,3408050000;4;2;3;1;1;1;1;0;1;50;4;Blessé léger
202100025338;156 363;1;0;1;1;21;5;207 121;10;3;4;1;1962.0;9;0;6;8;2021;19;1;75;75101;2;2;1;6;48,8609180000;2,3408050000;4;2;3;1;1;1;1;0;1;50;4;Blessé léger
202100025361;156 326;1;0;2;4;1;5;207 068;1;1;1;1;1967.0;5;2;6;8;2021;08;1;46;46157;2;1;1;2;44,5215860000;1,9434540000;3;2;2;0;1;1;1;0;1;50;4;Indemne
202100025361;156 327;1;0;2;1;2;5;207 069;1;1;3;1;1971.0;5;2;6;8;2021;08;1;46;46157;2;1;1;2;44,5215860000;1,9434540000;3;2;2;0;1;1;1;0;1;50;4;Blessé hospitalisé
202100025391;156 271;7;0;2;3;9;1;206 999;1;1;1;2;1952.0;3;8;7;8;2021;12;1;26;26235;2;6;8;3;44,3754930000;4,6986540000;4;1;2;0;1;2;1;9;1;30;5;Indemne
202100025391;156 272;1;0;2;0;1;5;207 000;1;1;3;2;2003.0;0;0;7;8;2021;12;1;26;26235;2;6;8;3;44,3754930000;4,6986540000;4;1;2;0;1;2;1;9;1;30;5;Blessé hospitalisé
202100025436;156 196;1;0;1;0;26;5;206 902;1;1;4;2;1961.0;0;8;5;8;2021;12;1;65;65440;2;1;1;6;43,2335074730;0,0731760263;9;1;2;0;1;1;1;0;1;50;3;Blessé léger
202100025436;156 196;1;0;1;0;26;5;206 903;10;3;4;1;2001.0;1;0;5;8;2021;12;1;65;65440;2;1;1;6;43,2335074730;0,0731760263;9;1;2;0;1;1;1;0;1;50;3;Blessé léger
202100025444;156 182;1;0;2;1;1;5;206 881;1;1;4;1;1971.0;1;2;3;8;2021;07;1;56;56162;2;1;1;1;47,7346900000; -3,4032400000;3;2;2;0;2;3;1;0;1;50;1;Blessé léger
202100025444;156 183;1;0;2;1;13;5;206 882;1;1;4;2;1961.0;4;2;3;8;2021;07;1;56;56162;2;1;1;1;47,7346900000; -3,4032400000;3;2;2;0;2;3;1;0;1;50;1;Blessé léger
202100025472;156 135;1;0;2;8;5;5;206 825;1;1;3;1;2014.0;5;8;5;8;2021;08;1;11;11069;2;1;1;6;43,2176300000;2,3493300000;4;1;1;0;2;2;9;0;1;50;3;Blessé hospitalisé
202100025472;156 136;7;0;2;0;1;1;206 826;1;1;1;1;1969.0;5;1;5;8;2021;08;1;11;11069;2;1;1;6;43,2176300000;2,3493300000;4;1;1;0;2;2;9;0;1;50;3;Indemne
202100025475;156 130;7;0;2;2;14;1;206 818;1;1;1;1;1994.0;0;1;5;8;2021;14;1;06;06088;2;1;7;2;43,6686870000;7,2039120000;7;1;3;0;1;1;1;0;1;50;3;Indemne
202100025475;156 131;1;0;2;4;1;0;206 819;1;1;3;1;1970.0;0;2;5;8;2021;14;1;06;06088;2;1;7;2;43,6686870000;7,2039120000;7;1;3;0;1;1;1;0;1;50;3;Blessé hospitalisé
202100025484;156 113;1;0;2;8;1;5;206 796;1;1;4;2;1995.0;9;8;5;8;2021;20;1;75;75111;2;3;1;6;48,8635539958;2,3788929702;4;1;1;0;1;1;1;0;1;30;3;Blessé léger
202100025484;156 114;10;0;2;8;22;1;206 797;1;1;1;1;1948.0;5;1;5;8;2021;20;1;75;75111;2;3;1;6;48,8635539958;2,3788929702;4;1;1;0;1;1;1;0;1;30;3;Indemne
202100025528;156 037;7;0;9;1;1;1;206 684;1;1;1;2;1966.0;5;1;6;8;2021;17;1;50;50076;2;2;1;3;48,8974670000; -1,5626760000;4;2;2;0;1;1;1;0;1;50;4;Indemne
202100025528;156 038;80;0;2;2;1;3;206 685;1;1;4;1;1945.0;5;0;6;8;2021;17;1;50;50076;2;2;1;3;48,8974670000; -1,5626760000;4;2;2;0;1;1;1;0;1;50;4;Blessé léger
202100025532;156 033;1;0;0;0;1;5;206 678;1;1;3;1;1947.0;5;2;6;8;2021;08;1;45;45272;2;6;1;7;47,8299819650;1,9700758159;4;1;1;0;1;1;1;0;1;50;4;Blessé hospitalisé
202100025539;156 022;1;8;0;4;19;5;206 663;1;1;3;1;2007.0;5;0;5;8;2021;18;1;17;17208;2;2;1;2;46,2242950000; -0,9941120000;3;2;2;0;1;1;2;0;1;50;3;Blessé hospitalisé
202100025539;156 023;7;0;9;2;0;1;206 664;1;1;1;2;1970.0;0;1;5;8;2021;18;1;17;17208;2;2;1;2;46,2242950000; -0,9941120000;3;2;2;0;1;1;2;0;1;50;3;Indemne
202100025546;156 009;10;0;9;2;15;0;206 647;1;1;1;1;1955.0;5;1;6;8;2021;07;1;971;97102;1;4;7;5;16,4768100000; -61,5017650000;3;2;2;0;3;3;1;0;1;80;4;Indemne
202100025546;156 010;1;0;2;1;0;5;206 648;1;1;2;1;1955.0;5;2;6;8;2021;07;1;971;97102;1;4;7;5;16,4768100000; -61,5017650000;3;2;2;0;3;3;1;0;1;80;4;Tué
202100025546;156 011;1;0;2;1;1;5;206 649;1;1;4;1;1972.0;5;2;6;8;2021;07;1;971;97102;1;4;7;5;16,4768100000; -61,5017650000;3;2;2;0;3;3;1;0;1;80;4;Blessé léger
202100025551;156 003;1;0;0;0;17;5;206 640;1;1;3;2;1985.0;1;0;5;8;2021;17;1;67;67118;2;1;1;7;48,5837260000;7,6891910000;4;2;2;1;1;1;2;0;5;20;3;Blessé hospitalisé
202100025558;155 989;1;0;0;1;19;5;206 621;1;1;3;1;1982.0;0;0;6;8;2021;19;1;59;59477;2;3;2;3;50,5122740000;2,9137100000;7;2;2;0;1;1;2;0;1;50;4;Blessé hospitalisé
202100025558;155 990;7;0;0;8;1;1;206 622;1;1;1;1;1994.0;0;1;6;8;2021;19;1;59;59477;2;3;2;3;50,5122740000;2,9137100000;7;2;2;0;1;1;2;0;1;50;4;Indemne
202100025590;155 938;1;0;0;7;1;5;206 551;1;1;4;1;1989.0;5;8;3;8;2021;12;1;87;87113;1;1;2;7;45,8813700000;1,3294600000;4;1;1;0;2;4;2;0;8;30;1;Blessé léger
202100025597;155 927;1;0;2;3;1;5;206 537;1;1;4;1;1977.0;1;8;2;8;2021;09;1;67;67482;2;3;1;3;48,5879000000;7,7572260000;4;2;3;1;1;1;1;0;1;50;0;Blessé léger
202100025597;155 928;7;0;2;1;15;2;206 538;1;1;1;2;1980.0;5;1;2;8;2021;09;1;67;67482;2;3;1;3;48,5879000000;7,7572260000;4;2;3;1;1;1;1;0;1;50;0;Indemne
202100025606;155 914;7;0;2;1;15;1;206 520;1;1;1;2;2003.0;9;1;2;8;2021;19;1;44;44184;2;2;1;3;47,2770000000; -2,2275400000;4;3;2;0;1;1;1;0;1;50;0;Indemne
202100025606;155 914;7;0;2;1;15;1;206 521;2;2;1;2;1979.0;0;1;2;8;2021;19;1;44;44184;2;2;1;3;47,2770000000; -2,2275400000;4;3;2;0;1;1;1;0;1;50;0;Indemne
202100025606;155 915;1;0;2;8;19;0;206 522;1;1;4;1;1968.0;5;8;2;8;2021;19;1;44;44184;2;2;1;3;47,2770000000; -2,2275400000;4;3;2;0;1;1;1;0;1;50;0;Blessé léger
202100025614;155 898;7;0;2;3;22;1;206 501;1;1;1;2;2002.0;1;8;2;8;2021;12;1;15;15014;2;1;1;6;44,9143500000;2,4334800000;4;2;2;0;1;1;1;0;1;50;0;Indemne
202100025614;155 899;1;1;0;7;1;5;206 502;1;1;4;1;2006.0;5;2;2;8;2021;12;1;15;15014;2;1;1;6;44,9143500000;2,4334800000;4;2;2;0;1;1;1;0;1;50;0;Blessé léger
202100025658;155 816;1;0;0;0;1;5;206 396;1;1;3;1;1972.0;5;0;4;8;2021;10;1;19;19001;1;1;8;7;45,5030160000;1,7123650000;3;2;2;0;2;2;2;0;1;90;2;Blessé hospitalisé
202100025659;155 814;1;0;2;0;1;5;206 394;1;1;3;1;2001.0;5;0;4;8;2021;19;1;56;56166;1;3;2;2;47,9100430000; -3,2900620000;3;2;2;0;2;1;2;0;1;80;2;Blessé hospitalisé
202100025659;155 815;7;0;2;0;18;1;206 395;1;1;1;2;1970.0;1;1;4;8;2021;19;1;56;56166;1;3;2;2;47,9100430000; -3,2900620000;3;2;2;0;2;1;2;0;1;80;2;Indemne
202100025723;155 705;10;0;2;7;15;1;206 229;1;1;1;1;1973.0;4;1;2;8;2021;11;1;74;74010;2;4;1;6;45,8914000000;6,1344000000;3;2;2;0;2;4;1;0;1;50;0;Indemne
202100025723;155 706;1;0;2;1;1;5;206 230;1;1;2;1;1963.0;5;2;2;8;2021;11;1;74;74010;2;4;1;6;45,8914000000;6,1344000000;3;2;2;0;2;4;1;0;1;50;0;Tué
202100025743;155 668;80;0;2;1;1;3;206 178;1;1;4;1;1998.0;4;8;26;7;2021;14;1;26;26362;2;1;1;3;44,9353160000;4,9092850000;4;2;2;1;2;3;1;0;5;50;0;Blessé léger
202100025743;155 669;7;0;2;0;9;1;206 179;1;1;1;1;1997.0;0;1;26;7;2021;14;1;26;26362;2;1;1;3;44,9353160000;4,9092850000;4;2;2;1;2;3;1;0;5;50;0;Indemne
202100025764;155 633;1;0;2;1;1;5;206 126;1;1;4;1;1961.0;1;2;3;8;2021;07;1;75;75118;2;2;2;3;48,9007230000;2,3442830000;4;2;2;0;1;1;2;0;1;50;1;Blessé léger
202100025764;155 634;7;0;2;2;16;1;206 127;1;1;1;2;1974.0;1;1;3;8;2021;07;1;75;75118;2;2;2;3;48,9007230000;2,3442830000;4;2;2;0;1;1;2;0;1;50;1;Indemne
202100025765;155 631;7;0;2;4;23;1;206 123;1;1;1;2;1977.0;1;1;2;8;2021;18;1;75;75116;2;4;1;2;48,8640090000;2,2360620000;4;1;2;0;1;1;1;0;1;50;0;Indemne
202100025765;155 631;7;0;2;4;23;1;206 124;2;2;1;1;2000.0;1;1;2;8;2021;18;1;75;75116;2;4;1;2;48,8640090000;2,2360620000;4;1;2;0;1;1;1;0;1;50;0;Indemne
202100025765;155 632;1;0;2;1;2;5;206 125;1;1;4;2;1975.0;5;2;2;8;2021;18;1;75;75116;2;4;1;2;48,8640090000;2,2360620000;4;1;2;0;1;1;1;0;1;50;0;Blessé léger
202100025770;155 622;10;0;2;3;22;1;206 112;1;1;1;1;1977.0;4;8;3;8;2021;18;1;75;75112;2;1;1;3;48,8356870000;2,4021950000;4;2;2;0;1;1;1;0;1;50;1;Indemne
202100025770;155 623;1;0;2;1;1;5;206 113;1;1;4;1;1987.0;5;8;3;8;2021;18;1;75;75112;2;1;1;3;48,8356870000;2,4021950000;4;2;2;0;1;1;1;0;1;50;1;Blessé léger
202100025773;155 618;7;0;2;3;22;1;206 107;1;1;1;1;1967.0;4;1;3;8;2021;11;1;75;75108;2;1;1;3;48,8661100000;2,3138280000;4;2;4;0;1;1;1;0;1;50;1;Indemne
202100025773;155 619;1;0;2;2;1;5;206 108;1;1;4;2;1949.0;5;2;3;8;2021;11;1;75;75108;2;1;1;3;48,8661100000;2,3138280000;4;2;4;0;1;1;1;0;1;50;1;Blessé léger
202100025777;155 612;1;1;0;7;1;0;206 099;1;1;4;1;1989.0;1;2;3;8;2021;06;2;94;94037;2;1;2;3;48,8164090000;2,3399930000;4;2;2;0;1;1;2;0;1;50;1;Blessé léger
202100025777;155 613;7;0;9;3;22;0;206 100;1;1;1;1;1972.0;9;8;3;8;2021;06;2;94;94037;2;1;2;3;48,8164090000;2,3399930000;4;2;2;0;1;1;2;0;1;50;1;Indemne
202100025809;155 557;10;0;9;2;1;1;206 019;1;1;1;1;1958.0;4;1;3;8;2021;10;1;03;03018;2;2;8;3;46,2478730000;3,2656750000;3;2;2;0;1;1;1;0;1;50;1;Indemne
202100025809;155 558;1;0;2;3;15;0;206 020;1;1;3;1;1945.0;5;2;3;8;2021;10;1;03;03018;2;2;8;3;46,2478730000;3,2656750000;3;2;2;0;1;1;1;0;1;50;1;Blessé hospitalisé
202100025835;155 512;7;0;2;4;9;1;205 955;1;1;1;1;1942.0;5;1;3;8;2021;09;1;29;29042;2;6;1;3;48,2394550000; -4,4944110000;4;2;2;0;2;1;2;5;1;50;1;Indemne
202100025835;155 513;80;0;2;2;19;3;205 956;1;1;3;1;1970.0;5;0;3;8;2021;09;1;29;29042;2;6;1;3;48,2394550000; -4,4944110000;4;2;2;0;2;1;2;5;1;50;1;Blessé hospitalisé
202100025861;155 458;7;0;2;2;1;1;205 880;1;1;1;1;2002.0;0;8;30;3;2021;17;1;38;38463;1;1;7;1;45,1798510000;5,3590780000;4;2;2;0;1;1;1;0;1;50;1;Indemne
202100025861;155 459;1;0;2;0;26;5;205 881;1;1;3;1;2014.0;5;0;30;3;2021;17;1;38;38463;1;1;7;1;45,1798510000;5,3590780000;4;2;2;0;1;1;1;0;1;50;1;Blessé hospitalisé
202100025875;155 434;7;0;2;7;15;2;205 847;1;1;1;1;1959.0;1;1;1;8;2021;16;1;75;75101;2;3;1;3;48,8627320000;2,3352450000;4;2;3;1;1;1;1;0;1;30;6;Indemne
202100025875;155 435;1;0;2;1;1;5;205 848;1;1;4;2;1991.0;1;8;1;8;2021;16;1;75;75101;2;3;1;3;48,8627320000;2,3352450000;4;2;3;1;1;1;1;0;1;30;6;Blessé léger
202100025883;155 419;7;0;2;1;1;2;205 828;1;1;1;1;1987.0;4;1;2;8;2021;18;1;93;93007;2;1;1;3;48,9518200000;2,4409600000;3;3;2;0;1;1;1;0;1;50;0;Indemne
202100025883;155 420;1;0;2;8;19;5;205 829;1;1;3;1;1973.0;5;2;2;8;2021;18;1;93;93007;2;1;1;3;48,9518200000;2,4409600000;3;3;2;0;1;1;1;0;1;50;0;Blessé hospitalisé
202100025902;155 390;80;0;2;8;15;5;205 792;1;1;3;1;1948.0;5;2;3;8;2021;09;1;71;71422;1;2;2;3;46,6959150000;4,7614040000;3;2;2;0;1;1;2;0;1;80;1;Blessé hospitalisé
202100025902;155 391;7;0;2;2;2;1;205 793;1;1;1;2;2002.0;4;1;3;8;2021;09;1;71;71422;1;2;2;3;46,6959150000;4,7614040000;3;2;2;0;1;1;2;0;1;80;1;Indemne
202100025914;155 365;10;0;2;1;1;1;205 764;1;1;1;1;1982.0;4;1;29;7;2021;09;1;72;72381;1;6;1;3;47,9284230391;0,1017340421;3;2;2;0;1;1;1;5;1;90;3;Indemne
202100025914;155 366;1;0;0;5;0;5;205 765;1;1;4;1;1995.0;5;2;29;7;2021;09;1;72;72381;1;6;1;3;47,9284230391;0,1017340421;3;2;2;0;1;1;1;5;1;90;3;Blessé léger
202100025940;155 317;1;12;0;0;1;5;205 684;1;1;3;1;1982.0;5;0;27;7;2021;21;5;67;67084;2;1;3;7;48,3235290000;7,4296760000;3;2;2;1;1;1;2;6;4;50;1;Blessé hospitalisé
202100025942;155 314;1;0;2;8;9;5;205 680;1;1;3;1;1952.0;0;0;2;8;2021;18;1;38;38156;1;2;1;3;45,5369330000;5,2935460000;3;2;2;0;2;1;1;5;1;70;0;Blessé hospitalisé
202100025942;155 315;7;0;2;1;9;1;205 681;1;1;1;1;1989.0;1;1;2;8;2021;18;1;38;38156;1;2;1;3;45,5369330000;5,2935460000;3;2;2;0;2;1;1;5;1;70;0;Indemne
202100025959;155 279;33;0;2;1;17;1;205 636;1;1;1;1;1964.0;5;2;1;8;2021;16;1;76;76282;2;1;1;6;49,3032358371;1,0497978330;4;2;1;3;2;1;1;0;1;80;6;Indemne
202100025959;155 280;1;0;2;0;0;5;205 637;1;1;3;1;2005.0;5;2;1;8;2021;16;1;76;76282;2;1;1;6;49,3032358371;1,0497978330;4;2;1;3;2;1;1;0;1;80;6;Blessé hospitalisé
202100025971;155 257;1;0;0;0;0;5;205 607;1;1;3;1;1969.0;0;2;1;8;2021;14;1;91;91223;2;1;1;7;48,4312900000;2,1364900000;4;2;2;0;2;1;1;0;1;50;6;Blessé hospitalisé
202100025977;155 246;7;0;9;2;15;1;205 592;1;1;1;1;1939.0;0;1;1;8;2021;15;1;59;59350;2;1;1;3;50,6076659879;3,0593745521;7;2;1;0;1;1;1;0;1;30;6;Indemne
202100025977;155 247;1;0;2;0;0;5;205 593;1;1;3;2;1961.0;9;8;1;8;2021;15;1;59;59350;2;1;1;3;50,6076659879;3,0593745521;7;2;1;0;1;1;1;0;1;30;6;Blessé hospitalisé
202100025982;155 237;1;0;2;1;1;0;205 579;1;1;3;1;1979.0;5;0;1;8;2021;10;1;35;35238;2;1;1;1;48,1044100000; -1,6830600000;4;2;2;0;1;1;1;0;1;30;6;Blessé hospitalisé
202100025982;155 238;7;0;2;1;15;1;205 580;1;1;1;1;1941.0;9;1;1;8;2021;10;1;35;35238;2;1;1;1;48,1044100000; -1,6830600000;4;2;2;0;1;1;1;0;1;30;6;Indemne
202100025989;155 223;7;0;9;2;16;1;205 557;1;1;1;1;1994.0;5;1;31;7;2021;17;1;30;30007;2;3;1;3;44,1305100000;4,0722200000;3;2;2;0;1;1;1;0;1;50;5;Indemne
202100025989;155 224;1;0;2;1;19;5;205 558;1;1;3;1;1979.0;0;8;31;7;2021;17;1;30;30007;2;3;1;3;44,1305100000;4,0722200000;3;2;2;0;1;1;1;0;1;50;5;Blessé hospitalisé
202100026003;155 200;7;0;9;5;16;1;205 525;1;1;1;1;1956.0;0;1;1;8;2021;12;1;06;06004;1;1;1;3;43,6119100000;7,1271800000;3;2;4;1;1;1;1;0;5;50;6;Indemne
202100026003;155 201;1;0;2;1;1;5;205 526;1;1;4;1;1996.0;0;8;1;8;2021;12;1;06;06004;1;1;1;3;43,6119100000;7,1271800000;3;2;4;1;1;1;1;0;5;50;6;Blessé léger
202100026021;155 165;1;0;2;1;1;5;205 482;1;1;3;1;1974.0;5;2;1;8;2021;12;1;84;84069;2;9;7;2;44,1758410000;5,1292900000;3;2;2;0;1;1;1;0;1;50;6;Blessé hospitalisé
202100026021;155 166;7;0;0;4;1;1;205 483;1;1;1;2;1980.0;5;1;1;8;2021;12;1;84;84069;2;9;7;2;44,1758410000;5,1292900000;3;2;2;0;1;1;1;0;1;50;6;Indemne
202100026025;155 160;1;12;0;1;26;5;205 471;1;1;3;1;2009.0;3;0;1;8;2021;10;1;974;97405;2;9;1;7; -21,3501320000;55,5622390000;4;1;1;0;2;3;1;0;4;50;6;Blessé hospitalisé
202100026066;155 092;7;0;2;3;13;1;205 371;1;1;1;1;2002.0;5;1;31;7;2021;11;1;30;30291;1;1;1;3;44,1503120000;4,0033150000;3;2;2;0;3;2;1;0;1;50;5;Indemne
202100026066;155 093;1;0;2;1;1;6;205 372;1;1;3;1;1951.0;5;2;31;7;2021;11;1;30;30291;1;1;1;3;44,1503120000;4,0033150000;3;2;2;0;3;2;1;0;1;50;5;Blessé hospitalisé
202100026085;155 063;1;0;0;0;1;5;205 310;1;1;2;1;1952.0;5;0;31;7;2021;17;1;69;69101;2;1;2;7;45,9798374927;4,6294417977;4;2;2;0;2;3;8;0;1;50;5;Tué
202100026088;155 057;7;0;2;3;1;1;205 302;1;1;1;2;1949.0;5;1;1;8;2021;10;1;14;14488;2;2;1;3;49,2886310000; -0,2645030000;3;2;2;0;2;1;1;0;1;50;6;Indemne
202100026088;155 058;1;0;2;1;19;5;205 303;1;1;3;1;1970.0;5;0;1;8;2021;10;1;14;14488;2;2;1;3;49,2886310000; -0,2645030000;3;2;2;0;2;1;1;0;1;50;6;Blessé hospitalisé
202100026090;155 053;38;0;9;2;1;1;205 298;1;1;1;2;1990.0;9;1;2;8;2021;16;1;59;59105;2;1;1;1;50,4362800000;3,2449530000;4;2;2;0;1;2;1;9;1;50;0;Indemne
202100026090;155 054;1;0;2;1;5;0;205 299;1;1;4;1;2005.0;5;2;2;8;2021;16;1;59;59105;2;1;1;1;50,4362800000;3,2449530000;4;2;2;0;1;2;1;9;1;50;0;Blessé léger
202100026127;154 990;1;0;2;1;0;0;205 203;1;1;4;2;1988.0;5;2;26;7;2021;17;1;62;62108;2;1;1;2;50,4017200000;1,5952500000;4;1;2;0;1;1;1;0;1;50;0;Blessé léger
202100026127;154 991;7;0;2;6;16;1;205 204;2;2;1;2;1979.0;5;1;26;7;2021;17;1;62;62108;2;1;1;2;50,4017200000;1,5952500000;4;1;2;0;1;1;1;0;1;50;0;Indemne
202100026127;154 991;7;0;2;6;16;1;205 205;1;1;1;1;1978.0;5;1;26;7;2021;17;1;62;62108;2;1;1;2;50,4017200000;1,5952500000;4;1;2;0;1;1;1;0;1;50;0;Indemne
202100026132;154 981;7;0;2;5;14;1;205 192;1;1;1;2;1944.0;5;1;29;7;2021;15;1;50;50502;2;1;1;3;49,1146300000; -1,0987600000;3;1;2;0;1;1;1;0;1;50;3;Indemne
202100026132;154 982;1;0;2;3;0;5;205 193;1;1;3;2;1957.0;5;2;29;7;2021;15;1;50;50502;2;1;1;3;49,1146300000; -1,0987600000;3;1;2;0;1;1;1;0;1;50;3;Blessé hospitalisé
202100026133;154 979;33;0;2;7;26;1;205 190;1;1;1;1;1964.0;9;2;31;7;2021;12;1;49;49007;2;1;1;3;47,4673700000; -0,5558500000;4;1;1;0;1;1;1;0;1;30;5;Indemne
202100026133;154 980;1;0;2;8;26;5;205 191;1;1;4;1;1988.0;1;8;31;7;2021;12;1;49;49007;2;1;1;3;47,4673700000; -0,5558500000;4;1;1;0;1;1;1;0;1;30;5;Blessé léger
202100026138;154 971;7;0;2;1;16;1;205 180;1;1;1;2;1995.0;1;1;31;7;2021;08;1;35;35238;2;1;8;3;48,0992945942; -1,6943326592;4;2;2;2;2;1;1;0;1;50;5;Indemne
202100026138;154 972;1;0;2;2;2;0;205 181;1;1;4;2;1999.0;1;8;31;7;2021;08;1;35;35238;2;1;8;3;48,0992945942; -1,6943326592;4;2;2;2;2;1;1;0;1;50;5;Blessé léger
202100026152;154 947;1;0;2;4;17;5;205 145;1;1;4;1;1989.0;1;2;31;7;2021;16;1;75;75117;2;2;1;3;48,8829300000;2,2963800000;4;2;2;0;1;1;1;0;1;50;5;Blessé léger
202100026152;154 948;7;0;2;3;13;2;205 146;1;1;1;2;2001.0;5;1;31;7;2021;16;1;75;75117;2;2;1;3;48,8829300000;2,2963800000;4;2;2;0;1;1;1;0;1;50;5;Indemne
202100026157;154 938;1;1;0;3;1;5;205 134;1;1;4;1;2002.0;9;8;31;7;2021;16;1;75;75111;2;1;1;3;48,8644560000;2,3788320000;4;2;0;1;1;1;1;0;5;30;5;Blessé léger
202100026157;154 939;7;0;2;2;22;1;205 135;2;2;1;2;2006.0;9;8;31;7;2021;16;1;75;75111;2;1;1;3;48,8644560000;2,3788320000;4;2;0;1;1;1;1;0;5;30;5;Indemne
202100026157;154 939;7;0;2;2;22;1;205 136;1;1;1;2;1969.0;9;1;31;7;2021;16;1;75;75111;2;1;1;3;48,8644560000;2,3788320000;4;2;0;1;1;1;1;0;5;30;5;Indemne
202100026163;154 930;13;1;2;2;22;1;205 122;1;1;1;1;1953.0;0;1;31;7;2021;16;1;93;93064;1;1;1;3;48,8700000000;2,4860000000;3;2;2;1;1;1;1;0;5;50;5;Indemne
202100026163;154 931;80;12;2;7;26;3;205 123;1;1;4;2;1990.0;0;2;31;7;2021;16;1;93;93064;1;1;1;3;48,8700000000;2,4860000000;3;2;2;1;1;1;1;0;5;50;5;Blessé léger
202100026182;154 895;1;0;9;1;1;5;205 064;1;1;4;1;1975.0;5;2;1;8;2021;09;1;95;95652;1;1;1;6;49,1129070000;2,3652900000;3;2;2;0;2;1;1;0;1;70;6;Blessé léger
202100026193;154 874;1;8;0;1;1;5;205 030;1;1;2;1;1972.0;5;2;1;8;2021;13;1;68;68201;2;1;1;6;47,7762160000;7,0000340000;3;2;2;0;2;1;2;0;4;50;6;Tué
202100026196;154 869;7;0;9;3;1;1;205 022;1;1;1;1;1978.0;9;1;31;7;2021;20;2;38;38195;1;1;2;1;45,1522000000;5,3697860000;4;2;2;0;1;1;2;0;1;80;5;Indemne
202100026196;154 870;1;0;2;2;19;5;205 023;1;1;3;1;2012.0;5;0;31;7;2021;20;2;38;38195;1;1;2;1;45,1522000000;5,3697860000;4;2;2;0;1;1;2;0;1;80;5;Blessé hospitalisé
202100026202;154 860;1;0;0;0;26;5;205 009;1;1;3;1;1978.0;5;2;1;8;2021;08;1;05;05184;1;1;1;7;44,4108000000;5,9543860000;3;2;2;0;2;1;1;0;1;50;6;Blessé hospitalisé
202100026208;154 849;1;0;2;0;2;0;204 993;1;1;3;1;1932.0;3;0;31;7;2021;10;1;85;85234;2;6;1;2;46,7957700000; -2,0483280000;3;2;2;0;1;3;1;0;1;50;5;Blessé hospitalisé
202100026208;154 850;7;0;2;5;2;1;204 994;1;1;1;1;1965.0;3;1;31;7;2021;10;1;85;85234;2;6;1;2;46,7957700000; -2,0483280000;3;2;2;0;1;3;1;0;1;50;5;Indemne
202100026229;154 816;1;0;2;3;13;5;204 941;1;1;3;2;2011.0;5;0;1;8;2021;15;1;71;71123;1;1;1;3;46,2300920000;3,9503090000;4;2;2;0;1;3;1;0;1;80;6;Blessé hospitalisé
202100026229;154 817;10;0;2;3;21;1;204 942;1;1;1;1;1988.0;5;1;1;8;2021;15;1;71;71123;1;1;1;3;46,2300920000;3,9503090000;4;2;2;0;1;3;1;0;1;80;6;Indemne
202100026229;154 817;10;0;2;3;21;1;204 943;2;2;1;2;1985.0;5;1;1;8;2021;15;1;71;71123;1;1;1;3;46,2300920000;3,9503090000;4;2;2;0;1;3;1;0;1;80;6;Indemne
202100026259;154 762;1;0;2;4;1;5;204 867;1;1;3;2;2001.0;0;8;29;7;2021;03;5;69;69383;2;1;1;2;45,7476300000;4,8817900000;4;1;3;2;1;1;1;0;2;50;3;Blessé hospitalisé
202100026259;154 763;7;0;2;1;1;0;204 868;1;1;1;1;1985.0;0;1;29;7;2021;03;5;69;69383;2;1;1;2;45,7476300000;4,8817900000;4;1;3;2;1;1;1;0;2;50;3;Indemne
202100026265;154 751;1;0;2;6;1;5;204 853;1;1;4;2;1968.0;5;2;30;7;2021;15;1;95;95424;2;6;1;3;48,9927377478;2,1984251924;3;3;4;1;1;1;1;5;1;50;4;Blessé léger
202100026265;154 752;7;0;2;2;12;2;204 854;1;1;1;1;1951.0;5;1;30;7;2021;15;1;95;95424;2;6;1;3;48,9927377478;2,1984251924;3;3;4;1;1;1;1;5;1;50;4;Indemne