Num_Acc;id_vehicule;catv;obs;obsm;choc;manv;motor;id_usager;place;catu;grav;sexe;an_nais;trajet;secu1;jour;mois;an;hrmn;lum;dep;com;agg;int;atm;col;lat;long;catr;circ;nbv;vosp;prof;plan;surf;infra;situ;vma;day_of_week;gravity
202100026272;154 737;1;0;2;1;2;5;204 830;1;1;3;1;1995.0;0;8;29;7;2021;15;1;77;77320;2;3;1;3;48,8254250000;3,0375100000;3;2;2;1;1;1;1;0;1;50;3;Blessé hospitalisé
202100026272;154 738;15;8;0;1;16;1;204 831;1;1;1;1;1994.0;1;1;29;7;2021;15;1;77;77320;2;3;1;3;48,8254250000;3,0375100000;3;2;2;1;1;1;1;0;1;50;3;Indemne
202100026279;154 723;7;0;2;5;1;1;204 816;1;1;4;2;1939.0;5;1;29;7;2021;15;1;66;66136;2;1;1;6;42,6790200000;2,8919900000;4;2;2;0;1;1;1;0;1;50;3;Blessé léger
202100026279;154 724;1;0;2;1;1;5;204 817;1;1;4;1;1942.0;5;8;29;7;2021;15;1;66;66136;2;1;1;6;42,6790200000;2,8919900000;4;2;2;0;1;1;1;0;1;50;3;Blessé léger
202100026284;154 711;80;0;0;0;16;3;204 801;1;1;4;1;1986.0;9;8;25;7;2021;02;5;64;64122;2;1;2;7;43,4778600000; -1,5572900000;4;2;2;0;2;3;2;0;1;30;6;Blessé léger
202100026308;154 666;1;0;2;3;1;5;204 745;1;1;4;1;2003.0;4;8;30;7;2021;22;5;35;35238;2;1;1;3;48,1198500000; -1,6803500000;4;1;2;2;2;1;1;0;5;50;4;Blessé léger
202100026308;154 667;7;0;2;2;16;1;204 746;1;1;1;1;1963.0;5;1;30;7;2021;22;5;35;35238;2;1;1;3;48,1198500000; -1,6803500000;4;1;2;2;2;1;1;0;5;50;4;Indemne
202100026314;154 654;7;0;9;3;9;1;204 732;1;1;1;2;1943.0;3;1;29;7;2021;10;1;30;30007;2;9;1;3;44,1172300000;4,1081800000;3;1;1;0;1;2;1;9;1;50;3;Indemne
202100026314;154 655;1;0;2;1;26;5;204 733;1;1;4;1;1939.0;0;8;29;7;2021;10;1;30;30007;2;9;1;3;44,1172300000;4,1081800000;3;1;1;0;1;2;1;9;1;50;3;Blessé léger
202100026322;154 642;7;0;2;3;9;1;204 716;1;1;1;1;1950.0;5;1;14;7;2021;13;1;13;13026;2;9;1;3;43,3901800000;5,1622500000;7;2;2;0;1;3;1;5;1;50;2;Indemne
202100026322;154 643;1;0;2;2;1;5;204 717;1;1;2;2;1968.0;5;2;14;7;2021;13;1;13;13026;2;9;1;3;43,3901800000;5,1622500000;7;2;2;0;1;3;1;5;1;50;2;Tué
202100026328;154 633;80;0;0;1;1;3;204 698;1;1;4;1;1971.0;0;2;29;7;2021;22;5;05;05061;2;1;1;7;44,5504000000;6,0692400000;2;2;2;0;1;1;1;0;1;50;3;Blessé léger
202100026331;154 627;10;0;2;8;22;1;204 692;1;1;1;1;1968.0;4;1;29;7;2021;14;1;75;75115;2;1;1;3;48,8413360000;2,2873940000;4;2;3;0;1;1;1;0;1;30;3;Indemne
202100026331;154 628;1;0;2;1;1;5;204 693;1;1;4;1;1986.0;9;2;29;7;2021;14;1;75;75115;2;1;1;3;48,8413360000;2,2873940000;4;2;3;0;1;1;1;0;1;30;3;Blessé léger
202100026359;154 579;17;0;0;0;17;1;204 623;1;1;1;1;1966.0;4;1;29;7;2021;16;1;65;65193;1;1;8;7;42,9868459475;0,5739980937;3;2;2;0;1;1;1;0;1;80;3;Indemne
202100026359;154 580;1;0;0;2;21;5;204 624;1;1;4;1;1954.0;5;2;29;7;2021;16;1;65;65193;1;1;8;7;42,9868459475;0,5739980937;3;2;2;0;1;1;1;0;1;80;3;Blessé léger
202100026374;154 551;7;0;2;2;1;1;204 581;1;1;1;1;1958.0;1;1;30;7;2021;21;3;39;39299;1;1;1;2;46,9463400000;5,3556850000;3;2;2;0;1;1;1;0;1;80;4;Indemne
202100026374;154 552;1;0;2;5;1;5;204 582;1;1;3;2;2004.0;5;0;30;7;2021;21;3;39;39299;1;1;1;2;46,9463400000;5,3556850000;3;2;2;0;1;1;1;0;1;80;4;Blessé hospitalisé
202100026382;154 537;7;0;2;1;1;1;204 559;1;1;1;1;2001.0;5;1;30;7;2021;16;1;85;85128;2;6;8;3;46,4601850000; -1,1692660000;4;2;2;0;1;1;1;5;1;50;4;Indemne
202100026382;154 537;7;0;2;1;1;1;204 560;2;2;1;2;2004.0;5;1;30;7;2021;16;1;85;85128;2;6;8;3;46,4601850000; -1,1692660000;4;2;2;0;1;1;1;5;1;50;4;Indemne
202100026382;154 538;1;0;2;8;9;0;204 561;1;1;3;1;2000.0;5;0;30;7;2021;16;1;85;85128;2;6;8;3;46,4601850000; -1,1692660000;4;2;2;0;1;1;1;5;1;50;4;Blessé hospitalisé
202100026383;154 535;1;0;2;4;1;5;204 557;1;1;4;1;1998.0;1;0;29;7;2021;17;1;28;28405;1;1;1;2;48,7604040000;1,3096310000;3;2;2;0;1;1;1;0;1;80;3;Blessé léger
202100026383;154 536;7;0;2;2;1;1;204 558;1;1;1;2;2001.0;1;1;29;7;2021;17;1;28;28405;1;1;1;2;48,7604040000;1,3096310000;3;2;2;0;1;1;1;0;1;80;3;Indemne
202100026397;154 509;80;0;0;7;1;3;204 524;1;1;3;2;1950.0;5;0;31;7;2021;12;1;63;63038;1;1;2;7;45,5027080000;2,8775380000;3;2;2;0;2;3;2;0;1;80;5;Blessé hospitalisé
202100026414;154 480;40;0;2;0;0;3;204 484;1;1;1;1;1967.0;4;1;29;7;2021;15;1;76;76681;2;2;1;1;49,4215300000;1,0891800000;4;2;2;3;1;1;1;4;8;30;3;Indemne
202100026414;154 481;1;0;4;1;26;5;204 485;1;1;4;1;2006.0;5;8;29;7;2021;15;1;76;76681;2;2;1;1;49,4215300000;1,0891800000;4;2;2;3;1;1;1;4;8;30;3;Blessé léger
202100026431;154 452;1;1;0;1;1;5;204 454;1;1;4;1;1994.0;5;2;17;7;2021;15;1;95;95427;2;1;1;3;48,9592757270;2,3290586472;3;2;2;0;2;3;1;0;1;50;5;Blessé léger
202100026431;154 453;7;0;9;7;24;1;204 455;1;1;1;1;1989.0;5;1;17;7;2021;15;1;95;95427;2;1;1;3;48,9592757270;2,3290586472;3;2;2;0;2;3;1;0;1;50;5;Indemne
202100026433;154 449;1;0;2;1;26;0;204 450;1;1;4;1;1989.0;5;8;28;7;2021;19;1;91;91665;2;1;1;3;48,6628980000;2,2769620000;3;3;0;1;1;1;1;0;5;70;2;Blessé léger
202100026433;154 450;7;0;2;6;9;1;204 451;1;1;1;1;1979.0;4;1;28;7;2021;19;1;91;91665;2;1;1;3;48,6628980000;2,2769620000;3;3;0;1;1;1;1;0;5;70;2;Indemne
202100026437;154 442;50;0;2;1;1;3;204 443;1;1;4;1;1967.0;5;2;27;7;2021;14;1;80;80021;2;1;1;1;49,8924200000;2,2997500000;4;2;1;3;1;1;1;0;1;30;1;Blessé léger
202100026437;154 443;1;0;2;1;1;5;204 444;1;1;1;1;2001.0;5;2;27;7;2021;14;1;80;80021;2;1;1;1;49,8924200000;2,2997500000;4;2;1;3;1;1;1;0;1;30;1;Indemne
202100026441;154 436;7;0;2;1;9;1;204 435;1;1;1;1;1973.0;0;8;25;7;2021;09;1;73;73008;2;6;1;3;45,6854100000;5,9061700000;3;1;1;0;1;2;1;0;1;50;6;Indemne
202100026441;154 437;1;0;2;7;1;5;204 436;1;1;3;1;1940.0;5;8;25;7;2021;09;1;73;73008;2;6;1;3;45,6854100000;5,9061700000;3;1;1;0;1;2;1;0;1;50;6;Blessé hospitalisé
202100026442;154 434;7;0;2;3;20;1;204 433;1;1;1;1;1971.0;0;1;29;7;2021;07;1;67;67447;2;1;1;3;48,6078860000;7,7498720000;7;2;2;0;1;1;1;0;1;50;3;Indemne
202100026442;154 435;1;0;2;1;1;5;204 434;1;1;4;1;1984.0;0;8;29;7;2021;07;1;67;67447;2;1;1;3;48,6078860000;7,7498720000;7;2;2;0;1;1;1;0;1;50;3;Blessé léger
202100026444;154 430;1;0;2;1;1;5;204 429;1;1;4;1;1998.0;5;8;29;7;2021;11;1;66;66136;2;1;1;3;42,6873700000;2,8871700000;4;2;2;0;1;1;1;0;4;50;3;Blessé léger
202100026444;154 431;7;0;2;5;23;1;204 430;1;1;1;1;1963.0;4;1;29;7;2021;11;1;66;66136;2;1;1;3;42,6873700000;2,8871700000;4;2;2;0;1;1;1;0;4;50;3;Indemne
202100026456;154 411;1;0;2;1;1;5;204 404;1;1;4;1;1972.0;0;2;26;7;2021;15;1;54;54395;2;1;1;3;48,6951000000;6,1883700000;4;1;2;2;1;1;1;0;1;30;0;Blessé léger
202100026456;154 412;7;0;9;6;24;1;204 405;4;2;1;1;1982.0;0;8;26;7;2021;15;1;54;54395;2;1;1;3;48,6951000000;6,1883700000;4;1;2;2;1;1;1;0;1;30;0;Indemne
202100026471;154 382;1;0;2;2;1;0;204 361;1;1;4;2;1988.0;0;8;29;7;2021;16;1;29;29232;2;6;1;3;47,9913700000; -4,0734300000;4;4;2;0;1;2;1;5;1;50;3;Blessé léger
202100026471;154 383;10;0;2;3;9;1;204 362;1;1;1;1;1991.0;0;1;29;7;2021;16;1;29;29232;2;6;1;3;47,9913700000; -4,0734300000;4;4;2;0;1;2;1;5;1;50;3;Indemne
202100026478;154 366;1;0;2;1;26;0;204 336;1;1;4;1;2004.0;5;8;28;7;2021;20;1;15;15014;2;6;1;6;44,9223700000;2,4280200000;3;1;1;0;1;2;1;5;1;50;2;Blessé léger
202100026478;154 367;7;0;2;3;9;1;204 337;1;1;1;1;1945.0;5;8;28;7;2021;20;1;15;15014;2;6;1;6;44,9223700000;2,4280200000;3;1;1;0;1;2;1;5;1;50;2;Indemne
202100026502;154 327;10;0;2;2;1;3;204 288;1;1;1;1;1994.0;4;1;29;7;2021;17;1;75;75109;2;1;1;3;48,8751200000;2,3267000000;4;2;4;1;1;1;1;0;1;50;3;Indemne
202100026502;154 328;1;0;2;3;13;5;204 289;1;1;4;2;1986.0;5;2;29;7;2021;17;1;75;75109;2;1;1;3;48,8751200000;2,3267000000;4;2;4;1;1;1;1;0;1;50;3;Blessé léger
202100026503;154 325;7;0;2;8;22;2;204 286;1;1;1;1;1972.0;5;1;28;7;2021;18;1;75;75102;2;3;1;3;48,8701510000;2,3504810000;4;2;5;0;1;1;1;0;1;50;2;Indemne
202100026503;154 326;1;0;2;1;1;5;204 287;1;1;4;2;1995.0;1;8;28;7;2021;18;1;75;75102;2;3;1;3;48,8701510000;2,3504810000;4;2;5;0;1;1;1;0;1;50;2;Blessé léger
202100026519;154 297;1;0;2;1;17;5;204 251;2;1;4;1;1994.0;9;2;28;7;2021;09;1;92;92012;2;2;1;3;48,8503404179;2,2377760100;4;2;2;0;1;1;1;0;1;50;2;Blessé léger
202100026519;154 298;7;0;2;3;22;1;204 252;1;1;1;1;1953.0;9;1;28;7;2021;09;1;92;92012;2;2;1;3;48,8503404179;2,2377760100;4;2;2;0;1;1;1;0;1;50;2;Indemne
202100026522;154 290;7;0;9;1;1;1;204 243;1;1;1;1;1999.0;1;1;29;7;2021;17;1;41;41104;2;3;1;1;47,5923180000;1,4531350000;3;2;1;0;2;1;1;0;1;50;3;Indemne
202100026522;154 291;1;0;2;2;15;5;204 244;1;1;3;1;1961.0;5;2;29;7;2021;17;1;41;41104;2;3;1;1;47,5923180000;1,4531350000;3;2;1;0;2;1;1;0;1;50;3;Blessé hospitalisé
202100026533;154 266;1;0;2;4;2;5;204 203;1;1;3;2;1983.0;5;9;29;7;2021;22;3;56;56034;2;1;1;6;47,5915160000; -3,0834850000;3;2;2;0;1;1;1;0;1;50;3;Blessé hospitalisé
202100026533;154 267;7;0;9;1;2;1;204 204;1;1;1;1;1993.0;5;1;29;7;2021;22;3;56;56034;2;1;1;6;47,5915160000; -3,0834850000;3;2;2;0;1;1;1;0;1;50;3;Indemne
202100026533;154 268;1;0;2;4;2;5;204 205;1;1;2;1;2008.0;5;9;29;7;2021;22;3;56;56034;2;1;1;6;47,5915160000; -3,0834850000;3;2;2;0;1;1;1;0;1;50;3;Tué
202100026535;154 262;1;0;2;6;16;5;204 199;1;1;4;1;1967.0;0;2;11;7;2021;19;1;67;67029;1;6;1;3;48,8824410000;7,1498680000;3;2;2;0;1;1;1;0;1;80;6;Blessé léger
202100026535;154 263;7;0;2;2;9;1;204 200;1;1;1;1;1987.0;0;1;11;7;2021;19;1;67;67029;1;6;1;3;48,8824410000;7,1498680000;3;2;2;0;1;1;1;0;1;80;6;Indemne
202100026549;154 242;1;13;0;1;0;5;204 171;1;1;3;1;1960.0;5;0;30;7;2021;12;1;84;84123;1;1;1;6;44,1119760000;5,3931000000;3;2;2;0;2;3;1;0;3;80;4;Blessé hospitalisé
202100026579;154 194;1;0;2;3;1;5;204 112;1;1;3;1;2004.0;5;2;30;7;2021;10;1;06;06091;2;1;1;3;43,7782510000;7,3980780000;3;2;2;0;1;3;1;0;1;50;4;Blessé hospitalisé
202100026579;154 195;31;0;9;3;17;1;204 113;1;1;4;1;1991.0;5;2;30;7;2021;10;1;06;06091;2;1;1;3;43,7782510000;7,3980780000;3;2;2;0;1;3;1;0;1;50;4;Blessé léger
202100026588;154 178;1;0;2;1;5;5;204 089;1;1;4;1;2005.0;5;0;29;7;2021;17;1;22;22384;2;3;1;1;48,2819720000; -2,8330940000;4;2;2;0;2;2;1;0;1;50;3;Blessé léger
202100026588;154 179;1;0;2;1;16;5;204 090;1;1;3;1;1973.0;1;0;29;7;2021;17;1;22;22384;2;3;1;1;48,2819720000; -2,8330940000;4;2;2;0;2;2;1;0;1;50;3;Blessé hospitalisé
202100026614;154 134;1;0;2;1;2;5;204 032;1;1;4;1;1993.0;5;8;28;7;2021;18;1;69;69386;2;1;1;1;45,7781200000;4,8442500000;9;2;0;3;1;3;1;2;6;50;2;Blessé léger
202100026614;154 135;1;0;2;1;2;5;204 033;1;1;4;1;1980.0;0;8;28;7;2021;18;1;69;69386;2;1;1;1;45,7781200000;4,8442500000;9;2;0;3;1;3;1;2;6;50;2;Blessé léger
202100026631;154 106;2;0;9;1;1;1;203 991;1;1;1;1;1999.0;9;2;28;7;2021;06;2;72;72181;2;6;1;6;47,9829000000;0,2104000000;4;1;1;1;1;1;2;9;6;50;2;Indemne
202100026631;154 107;1;0;2;0;19;5;203 992;1;1;3;1;1964.0;0;2;28;7;2021;06;2;72;72181;2;6;1;6;47,9829000000;0,2104000000;4;1;1;1;1;1;2;9;6;50;2;Blessé hospitalisé
202100026649;154 072;1;0;2;4;19;5;203 946;1;1;4;1;1975.0;1;2;27;7;2021;05;2;50;50129;2;2;2;3;49,6421600000; -1,6370300000;3;3;4;0;1;1;2;0;1;50;1;Blessé léger
202100026649;154 073;7;0;2;2;9;1;203 947;1;1;1;1;1999.0;5;1;27;7;2021;05;2;50;50129;2;2;2;3;49,6421600000; -1,6370300000;3;3;4;0;1;1;2;0;1;50;1;Indemne
202100026656;154 058;1;0;2;1;1;5;203 930;1;1;4;1;1965.0;0;8;17;6;2021;06;5;42;42330;2;1;1;1;45,4690300000;4,3634400000;4;2;2;0;2;1;1;0;1;50;3;Blessé léger
202100026656;154 059;7;0;2;1;1;1;203 931;1;1;1;2;1992.0;0;1;17;6;2021;06;5;42;42330;2;1;1;1;45,4690300000;4,3634400000;4;2;2;0;2;1;1;0;1;50;3;Indemne
202100026672;154 030;80;0;2;4;1;3;203 893;1;1;3;1;1969.0;5;2;23;7;2021;09;1;12;12176;2;2;1;3;44,3908700000;2,5400600000;4;2;2;0;1;1;1;0;1;50;4;Blessé hospitalisé
202100026672;154 031;7;0;2;1;19;1;203 894;1;1;1;1;2001.0;5;1;23;7;2021;09;1;12;12176;2;2;1;3;44,3908700000;2,5400600000;4;2;2;0;1;1;1;0;1;50;4;Indemne
202100026684;154 010;10;0;2;7;15;2;203 862;1;1;1;2;1998.0;4;1;28;7;2021;11;1;75;75112;2;3;1;3;48,8292660000;2,3903710000;4;2;6;0;1;1;2;0;1;50;2;Indemne
202100026684;154 011;1;0;2;1;1;5;203 863;1;1;4;1;1962.0;5;2;28;7;2021;11;1;75;75112;2;3;1;3;48,8292660000;2,3903710000;4;2;6;0;1;1;2;0;1;50;2;Blessé léger
202100026685;154 008;10;0;2;3;22;1;203 860;1;1;1;1;1971.0;9;1;28;7;2021;19;1;75;75111;2;2;1;3;48,8533060000;2,3773200000;4;2;2;0;1;1;1;0;1;50;2;Indemne
202100026685;154 009;1;0;2;1;1;5;203 861;1;1;4;1;1984.0;1;8;28;7;2021;19;1;75;75111;2;2;1;3;48,8533060000;2,3773200000;4;2;2;0;1;1;1;0;1;50;2;Blessé léger
202100026686;154 007;1;0;1;1;1;5;203 858;1;1;1;1;1992.0;5;8;28;7;2021;18;1;75;75110;2;7;1;6;48,8806670000;2,3520780000;4;1;1;1;2;1;1;0;5;50;2;Indemne
202100026686;154 007;1;0;1;1;1;5;203 859;10;3;4;2;1962.0;9;0;28;7;2021;18;1;75;75110;2;7;1;6;48,8806670000;2,3520780000;4;1;1;1;2;1;1;0;5;50;2;Blessé léger
202100026690;154 002;7;0;2;2;9;1;203 851;1;1;1;1;1978.0;5;1;28;7;2021;13;1;94;94073;2;9;1;3;48,7627900000;2,3692900000;4;1;0;0;1;1;1;0;1;50;2;Indemne
202100026690;154 003;1;0;2;1;1;5;203 852;1;1;4;1;1982.0;1;2;28;7;2021;13;1;94;94073;2;9;1;3;48,7627900000;2,3692900000;4;1;0;0;1;1;1;0;1;50;2;Blessé léger
202100026694;153 996;1;0;2;2;1;0;203 845;1;1;4;1;1992.0;0;2;28;7;2021;17;1;93;93070;2;4;1;3;48,9054400000;2,3442000000;3;2;4;0;1;1;1;0;1;50;2;Blessé léger
202100026694;153 997;32;0;2;2;1;1;203 846;1;1;1;2;1987.0;0;1;28;7;2021;17;1;93;93070;2;4;1;3;48,9054400000;2,3442000000;3;2;4;0;1;1;1;0;1;50;2;Indemne
202100026699;153 985;1;1;0;8;1;0;203 833;1;1;4;1;2000.0;0;8;28;7;2021;12;1;92;92026;2;1;1;6;48,9029953811;2,2708573937;3;2;4;1;1;1;1;0;1;50;2;Blessé léger
202100026699;153 986;15;0;2;0;22;1;203 834;1;1;1;1;1965.0;4;1;28;7;2021;12;1;92;92026;2;1;1;6;48,9029953811;2,2708573937;3;2;4;1;1;1;1;0;1;50;2;Indemne
202100026723;153 949;7;0;2;2;21;1;203 774;1;1;4;2;1999.0;5;8;29;7;2021;16;1;58;58202;1;2;1;6;47,0746120000;3,7089800000;3;2;2;0;1;1;1;0;1;80;3;Blessé léger
202100026723;153 949;7;0;2;2;21;1;203 775;2;2;1;1;1992.0;5;8;29;7;2021;16;1;58;58202;1;2;1;6;47,0746120000;3,7089800000;3;2;2;0;1;1;1;0;1;80;3;Indemne
202100026723;153 949;7;0;2;2;21;1;203 776;7;2;1;1;2020.0;5;3;29;7;2021;16;1;58;58202;1;2;1;6;47,0746120000;3,7089800000;3;2;2;0;1;1;1;0;1;80;3;Indemne
202100026723;153 949;7;0;2;2;21;1;203 777;9;2;1;1;2018.0;5;3;29;7;2021;16;1;58;58202;1;2;1;6;47,0746120000;3,7089800000;3;2;2;0;1;1;1;0;1;80;3;Indemne
202100026723;153 950;1;0;2;8;19;5;203 778;1;1;3;1;2006.0;5;2;29;7;2021;16;1;58;58202;1;2;1;6;47,0746120000;3,7089800000;3;2;2;0;1;1;1;0;1;80;3;Blessé hospitalisé
202100026724;153 948;80;0;0;0;1;3;203 773;1;1;3;1;1950.0;5;2;29;7;2021;15;1;50;50003;2;1;1;7;49,0405510000; -1,5849230000;3;2;2;0;2;1;1;0;1;50;3;Blessé hospitalisé
202100026753;153 901;1;0;2;1;1;5;203 708;1;1;1;1;1967.0;1;2;28;7;2021;17;1;38;38474;2;2;1;3;45,2049570000;5,6675610000;4;2;2;1;1;1;1;5;5;30;2;Indemne
202100026753;153 902;1;0;2;2;0;5;203 709;1;1;3;1;1954.0;5;0;28;7;2021;17;1;38;38474;2;2;1;3;45,2049570000;5,6675610000;4;2;2;1;1;1;1;5;5;30;2;Blessé hospitalisé
202100026776;153 860;7;0;2;1;19;1;203 653;1;1;1;1;1994.0;1;1;27;7;2021;07;1;69;69387;2;2;1;3;45,7515500000;4,8410500000;4;2;2;1;1;1;1;0;1;50;1;Indemne
202100026776;153 861;1;0;2;6;1;5;203 654;1;1;4;2;1989.0;1;0;27;7;2021;07;1;69;69387;2;2;1;3;45,7515500000;4,8410500000;4;2;2;1;1;1;1;0;1;50;1;Blessé léger
202100026788;153 839;7;0;2;1;26;1;203 627;1;1;1;2;1983.0;1;1;24;7;2021;13;1;78;78524;1;9;1;3;48,8317000000;2,1129200000;3;3;3;0;1;1;1;0;1;70;5;Indemne
202100026788;153 840;1;0;2;5;26;5;203 628;1;1;4;1;1956.0;5;2;24;7;2021;13;1;78;78524;1;9;1;3;48,8317000000;2,1129200000;3;3;3;0;1;1;1;0;1;70;5;Blessé léger
202100026794;153 828;7;0;2;4;2;1;203 611;1;1;1;1;2002.0;0;1;27;7;2021;19;1;72;72181;2;1;1;2;48,0153000000;0,2119900000;4;1;2;2;1;1;1;0;1;30;1;Indemne
202100026794;153 829;1;0;0;1;2;5;203 612;1;1;4;1;2001.0;0;8;27;7;2021;19;1;72;72181;2;1;1;2;48,0153000000;0,2119900000;4;1;2;2;1;1;1;0;1;30;1;Blessé léger
202100026799;153 821;1;0;1;2;1;5;203 601;10;3;4;1;1959.0;5;0;25;7;2021;14;1;67;67482;2;1;1;6;48,5928600000;7,7831000000;4;2;4;1;1;1;1;0;5;50;6;Blessé léger
202100026799;153 821;1;0;1;2;1;5;203 602;1;1;4;1;2000.0;5;8;25;7;2021;14;1;67;67482;2;1;1;6;48,5928600000;7,7831000000;4;2;4;1;1;1;1;0;5;50;6;Blessé léger
202100026815;153 790;7;0;2;3;9;1;203 562;1;1;1;1;2003.0;1;1;26;7;2021;07;1;49;49328;2;6;1;3;47,2613400000; -0,0766800000;4;1;1;0;1;2;1;0;1;50;0;Indemne
202100026815;153 791;1;0;2;7;1;5;203 563;1;1;4;1;2000.0;1;8;26;7;2021;07;1;49;49328;2;6;1;3;47,2613400000; -0,0766800000;4;1;1;0;1;2;1;0;1;50;0;Blessé léger
202100026818;153 783;80;0;2;7;1;3;203 554;1;1;4;2;1979.0;1;2;26;7;2021;18;1;37;37261;2;1;1;6;47,3919289194;0,6857791543;4;2;2;2;1;1;1;0;1;50;0;Blessé léger
202100026818;153 784;7;0;2;3;15;1;203 555;1;1;1;2;1974.0;1;1;26;7;2021;18;1;37;37261;2;1;1;6;47,3919289194;0,6857791543;4;2;2;2;1;1;1;0;1;50;0;Indemne
202100026820;153 780;17;0;2;4;26;1;203 551;1;1;1;1;1975.0;4;1;27;7;2021;15;1;35;35238;2;1;2;2;48,1333400000; -1,6606900000;4;2;2;1;1;3;2;0;1;50;1;Indemne
202100026820;153 781;1;0;2;1;2;5;203 552;1;1;4;1;1939.0;5;8;27;7;2021;15;1;35;35238;2;1;2;2;48,1333400000; -1,6606900000;4;2;2;1;1;3;2;0;1;50;1;Blessé léger
202100026835;153 750;7;0;2;2;14;1;203 512;1;1;1;2;2001.0;0;8;26;7;2021;09;1;13;13207;2;1;1;2;43,2924334329;5,3556697461;4;1;3;2;1;1;1;0;1;50;0;Indemne
202100026835;153 751;1;0;2;8;18;5;203 513;1;1;4;1;1972.0;0;2;26;7;2021;09;1;13;13207;2;1;1;2;43,2924334329;5,3556697461;4;1;3;2;1;1;1;0;1;50;0;Blessé léger
202100026839;153 744;1;0;0;0;0;0;203 505;1;1;4;1;1976.0;5;8;26;7;2021;18;1;09;09122;2;1;1;6;42,9667540000;1,6036850000;3;4;2;0;2;1;1;8;1;30;0;Blessé léger
202100026839;153 745;2;0;0;1;13;1;203 506;1;1;1;1;1976.0;0;2;26;7;2021;18;1;09;09122;2;1;1;6;42,9667540000;1,6036850000;3;4;2;0;2;1;1;8;1;30;0;Indemne
202100026855;153 718;80;0;0;1;1;3;203 475;1;1;4;2;1964.0;5;2;27;7;2021;18;1;75;75108;2;7;2;7;48,8643510000;2,3018470000;4;2;3;1;1;1;2;0;1;50;1;Blessé léger
202100026858;153 712;1;0;0;1;1;5;203 468;1;1;4;2;2004.0;5;8;26;7;2021;20;1;75;75104;2;3;1;7;48,8489390000;2,3646160000;4;1;2;1;1;1;1;0;5;50;0;Blessé léger
202100026861;153 707;1;0;2;1;1;5;203 463;1;1;4;2;1984.0;1;0;23;7;2021;09;1;94;94080;2;2;1;1;48,8491050000;2,4230520000;3;1;1;1;1;1;1;0;5;30;4;Blessé léger
202100026861;153 708;7;0;2;1;19;1;203 464;1;1;1;2;1984.0;1;1;23;7;2021;09;1;94;94080;2;2;1;1;48,8491050000;2,4230520000;3;1;1;1;1;1;1;0;5;30;4;Indemne
202100026875;153 679;14;0;2;6;1;1;203 424;1;1;1;2;1990.0;4;1;27;7;2021;15;1;60;60225;2;3;2;3;49,4198483226;2,3615262508;3;2;2;0;2;3;2;0;1;50;1;Indemne
202100026875;153 680;1;0;2;1;26;5;203 425;1;1;4;1;2006.0;5;0;27;7;2021;15;1;60;60225;2;3;2;3;49,4198483226;2,3615262508;3;2;2;0;2;3;2;0;1;50;1;Blessé léger
202100026941;153 556;1;0;2;1;1;5;203 256;1;1;3;1;1991.0;5;2;6;3;2021;11;1;73;73085;1;1;1;2;45,7918260000;5,8628370000;3;2;2;0;2;4;1;0;1;80;5;Blessé hospitalisé
202100026941;153 557;10;0;2;4;23;1;203 257;1;1;1;1;1967.0;9;1;6;3;2021;11;1;73;73085;1;1;1;2;45,7918260000;5,8628370000;3;2;2;0;2;4;1;0;1;80;5;Indemne
202100026953;153 532;80;0;2;1;1;3;203 226;1;1;1;1;2000.0;5;8;25;7;2021;23;5;75;75101;2;7;1;1;48,8621860000;2,3370150000;4;3;3;1;1;1;1;0;5;50;6;Indemne
202100026953;153 533;50;0;2;1;5;3;203 227;1;1;1;1;1999.0;5;8;25;7;2021;23;5;75;75101;2;7;1;1;48,8621860000;2,3370150000;4;3;3;1;1;1;1;0;5;50;6;Indemne
202100026953;153 533;50;0;2;1;5;3;203 228;2;2;4;2;1998.0;5;8;25;7;2021;23;5;75;75101;2;7;1;1;48,8621860000;2,3370150000;4;3;3;1;1;1;1;0;5;50;6;Blessé léger
202100026985;153 476;80;0;2;6;1;3;203 142;1;1;3;2;1963.0;5;0;26;7;2021;17;1;56;56240;1;1;1;3;47,5398830000; -2,8294300000;4;2;2;0;2;3;1;0;1;80;0;Blessé hospitalisé
202100026985;153 477;7;0;2;0;1;1;203 143;1;1;1;1;1995.0;5;1;26;7;2021;17;1;56;56240;1;1;1;3;47,5398830000; -2,8294300000;4;2;2;0;2;3;1;0;1;80;0;Indemne
202100027004;153 448;1;16;0;1;1;5;203 103;1;1;3;1;1969.0;5;0;27;7;2021;13;1;07;07198;1;1;1;7;44,7995050000;4,7239710000;3;2;2;0;2;4;1;0;1;70;1;Blessé hospitalisé
202100027010;153 437;80;0;2;8;19;5;203 090;1;1;3;1;1948.0;5;2;26;7;2021;14;1;88;88468;2;3;1;3;47,8771450000;6,7564520000;4;2;2;0;1;1;1;0;1;50;0;Blessé hospitalisé
202100027010;153 438;7;0;2;1;1;1;203 091;1;1;1;2;1968.0;4;1;26;7;2021;14;1;88;88468;2;3;1;3;47,8771450000;6,7564520000;4;2;2;0;1;1;1;0;1;50;0;Indemne
202100027014;153 429;7;0;9;1;1;1;203 080;1;1;1;2;2000.0;5;1;26;7;2021;21;2;11;11145;1;1;1;2;43,2311340000;3,2004550000;3;2;2;0;1;1;1;0;1;80;0;Indemne