Num_Acc;id_vehicule;catv;obs;obsm;choc;manv;motor;id_usager;place;catu;grav;sexe;an_nais;trajet;secu1;jour;mois;an;hrmn;lum;dep;com;agg;int;atm;col;lat;long;catr;circ;nbv;vosp;prof;plan;surf;infra;situ;vma;day_of_week;gravity
202100028421;150 914;1;0;2;0;0;0;199 613;1;1;3;1;2016.0;5;2;18;7;2021;18;1;49;49301;2;3;1;3;47,0382560000; -1,1195330000;3;2;2;0;2;1;1;0;1;50;6;Blessé hospitalisé
202100028423;150 910;7;0;2;2;1;1;199 609;1;1;1;1;1983.0;0;1;19;7;2021;08;1;22;22306;1;2;1;3;48,3637160000; -1,9704370000;3;2;2;0;1;1;1;0;1;80;0;Indemne
202100028423;150 911;1;0;2;3;9;5;199 610;1;1;3;2;1957.0;0;0;19;7;2021;08;1;22;22306;1;2;1;3;48,3637160000; -1,9704370000;3;2;2;0;1;1;1;0;1;80;0;Blessé hospitalisé
202100028459;150 845;10;0;2;2;19;1;199 512;1;1;1;1;1973.0;4;1;17;7;2021;16;1;77;77479;2;2;1;3;48,8710000000;2,6320000000;4;1;1;0;1;1;1;5;1;50;5;Indemne
202100028459;150 846;1;0;2;8;1;5;199 513;1;1;4;1;1950.0;5;2;17;7;2021;16;1;77;77479;2;2;1;3;48,8710000000;2,6320000000;4;1;1;0;1;1;1;5;1;50;5;Blessé léger
202100028467;150 832;7;5;2;1;9;1;199 495;1;1;1;1;1964.0;5;1;17;7;2021;12;1;49;49007;2;2;1;1;47,4702200000; -0,5519200000;4;1;1;2;1;1;1;0;1;30;5;Indemne
202100028467;150 833;1;0;2;3;26;5;199 496;1;1;4;2;1963.0;9;8;17;7;2021;12;1;49;49007;2;2;1;1;47,4702200000; -0,5519200000;4;1;1;2;1;1;1;0;1;30;5;Blessé léger
202100028469;150 828;7;0;2;3;1;1;199 491;1;1;1;1;1999.0;5;1;17;7;2021;08;1;37;37261;2;4;1;6;47,4027045961;0,7019689679;4;2;3;3;3;3;1;2;1;50;5;Indemne
202100028469;150 829;80;0;2;4;1;3;199 492;1;1;4;1;1947.0;5;0;17;7;2021;08;1;37;37261;2;4;1;6;47,4027045961;0,7019689679;4;2;3;3;3;3;1;2;1;50;5;Blessé léger
202100028497;150 777;1;0;2;1;15;5;199 411;1;1;4;1;1986.0;9;8;16;7;2021;23;5;75;75116;2;2;1;3;48,8365380000;2,2559820000;4;1;3;0;1;1;1;0;1;50;4;Blessé léger
202100028497;150 778;7;0;2;3;1;3;199 412;1;1;1;1;1975.0;5;1;16;7;2021;23;5;75;75116;2;2;1;3;48,8365380000;2,2559820000;4;1;3;0;1;1;1;0;1;50;4;Indemne
202100028500;150 769;7;0;2;0;22;1;199 398;1;1;1;1;1961.0;4;1;17;7;2021;10;1;75;75109;2;1;1;3;48,8820710000;2,3293830000;4;2;2;0;1;1;1;0;1;30;5;Indemne
202100028500;150 769;7;0;2;0;22;1;199 399;4;2;1;2;1965.0;9;1;17;7;2021;10;1;75;75109;2;1;1;3;48,8820710000;2,3293830000;4;2;2;0;1;1;1;0;1;30;5;Indemne
202100028500;150 770;80;0;2;0;1;3;199 400;1;1;4;1;1982.0;9;2;17;7;2021;10;1;75;75109;2;1;1;3;48,8820710000;2,3293830000;4;2;2;0;1;1;1;0;1;30;5;Blessé léger
202100028537;150 709;1;0;2;4;1;5;199 305;1;1;3;1;1985.0;5;2;18;7;2021;09;1;35;35227;1;6;1;2;48,1759740000; -1,9259330000;3;1;1;0;3;1;1;5;1;80;6;Blessé hospitalisé
202100028537;150 710;7;0;2;2;1;1;199 306;1;1;1;1;1991.0;5;1;18;7;2021;09;1;35;35227;1;6;1;2;48,1759740000; -1,9259330000;3;1;1;0;3;1;1;5;1;80;6;Indemne
202100028539;150 706;1;0;2;1;13;5;199 297;1;1;3;1;1997.0;5;2;18;7;2021;12;1;84;84017;1;1;1;1;44,1201950000;5,2333660000;3;2;2;0;2;2;1;0;1;80;6;Blessé hospitalisé
202100028539;150 707;7;0;9;3;1;1;199 298;1;1;1;1;1977.0;4;1;18;7;2021;12;1;84;84017;1;1;1;1;44,1201950000;5,2333660000;3;2;2;0;2;2;1;0;1;80;6;Indemne
202100028539;150 707;7;0;9;3;1;1;199 299;2;2;1;2;1985.0;4;1;18;7;2021;12;1;84;84017;1;1;1;1;44,1201950000;5,2333660000;3;2;2;0;2;2;1;0;1;80;6;Indemne
202100028554;150 680;1;0;2;8;1;5;199 259;1;1;4;1;1966.0;5;0;18;7;2021;20;1;27;27313;2;2;1;3;49,2301110000;0,9933420000;4;2;2;0;1;1;1;0;1;50;6;Blessé léger
202100028554;150 681;7;0;9;5;1;1;199 260;1;1;4;2;1974.0;5;1;18;7;2021;20;1;27;27313;2;2;1;3;49,2301110000;0,9933420000;4;2;2;0;1;1;1;0;1;50;6;Blessé léger
202100028557;150 673;7;0;9;1;1;1;199 247;1;1;1;1;2004.0;0;1;12;7;2021;18;1;67;67471;2;2;1;3;48,6323130000;7,7485160000;4;2;2;0;1;1;1;0;5;40;0;Indemne
202100028557;150 673;7;0;9;1;1;1;199 248;2;2;1;1;1971.0;5;1;12;7;2021;18;1;67;67471;2;2;1;3;48,6323130000;7,7485160000;4;2;2;0;1;1;1;0;5;40;0;Indemne
202100028557;150 674;1;0;2;2;1;5;199 249;1;1;3;1;1952.0;5;0;12;7;2021;18;1;67;67471;2;2;1;3;48,6323130000;7,7485160000;4;2;2;0;1;1;1;0;5;40;0;Blessé hospitalisé
202100028571;150 649;1;0;2;1;1;5;199 198;1;1;3;1;2012.0;5;2;18;7;2021;15;1;38;38548;1;1;1;1;45,0684710000;5,5350490000;3;2;2;0;2;3;1;0;1;80;6;Blessé hospitalisé
202100028571;150 650;7;0;2;3;1;2;199 199;8;2;1;2;1986.0;5;1;18;7;2021;15;1;38;38548;1;1;1;1;45,0684710000;5,5350490000;3;2;2;0;2;3;1;0;1;80;6;Indemne
202100028571;150 650;7;0;2;3;1;2;199 200;1;1;1;1;1986.0;5;1;18;7;2021;15;1;38;38548;1;1;1;1;45,0684710000;5,5350490000;3;2;2;0;2;3;1;0;1;80;6;Indemne
202100028571;150 650;7;0;2;3;1;2;199 201;2;2;1;1;1958.0;5;1;18;7;2021;15;1;38;38548;1;1;1;1;45,0684710000;5,5350490000;3;2;2;0;2;3;1;0;1;80;6;Indemne
202100028576;150 639;1;0;2;8;26;5;199 186;1;1;3;2;2014.0;5;0;17;7;2021;19;1;33;33366;2;9;1;3;45,0012620000; -0,4299450000;3;2;2;0;1;1;1;0;1;50;5;Blessé hospitalisé
202100028576;150 640;7;0;9;1;1;1;199 187;1;1;1;1;1996.0;5;1;17;7;2021;19;1;33;33366;2;9;1;3;45,0012620000; -0,4299450000;3;2;2;0;1;1;1;0;1;50;5;Indemne
202100028598;150 597;10;0;9;3;1;1;199 125;1;1;1;1;1975.0;1;1;16;7;2021;04;3;75;75112;1;1;2;3;48,8215162124;2,4620640278;1;3;4;0;1;2;2;0;1;90;4;Indemne
202100028598;150 598;1;0;2;1;5;5;199 126;1;1;4;1;1993.0;5;2;16;7;2021;04;3;75;75112;1;1;2;3;48,8215162124;2,4620640278;1;3;4;0;1;2;2;0;1;90;4;Blessé léger
202100028626;150 546;1;0;2;2;9;5;199 064;1;1;4;2;1952.0;0;2;16;7;2021;11;1;64;64024;2;6;1;3;43,4932000000; -1,5278500000;4;1;2;1;1;1;1;5;1;50;4;Blessé léger
202100028626;150 547;7;0;2;6;9;1;199 065;1;1;1;1;1956.0;0;1;16;7;2021;11;1;64;64024;2;6;1;3;43,4932000000; -1,5278500000;4;1;2;1;1;1;1;5;1;50;4;Indemne
202100028631;150 535;7;0;2;1;1;1;199 051;1;1;1;1;1982.0;5;1;13;7;2021;10;1;57;57672;2;1;2;6;49,3521800000;6,1603300000;4;2;2;0;1;1;2;6;1;50;1;Indemne
202100028631;150 536;1;0;2;8;19;5;199 052;1;1;4;2;2001.0;5;8;13;7;2021;10;1;57;57672;2;1;2;6;49,3521800000;6,1603300000;4;2;2;0;1;1;2;6;1;50;1;Blessé léger
202100028632;150 533;7;0;2;3;16;1;199 049;1;1;1;2;1963.0;9;1;15;7;2021;10;1;56;56083;2;3;1;3;47,8032500000; -3,2667700000;3;2;2;0;1;1;1;0;1;30;3;Indemne
202100028632;150 534;1;0;2;1;1;5;199 050;1;1;4;1;1971.0;5;8;15;7;2021;10;1;56;56083;2;3;1;3;47,8032500000; -3,2667700000;3;2;2;0;1;1;1;0;1;30;3;Blessé léger
202100028659;150 488;1;0;2;5;1;5;198 994;1;1;3;1;1948.0;5;2;12;7;2021;10;1;26;26198;2;6;1;2;44,5457600000;4,7555500000;4;1;1;0;1;4;1;0;1;50;0;Blessé hospitalisé
202100028659;150 489;7;0;2;1;9;1;198 995;1;1;1;1;1942.0;9;1;12;7;2021;10;1;26;26198;2;6;1;2;44,5457600000;4,7555500000;4;1;1;0;1;4;1;0;1;50;0;Indemne
202100028683;150 450;7;0;2;1;1;3;198 946;1;1;1;2;1988.0;1;1;16;7;2021;19;1;75;75115;2;2;1;5;48,8426200000;2,3027050000;4;2;3;0;1;1;1;0;1;50;4;Indemne
202100028683;150 451;1;0;2;4;9;5;198 947;1;1;4;1;1996.0;5;8;16;7;2021;19;1;75;75115;2;2;1;5;48,8426200000;2,3027050000;4;2;3;0;1;1;1;0;1;50;4;Blessé léger
202100028683;150 452;7;0;2;1;1;1;198 948;1;1;1;1;1980.0;5;1;16;7;2021;19;1;75;75115;2;2;1;5;48,8426200000;2,3027050000;4;2;3;0;1;1;1;0;1;50;4;Indemne
202100028691;150 435;1;0;2;5;2;5;198 917;1;1;4;2;1996.0;9;8;16;7;2021;18;1;75;75108;2;4;1;2;48,8660060000;2,3191690000;4;2;8;3;1;1;1;0;1;50;4;Blessé léger
202100028691;150 436;7;0;2;5;23;1;198 918;1;1;1;1;1994.0;4;1;16;7;2021;18;1;75;75108;2;4;1;2;48,8660060000;2,3191690000;4;2;8;3;1;1;1;0;1;50;4;Indemne
202100028691;150 436;7;0;2;5;23;1;198 919;2;2;1;2;1998.0;9;1;16;7;2021;18;1;75;75108;2;4;1;2;48,8660060000;2,3191690000;4;2;8;3;1;1;1;0;1;50;4;Indemne
202100028696;150 425;7;0;2;1;15;1;198 905;1;1;1;1;1972.0;1;1;16;7;2021;16;1;94;94041;2;2;1;1;48,8136500000;2,3953900000;4;2;2;0;1;1;1;0;1;50;4;Indemne
202100028696;150 426;1;0;2;1;5;5;198 906;1;1;4;1;2005.0;5;8;16;7;2021;16;1;94;94041;2;2;1;1;48,8136500000;2,3953900000;4;2;2;0;1;1;1;0;1;50;4;Blessé léger
202100028740;150 353;7;0;2;2;17;1;198 809;1;1;1;1;1929.0;3;1;17;7;2021;09;1;18;18025;1;9;1;3;47,1030020000;3,0091170000;3;2;2;0;1;1;1;0;1;80;5;Indemne
202100028740;150 354;1;0;2;6;2;5;198 810;1;1;3;1;1952.0;5;2;17;7;2021;09;1;18;18025;1;9;1;3;47,1030020000;3,0091170000;3;2;2;0;1;1;1;0;1;80;5;Blessé hospitalisé
202100028745;150 344;1;0;9;9;2;5;198 791;1;1;1;1;1969.0;5;2;17;7;2021;11;1;85;85288;2;1;1;5;46,4640160000; -1,6908340000;4;2;2;0;1;1;1;0;1;50;5;Indemne
202100028745;150 345;1;0;9;8;2;5;198 792;1;1;4;1;1968.0;5;2;17;7;2021;11;1;85;85288;2;1;1;5;46,4640160000; -1,6908340000;4;2;2;0;1;1;1;0;1;50;5;Blessé léger
202100028745;150 346;1;0;9;7;2;5;198 793;1;1;3;1;1966.0;5;2;17;7;2021;11;1;85;85288;2;1;1;5;46,4640160000; -1,6908340000;4;2;2;0;1;1;1;0;1;50;5;Blessé hospitalisé
202100028762;150 312;1;0;0;1;16;0;198 738;1;1;2;1;1939.0;5;0;17;7;2021;12;1;91;91330;2;6;1;1;48,5270570000;2,2930460000;3;2;2;0;1;1;1;5;8;50;5;Tué
202100028762;150 313;7;0;0;1;0;1;198 739;1;1;1;1;1962.0;1;1;17;7;2021;12;1;91;91330;2;6;1;1;48,5270570000;2,2930460000;3;2;2;0;1;1;1;5;8;50;5;Indemne
202100028770;150 299;7;0;2;1;1;1;198 716;1;1;1;1;1959.0;5;1;16;7;2021;13;1;17;17228;2;2;1;3;45,6245580000; -0,9654020000;3;2;2;0;2;1;1;0;1;50;4;Indemne
202100028770;150 300;1;0;0;8;1;5;198 717;1;1;3;1;1959.0;5;2;16;7;2021;13;1;17;17228;2;2;1;3;45,6245580000; -0,9654020000;3;2;2;0;2;1;1;0;1;50;4;Blessé hospitalisé
202100028773;150 295;7;0;2;2;2;1;198 711;1;1;1;2;1982.0;3;1;16;7;2021;17;1;50;50616;1;1;1;2;48,6637430000; -1,3536890000;3;1;2;0;4;1;1;0;1;70;4;Indemne
202100028773;150 296;1;0;2;6;2;5;198 712;1;1;2;1;1954.0;5;0;16;7;2021;17;1;50;50616;1;1;1;2;48,6637430000; -1,3536890000;3;1;2;0;4;1;1;0;1;70;4;Tué
202100028793;150 250;80;0;2;1;1;3;198 654;1;1;3;1;1969.0;4;8;15;7;2021;21;2;69;69387;2;2;2;3;45,7561484528;4,8402759880;4;2;3;1;1;1;2;2;1;50;3;Blessé hospitalisé
202100028793;150 251;7;0;2;2;1;1;198 655;1;1;1;1;1994.0;0;1;15;7;2021;21;2;69;69387;2;2;2;3;45,7561484528;4,8402759880;4;2;3;1;1;1;2;2;1;50;3;Indemne
202100028810;150 223;1;12;0;0;1;5;198 622;1;1;2;1;1941.0;5;8;13;7;2021;10;1;74;74012;2;1;2;7;46,1888552095;6,2439879117;4;3;3;0;1;1;2;0;4;50;1;Tué
202100028816;150 211;1;0;2;1;18;5;198 607;1;1;4;1;1975.0;1;8;15;7;2021;08;1;64;64445;2;1;1;3;43,3008500000; -0,3694500000;4;1;2;1;1;1;1;0;1;30;3;Blessé léger
202100028816;150 212;7;0;2;7;2;1;198 608;1;1;1;1;1956.0;9;1;15;7;2021;08;1;64;64445;2;1;1;3;43,3008500000; -0,3694500000;4;1;2;1;1;1;1;0;1;30;3;Indemne
202100028830;150 190;1;0;1;1;1;5;198 576;10;3;4;2;1957.0;0;0;15;7;2021;15;1;35;35238;2;9;1;6;48,1073900000; -1,6803000000;4;3;1;2;1;1;1;0;8;50;3;Blessé léger
202100028830;150 190;1;0;1;1;1;5;198 577;1;1;1;2;1989.0;5;8;15;7;2021;15;1;35;35238;2;9;1;6;48,1073900000; -1,6803000000;4;3;1;2;1;1;1;0;8;50;3;Indemne
202100028851;150 147;1;0;2;3;19;5;198 520;1;1;3;1;1989.0;9;8;14;7;2021;22;5;75;75111;2;2;1;3;48,8535600000;2,3927130000;4;2;2;0;2;1;1;5;1;30;2;Blessé hospitalisé
202100028851;150 148;33;0;2;1;1;1;198 521;1;1;3;1;1996.0;4;2;14;7;2021;22;5;75;75111;2;2;1;3;48,8535600000;2,3927130000;4;2;2;0;2;1;1;5;1;30;2;Blessé hospitalisé
202100028856;150 138;7;0;2;2;16;2;198 510;1;1;1;2;1981.0;4;1;15;7;2021;16;1;75;75115;2;3;1;3;48,8339440000;2,2853610000;4;3;3;1;2;1;1;0;5;50;3;Indemne
202100028856;150 139;1;0;2;8;1;5;198 511;1;1;4;2;1968.0;1;2;15;7;2021;16;1;75;75115;2;3;1;3;48,8339440000;2,2853610000;4;3;3;1;2;1;1;0;5;50;3;Blessé léger
202100028858;150 134;80;0;2;1;19;3;198 505;1;1;1;2;1969.0;1;2;15;7;2021;19;1;75;75115;2;2;1;3;48,8491910000;2,2818830000;4;2;4;0;1;1;1;0;1;50;3;Indemne
202100028858;150 135;33;0;2;2;1;1;198 506;1;1;4;1;1976.0;9;2;15;7;2021;19;1;75;75115;2;2;1;3;48,8491910000;2,2818830000;4;2;4;0;1;1;1;0;1;50;3;Blessé léger
202100028859;150 133;80;0;1;8;1;3;198 503;10;3;4;2;1990.0;3;0;15;7;2021;19;1;75;75113;2;1;1;6;48,8369260000;2,3742060000;4;2;5;1;1;1;1;0;5;50;3;Blessé léger
202100028859;150 133;80;0;1;8;1;3;198 504;1;1;1;1;1986.0;1;2;15;7;2021;19;1;75;75113;2;1;1;6;48,8369260000;2,3742060000;4;2;5;1;1;1;1;0;5;50;3;Indemne
202100028860;150 131;7;0;2;3;1;1;198 501;1;1;1;1;1965.0;4;1;15;7;2021;16;1;75;75113;2;2;1;3;48,8373430000;2,3738620000;4;2;5;1;1;1;1;0;5;50;3;Indemne
202100028860;150 132;80;0;2;2;1;3;198 502;1;1;4;1;1996.0;5;2;15;7;2021;16;1;75;75113;2;2;1;3;48,8373430000;2,3738620000;4;2;5;1;1;1;1;0;5;50;3;Blessé léger
202100028863;150 126;1;0;2;2;1;5;198 495;1;1;4;1;2001.0;9;2;15;7;2021;02;5;75;75103;2;2;1;3;48,8637210000;2,3611020000;4;1;2;0;1;1;1;0;1;50;3;Blessé léger
202100028863;150 127;7;0;2;2;1;1;198 496;1;1;1;1;1991.0;9;1;15;7;2021;02;5;75;75103;2;2;1;3;48,8637210000;2,3611020000;4;1;2;0;1;1;1;0;1;50;3;Indemne
202100028867;150 120;34;0;9;1;1;1;198 487;1;1;4;1;1992.0;0;2;15;7;2021;20;1;94;94041;2;1;1;3;48,8093400000;2,4079600000;3;2;2;0;1;1;1;0;1;50;3;Blessé léger
202100028867;150 121;1;8;0;8;9;5;198 488;1;1;4;2;1970.0;5;8;15;7;2021;20;1;94;94041;2;1;1;3;48,8093400000;2,4079600000;3;2;2;0;1;1;1;0;1;50;3;Blessé léger
202100028872;150 113;1;0;2;3;25;5;198 479;1;1;4;2;1985.0;1;8;15;7;2021;21;1;93;93066;2;3;1;3;48,9476190000;2,3598090000;4;2;4;0;1;1;1;9;4;50;3;Blessé léger
202100028872;150 114;7;0;2;2;26;1;198 480;1;1;1;2;2001.0;5;1;15;7;2021;21;1;93;93066;2;3;1;3;48,9476190000;2,3598090000;4;2;4;0;1;1;1;9;4;50;3;Indemne
202100028875;150 108;1;0;2;0;0;5;198 474;1;1;4;1;1975.0;1;8;15;7;2021;11;1;93;93055;2;1;1;6;48,8959318296;2,4053959405;4;2;1;3;1;1;1;6;6;20;3;Blessé léger
202100028875;150 109;50;0;2;1;26;3;198 475;1;1;1;1;1983.0;1;8;15;7;2021;11;1;93;93055;2;1;1;6;48,8959318296;2,4053959405;4;2;1;3;1;1;1;6;6;20;3;Indemne
202100028876;150 106;1;0;2;8;1;0;198 472;1;1;4;1;1978.0;0;8;15;7;2021;21;1;93;93008;2;1;1;3;48,9082800000;2,4522400000;3;1;3;2;1;1;1;0;1;50;3;Blessé léger
202100028876;150 107;7;0;2;7;1;0;198 473;1;1;1;2;1998.0;0;1;15;7;2021;21;1;93;93008;2;1;1;3;48,9082800000;2,4522400000;3;1;3;2;1;1;1;0;1;50;3;Indemne
202100028915;150 043;1;0;2;1;5;5;198 386;1;1;3;2;2006.0;5;2;15;7;2021;10;1;38;38350;1;1;2;1;45,2420650000;5,9092070000;3;2;2;0;2;1;2;0;1;50;3;Blessé hospitalisé
202100028915;150 044;7;0;9;3;1;1;198 387;1;1;1;1;1976.0;4;1;15;7;2021;10;1;38;38350;1;1;2;1;45,2420650000;5,9092070000;3;2;2;0;2;1;2;0;1;50;3;Indemne
202100028929;150 021;1;0;2;1;13;5;198 356;1;1;3;1;1987.0;9;0;6;7;2021;13;1;78;78380;2;1;1;1;48,9077030000;1,8497960000;3;2;2;0;2;1;1;0;1;50;1;Blessé hospitalisé
202100028929;150 022;7;0;9;3;1;1;198 357;1;1;1;2;1980.0;4;1;6;7;2021;13;1;78;78380;2;1;1;1;48,9077030000;1,8497960000;3;2;2;0;2;1;1;0;1;50;1;Indemne
202100028931;150 018;1;0;2;7;15;5;198 353;1;1;3;1;1995.0;5;2;10;7;2021;19;1;84;84049;1;1;1;3;44,1637700000;4,9744140000;3;2;2;0;2;1;1;0;1;80;5;Blessé hospitalisé
202100028931;150 019;7;0;2;2;1;1;198 354;1;1;1;1;1998.0;5;1;10;7;2021;19;1;84;84049;1;1;1;3;44,1637700000;4,9744140000;3;2;2;0;2;1;1;0;1;80;5;Indemne
202100028972;149 942;80;16;0;0;19;3;198 249;1;1;4;2;1964.0;5;2;14;7;2021;17;1;33;33009;2;1;1;7;44,6416700000; -1,2016800000;3;2;2;1;1;1;1;0;1;30;2;Blessé léger
202100028974;149 938;1;0;0;0;0;5;198 244;1;1;4;1;1989.0;5;0;14;7;2021;19;1;14;14118;2;2;1;3;49,1852900000; -0,3450500000;4;2;2;2;4;1;1;0;1;50;2;Blessé léger
202100028974;149 939;7;0;2;1;1;1;198 245;1;1;1;1;1966.0;5;1;14;7;2021;19;1;14;14118;2;2;1;3;49,1852900000; -0,3450500000;4;2;2;2;4;1;1;0;1;50;2;Indemne
202100028985;149 914;1;0;2;1;1;5;198 211;1;1;4;2;1992.0;9;8;14;7;2021;17;1;75;75118;2;4;1;3;48,8907060000;2,3455180000;4;1;1;0;1;1;1;0;1;30;2;Blessé léger
202100028985;149 915;7;0;2;3;22;1;198 212;1;1;1;2;1980.0;9;1;14;7;2021;17;1;75;75118;2;4;1;3;48,8907060000;2,3455180000;4;1;1;0;1;1;1;0;1;30;2;Indemne
202100028990;149 907;1;0;2;1;1;5;198 202;1;1;4;1;1965.0;9;8;14;7;2021;18;1;75;75109;2;2;1;1;48,8758170000;2,3437160000;4;2;1;1;1;1;1;0;5;50;2;Blessé léger
202100028990;149 908;1;0;2;1;15;5;198 203;1;1;1;1;2000.0;5;8;14;7;2021;18;1;75;75109;2;2;1;1;48,8758170000;2,3437160000;4;2;1;1;1;1;1;0;5;50;2;Indemne
202100029014;149 868;1;0;2;1;1;5;198 149;1;1;4;1;1976.0;5;2;15;7;2021;11;1;56;56239;1;3;1;3;47,6842060000; -2,1379830000;3;2;2;0;1;3;1;5;1;80;3;Blessé léger
202100029014;149 869;10;0;2;2;15;1;198 150;1;1;1;1;1969.0;0;1;15;7;2021;11;1;56;56239;1;3;1;3;47,6842060000; -2,1379830000;3;2;2;0;1;3;1;5;1;80;3;Indemne
202100029023;149 852;7;0;2;2;2;1;198 130;1;1;1;1;2002.0;5;1;14;7;2021;10;1;61;61179;1;1;1;2;48,7247180000; -0,2610110000;3;2;2;0;1;1;1;0;1;90;2;Indemne
202100029023;149 853;1;0;2;9;2;5;198 131;1;1;2;1;1948.0;5;2;14;7;2021;10;1;61;61179;1;1;1;2;48,7247180000; -0,2610110000;3;2;2;0;1;1;1;0;1;90;2;Tué
202100029024;149 851;1;0;0;9;1;5;198 129;1;1;4;1;2003.0;5;0;14;7;2021;21;5;68;68082;2;1;3;7;47,8602970000;7,3437700000;3;2;2;0;1;1;3;0;1;50;2;Blessé léger
202100029025;149 849;1;0;2;1;2;5;198 127;1;1;3;1;1972.0;5;2;14;7;2021;16;1;44;44069;2;1;1;1;47,3700110000; -2,3843120000;3;2;2;0;1;3;1;0;1;50;2;Blessé hospitalisé
202100029025;149 850;21;0;0;4;1;1;198 128;1;1;1;1;1974.0;4;1;14;7;2021;16;1;44;44069;2;1;1;1;47,3700110000; -2,3843120000;3;2;2;0;1;3;1;0;1;50;2;Indemne
202100029026;149 847;10;0;2;8;1;1;198 125;1;1;1;1;1960.0;5;1;14;7;2021;21;1;29;29030;1;2;1;3;48,6844855527; -4,0965834260;4;2;1;0;1;1;1;0;1;80;2;Indemne
202100029026;149 848;1;0;2;1;16;5;198 126;1;1;3;1;1970.0;5;0;14;7;2021;21;1;29;29030;1;2;1;3;48,6844855527; -4,0965834260;4;2;1;0;1;1;1;0;1;80;2;Blessé hospitalisé
202100029038;149 829;7;0;2;1;19;1;198 099;1;1;1;2;1970.0;0;8;15;7;2021;19;1;17;17323;2;2;1;3;46,0348110000; -1,3748360000;4;1;1;2;1;1;1;0;1;50;3;Indemne
202100029038;149 829;7;0;2;1;19;1;198 100;9;2;1;1;2010.0;0;8;15;7;2021;19;1;17;17323;2;2;1;3;46,0348110000; -1,3748360000;4;1;1;2;1;1;1;0;1;50;3;Indemne
202100029038;149 829;7;0;2;1;19;1;198 101;7;2;1;1;2006.0;0;8;15;7;2021;19;1;17;17323;2;2;1;3;46,0348110000; -1,3748360000;4;1;1;2;1;1;1;0;1;50;3;Indemne
202100029038;149 830;1;0;2;8;1;5;198 102;1;1;4;1;1998.0;0;2;15;7;2021;19;1;17;17323;2;2;1;3;46,0348110000; -1,3748360000;4;1;1;2;1;1;1;0;1;50;3;Blessé léger
202100029072;149 781;7;0;2;2;1;1;198 035;1;1;1;1;2001.0;2;1;31;3;2021;17;1;01;01344;2;1;1;2;46,2003700000;5,1953100000;3;2;1;0;2;1;1;0;1;50;2;Indemne
202100029072;149 781;7;0;2;2;1;1;198 036;2;2;1;1;2001.0;2;1;31;3;2021;17;1;01;01344;2;1;1;2;46,2003700000;5,1953100000;3;2;1;0;2;1;1;0;1;50;2;Indemne
202100029072;149 782;1;0;2;4;0;0;198 037;1;1;4;1;1993.0;1;8;31;3;2021;17;1;01;01344;2;1;1;2;46,2003700000;5,1953100000;3;2;1;0;2;1;1;0;1;50;2;Blessé léger
202100029081;149 765;7;0;2;2;9;1;198 014;1;1;1;2;1972.0;1;1;3;7;2021;10;1;88;88415;1;1;1;3;48,0487600000;6,5975300000;3;2;2;0;1;1;1;0;1;80;5;Indemne
202100029081;149 766;1;0;2;2;1;5;198 015;1;1;4;2;1969.0;0;2;3;7;2021;10;1;88;88415;1;1;1;3;48,0487600000;6,5975300000;3;2;2;0;1;1;1;0;1;80;5;Blessé léger
202100029102;149 730;1;0;2;0;0;5;197 962;1;1;4;1;1971.0;1;2;13;7;2021;13;1;69;69264;2;3;1;3;45,9849600000;4,7316700000;3;1;4;1;1;1;1;0;1;50;1;Blessé léger
202100029102;149 731;7;0;9;3;16;1;197 963;1;1;1;2;1993.0;1;1;13;7;2021;13;1;69;69264;2;3;1;3;45,9849600000;4,7316700000;3;1;4;1;1;1;1;0;1;50;1;Indemne
202100029105;149 725;1;0;2;2;19;5;197 956;1;1;3;1;1996.0;1;8;10;7;2021;18;1;67;67482;2;1;1;3;48,5969400000;7,7419700000;4;3;2;2;1;1;1;2;1;50;5;Blessé hospitalisé
202100029105;149 726;7;0;2;1;1;1;197 957;1;1;1;1;1991.0;0;1;10;7;2021;18;1;67;67482;2;1;1;3;48,5969400000;7,7419700000;4;3;2;2;1;1;1;2;1;50;5;Indemne
202100029133;149 677;3;0;2;3;1;1;197 885;1;1;1;1;1969.0;9;8;11;7;2021;19;1;34;34032;2;2;1;3;43,3453900000;3,2387300000;4;1;2;0;1;1;1;5;1;50;6;Indemne
202100029133;149 678;1;0;2;8;19;5;197 886;1;1;4;1;2005.0;9;8;11;7;2021;19;1;34;34032;2;2;1;3;43,3453900000;3,2387300000;4;1;2;0;1;1;1;5;1;50;6;Blessé léger
202100029161;149 622;1;0;1;1;1;5;197 820;10;3;4;2;1997.0;1;0;13;7;2021;17;1;75;75111;2;7;3;6;48,8482450000;2,3975120000;4;3;3;1;1;1;2;0;5;30;1;Blessé léger
202100029161;149 622;1;0;1;1;1;5;197 821;1;1;1;1;1999.0;9;2;13;7;2021;17;1;75;75111;2;7;3;6;48,8482450000;2,3975120000;4;3;3;1;1;1;2;0;5;30;1;Indemne
202100029179;149 593;7;0;2;3;0;1;197 779;1;1;1;2;1991.0;0;1;13;7;2021;13;1;92;92026;2;1;3;3;48,8903452139;2,2535356879;3;1;2;0;2;2;2;0;1;50;1;Indemne
202100029179;149 594;1;0;2;3;15;0;197 780;1;1;3;2;1971.0;9;8;13;7;2021;13;1;92;92026;2;1;3;3;48,8903452139;2,2535356879;3;1;2;0;2;2;2;0;1;50;1;Blessé hospitalisé
202100029270;149 442;7;0;2;4;26;1;197 561;1;1;1;2;1989.0;0;1;11;7;2021;13;1;971;97113;1;1;1;5;16,2174600000; -61,4923100000;2;2;3;0;1;1;1;0;1;70;6;Indemne