Num_Acc;id_vehicule;catv;obs;obsm;choc;manv;motor;id_usager;place;catu;grav;sexe;an_nais;trajet;secu1;jour;mois;an;hrmn;lum;dep;com;agg;int;atm;col;lat;long;catr;circ;nbv;vosp;prof;plan;surf;infra;situ;vma;day_of_week;gravity
202100030056;148 059;1;0;2;8;1;5;195 636;1;1;2;1;1955.0;5;2;8;7;2021;10;1;83;83072;1;1;1;5;43,4757190000;6,3750690000;3;2;2;0;1;1;1;0;1;80;3;Tué
202100030056;148 060;7;0;9;1;13;1;195 637;1;1;1;1;1991.0;1;8;8;7;2021;10;1;83;83072;1;1;1;5;43,4757190000;6,3750690000;3;2;2;0;1;1;1;0;1;80;3;Indemne
202100030062;148 049;1;0;5;1;0;5;195 626;1;1;4;1;1960.0;5;2;8;7;2021;12;1;28;28104;2;1;1;6;48,4849510000;1,5913920000;3;2;2;0;1;1;1;0;1;50;3;Blessé léger
202100030065;148 043;10;0;2;7;17;1;195 618;1;1;1;1;1999.0;4;1;8;7;2021;15;1;35;35024;1;1;1;3;48,1598940000; -1,6250860000;3;2;2;0;1;1;1;0;1;70;3;Indemne
202100030065;148 044;1;0;2;8;1;5;195 619;1;1;3;1;1955.0;5;2;8;7;2021;15;1;35;35024;1;1;1;3;48,1598940000; -1,6250860000;3;2;2;0;1;1;1;0;1;70;3;Blessé hospitalisé
202100030069;148 037;1;0;0;0;1;0;195 612;1;1;3;1;1965.0;0;0;9;7;2021;14;1;80;80186;1;1;1;7;49,8123460000;2,8232720000;3;2;2;0;2;1;1;0;1;80;4;Blessé hospitalisé
202100030079;148 018;7;0;9;3;1;0;195 587;1;1;1;2;1969.0;5;1;8;7;2021;09;1;84;84017;1;1;1;6;44,1354150000;5,1666310000;3;2;2;0;2;2;1;0;1;80;3;Indemne
202100030079;148 019;1;0;2;3;1;5;195 588;1;1;4;1;1970.0;5;0;8;7;2021;09;1;84;84017;1;1;1;6;44,1354150000;5,1666310000;3;2;2;0;2;2;1;0;1;80;3;Blessé léger
202100030079;148 020;1;0;9;1;1;5;195 589;1;1;4;1;1995.0;5;0;8;7;2021;09;1;84;84017;1;1;1;6;44,1354150000;5,1666310000;3;2;2;0;2;2;1;0;1;80;3;Blessé léger
202100030087;147 999;1;0;2;1;0;5;195 562;1;1;3;2;1963.0;5;2;7;7;2021;12;1;07;07204;2;3;8;1;45,0169250000;4,4027920000;3;2;2;0;2;2;1;5;1;70;2;Blessé hospitalisé
202100030087;148 000;7;0;9;1;15;1;195 563;1;1;1;2;1955.0;0;1;7;7;2021;12;1;07;07204;2;3;8;1;45,0169250000;4,4027920000;3;2;2;0;2;2;1;5;1;70;2;Indemne
202100030090;147 994;1;0;0;8;1;5;195 556;1;1;3;1;1957.0;5;2;8;7;2021;09;1;04;04006;2;1;1;3;44,2911220000;6,5693870000;3;2;2;0;1;2;1;0;1;50;3;Blessé hospitalisé
202100030090;147 995;10;0;9;1;15;1;195 557;1;1;1;1;1958.0;1;1;8;7;2021;09;1;04;04006;2;1;1;3;44,2911220000;6,5693870000;3;2;2;0;1;2;1;0;1;50;3;Indemne
202100030113;147 951;80;0;2;7;0;3;195 493;1;1;4;1;1961.0;1;8;9;7;2021;11;1;01;01249;2;3;1;3;45,8710630000;4,9231250000;3;2;2;0;1;1;1;0;1;50;4;Blessé léger
202100030113;147 952;10;0;9;1;0;1;195 494;1;1;1;1;1993.0;4;8;9;7;2021;11;1;01;01249;2;3;1;3;45,8710630000;4,9231250000;3;2;2;0;1;1;1;0;1;50;4;Indemne
202100030149;147 881;3;0;9;1;1;1;195 406;1;1;1;2;2005.0;5;1;7;7;2021;10;1;69;69386;2;1;1;3;45,7718900000;4,8487400000;4;1;1;2;1;1;1;0;1;30;2;Indemne
202100030149;147 882;1;0;2;8;1;0;195 407;1;1;4;2;1990.0;5;0;7;7;2021;10;1;69;69386;2;1;1;3;45,7718900000;4,8487400000;4;1;1;2;1;1;1;0;1;30;2;Blessé léger
202100030155;147 866;7;0;2;7;1;1;195 382;1;1;1;1;1994.0;0;1;5;7;2021;19;1;83;83069;2;2;1;3;43,1175900000;6,1286100000;4;2;2;0;1;1;1;5;1;50;0;Indemne
202100030155;147 867;1;0;2;1;1;5;195 383;2;2;4;1;2007.0;0;8;5;7;2021;19;1;83;83069;2;2;1;3;43,1175900000;6,1286100000;4;2;2;0;1;1;1;5;1;50;0;Blessé léger
202100030155;147 867;1;0;2;1;1;5;195 384;1;1;4;1;2007.0;5;8;5;7;2021;19;1;83;83069;2;2;1;3;43,1175900000;6,1286100000;4;2;2;0;1;1;1;5;1;50;0;Blessé léger
202100030157;147 862;7;0;2;7;16;1;195 378;1;1;1;2;1990.0;0;1;5;7;2021;16;1;80;80021;2;1;1;3;49,8986400000;2,3119800000;4;2;2;0;4;1;1;0;1;50;0;Indemne
202100030157;147 863;1;0;2;1;1;5;195 379;1;1;4;1;1978.0;0;2;5;7;2021;16;1;80;80021;2;1;1;3;49,8986400000;2,3119800000;4;2;2;0;4;1;1;0;1;50;0;Blessé léger
202100030164;147 849;7;1;2;1;1;1;195 360;1;1;1;1;1962.0;1;1;7;7;2021;16;1;69;69275;2;2;1;3;45,7639674833;4,9559803865;4;2;2;1;1;1;1;0;1;50;2;Indemne
202100030164;147 850;1;0;2;0;19;0;195 361;1;1;4;1;2007.0;5;8;7;7;2021;16;1;69;69275;2;2;1;3;45,7639674833;4,9559803865;4;2;2;1;1;1;1;0;1;50;2;Blessé léger
202100030167;147 844;30;0;2;1;1;3;195 354;1;1;4;1;1999.0;4;2;6;7;2021;19;1;67;67043;2;1;2;3;48,6129920000;7,7649140000;7;2;4;1;1;1;2;0;1;50;1;Blessé léger
202100030167;147 845;1;0;2;2;19;5;195 355;1;1;4;1;1995.0;0;8;6;7;2021;19;1;67;67043;2;1;2;3;48,6129920000;7,7649140000;7;2;4;1;1;1;2;0;1;50;1;Blessé léger
202100030181;147 821;1;0;2;0;9;5;195 326;1;1;4;1;1997.0;1;8;6;7;2021;16;1;49;49007;2;1;1;6;47,4641400000; -0,5648000000;4;2;1;1;1;1;1;0;1;50;1;Blessé léger
202100030185;147 814;7;0;2;3;16;1;195 319;1;1;1;1;1979.0;4;1;6;7;2021;16;1;37;37261;2;3;1;6;47,3717169964;0,6777070463;4;3;4;2;1;1;1;0;1;50;1;Indemne
202100030185;147 815;1;0;2;3;1;5;195 320;1;1;4;1;1953.0;5;8;6;7;2021;16;1;37;37261;2;3;1;6;47,3717169964;0,6777070463;4;3;4;2;1;1;1;0;1;50;1;Blessé léger
202100030202;147 782;7;0;2;1;9;3;195 279;1;1;1;1;1945.0;5;1;7;7;2021;11;1;13;13039;2;1;1;3;43,4505000000;4,9390900000;4;2;2;0;1;2;1;0;1;50;2;Indemne
202100030202;147 783;1;0;2;7;1;5;195 280;1;1;4;1;1982.0;5;8;7;7;2021;11;1;13;13039;2;1;1;3;43,4505000000;4,9390900000;4;2;2;0;1;2;1;0;1;50;2;Blessé léger
202100030230;147 728;1;0;1;1;5;5;195 209;10;3;4;1;1963.0;3;8;6;7;2021;16;1;75;75113;2;3;1;6;48,8343640000;2,3535560000;4;1;4;0;2;1;1;0;1;50;1;Blessé léger
202100030230;147 728;1;0;1;1;5;5;195 210;1;1;4;1;1996.0;5;8;6;7;2021;16;1;75;75113;2;3;1;6;48,8343640000;2,3535560000;4;1;4;0;2;1;1;0;1;50;1;Blessé léger
202100030233;147 722;7;0;2;7;9;1;195 201;1;1;1;1;1999.0;5;1;7;7;2021;20;2;75;75111;2;1;1;3;48,8669650000;2,3683800000;4;3;2;0;1;1;1;0;1;30;2;Indemne
202100030233;147 723;1;0;2;1;1;5;195 202;1;1;4;1;2001.0;5;2;7;7;2021;20;2;75;75111;2;1;1;3;48,8669650000;2,3683800000;4;3;2;0;1;1;1;0;1;30;2;Blessé léger
202100030234;147 720;1;0;2;1;13;5;195 199;1;1;4;2;1952.0;5;2;7;7;2021;10;1;75;75111;2;1;1;3;48,8567900000;2,3810230000;4;2;2;1;1;1;1;0;5;30;2;Blessé léger
202100030234;147 721;10;0;2;5;22;1;195 200;1;1;1;1;1989.0;4;1;7;7;2021;10;1;75;75111;2;1;1;3;48,8567900000;2,3810230000;4;2;2;1;1;1;1;0;5;30;2;Indemne
202100030235;147 718;7;0;2;2;2;1;195 197;1;1;1;1;1999.0;5;1;7;7;2021;19;1;75;75109;2;2;1;2;48,8787610000;2,3453200000;4;2;2;0;1;1;1;0;1;30;2;Indemne
202100030235;147 719;1;0;2;4;23;5;195 198;1;1;4;2;1988.0;9;2;7;7;2021;19;1;75;75109;2;2;1;2;48,8787610000;2,3453200000;4;2;2;0;1;1;1;0;1;30;2;Blessé léger
202100030239;147 711;1;0;0;7;7;5;195 190;1;1;4;1;1982.0;1;2;7;7;2021;19;1;75;75104;2;2;1;7;48,8583640000;2,3519370000;4;1;3;3;1;1;1;0;6;50;2;Blessé léger
202100030240;147 709;1;0;2;2;7;5;195 188;1;1;4;1;1984.0;9;8;6;7;2021;15;1;75;75102;2;3;1;3;48,8701180000;2,3290780000;4;2;0;3;1;1;1;0;6;30;1;Blessé léger
202100030240;147 710;10;0;2;3;22;1;195 189;1;1;1;1;1977.0;4;1;6;7;2021;15;1;75;75102;2;3;1;3;48,8701180000;2,3290780000;4;2;0;3;1;1;1;0;6;30;1;Indemne
202100030251;147 692;30;0;2;1;2;1;195 163;1;1;4;1;2000.0;4;2;7;7;2021;18;1;92;92040;2;1;1;2;48,8302894309;2,2802786529;4;1;1;1;1;1;9;0;1;30;2;Blessé léger
202100030251;147 693;1;0;2;4;1;5;195 164;1;1;1;1;1991.0;0;8;7;7;2021;18;1;92;92040;2;1;1;2;48,8302894309;2,2802786529;4;1;1;1;1;1;9;0;1;30;2;Indemne
202100030259;147 677;7;0;9;3;13;1;195 145;1;1;1;1;1980.0;1;1;7;7;2021;19;5;974;97422;2;1;1;1; -21,2658670000;55,5247680000;2;2;2;0;2;1;1;0;1;50;2;Indemne
202100030259;147 678;1;0;2;1;1;5;195 146;1;1;3;1;1974.0;0;0;7;7;2021;19;5;974;97422;2;1;1;1; -21,2658670000;55,5247680000;2;2;2;0;2;1;1;0;1;50;2;Blessé hospitalisé
202100030285;147 634;80;12;0;0;0;3;195 081;1;1;4;1;1982.0;5;0;7;7;2021;21;2;60;60068;2;1;1;7;49,3051050000;2,8060470000;4;2;2;0;2;1;1;0;1;50;2;Blessé léger
202100030300;147 605;1;0;2;1;19;5;195 037;1;1;3;1;2013.0;0;0;7;7;2021;17;1;55;55517;2;1;7;3;48,9778790000;5,0592360000;3;2;2;0;1;1;1;0;1;50;2;Blessé hospitalisé
202100030300;147 606;10;0;2;2;1;1;195 038;1;1;1;1;1978.0;0;1;7;7;2021;17;1;55;55517;2;1;7;3;48,9778790000;5,0592360000;3;2;2;0;1;1;1;0;1;50;2;Indemne
202100030304;147 597;7;0;2;2;17;1;195 029;1;1;1;1;1944.0;5;1;29;6;2021;20;1;31;31291;2;1;1;2;43,5993050000;1,2304690000;3;2;2;0;1;1;1;0;1;50;1;Indemne
202100030304;147 598;1;0;2;4;1;5;195 030;1;1;4;1;1983.0;5;2;29;6;2021;20;1;31;31291;2;1;1;2;43,5993050000;1,2304690000;3;2;2;0;1;1;1;0;1;50;1;Blessé léger
202100030322;147 563;1;0;2;4;2;0;194 973;1;1;4;1;1986.0;0;8;6;7;2021;10;1;974;97407;1;1;1;2; -20,9530100000;55,3245700000;4;2;2;1;2;1;1;0;5;70;1;Blessé léger
202100030322;147 564;7;0;2;3;1;1;194 974;1;1;1;1;1998.0;0;1;6;7;2021;10;1;974;97407;1;1;1;2; -20,9530100000;55,3245700000;4;2;2;1;2;1;1;0;5;70;1;Indemne
202100030345;147 519;10;0;9;1;21;6;194 918;1;1;1;1;1965.0;0;8;6;7;2021;16;1;78;78224;2;9;1;1;48,8631100000;2,0678700000;3;2;2;0;2;3;1;9;1;30;1;Indemne
202100030345;147 520;1;0;2;1;1;0;194 919;1;1;3;1;1970.0;0;2;6;7;2021;16;1;78;78224;2;9;1;1;48,8631100000;2,0678700000;3;2;2;0;2;3;1;9;1;30;1;Blessé hospitalisé
202100030361;147 492;80;0;2;7;1;3;194 880;1;1;4;1;2004.0;0;8;5;7;2021;20;1;58;58194;2;6;8;1;46,9870700000;3,1615500000;3;1;1;0;1;2;1;0;1;50;0;Blessé léger
202100030361;147 493;7;0;2;3;9;1;194 881;1;1;1;1;1960.0;0;1;5;7;2021;20;1;58;58194;2;6;8;1;46,9870700000;3,1615500000;3;1;1;0;1;2;1;0;1;50;0;Indemne
202100030368;147 480;1;0;0;0;1;5;194 862;1;1;3;1;1982.0;9;2;6;7;2021;15;1;44;44109;2;1;1;3;47,2103400000; -1,5630300000;7;1;1;1;1;1;1;0;1;30;1;Blessé hospitalisé
202100030368;147 481;7;0;2;7;14;1;194 863;1;1;1;1;1993.0;9;1;6;7;2021;15;1;44;44109;2;1;1;3;47,2103400000; -1,5630300000;7;1;1;1;1;1;1;0;1;30;1;Indemne
202100030371;147 476;80;0;0;8;16;3;194 856;1;1;4;2;1962.0;5;8;5;7;2021;18;1;37;37261;2;3;1;7;47,4186289527;0,6916129589;4;2;2;1;1;1;1;0;5;50;0;Blessé léger
202100030378;147 463;7;0;2;3;15;1;194 838;1;1;1;1;1943.0;5;1;6;7;2021;08;1;33;33065;2;4;2;1;44,8205900000; -0,5120800000;4;2;2;0;4;1;2;5;1;50;1;Indemne
202100030378;147 464;80;0;2;1;1;3;194 839;1;1;4;2;1986.0;1;2;6;7;2021;08;1;33;33065;2;4;2;1;44,8205900000; -0,5120800000;4;2;2;0;4;1;2;5;1;50;1;Blessé léger
202100030386;147 451;1;0;2;7;1;5;194 814;2;2;4;2;2019.0;2;2;21;6;2021;09;1;22;22278;2;6;1;3;48,5120083122; -2,7574465809;4;2;2;2;1;1;1;0;5;50;0;Blessé léger
202100030386;147 451;1;0;2;7;1;5;194 815;1;1;4;1;1989.0;2;2;21;6;2021;09;1;22;22278;2;6;1;3;48,5120083122; -2,7574465809;4;2;2;2;1;1;1;0;5;50;0;Blessé léger
202100030386;147 452;7;0;2;1;1;1;194 816;1;1;1;1;1965.0;4;1;21;6;2021;09;1;22;22278;2;6;1;3;48,5120083122; -2,7574465809;4;2;2;2;1;1;1;0;5;50;0;Indemne
202100030395;147 436;1;0;0;8;1;5;194 798;1;1;3;1;1961.0;5;0;5;7;2021;14;1;12;12305;1;1;1;7;44,5487700000;2,2177400000;3;2;2;0;1;1;1;0;3;70;0;Blessé hospitalisé
202100030411;147 409;1;12;0;0;12;5;194 766;1;1;4;1;1969.0;9;2;6;7;2021;19;1;75;75115;2;3;1;6;48,8352940000;2,2809570000;4;1;1;0;1;1;1;0;5;50;1;Blessé léger
202100030413;147 405;7;0;2;5;15;1;194 762;1;1;1;1;1964.0;1;1;6;7;2021;17;1;75;75113;2;2;1;3;48,8349600000;2,3449920000;4;3;2;1;1;1;1;0;5;50;1;Indemne
202100030413;147 406;1;0;2;5;1;5;194 763;1;1;4;1;1989.0;9;8;6;7;2021;17;1;75;75113;2;2;1;3;48,8349600000;2,3449920000;4;3;2;1;1;1;1;0;5;50;1;Blessé léger
202100030415;147 401;10;0;0;0;15;1;194 757;1;1;1;1;1957.0;4;1;6;7;2021;08;1;75;75113;2;4;1;7;48,8387580000;2,3609230000;4;3;5;0;2;1;1;0;1;50;1;Indemne
202100030415;147 402;1;0;2;0;1;5;194 758;1;1;4;1;2000.0;9;8;6;7;2021;08;1;75;75113;2;4;1;7;48,8387580000;2,3609230000;4;3;5;0;2;1;1;0;1;50;1;Blessé léger
202100030422;147 391;80;0;2;7;15;3;194 743;1;1;4;1;1997.0;4;8;6;7;2021;10;1;75;75101;2;7;8;3;48,8624090000;2,3362620000;4;1;4;2;1;1;1;0;6;50;1;Blessé léger
202100030422;147 392;43;0;2;1;7;1;194 744;1;1;1;1;1985.0;4;2;6;7;2021;10;1;75;75101;2;7;8;3;48,8624090000;2,3362620000;4;1;4;2;1;1;1;0;6;50;1;Indemne
202100030428;147 382;1;0;0;1;1;5;194 729;1;1;4;1;1978.0;9;2;6;7;2021;19;1;94;94016;2;2;1;7;48,7956100000;2,3270300000;4;2;2;0;2;1;1;0;1;50;1;Blessé léger
202100030460;147 325;1;0;9;0;0;5;194 653;1;1;3;1;1978.0;5;2;6;7;2021;18;1;32;32083;1;1;1;3;43,8105460000;0,4272970000;3;2;2;0;1;1;1;0;1;80;1;Blessé hospitalisé
202100030460;147 326;1;0;9;0;0;5;194 654;1;1;1;1;1974.0;9;2;6;7;2021;18;1;32;32083;1;1;1;3;43,8105460000;0,4272970000;3;2;2;0;1;1;1;0;1;80;1;Indemne
202100030468;147 308;7;0;9;1;2;1;194 634;1;1;1;2;1961.0;5;1;27;6;2021;23;3;72;72143;1;1;1;2;47,8700900000;0,4511500000;3;2;1;0;1;1;1;0;1;90;6;Indemne
202100030468;147 309;1;0;0;4;2;0;194 635;1;1;3;1;1985.0;5;0;27;6;2021;23;3;72;72143;1;1;1;2;47,8700900000;0,4511500000;3;2;1;0;1;1;1;0;1;90;6;Blessé hospitalisé
202100030480;147 288;80;0;2;1;25;3;194 605;1;1;3;2;2005.0;5;0;6;7;2021;16;1;68;68375;2;3;2;3;47,7974710000;7,2318200000;3;2;2;1;1;1;2;0;4;50;1;Blessé hospitalisé
202100030480;147 289;7;0;0;7;1;1;194 606;1;1;1;2;1986.0;5;1;6;7;2021;16;1;68;68375;2;3;2;3;47,7974710000;7,2318200000;3;2;2;1;1;1;2;0;4;50;1;Indemne
202100030490;147 269;1;0;0;9;15;5;194 582;1;1;3;1;1965.0;5;2;5;7;2021;15;1;73;73290;1;1;1;7;45,2946340000;6,9264290000;3;2;2;0;2;2;1;0;1;80;0;Blessé hospitalisé
202100030491;147 267;7;0;9;1;1;1;194 580;1;1;1;2;1933.0;0;0;6;7;2021;16;1;44;44209;2;6;8;6;47,3317550000; -1,6178330000;3;2;2;0;1;3;3;5;1;50;1;Indemne
202100030491;147 268;1;0;0;0;1;0;194 581;1;1;3;1;2007.0;5;0;6;7;2021;16;1;44;44209;2;6;8;6;47,3317550000; -1,6178330000;3;2;2;0;1;3;3;5;1;50;1;Blessé hospitalisé
202100030493;147 264;7;0;2;8;1;1;194 577;1;1;1;1;1955.0;0;1;7;7;2021;12;1;69;69047;1;2;1;3;45,9057140000;4,6608260000;4;2;2;0;2;1;1;0;1;50;2;Indemne
202100030493;147 265;1;0;2;1;1;5;194 578;1;1;3;1;2008.0;0;2;7;7;2021;12;1;69;69047;1;2;1;3;45,9057140000;4,6608260000;4;2;2;0;2;1;1;0;1;50;2;Blessé hospitalisé
202100030497;147 257;1;0;2;8;10;5;194 570;1;1;3;1;1959.0;5;2;7;7;2021;14;1;76;76647;1;1;1;3;49,5258070000;0,3828800000;3;2;2;0;1;1;1;0;1;80;2;Blessé hospitalisé
202100030497;147 258;7;0;2;1;17;1;194 571;1;1;1;2;1972.0;5;8;7;7;2021;14;1;76;76647;1;1;1;3;49,5258070000;0,3828800000;3;2;2;0;1;1;1;0;1;80;2;Indemne
202100030553;147 145;1;0;2;1;19;5;194 421;1;1;2;1;1951.0;3;8;2;7;2021;15;1;59;59153;2;6;1;3;50,4530531490;3,5889263538;3;1;2;0;1;1;1;9;1;50;4;Tué
202100030553;147 146;14;0;2;5;19;1;194 422;1;1;1;1;1972.0;4;1;2;7;2021;15;1;59;59153;2;6;1;3;50,4530531490;3,5889263538;3;1;2;0;1;1;1;9;1;50;4;Indemne
202100030559;147 135;7;0;9;3;15;1;194 406;1;1;1;2;1982.0;1;1;16;6;2021;17;1;54;54342;2;3;1;6;49,2826400000;5,8966300000;3;2;2;0;1;3;1;0;1;50;2;Indemne
202100030559;147 136;1;0;2;2;1;5;194 407;1;1;4;1;1977.0;5;0;16;6;2021;17;1;54;54342;2;3;1;6;49,2826400000;5,8966300000;3;2;2;0;1;3;1;0;1;50;2;Blessé léger
202100030562;147 124;1;0;2;5;1;5;194 392;1;1;4;2;2002.0;2;8;2;7;2021;08;1;49;49328;2;6;1;3;47,2670950000; -0,0696980000;3;2;2;2;1;1;1;0;1;50;4;Blessé léger
202100030562;147 125;7;0;2;3;9;1;194 393;1;1;1;2;1960.0;5;1;2;7;2021;08;1;49;49328;2;6;1;3;47,2670950000; -0,0696980000;3;2;2;2;1;1;1;0;1;50;4;Indemne
202100030568;147 115;7;0;2;2;1;1;194 381;1;1;1;1;1998.0;0;1;5;7;2021;22;2;33;33529;2;1;1;3;44,6347970000; -1,2024160000;3;2;2;0;1;1;1;0;1;50;0;Indemne
202100030568;147 116;1;0;2;0;10;5;194 382;1;1;4;2;2012.0;5;8;5;7;2021;22;2;33;33529;2;1;1;3;44,6347970000; -1,2024160000;3;2;2;0;1;1;1;0;1;50;0;Blessé léger
202100030570;147 111;7;0;2;3;9;2;194 377;1;1;1;2;1961.0;4;1;5;7;2021;18;1;31;31483;2;1;1;3;43,1149200000;0,7048500000;4;2;0;0;1;1;1;0;1;50;0;Indemne
202100030570;147 112;1;0;2;1;0;0;194 378;1;1;4;2;1961.0;0;2;5;7;2021;18;1;31;31483;2;1;1;3;43,1149200000;0,7048500000;4;2;0;0;1;1;1;0;1;50;0;Blessé léger
202100030577;147 097;7;0;2;1;15;1;194 361;1;1;1;2;1998.0;5;1;25;6;2021;22;3;19;19031;2;2;1;3;45,1575500000;1,5403600000;4;2;2;0;1;1;1;5;1;50;4;Indemne
202100030577;147 098;1;0;2;1;1;5;194 362;1;1;4;1;1955.0;5;2;25;6;2021;22;3;19;19031;2;2;1;3;45,1575500000;1,5403600000;4;2;2;0;1;1;1;5;1;50;4;Blessé léger
202100030595;147 064;1;0;2;4;2;5;194 318;1;1;4;1;1986.0;4;8;5;7;2021;12;1;75;75118;2;2;1;2;48,8917160000;2,3487300000;4;1;1;0;1;1;1;0;1;50;0;Blessé léger
202100030595;147 065;10;0;2;1;2;1;194 319;1;1;1;1;1972.0;4;8;5;7;2021;12;1;75;75118;2;2;1;2;48,8917160000;2,3487300000;4;1;1;0;1;1;1;0;1;50;0;Indemne
202100030598;147 059;1;0;2;1;1;5;194 311;1;1;4;1;1981.0;4;2;5;7;2021;15;1;75;75116;2;3;1;3;48,8533500000;2,2264240000;4;2;2;1;1;1;1;0;5;50;0;Blessé léger
202100030598;147 060;10;0;2;7;16;1;194 312;1;1;1;1;1980.0;9;1;5;7;2021;15;1;75;75116;2;3;1;3;48,8533500000;2,2264240000;4;2;2;1;1;1;1;0;5;50;0;Indemne
202100030600;147 055;1;0;2;1;1;5;194 307;1;1;4;1;1995.0;4;8;5;7;2021;14;1;75;75103;2;3;1;3;48,8649900000;2,3582640000;4;1;3;0;1;1;1;0;1;50;0;Blessé léger
202100030600;147 056;7;0;2;1;9;1;194 308;1;1;1;2;1978.0;9;1;5;7;2021;14;1;75;75103;2;3;1;3;48,8649900000;2,3582640000;4;1;3;0;1;1;1;0;1;50;0;Indemne
202100030619;147 022;7;0;9;1;1;1;194 257;1;1;1;1;2002.0;9;1;5;7;2021;09;1;01;01446;1;2;1;5;46,0303720000;4,8863200000;4;2;1;0;1;1;1;0;1;50;0;Indemne
202100030619;147 023;1;0;2;1;0;5;194 258;1;1;3;1;1942.0;5;2;5;7;2021;09;1;01;01446;1;2;1;5;46,0303720000;4,8863200000;4;2;1;0;1;1;1;0;1;50;0;Blessé hospitalisé
202100030619;147 024;1;0;2;7;0;5;194 259;1;1;3;2;1957.0;5;2;5;7;2021;09;1;01;01446;1;2;1;5;46,0303720000;4,8863200000;4;2;1;0;1;1;1;0;1;50;0;Blessé hospitalisé
202100030642;146 986;1;0;0;0;0;5;194 207;1;1;2;1;1950.0;5;2;1;7;2021;12;1;70;70421;2;1;1;7;47,6904030000;6,0432420000;3;2;2;0;1;1;1;0;1;50;3;Tué
202100030663;146 945;17;0;2;5;17;1;194 152;1;1;1;1;1987.0;4;1;6;7;2021;11;1;71;71283;1;1;2;3;46,7108430000;4,9315500000;3;2;2;0;2;1;2;2;1;80;1;Indemne
202100030663;146 946;1;0;2;8;2;5;194 153;1;1;2;1;1965.0;3;0;6;7;2021;11;1;71;71283;1;1;2;3;46,7108430000;4,9315500000;3;2;2;0;2;1;2;2;1;80;1;Tué
202100030668;146 935;7;0;2;7;17;1;194 140;1;1;1;1;1972.0;5;8;6;7;2021;14;1;33;33341;1;1;1;3;45,0724830000; -0,5116140000;3;2;2;0;1;1;1;0;1;80;1;Indemne
202100030668;146 936;1;0;2;4;2;5;194 141;1;1;3;2;1960.0;5;0;6;7;2021;14;1;33;33341;1;1;1;3;45,0724830000; -0,5116140000;3;2;2;0;1;1;1;0;1;80;1;Blessé hospitalisé
202100030698;146 887;7;0;2;2;1;1;194 072;1;1;1;2;1964.0;5;1;20;3;2021;15;1;61;61169;1;1;1;2;48,7280800000; -0,6125100000;3;2;2;0;1;1;1;0;1;90;5;Indemne
202100030698;146 888;1;0;2;8;1;5;194 073;1;1;3;1;1964.0;5;8;20;3;2021;15;1;61;61169;1;1;1;2;48,7280800000; -0,6125100000;3;2;2;0;1;1;1;0;1;90;5;Blessé hospitalisé
202100030700;146 884;1;0;2;1;13;5;194 066;1;1;3;1;2000.0;5;0;27;3;2021;14;1;81;81306;1;1;1;1;44,0429870000;2,2460550000;3;2;2;0;2;3;1;0;1;80;5;Blessé hospitalisé
202100030700;146 885;10;0;9;3;18;1;194 067;1;1;1;1;1971.0;1;1;27;3;2021;14;1;81;81306;1;1;1;1;44,0429870000;2,2460550000;3;2;2;0;2;3;1;0;1;80;5;Indemne
202100030726;146 837;1;0;2;7;19;5;194 004;1;1;4;1;2001.0;0;8;29;6;2021;15;1;974;97407;2;9;1;3; -20,9552800000;55,3116900000;4;1;2;1;1;1;1;0;1;20;1;Blessé léger
202100030726;146 838;10;0;9;7;19;1;194 005;1;1;1;1;1992.0;0;1;29;6;2021;15;1;974;97407;2;9;1;3; -20,9552800000;55,3116900000;4;1;2;1;1;1;1;0;1;20;1;Indemne
202100030735;146 822;7;0;2;3;15;2;193 986;1;1;1;1;1958.0;0;1;4;7;2021;11;1;69;69386;2;3;3;3;45,7645700000;4,8468700000;4;1;1;2;1;1;2;0;1;50;6;Indemne
202100030735;146 823;1;0;2;1;1;5;193 987;1;1;4;2;1989.0;0;8;4;7;2021;11;1;69;69386;2;3;3;3;45,7645700000;4,8468700000;4;1;1;2;1;1;2;0;1;50;6;Blessé léger
202100030740;146 812;7;0;2;1;1;1;193 973;1;1;1;2;1984.0;0;1;29;6;2021;19;1;69;69386;2;2;1;3;45,7636958684;4,8470520973;4;2;3;1;1;1;1;0;1;50;1;Indemne
202100030740;146 813;1;0;2;8;1;5;193 974;1;1;4;2;2001.0;0;2;29;6;2021;19;1;69;69386;2;2;1;3;45,7636958684;4,8470520973;4;2;3;1;1;1;1;0;1;50;1;Blessé léger
202100030750;146 791;1;0;2;1;1;5;193 946;1;1;3;2;1990.0;1;4;29;6;2021;17;1;69;69387;2;9;2;3;45,7455700000;4,8320600000;4;2;5;3;1;1;2;0;1;50;1;Blessé hospitalisé
202100030750;146 792;7;0;2;2;15;1;193 947;1;1;1;1;1996.0;1;1;29;6;2021;17;1;69;69387;2;9;2;3;45,7455700000;4,8320600000;4;2;5;3;1;1;2;0;1;50;1;Indemne
202100030752;146 787;7;0;2;7;15;2;193 942;1;1;1;1;1996.0;1;1;29;6;2021;07;1;69;69388;2;2;1;3;45,7318400000;4,8605200000;4;2;4;1;1;1;1;0;1;50;1;Indemne
202100030752;146 788;1;0;2;1;1;5;193 943;1;1;4;2;1981.0;1;8;29;6;2021;07;1;69;69388;2;2;1;3;45,7318400000;4,8605200000;4;2;4;1;1;1;1;0;1;50;1;Blessé léger
202100030766;146 767;1;0;2;1;1;5;193 915;1;1;3;1;1992.0;0;8;28;6;2021;18;1;69;69389;2;1;1;3;45,7735700000;4,7942300000;4;1;1;0;2;1;1;0;4;50;0;Blessé hospitalisé