Num_Acc;id_vehicule;catv;obs;obsm;choc;manv;motor;id_usager;place;catu;grav;sexe;an_nais;trajet;secu1;jour;mois;an;hrmn;lum;dep;com;agg;int;atm;col;lat;long;catr;circ;nbv;vosp;prof;plan;surf;infra;situ;vma;day_of_week;gravity
202100030766;146 768;7;0;2;2;16;1;193 916;1;1;1;1;1994.0;0;1;28;6;2021;18;1;69;69389;2;1;1;3;45,7735700000;4,7942300000;4;1;1;0;2;1;1;0;4;50;0;Indemne
202100030796;146 715;1;0;2;1;1;5;193 843;1;1;4;1;1986.0;5;8;29;6;2021;17;1;91;91687;2;2;1;2;48,6600000000;2,3700000000;4;2;4;0;4;1;1;0;1;50;1;Blessé léger
202100030796;146 716;7;0;2;6;1;1;193 844;1;1;1;2;1989.0;9;1;29;6;2021;17;1;91;91687;2;2;1;2;48,6600000000;2,3700000000;4;2;4;0;4;1;1;0;1;50;1;Indemne
202100030810;146 692;7;0;2;3;9;1;193 808;1;1;1;2;1975.0;3;1;24;6;2021;18;1;85;85194;1;2;1;3;46,5140600000; -1,7531300000;4;2;2;0;1;1;1;5;1;50;3;Indemne
202100030810;146 693;1;0;2;1;9;5;193 809;1;1;3;1;1956.0;1;2;24;6;2021;18;1;85;85194;1;2;1;3;46,5140600000; -1,7531300000;4;2;2;0;1;1;1;5;1;50;3;Blessé hospitalisé
202100030823;146 670;1;0;2;8;1;5;193 777;1;1;4;1;1959.0;0;8;1;7;2021;11;1;82;82121;2;2;1;3;44,0170871467;1,3479568809;4;1;1;0;2;3;1;0;1;30;3;Blessé léger
202100030823;146 671;7;0;2;1;9;1;193 778;1;1;1;1;1942.0;5;1;1;7;2021;11;1;82;82121;2;2;1;3;44,0170871467;1,3479568809;4;1;1;0;2;3;1;0;1;30;3;Indemne
202100030854;146 609;7;0;2;3;1;1;193 684;1;1;1;1;2001.0;5;1;4;7;2021;15;1;75;75116;2;1;1;3;48,8734930000;2,2671180000;4;2;4;0;1;1;1;0;1;50;6;Indemne
202100030854;146 610;1;0;2;2;19;5;193 685;1;1;3;1;1963.0;5;2;4;7;2021;15;1;75;75116;2;1;1;3;48,8734930000;2,2671180000;4;2;4;0;1;1;1;0;1;50;6;Blessé hospitalisé
202100030856;146 605;30;0;2;1;17;1;193 677;1;1;1;1;1991.0;1;2;4;7;2021;14;1;75;75116;2;1;2;3;48,8631820000;2,2479330000;4;2;2;0;1;1;2;0;1;50;6;Indemne
202100030856;146 606;1;0;2;6;10;5;193 678;1;1;4;1;1947.0;5;2;4;7;2021;14;1;75;75116;2;1;2;3;48,8631820000;2,2479330000;4;2;2;0;1;1;2;0;1;50;6;Blessé léger
202100030858;146 603;80;0;1;1;1;3;193 674;1;1;1;1;2002.0;1;2;4;7;2021;16;1;75;75113;2;3;1;6;48,8343730000;2,3535500000;4;2;4;0;2;1;1;0;1;50;6;Indemne
202100030858;146 603;80;0;1;1;1;3;193 675;10;3;4;2;1998.0;9;0;4;7;2021;16;1;75;75113;2;3;1;6;48,8343730000;2,3535500000;4;2;4;0;2;1;1;0;1;50;6;Blessé léger
202100030859;146 601;7;0;2;4;20;1;193 672;1;1;1;1;1976.0;9;1;4;7;2021;01;5;75;75112;2;1;1;2;48,8397200000;2,4021200000;4;2;2;0;2;1;1;0;1;50;6;Indemne
202100030859;146 602;1;0;2;1;2;5;193 673;1;1;4;1;1995.0;9;2;4;7;2021;01;5;75;75112;2;1;1;2;48,8397200000;2,4021200000;4;2;2;0;2;1;1;0;1;50;6;Blessé léger
202100030868;146 583;99;0;2;1;23;0;193 648;1;1;1;1;1985.0;0;1;4;7;2021;11;1;93;93048;2;3;1;1;48,8760000000;2,4574900000;4;1;1;0;1;1;1;0;1;50;6;Indemne
202100030868;146 584;1;0;0;0;0;0;193 649;1;1;3;1;2013.0;9;8;4;7;2021;11;1;93;93048;2;3;1;1;48,8760000000;2,4574900000;4;1;1;0;1;1;1;0;1;50;6;Blessé hospitalisé
202100030872;146 576;37;0;2;2;16;1;193 641;1;1;1;1;1988.0;4;1;4;7;2021;20;2;92;92036;2;3;1;3;48,9200993574;2,3150561750;3;2;2;3;1;1;1;0;1;50;6;Indemne
202100030872;146 577;1;0;2;0;0;5;193 642;1;1;3;2;1985.0;5;8;4;7;2021;20;2;92;92036;2;3;1;3;48,9200993574;2,3150561750;3;2;2;3;1;1;1;0;1;50;6;Blessé hospitalisé
202100030873;146 574;1;0;2;3;9;0;193 639;1;1;4;2;1973.0;1;8;2;7;2021;16;1;92;92009;2;1;1;3;48,9069410703;2,2626444697;3;2;2;0;1;1;1;0;1;50;4;Blessé léger
202100030873;146 575;7;0;2;2;1;1;193 640;1;1;1;1;1953.0;3;1;2;7;2021;16;1;92;92009;2;1;1;3;48,9069410703;2,2626444697;3;2;2;0;1;1;1;0;1;50;4;Indemne
202100030874;146 572;7;0;2;2;1;1;193 637;1;1;1;2;1957.0;1;8;19;6;2021;19;1;40;40304;2;2;1;3;43,6562530000; -1,4332280000;4;1;2;1;1;1;1;0;5;50;5;Indemne
202100030874;146 573;1;0;2;5;1;5;193 638;1;1;4;1;1999.0;5;0;19;6;2021;19;1;40;40304;2;2;1;3;43,6562530000; -1,4332280000;4;1;2;1;1;1;1;0;5;50;5;Blessé léger
202100030880;146 563;1;0;0;0;1;5;193 627;1;1;3;1;1960.0;5;2;3;7;2021;08;1;974;97410;2;1;1;7; -21,0406270000;55,7126360000;2;2;2;1;1;1;1;0;5;50;5;Blessé hospitalisé
202100030884;146 556;1;0;2;7;15;5;193 617;1;1;3;1;1980.0;5;2;2;7;2021;18;1;19;19274;1;3;2;3;45,1924165796;1,4868854932;3;2;2;0;1;1;2;0;1;90;4;Blessé hospitalisé
202100030884;146 557;7;0;9;3;1;1;193 618;1;1;1;2;1998.0;0;1;2;7;2021;18;1;19;19274;1;3;2;3;45,1924165796;1,4868854932;3;2;2;0;1;1;2;0;1;90;4;Indemne
202100030898;146 531;1;0;1;3;1;5;193 581;10;3;1;1;2003.0;5;0;5;7;2021;12;1;44;44069;1;1;1;6;47,2901390000; -2,4050940000;3;2;2;1;1;2;1;0;5;80;0;Indemne
202100030898;146 531;1;0;1;3;1;5;193 582;1;1;4;1;1956.0;5;2;5;7;2021;12;1;44;44069;1;1;1;6;47,2901390000; -2,4050940000;3;2;2;1;1;2;1;0;5;80;0;Blessé léger
202100030904;146 520;7;0;2;2;1;1;193 568;1;1;1;1;1972.0;1;1;30;6;2021;18;1;31;31066;1;3;1;3;43,7879030000;1,5738670000;3;2;2;0;2;2;1;0;1;80;2;Indemne
202100030904;146 521;1;0;2;3;19;6;193 569;1;1;3;1;2008.0;5;0;30;6;2021;18;1;31;31066;1;3;1;3;43,7879030000;1,5738670000;3;2;2;0;2;2;1;0;1;80;2;Blessé hospitalisé
202100030908;146 513;7;0;2;2;0;1;193 550;1;1;1;1;1947.0;3;1;28;6;2021;12;1;02;02712;1;1;1;2;49,2017614438;3,5834821902;3;2;2;0;1;1;1;0;1;80;0;Indemne
202100030908;146 514;1;0;0;4;0;5;193 551;1;1;2;1;2007.0;5;0;28;6;2021;12;1;02;02712;1;1;1;2;49,2017614438;3,5834821902;3;2;2;0;1;1;1;0;1;80;0;Tué
202100030932;146 469;7;8;2;2;17;1;193 490;1;1;1;1;1957.0;5;1;5;7;2021;12;1;11;11301;2;3;1;6;43,2225850000;2,6190720000;3;2;1;0;1;1;1;0;1;50;0;Indemne
202100030932;146 470;1;0;2;8;15;5;193 491;1;1;3;1;1947.0;5;0;5;7;2021;12;1;11;11301;2;3;1;6;43,2225850000;2,6190720000;3;2;1;0;1;1;1;0;1;50;0;Blessé hospitalisé
202100030939;146 450;1;0;2;0;1;5;193 463;1;1;1;1;1947.0;5;2;5;7;2021;13;1;38;38407;1;1;1;3;45,3278470000;5,6569080000;3;2;2;0;2;2;1;0;1;70;0;Indemne
202100030939;146 451;1;0;0;0;2;5;193 464;1;1;4;2;1995.0;5;2;5;7;2021;13;1;38;38407;1;1;1;3;45,3278470000;5,6569080000;3;2;2;0;2;2;1;0;1;70;0;Blessé léger
202100030939;146 452;1;0;0;0;2;5;193 465;1;1;4;2;1963.0;5;2;5;7;2021;13;1;38;38407;1;1;1;3;45,3278470000;5,6569080000;3;2;2;0;2;2;1;0;1;70;0;Blessé léger
202100030939;146 453;1;0;2;3;1;5;193 466;1;1;4;2;1979.0;5;2;5;7;2021;13;1;38;38407;1;1;1;3;45,3278470000;5,6569080000;3;2;2;0;2;2;1;0;1;70;0;Blessé léger
202100030940;146 448;1;0;2;8;2;5;193 461;1;1;3;1;1942.0;5;2;5;7;2021;11;1;26;26313;2;6;1;3;44,9612000000;4,9402960000;3;2;2;0;1;1;1;9;1;30;0;Blessé hospitalisé
202100030940;146 449;7;0;9;2;2;1;193 462;1;1;1;1;1963.0;5;1;5;7;2021;11;1;26;26313;2;6;1;3;44,9612000000;4,9402960000;3;2;2;0;1;1;1;9;1;30;0;Indemne
202100030944;146 443;1;0;2;2;15;5;193 452;1;1;3;1;1933.0;5;0;2;7;2021;13;1;85;85226;2;6;1;3;46,7097730000; -1,9611610000;4;2;2;0;1;3;1;0;1;50;4;Blessé hospitalisé
202100030944;146 444;7;0;2;6;9;1;193 453;1;1;1;1;1944.0;5;1;2;7;2021;13;1;85;85226;2;6;1;3;46,7097730000; -1,9611610000;4;2;2;0;1;3;1;0;1;50;4;Indemne
202100030992;146 335;7;0;0;0;0;1;193 304;2;2;1;2;1962.0;5;1;30;6;2021;13;1;74;74010;2;1;1;3;45,8969000000;6,1317000000;3;4;2;0;1;3;1;5;1;30;2;Indemne
202100030992;146 335;7;0;0;0;0;1;193 305;1;1;1;1;1961.0;5;1;30;6;2021;13;1;74;74010;2;1;1;3;45,8969000000;6,1317000000;3;4;2;0;1;3;1;5;1;30;2;Indemne
202100030992;146 336;1;0;0;0;0;5;193 306;1;1;4;2;1984.0;5;2;30;6;2021;13;1;74;74010;2;1;1;3;45,8969000000;6,1317000000;3;4;2;0;1;3;1;5;1;30;2;Blessé léger
202100031007;146 310;1;0;2;7;1;5;193 270;1;1;3;1;1967.0;5;8;21;6;2021;10;1;70;70550;1;6;1;3;47,6413452135;6,1478349566;2;1;1;0;1;2;1;5;1;50;0;Blessé hospitalisé
202100031007;146 311;7;0;2;1;9;1;193 271;1;1;1;1;1994.0;3;1;21;6;2021;10;1;70;70550;1;6;1;3;47,6413452135;6,1478349566;2;1;1;0;1;2;1;5;1;50;0;Indemne
202100031011;146 302;1;12;2;4;19;5;193 256;1;1;4;1;2009.0;2;0;1;6;2021;12;1;69;69256;2;4;1;2;45,7740500000;4,9323200000;4;2;4;0;1;3;1;0;1;30;1;Blessé léger
202100031011;146 303;10;12;9;2;16;1;193 257;1;1;1;2;1970.0;0;1;1;6;2021;12;1;69;69256;2;4;1;2;45,7740500000;4,9323200000;4;2;4;0;1;3;1;0;1;30;1;Indemne
202100031013;146 299;7;0;2;6;20;1;193 251;1;1;1;1;1992.0;5;1;29;6;2021;22;4;69;69013;2;1;1;3;46,0034400000;4,7195700000;3;2;2;0;1;1;1;0;1;50;1;Indemne
202100031013;146 300;1;0;2;1;1;5;193 252;1;1;4;1;2004.0;5;8;29;6;2021;22;4;69;69013;2;1;1;3;46,0034400000;4,7195700000;3;2;2;0;1;1;1;0;1;50;1;Blessé léger
202100031028;146 276;1;1;0;1;1;5;193 220;1;1;4;2;1956.0;5;8;30;6;2021;12;1;64;64445;2;1;1;6;43,3000442411; -0,3624163455;4;2;2;0;1;1;1;0;1;30;2;Blessé léger
202100031028;146 277;7;0;2;8;20;1;193 221;1;1;1;1;1994.0;0;1;30;6;2021;12;1;64;64445;2;1;1;6;43,3000442411; -0,3624163455;4;2;2;0;1;1;1;0;1;30;2;Indemne
202100031055;146 230;13;0;2;4;26;0;193 166;1;1;1;1;1981.0;4;8;1;7;2021;08;1;59;59648;2;1;1;2;50,5749702447;3,0303812027;4;3;2;0;1;1;1;0;1;50;3;Indemne
202100031055;146 231;1;0;0;0;0;5;193 167;1;1;4;1;1986.0;1;0;1;7;2021;08;1;59;59648;2;1;1;2;50,5749702447;3,0303812027;4;3;2;0;1;1;1;0;1;50;3;Blessé léger
202100031058;146 224;1;0;2;7;1;5;193 159;1;1;4;1;2003.0;1;8;28;6;2021;16;1;59;59486;2;3;1;3;50,4110900000;3,1335500000;3;2;2;0;1;1;1;0;4;50;0;Blessé léger
202100031058;146 225;1;0;2;1;1;5;193 160;1;1;3;1;2008.0;5;8;28;6;2021;16;1;59;59486;2;3;1;3;50,4110900000;3,1335500000;3;2;2;0;1;1;1;0;4;50;0;Blessé hospitalisé
202100031068;146 208;7;0;2;3;1;1;193 135;1;1;1;1;1964.0;5;1;3;7;2021;18;1;51;51454;2;2;1;3;49,2774600000;4,0107400000;4;2;2;1;1;1;1;0;1;50;5;Indemne
202100031068;146 209;1;0;2;7;1;5;193 136;1;1;4;2;1999.0;0;8;3;7;2021;18;1;51;51454;2;2;1;3;49,2774600000;4,0107400000;4;2;2;1;1;1;1;0;1;50;5;Blessé léger
202100031071;146 203;7;0;2;6;9;1;193 127;1;1;1;1;1959.0;5;8;2;7;2021;08;1;51;51474;2;1;1;2;49,2621010000;3,9856040000;4;2;2;0;1;1;1;0;1;50;4;Indemne
202100031071;146 204;1;0;2;1;1;5;193 128;1;1;4;1;1962.0;0;8;2;7;2021;08;1;51;51474;2;1;1;2;49,2621010000;3,9856040000;4;2;2;0;1;1;1;0;1;50;4;Blessé léger
202100031072;146 201;1;0;2;0;0;0;193 125;1;1;2;1;1941.0;5;2;2;7;2021;10;1;50;50502;2;1;1;2;49,1037600000; -1,0719800000;3;1;2;0;1;1;1;0;1;70;4;Tué
202100031072;146 202;7;0;2;1;2;1;193 126;1;1;1;2;1992.0;1;1;2;7;2021;10;1;50;50502;2;1;1;2;49,1037600000; -1,0719800000;3;1;2;0;1;1;1;0;1;70;4;Indemne
202100031078;146 190;7;0;2;2;9;1;193 112;1;1;1;1;1999.0;5;1;3;7;2021;21;1;49;49007;2;1;1;1;47,4600000000; -0,5373000000;4;2;1;0;1;1;1;0;1;30;5;Indemne
202100031078;146 191;1;0;2;0;2;5;193 113;1;1;3;1;1959.0;5;8;3;7;2021;21;1;49;49007;2;1;1;1;47,4600000000; -0,5373000000;4;2;1;0;1;1;1;0;1;30;5;Blessé hospitalisé
202100031079;146 189;1;0;0;0;2;5;193 111;1;1;4;2;2009.0;5;2;2;7;2021;11;1;49;49007;2;1;1;7;47,4744000000; -0,5318300000;4;2;2;0;1;1;1;0;1;50;4;Blessé léger
202100031086;146 177;7;0;2;3;26;1;193 097;1;1;1;1;1961.0;9;1;28;6;2021;09;1;49;49007;2;1;1;4;47,4908500000; -0,5271800000;4;3;2;0;1;1;1;0;1;50;0;Indemne
202100031086;146 178;1;0;2;0;0;5;193 098;1;1;4;2;1976.0;1;2;28;6;2021;09;1;49;49007;2;1;1;4;47,4908500000; -0,5271800000;4;3;2;0;1;1;1;0;1;50;0;Blessé léger
202100031086;146 179;7;0;2;0;26;1;193 099;1;1;1;1;1940.0;5;1;28;6;2021;09;1;49;49007;2;1;1;4;47,4908500000; -0,5271800000;4;3;2;0;1;1;1;0;1;50;0;Indemne
202100031101;146 149;1;12;0;7;16;5;193 055;1;1;4;2;1962.0;5;2;2;7;2021;14;1;37;37122;2;1;1;7;47,3510539271;0,6639003754;4;2;2;0;2;1;1;0;1;50;4;Blessé léger
202100031116;146 122;1;0;1;1;1;5;193 017;1;1;4;2;1972.0;0;8;2;7;2021;16;1;33;33063;2;1;1;6;44,8244130000; -0,5661570000;4;2;2;3;1;1;1;0;1;50;4;Blessé léger
202100031116;146 122;1;0;1;1;1;5;193 018;10;3;1;2;1967.0;0;0;2;7;2021;16;1;33;33063;2;1;1;6;44,8244130000; -0,5661570000;4;2;2;3;1;1;1;0;1;50;4;Indemne
202100031118;146 119;1;0;2;3;1;5;193 014;1;1;4;2;1978.0;0;8;1;7;2021;16;1;33;33069;2;9;1;3;44,8680999447; -0,6077706964;4;3;2;2;1;1;1;0;4;50;3;Blessé léger
202100031118;146 120;7;0;2;2;19;1;193 015;1;1;1;2;1992.0;0;1;1;7;2021;16;1;33;33069;2;9;1;3;44,8680999447; -0,6077706964;4;3;2;2;1;1;1;0;4;50;3;Indemne
202100031120;146 116;14;0;2;7;1;1;193 009;1;1;1;1;1979.0;4;1;1;7;2021;10;1;33;33063;2;1;1;3;44,8507420000; -0,5958550000;4;3;4;2;1;1;1;8;1;50;3;Indemne
202100031120;146 117;80;0;2;8;13;3;193 010;1;1;4;1;1974.0;1;0;1;7;2021;10;1;33;33063;2;1;1;3;44,8507420000; -0,5958550000;4;3;4;2;1;1;1;8;1;50;3;Blessé léger
202100031124;146 108;7;0;2;3;9;1;192 997;1;1;1;1;1964.0;0;1;30;6;2021;05;2;33;33281;2;6;1;3;44,8481000000; -0,6796400000;4;3;2;2;1;1;1;0;1;50;2;Indemne
202100031124;146 109;1;0;2;2;1;5;192 998;1;1;4;1;1986.0;0;2;30;6;2021;05;2;33;33281;2;6;1;3;44,8481000000; -0,6796400000;4;3;2;2;1;1;1;0;1;50;2;Blessé léger
202100031138;146 081;80;0;2;7;1;3;192 961;1;1;4;1;1958.0;1;2;7;7;2021;08;1;29;29019;2;6;1;3;48,4093900000; -4,4831700000;4;1;0;0;1;2;1;5;1;30;2;Blessé léger
202100031138;146 082;7;0;2;3;1;1;192 962;1;1;1;2;1977.0;1;1;7;7;2021;08;1;29;29019;2;6;1;3;48,4093900000; -4,4831700000;4;1;0;0;1;2;1;5;1;30;2;Indemne
202100031152;146 049;1;0;2;4;9;0;192 915;1;1;4;1;1929.0;5;8;1;7;2021;11;1;17;17300;2;1;1;3;46,1555600000; -1,1692100000;4;1;1;0;2;1;1;9;1;30;3;Blessé léger
202100031152;146 050;7;0;2;0;0;0;192 916;1;1;1;1;1937.0;5;1;1;7;2021;11;1;17;17300;2;1;1;3;46,1555600000; -1,1692100000;4;1;1;0;2;1;1;9;1;30;3;Indemne
202100031170;146 017;1;0;2;4;9;0;192 878;1;1;4;1;1998.0;5;8;1;7;2021;20;2;13;13001;2;1;1;3;43,5249600000;5,4603400000;4;2;2;0;1;1;1;0;1;50;3;Blessé léger
202100031170;146 018;7;0;2;2;1;1;192 879;1;1;1;1;1998.0;0;8;1;7;2021;20;2;13;13001;2;1;1;3;43,5249600000;5,4603400000;4;2;2;0;1;1;1;0;1;50;3;Indemne
202100031185;145 992;7;0;2;2;15;0;192 843;1;1;1;1;1942.0;5;1;3;7;2021;20;1;06;06155;2;6;1;3;43,5740550000;7,0491060000;3;2;2;0;1;2;1;5;1;50;5;Indemne
202100031185;145 993;1;0;2;3;9;0;192 844;1;1;4;1;1993.0;0;8;3;7;2021;20;1;06;06155;2;6;1;3;43,5740550000;7,0491060000;3;2;2;0;1;2;1;5;1;50;5;Blessé léger
202100031192;145 981;1;0;1;7;1;5;192 826;1;1;1;1;2001.0;5;2;3;7;2021;12;1;75;75118;2;1;8;6;48,8912140000;2,3347170000;4;1;1;1;2;1;1;0;5;50;5;Indemne
202100031192;145 981;1;0;1;7;1;5;192 827;10;3;4;2;1938.0;5;0;3;7;2021;12;1;75;75118;2;1;8;6;48,8912140000;2,3347170000;4;1;1;1;2;1;1;0;5;50;5;Blessé léger
202100031193;145 980;1;1;0;0;21;5;192 825;1;1;4;2;1963.0;9;2;2;7;2021;14;1;75;75118;2;1;1;6;48,8859970000;2,3495440000;4;2;6;1;2;1;1;0;5;50;4;Blessé léger
202100031198;145 971;7;0;2;1;1;1;192 815;1;1;1;1;1980.0;4;1;3;7;2021;17;1;75;75109;2;2;1;3;48,8758690000;2,3403360000;4;1;3;0;1;1;1;0;1;30;5;Indemne
202100031198;145 972;1;0;2;1;9;5;192 816;1;1;4;1;1996.0;9;2;3;7;2021;17;1;75;75109;2;2;1;3;48,8758690000;2,3403360000;4;1;3;0;1;1;1;0;1;30;5;Blessé léger
202100031214;145 945;1;0;2;3;0;0;192 780;1;1;4;2;1971.0;1;0;3;7;2021;08;1;93;93001;2;1;1;3;48,9127580000;2,3675750000;4;3;2;0;1;1;1;0;1;10;5;Blessé léger
202100031214;145 946;7;0;2;3;23;0;192 781;1;1;1;1;1956.0;1;8;3;7;2021;08;1;93;93001;2;1;1;3;48,9127580000;2,3675750000;4;3;2;0;1;1;1;0;1;10;5;Indemne
202100031240;145 900;7;3;9;1;26;1;192 718;1;1;1;1;2003.0;5;1;29;6;2021;19;2;38;38389;1;1;9;1;45,5623360000;5,0722070000;3;2;2;0;2;1;2;0;3;80;1;Indemne
202100031240;145 901;1;0;2;1;1;5;192 719;1;1;3;2;1982.0;1;2;29;6;2021;19;2;38;38389;1;1;9;1;45,5623360000;5,0722070000;3;2;2;0;2;1;2;0;3;80;1;Blessé hospitalisé
202100031254;145 879;1;0;2;4;0;5;192 687;1;1;3;1;1993.0;5;8;4;7;2021;00;3;30;30223;1;1;1;3;44,2105590000;4,1456410000;3;2;3;0;2;1;1;0;1;90;6;Blessé hospitalisé
202100031254;145 880;7;0;2;2;2;1;192 688;1;1;1;2;1973.0;5;1;4;7;2021;00;3;30;30223;1;1;1;3;44,2105590000;4,1456410000;3;2;3;0;2;1;1;0;1;90;6;Indemne
202100031272;145 844;1;0;0;9;1;5;192 636;1;1;3;1;1959.0;5;2;4;7;2021;11;1;73;73034;1;1;2;7;45,6854128764;6,5766920301;4;2;2;0;2;1;1;0;1;80;6;Blessé hospitalisé
202100031278;145 834;33;0;0;8;26;1;192 624;1;1;4;2;1988.0;0;2;3;7;2021;19;1;60;60589;1;6;1;3;49,2207930000;2,4669240000;3;4;2;0;1;3;1;0;8;70;5;Blessé léger
202100031278;145 835;1;0;0;1;0;5;192 625;1;1;4;1;1999.0;0;2;3;7;2021;19;1;60;60589;1;6;1;3;49,2207930000;2,4669240000;3;4;2;0;1;3;1;0;8;70;5;Blessé léger
202100031292;145 803;1;0;2;7;1;5;192 591;1;1;4;1;1974.0;9;2;2;7;2021;17;1;75;75120;2;3;1;3;48,8527240000;2,4107930000;4;3;4;1;2;1;1;0;5;50;4;Blessé léger
202100031292;145 804;1;0;2;1;16;5;192 592;1;1;4;1;2002.0;5;2;2;7;2021;17;1;75;75120;2;3;1;3;48,8527240000;2,4107930000;4;3;4;1;2;1;1;0;5;50;4;Blessé léger
202100031299;145 792;1;0;2;1;1;5;192 578;1;1;4;1;1962.0;1;2;29;6;2021;23;5;75;75115;2;4;1;3;48,8398490000;2,3021270000;4;1;3;1;1;1;1;0;5;50;1;Blessé léger
202100031299;145 793;7;0;2;3;15;1;192 579;1;1;1;1;1984.0;4;1;29;6;2021;23;5;75;75115;2;4;1;3;48,8398490000;2,3021270000;4;1;3;1;1;1;1;0;5;50;1;Indemne
202100031303;145 787;1;0;1;1;1;5;192 572;1;1;1;1;1960.0;9;2;2;7;2021;16;1;75;75111;2;5;1;6;48,8533380000;2,3703370000;4;2;3;1;1;1;1;0;5;50;4;Indemne
202100031303;145 787;1;0;1;1;1;5;192 573;10;3;4;2;1935.0;5;8;2;7;2021;16;1;75;75111;2;5;1;6;48,8533380000;2,3703370000;4;2;3;1;1;1;1;0;5;50;4;Blessé léger
202100031307;145 779;1;0;2;2;13;5;192 563;1;1;4;1;2002.0;9;2;2;7;2021;02;5;75;75107;2;1;1;1;48,8613870000;2,3232180000;4;2;4;1;1;1;1;0;5;50;4;Blessé léger
202100031307;145 780;50;0;2;3;1;3;192 564;1;1;1;1;1999.0;9;2;2;7;2021;02;5;75;75107;2;1;1;1;48,8613870000;2,3232180000;4;2;4;1;1;1;1;0;5;50;4;Indemne
202100031330;145 738;15;0;2;2;12;1;192 511;1;1;1;1;1999.0;4;1;2;7;2021;09;1;92;92026;2;3;1;3;48,8968940236;2,2641652822;3;2;7;1;1;1;1;0;1;50;4;Indemne
202100031330;145 739;1;0;2;1;1;0;192 512;1;1;3;2;1962.0;1;2;2;7;2021;09;1;92;92026;2;3;1;3;48,8968940236;2,2641652822;3;2;7;1;1;1;1;0;1;50;4;Blessé hospitalisé
202100031333;145 732;10;0;2;3;22;1;192 504;1;1;1;1;1994.0;4;8;2;7;2021;18;1;92;92023;2;1;1;3;48,8094900000;2,2712300000;4;2;2;0;1;1;1;0;1;30;4;Indemne
202100031333;145 733;1;1;0;2;1;5;192 505;1;1;4;1;1976.0;1;8;2;7;2021;18;1;92;92023;2;1;1;3;48,8094900000;2,2712300000;4;2;2;0;1;1;1;0;1;30;4;Blessé léger
202100031355;145 697;1;0;0;0;1;5;192 454;1;1;3;1;1967.0;5;0;3;7;2021;11;1;55;55245;1;1;1;6;48,9379838696;5,7247942686;9;2;2;1;1;1;1;0;5;20;5;Blessé hospitalisé
202100031357;145 695;1;0;0;0;0;5;192 448;1;1;3;1;2006.0;9;0;3;7;2021;03;3;42;42139;2;1;1;7;45,2849650000;4,3897620000;4;2;2;0;2;1;1;0;8;50;5;Blessé hospitalisé
202100031388;145 646;1;0;2;4;2;5;192 370;1;1;4;1;1969.0;1;0;30;6;2021;07;1;13;13041;2;1;1;2;43,4494920000;5,4498250000;7;2;2;0;1;1;1;0;1;50;2;Blessé léger
202100031388;145 647;7;0;9;1;2;1;192 371;1;1;1;1;1947.0;3;1;30;6;2021;07;1;13;13041;2;1;1;2;43,4494920000;5,4498250000;7;2;2;0;1;1;1;0;1;50;2;Indemne
202100031391;145 641;7;0;9;5;1;1;192 362;8;2;1;2;2007.0;5;1;2;7;2021;18;1;38;38382;2;1;1;3;45,2224770000;5,6825680000;4;2;2;0;1;1;1;0;1;50;4;Indemne
202100031391;145 641;7;0;9;5;1;1;192 363;9;2;1;2;2007.0;5;1;2;7;2021;18;1;38;38382;2;1;1;3;45,2224770000;5,6825680000;4;2;2;0;1;1;1;0;1;50;4;Indemne
202100031391;145 641;7;0;9;5;1;1;192 364;1;1;1;1;1972.0;9;1;2;7;2021;18;1;38;38382;2;1;1;3;45,2224770000;5,6825680000;4;2;2;0;1;1;1;0;1;50;4;Indemne
202100031391;145 642;1;0;2;1;1;5;192 365;1;1;4;1;1964.0;5;0;2;7;2021;18;1;38;38382;2;1;1;3;45,2224770000;5,6825680000;4;2;2;0;1;1;1;0;1;50;4;Blessé léger
202100031420;145 581;37;0;2;7;17;2;192 279;1;1;1;2;1986.0;4;1;1;7;2021;20;1;75;75120;2;1;1;3;48,8726660000;2,3909960000;4;2;3;3;4;1;1;0;6;30;3;Indemne
202100031420;145 582;1;0;2;8;13;5;192 280;1;1;4;1;1947.0;5;8;1;7;2021;20;1;75;75120;2;1;1;3;48,8726660000;2,3909960000;4;2;3;3;4;1;1;0;6;30;3;Blessé léger
202100031421;145 579;7;0;2;4;13;1;192 277;1;1;1;1;1986.0;1;1;1;7;2021;18;1;75;75117;2;1;1;2;48,8956390000;2,3113900000;4;2;2;3;1;1;1;0;6;50;3;Indemne
202100031421;145 580;1;0;2;1;7;5;192 278;1;1;4;1;1990.0;1;2;1;7;2021;18;1;75;75117;2;1;1;2;48,8956390000;2,3113900000;4;2;2;3;1;1;1;0;6;50;3;Blessé léger
202100031422;145 577;7;0;2;1;1;1;192 275;1;1;4;1;1953.0;1;1;1;7;2021;22;5;75;75117;2;2;1;3;48,8898740000;2,3033610000;4;2;4;0;1;1;1;0;1;30;3;Blessé léger
202100031422;145 578;1;0;2;0;19;5;192 276;1;1;4;2;1991.0;5;2;1;7;2021;22;5;75;75117;2;2;1;3;48,8898740000;2,3033610000;4;2;4;0;1;1;1;0;1;30;3;Blessé léger
202100031425;145 571;1;0;2;1;1;5;192 269;1;1;4;1;1997.0;5;2;1;7;2021;08;1;75;75112;2;4;1;3;48,8420430000;2,4491360000;4;2;6;2;1;1;1;0;5;50;3;Blessé léger
202100031425;145 572;1;0;2;8;1;5;192 270;1;1;4;2;1993.0;9;8;1;7;2021;08;1;75;75112;2;4;1;3;48,8420430000;2,4491360000;4;2;6;2;1;1;1;0;5;50;3;Blessé léger