Num_Acc;id_vehicule;catv;obs;obsm;choc;manv;motor;id_usager;place;catu;grav;sexe;an_nais;trajet;secu1;jour;mois;an;hrmn;lum;dep;com;agg;int;atm;col;lat;long;catr;circ;nbv;vosp;prof;plan;surf;infra;situ;vma;day_of_week;gravity
202100031433;145 556;33;0;2;7;21;1;192 248;1;1;4;1;1999.0;0;2;1;7;2021;20;1;93;93057;2;1;1;3;48,9051190000;2,5105550000;3;1;1;0;1;1;1;0;1;50;3;Blessé léger
202100031433;145 557;1;0;2;4;13;5;192 249;1;1;4;1;2003.0;0;8;1;7;2021;20;1;93;93057;2;1;1;3;48,9051190000;2,5105550000;3;1;1;0;1;1;1;0;1;50;3;Blessé léger
202100031439;145 547;1;1;0;0;0;5;192 237;1;1;4;2;1983.0;1;2;1;7;2021;16;1;92;92020;2;1;1;7;48,8056800000;2,2915500000;4;1;0;0;2;1;1;0;1;50;3;Blessé léger
202100031439;145 548;7;0;0;0;24;1;192 238;1;1;1;1;1957.0;3;1;1;7;2021;16;1;92;92020;2;1;1;7;48,8056800000;2,2915500000;4;1;0;0;2;1;1;0;1;50;3;Indemne
202100031443;145 542;7;0;2;2;16;1;192 230;2;2;1;1;1976.0;4;1;30;6;2021;13;1;92;92024;2;5;1;3;48,9083795130;2,2998278593;3;1;2;0;1;1;1;0;1;50;2;Indemne
202100031443;145 542;7;0;2;2;16;1;192 231;1;1;1;1;1997.0;0;1;30;6;2021;13;1;92;92024;2;5;1;3;48,9083795130;2,2998278593;3;1;2;0;1;1;1;0;1;50;2;Indemne
202100031443;145 543;1;0;2;8;11;5;192 232;1;1;4;1;1997.0;0;1;30;6;2021;13;1;92;92024;2;5;1;3;48,9083795130;2,2998278593;3;1;2;0;1;1;1;0;1;50;2;Blessé léger
202100031444;145 540;1;0;2;2;1;5;192 228;1;1;1;1;1973.0;0;1;30;6;2021;19;1;92;92012;2;3;1;3;48,8328510385;2,2535641242;4;2;2;1;1;1;1;0;1;50;2;Indemne
202100031444;145 541;7;0;2;1;15;5;192 229;1;1;4;1;1976.0;0;8;30;6;2021;19;1;92;92012;2;3;1;3;48,8328510385;2,2535641242;4;2;2;1;1;1;1;0;1;50;2;Blessé léger
202100031445;145 538;1;0;2;1;1;5;192 226;1;1;3;1;1982.0;1;2;2;7;2021;06;1;39;39126;1;3;7;3;46,5890360000;5,9471230000;3;2;2;0;1;1;1;0;1;70;4;Blessé hospitalisé
202100031445;145 539;21;0;2;3;15;1;192 227;1;1;1;1;1972.0;4;0;2;7;2021;06;1;39;39126;1;3;7;3;46,5890360000;5,9471230000;3;2;2;0;1;1;1;0;1;70;4;Indemne
202100031450;145 529;1;0;0;9;1;5;192 217;1;1;2;1;1963.0;5;2;2;7;2021;14;1;73;73085;1;1;7;6;45,7907411158;5,8627933997;3;2;2;0;2;3;1;9;1;80;4;Tué
202100031450;145 530;10;0;2;8;1;1;192 218;1;1;1;1;1980.0;3;1;2;7;2021;14;1;73;73085;1;1;7;6;45,7907411158;5,8627933997;3;2;2;0;2;3;1;9;1;80;4;Indemne
202100031452;145 526;2;0;2;1;5;1;192 213;1;1;4;1;2003.0;1;2;2;7;2021;18;1;67;67320;1;1;1;1;48,3351217830;7,3184287548;3;2;2;0;2;2;1;0;1;80;4;Blessé léger
202100031452;145 527;1;0;2;1;1;0;192 214;1;1;3;1;1977.0;5;2;2;7;2021;18;1;67;67320;1;1;1;1;48,3351217830;7,3184287548;3;2;2;0;2;2;1;0;1;80;4;Blessé hospitalisé
202100031458;145 515;7;0;9;2;1;1;192 196;1;1;1;1;1994.0;5;1;2;7;2021;10;1;62;62878;2;3;1;3;50,2784800000;2,6668780000;3;2;2;0;1;1;1;0;1;50;4;Indemne
202100031458;145 516;1;0;2;1;9;5;192 197;1;1;4;1;1969.0;5;2;2;7;2021;10;1;62;62878;2;3;1;3;50,2784800000;2,6668780000;3;2;2;0;1;1;1;0;1;50;4;Blessé léger
202100031464;145 507;1;0;2;8;1;5;192 187;1;1;3;1;2001.0;5;0;2;7;2021;17;1;71;71171;2;1;1;3;46,8681760000;4,6509560000;3;2;2;0;1;1;1;0;1;50;4;Blessé hospitalisé
202100031464;145 508;7;0;2;2;1;1;192 188;1;1;1;1;1978.0;5;1;2;7;2021;17;1;71;71171;2;1;1;3;46,8681760000;4,6509560000;3;2;2;0;1;1;1;0;1;50;4;Indemne
202100031465;145 505;1;0;2;1;1;5;192 185;1;1;3;2;1969.0;5;2;2;7;2021;13;1;89;89068;1;3;1;1;47,8032160000;3,7981930000;3;2;2;0;1;1;1;0;1;80;4;Blessé hospitalisé
202100031465;145 506;7;0;2;3;15;1;192 186;1;1;1;2;1934.0;5;1;2;7;2021;13;1;89;89068;1;3;1;1;47,8032160000;3,7981930000;3;2;2;0;1;1;1;0;1;80;4;Indemne
202100031466;145 504;1;0;0;0;1;5;192 184;1;1;4;1;2005.0;5;0;1;7;2021;15;1;61;61095;1;1;1;7;48,7190410000; -0,6285380000;3;2;2;0;2;1;1;0;1;80;3;Blessé léger
202100031467;145 502;1;0;2;1;1;5;192 182;1;1;4;1;1976.0;5;2;2;7;2021;16;1;12;12056;2;3;1;3;44,2771010000;2,4332360000;2;2;2;0;1;1;1;0;1;50;4;Blessé léger
202100031467;145 503;7;0;2;2;15;1;192 183;1;1;1;1;1942.0;5;1;2;7;2021;16;1;12;12056;2;3;1;3;44,2771010000;2,4332360000;2;2;2;0;1;1;1;0;1;50;4;Indemne
202100031471;145 495;1;0;2;1;25;5;192 174;1;1;3;1;2007.0;5;0;1;7;2021;17;1;31;31033;2;1;1;3;43,3489590000;1,4717010000;3;2;1;0;2;1;1;0;1;50;3;Blessé hospitalisé
202100031471;145 496;37;0;2;5;1;0;192 175;1;1;1;1;1963.0;4;1;1;7;2021;17;1;31;31033;2;1;1;3;43,3489590000;1,4717010000;3;2;1;0;2;1;1;0;1;50;3;Indemne
202100031484;145 476;21;0;2;3;15;1;192 150;1;1;1;1;1942.0;1;0;1;7;2021;19;2;04;04209;2;4;7;3;44,2179160000;5,9395000000;3;2;2;0;2;1;1;0;1;50;3;Indemne
202100031484;145 477;1;5;2;1;1;5;192 151;1;1;3;1;1993.0;5;2;1;7;2021;19;2;04;04209;2;4;7;3;44,2179160000;5,9395000000;3;2;2;0;2;1;1;0;1;50;3;Blessé hospitalisé
202100031485;145 474;7;0;9;7;2;1;192 148;1;1;1;1;1942.0;9;1;1;7;2021;08;1;27;27013;1;1;1;3;49,3114990000;1,2486170000;3;2;2;0;1;1;1;0;1;70;3;Indemne
202100031485;145 475;1;0;2;8;2;5;192 149;1;1;3;1;1948.0;5;0;1;7;2021;08;1;27;27013;1;1;1;3;49,3114990000;1,2486170000;3;2;2;0;1;1;1;0;1;70;3;Blessé hospitalisé
202100031498;145 454;1;0;2;7;1;5;192 126;1;1;2;1;1962.0;5;0;2;7;2021;14;1;21;21171;2;6;1;3;47,3035870000;5,1191730000;7;1;2;0;1;2;1;5;1;50;4;Tué
202100031498;145 455;7;0;2;1;9;1;192 127;1;1;1;1;1945.0;0;8;2;7;2021;14;1;21;21171;2;6;1;3;47,3035870000;5,1191730000;7;1;2;0;1;2;1;5;1;50;4;Indemne
202100031523;145 415;7;0;2;1;21;1;192 063;1;1;1;2;2003.0;3;1;25;6;2021;18;1;33;33238;2;1;1;1;44,7419000000; -0,5984620000;4;2;2;0;1;1;1;0;1;50;4;Indemne
202100031523;145 416;1;0;2;1;13;5;192 064;1;1;4;1;1982.0;3;0;25;6;2021;18;1;33;33238;2;1;1;1;44,7419000000; -0,5984620000;4;2;2;0;1;1;1;0;1;50;4;Blessé léger
202100031558;145 345;7;0;9;1;1;1;191 986;1;1;1;1;1985.0;0;1;28;6;2021;15;1;38;38185;2;1;1;3;45,1737800000;5,7167500000;4;3;5;1;1;1;1;0;1;50;0;Indemne
202100031558;145 346;1;0;2;1;1;5;191 987;1;1;4;1;2011.0;5;3;28;6;2021;15;1;38;38185;2;1;1;3;45,1737800000;5,7167500000;4;3;5;1;1;1;1;0;1;50;0;Blessé léger
202100031560;145 341;7;12;2;2;1;1;191 981;1;1;1;1;1964.0;5;1;30;6;2021;08;1;37;37233;2;1;1;6;47,3907150425;0,7284316421;4;2;2;0;1;1;1;0;1;50;2;Indemne
202100031560;145 342;1;0;2;1;15;5;191 982;1;1;4;1;2004.0;1;2;30;6;2021;08;1;37;37233;2;1;1;6;47,3907150425;0,7284316421;4;2;2;0;1;1;1;0;1;50;2;Blessé léger
202100031578;145 308;1;0;2;0;1;5;191 939;1;1;4;1;1978.0;1;8;28;6;2021;08;1;22;22106;2;6;1;3;48,4994900000; -2,7211200000;4;2;2;0;1;1;1;0;1;50;0;Blessé léger
202100031578;145 309;7;0;2;1;9;1;191 940;1;1;1;1;1961.0;0;8;28;6;2021;08;1;22;22106;2;6;1;3;48,4994900000; -2,7211200000;4;2;2;0;1;1;1;0;1;50;0;Indemne
202100031614;145 243;1;0;2;1;2;5;191 860;1;1;4;2;1997.0;0;1;30;6;2021;08;1;93;93048;2;1;2;2;48,8674060000;2,4421470000;3;2;2;0;1;1;2;0;1;30;2;Blessé léger
202100031614;145 244;7;0;2;6;23;1;191 861;1;1;1;1;1993.0;1;1;30;6;2021;08;1;93;93048;2;1;2;2;48,8674060000;2,4421470000;3;2;2;0;1;1;2;0;1;30;2;Indemne
202100031638;145 201;7;0;9;2;13;1;191 800;1;1;1;1;2001.0;0;1;30;6;2021;14;1;974;97414;2;1;1;2; -21,2607060000;55,4386790000;2;2;2;0;2;1;1;0;1;50;2;Indemne
202100031638;145 202;1;0;2;6;1;6;191 801;1;1;4;1;2004.0;0;0;30;6;2021;14;1;974;97414;2;1;1;2; -21,2607060000;55,4386790000;2;2;2;0;2;1;1;0;1;50;2;Blessé léger
202100031639;145 199;10;0;2;2;1;1;191 798;1;1;1;1;1992.0;5;1;29;6;2021;20;1;84;84062;1;1;1;3;43,8897420000;5,0956820000;3;2;2;0;1;1;1;0;1;80;1;Indemne
202100031639;145 200;1;0;2;1;19;5;191 799;1;1;2;2;1969.0;5;0;29;6;2021;20;1;84;84062;1;1;1;3;43,8897420000;5,0956820000;3;2;2;0;1;1;1;0;1;80;1;Tué
202100031643;145 193;7;0;2;1;1;1;191 791;1;1;1;2;1981.0;1;1;30;6;2021;05;2;79;79174;1;2;1;3;46,2368970000; -0,1568450000;3;2;2;0;1;1;1;5;1;80;2;Indemne
202100031643;145 194;1;0;2;6;15;5;191 792;1;1;3;1;2005.0;5;0;30;6;2021;05;2;79;79174;1;2;1;3;46,2368970000; -0,1568450000;3;2;2;0;1;1;1;5;1;80;2;Blessé hospitalisé
202100031644;145 191;1;0;2;1;1;5;191 789;1;1;3;2;1964.0;0;0;28;6;2021;17;1;11;11304;2;4;1;6;42,8762584577;2,1879351366;4;2;2;0;2;3;1;0;1;50;0;Blessé hospitalisé
202100031644;145 192;7;0;9;1;1;1;191 790;1;1;1;2;1964.0;9;1;28;6;2021;17;1;11;11304;2;4;1;6;42,8762584577;2,1879351366;4;2;2;0;2;3;1;0;1;50;0;Indemne
202100031655;145 171;7;0;9;3;15;0;191 764;1;1;1;2;1974.0;5;1;25;6;2021;20;1;06;06079;1;1;1;3;43,5179450000;6,9382900000;3;2;2;0;2;1;1;0;1;50;4;Indemne
202100031655;145 172;1;0;2;1;17;5;191 765;1;1;3;1;1963.0;5;2;25;6;2021;20;1;06;06079;1;1;1;3;43,5179450000;6,9382900000;3;2;2;0;2;1;1;0;1;50;4;Blessé hospitalisé
202100031661;145 161;7;0;2;1;1;1;191 754;1;1;1;1;1958.0;5;1;24;6;2021;17;1;27;27017;1;1;1;1;48,9924680000;1,1560750000;3;2;2;0;2;1;1;0;1;70;3;Indemne
202100031661;145 162;1;0;2;7;19;5;191 755;1;1;4;1;2008.0;5;0;24;6;2021;17;1;27;27017;1;1;1;1;48,9924680000;1,1560750000;3;2;2;0;2;1;1;0;1;70;3;Blessé léger
202100031665;145 154;10;0;2;8;1;1;191 746;1;1;1;2;1979.0;4;1;30;6;2021;09;1;52;52093;2;2;2;3;47,8057220000;5,4308940000;4;2;2;0;2;1;2;0;1;50;2;Indemne
202100031665;145 155;1;0;2;1;1;5;191 747;1;1;4;1;2007.0;2;2;30;6;2021;09;1;52;52093;2;2;2;3;47,8057220000;5,4308940000;4;2;2;0;2;1;2;0;1;50;2;Blessé léger
202100031684;145 123;1;0;2;1;19;5;191 696;1;1;4;1;2010.0;5;0;28;6;2021;18;1;42;42022;2;2;1;1;45,5250640000;4,2110390000;3;2;2;1;1;1;1;0;1;50;0;Blessé léger
202100031684;145 124;7;0;9;2;1;1;191 697;1;1;1;2;1958.0;1;8;28;6;2021;18;1;42;42022;2;2;1;1;45,5250640000;4,2110390000;3;2;2;1;1;1;1;0;1;50;0;Indemne
202100031701;145 093;1;0;2;7;19;6;191 653;1;1;3;1;1971.0;9;8;29;6;2021;17;1;31;31555;2;1;1;3;43,6117910000;1,4220910000;4;1;4;3;1;1;1;0;1;50;1;Blessé hospitalisé
202100031701;145 094;31;0;9;1;1;1;191 654;1;1;1;1;1998.0;1;2;29;6;2021;17;1;31;31555;2;1;1;3;43,6117910000;1,4220910000;4;1;4;3;1;1;1;0;1;50;1;Indemne
202100031733;145 035;32;0;2;1;17;1;191 571;1;1;4;1;1994.0;9;2;29;6;2021;18;1;75;75111;2;1;1;3;48,8635560000;2,3835560000;4;1;4;0;1;1;2;0;1;50;1;Blessé léger
202100031733;145 036;1;0;2;4;13;5;191 572;1;1;4;2;1983.0;9;2;29;6;2021;18;1;75;75111;2;1;1;3;48,8635560000;2,3835560000;4;1;4;0;1;1;2;0;1;50;1;Blessé léger
202100031734;145 033;7;0;2;5;22;2;191 568;3;2;1;1;1973.0;9;1;29;6;2021;23;5;75;75108;2;3;1;3;48,8755770000;2,3183750000;4;1;1;0;1;1;1;0;1;50;1;Indemne
202100031734;145 033;7;0;2;5;22;2;191 569;1;1;1;1;1981.0;4;1;29;6;2021;23;5;75;75108;2;3;1;3;48,8755770000;2,3183750000;4;1;1;0;1;1;1;0;1;50;1;Indemne
202100031734;145 034;1;0;2;7;18;5;191 570;1;1;4;1;1967.0;5;2;29;6;2021;23;5;75;75108;2;3;1;3;48,8755770000;2,3183750000;4;1;1;0;1;1;1;0;1;50;1;Blessé léger
202100031737;145 027;1;0;2;3;10;5;191 562;1;1;1;2;1990.0;9;2;29;6;2021;08;1;75;75107;2;3;2;3;48,8482810000;2,3157760000;4;2;6;1;1;1;2;0;5;50;1;Indemne
202100031737;145 028;1;0;2;1;17;5;191 563;1;1;4;1;1968.0;1;2;29;6;2021;08;1;75;75107;2;3;2;3;48,8482810000;2,3157760000;4;2;6;1;1;1;2;0;5;50;1;Blessé léger
202100031738;145 025;7;0;2;1;16;1;191 560;1;1;1;1;1968.0;1;1;29;6;2021;07;1;75;75107;2;2;2;3;48,8628600000;2,3134470000;4;2;8;0;1;1;2;2;1;50;1;Indemne
202100031738;145 026;1;0;2;7;19;5;191 561;1;1;4;1;1998.0;1;2;29;6;2021;07;1;75;75107;2;2;2;3;48,8628600000;2,3134470000;4;2;8;0;1;1;2;2;1;50;1;Blessé léger
202100031747;145 010;1;1;0;8;2;0;191 543;1;1;4;2;1980.0;4;2;29;6;2021;09;1;94;94028;2;1;3;3;48,7926100000;2,4585700000;3;3;4;0;2;1;2;0;1;50;1;Blessé léger
202100031747;145 011;10;0;2;3;23;1;191 544;1;1;1;1;1969.0;4;1;29;6;2021;09;1;94;94028;2;1;3;3;48,7926100000;2,4585700000;3;3;4;0;2;1;2;0;1;50;1;Indemne
202100031755;144 999;7;0;9;3;9;1;191 527;1;1;1;1;1977.0;1;1;29;6;2021;19;2;93;93048;2;1;2;3;48,8519700000;2,4229300000;3;1;1;2;1;1;2;9;5;30;1;Indemne
202100031755;145 000;1;0;2;1;1;0;191 528;1;1;4;2;1986.0;0;8;29;6;2021;19;2;93;93048;2;1;2;3;48,8519700000;2,4229300000;3;1;1;2;1;1;2;9;5;30;1;Blessé léger
202100031755;145 000;1;0;2;1;1;0;191 529;5;2;4;2;2019.0;0;2;29;6;2021;19;2;93;93048;2;1;2;3;48,8519700000;2,4229300000;3;1;1;2;1;1;2;9;5;30;1;Blessé léger
202100031757;144 993;10;16;2;7;7;0;191 519;2;2;1;1;2002.0;0;1;29;6;2021;06;1;93;93008;2;1;1;3;48,8999900000;2,4495800000;3;1;2;1;1;1;1;0;5;50;1;Indemne
202100031757;144 993;10;16;2;7;7;0;191 520;1;1;1;1;1990.0;0;1;29;6;2021;06;1;93;93008;2;1;1;3;48,8999900000;2,4495800000;3;1;2;1;1;1;1;0;5;50;1;Indemne
202100031757;144 993;10;16;2;7;7;0;191 521;3;2;1;1;1993.0;0;1;29;6;2021;06;1;93;93008;2;1;1;3;48,8999900000;2,4495800000;3;1;2;1;1;1;1;0;5;50;1;Indemne
202100031757;144 994;1;0;2;8;7;5;191 522;1;1;3;1;1984.0;0;8;29;6;2021;06;1;93;93008;2;1;1;3;48,8999900000;2,4495800000;3;1;2;1;1;1;1;0;5;50;1;Blessé hospitalisé
202100031761;144 988;1;0;0;0;25;5;191 513;1;1;4;1;1992.0;0;8;29;6;2021;09;1;92;92040;2;6;2;7;48,8214070000;2,2502910000;3;1;2;1;1;3;2;0;5;50;1;Blessé léger
202100031771;144 971;1;0;2;6;2;5;191 492;1;1;1;1;2007.0;5;0;28;6;2021;13;1;87;87038;1;1;1;3;45,9173180000;1,2336280000;3;2;2;0;2;1;1;0;1;70;0;Indemne
202100031771;144 972;1;0;2;2;2;5;191 493;1;1;3;1;2007.0;5;0;28;6;2021;13;1;87;87038;1;1;1;3;45,9173180000;1,2336280000;3;2;2;0;2;1;1;0;1;70;0;Blessé hospitalisé
202100031774;144 966;7;0;2;2;1;1;191 484;1;1;1;1;1970.0;5;1;30;6;2021;18;1;77;77242;2;3;1;3;48,4986030000;3,2342080000;4;2;2;0;1;1;1;0;1;50;2;Indemne
202100031774;144 967;1;0;2;3;1;5;191 485;1;1;4;1;2011.0;5;0;30;6;2021;18;1;77;77242;2;3;1;3;48,4986030000;3,2342080000;4;2;2;0;1;1;1;0;1;50;2;Blessé léger
202100031817;144 882;1;0;2;8;9;6;191 378;1;1;4;1;2003.0;0;8;28;6;2021;16;1;976;97611;2;1;1;3; -12,7926900000;45,2175800000;4;2;0;0;1;1;1;0;1;50;0;Blessé léger
202100031817;144 883;32;0;2;1;1;1;191 379;1;1;4;1;1998.0;0;2;28;6;2021;16;1;976;97611;2;1;1;3; -12,7926900000;45,2175800000;4;2;0;0;1;1;1;0;1;50;0;Blessé léger
202100031829;144 860;99;0;9;3;26;1;191 350;1;1;1;1;1985.0;4;8;28;6;2021;12;1;91;91421;2;9;1;3;48,7056000000;2,4397000000;3;2;2;0;1;1;1;0;4;50;0;Indemne
202100031829;144 861;1;0;2;1;25;0;191 351;1;1;4;1;1967.0;0;8;28;6;2021;12;1;91;91421;2;9;1;3;48,7056000000;2,4397000000;3;2;2;0;1;1;1;0;4;50;0;Blessé léger
202100031849;144 824;7;0;2;5;9;1;191 303;1;1;1;1;1955.0;0;8;28;6;2021;08;1;69;69266;2;3;2;3;45,7625326961;4,8785197735;4;1;1;1;1;1;2;0;5;50;0;Indemne
202100031849;144 825;1;0;2;5;0;5;191 304;1;1;4;2;1994.0;1;2;28;6;2021;08;1;69;69266;2;3;2;3;45,7625326961;4,8785197735;4;1;1;1;1;1;2;0;5;50;0;Blessé léger
202100031850;144 822;7;0;2;1;9;1;191 301;1;1;1;2;1995.0;0;1;26;6;2021;11;1;67;67482;2;1;1;3;48,5960100000;7,7002900000;4;1;1;1;1;1;1;9;5;30;5;Indemne
202100031850;144 823;1;0;2;7;1;0;191 302;1;1;4;1;1993.0;0;8;26;6;2021;11;1;67;67482;2;1;1;3;48,5960100000;7,7002900000;4;1;1;1;1;1;1;9;5;30;5;Blessé léger
202100031869;144 788;1;0;2;7;1;0;191 259;1;1;3;1;2007.0;0;8;19;6;2021;12;1;42;42218;2;1;1;3;45,4503011816;4,4154333004;4;2;2;0;1;1;1;0;1;50;5;Blessé hospitalisé
202100031869;144 789;7;0;2;7;9;1;191 260;1;1;1;2;1993.0;0;1;19;6;2021;12;1;42;42218;2;1;1;3;45,4503011816;4,4154333004;4;2;2;0;1;1;1;0;1;50;5;Indemne
202100031872;144 783;7;0;2;1;1;1;191 248;1;1;1;1;1986.0;1;1;28;6;2021;17;1;37;37233;2;3;2;6;47,3768501677;0,7372869551;4;2;2;0;1;1;2;0;1;50;0;Indemne
202100031872;144 784;1;0;2;1;1;5;191 249;1;1;4;1;2005.0;2;2;28;6;2021;17;1;37;37233;2;3;2;6;47,3768501677;0,7372869551;4;2;2;0;1;1;2;0;1;50;0;Blessé léger
202100031873;144 782;1;1;1;1;21;5;191 246;10;3;3;2;1946.0;0;0;8;6;2021;09;1;35;35288;2;1;1;6;48,6543400000; -2,0092600000;3;2;2;2;1;1;1;0;1;50;1;Blessé hospitalisé
202100031873;144 782;1;1;1;1;21;5;191 247;1;1;4;2;1999.0;5;8;8;6;2021;09;1;35;35288;2;1;1;6;48,6543400000; -2,0092600000;3;2;2;2;1;1;1;0;1;50;1;Blessé léger
202100031880;144 768;1;0;2;2;0;0;191 230;1;1;3;2;1989.0;0;8;21;6;2021;19;1;17;17299;2;6;1;3;45,9433700000; -0,9602200000;3;1;2;0;1;1;1;0;1;50;0;Blessé hospitalisé
202100031880;144 769;7;0;2;1;9;1;191 231;1;1;1;1;1949.0;0;1;21;6;2021;19;1;17;17299;2;6;1;3;45,9433700000; -0,9602200000;3;1;2;0;1;1;1;0;1;50;0;Indemne
202100031904;144 725;7;0;2;2;1;1;191 175;1;1;1;1;1971.0;5;1;28;6;2021;20;2;75;75113;2;2;2;3;48,8286350000;2,3699230000;4;2;2;0;1;1;2;0;1;50;0;Indemne
202100031904;144 726;80;0;2;7;1;3;191 176;1;1;4;1;1998.0;4;8;28;6;2021;20;2;75;75113;2;2;2;3;48,8286350000;2,3699230000;4;2;2;0;1;1;2;0;1;50;0;Blessé léger
202100031907;144 718;7;0;2;5;1;1;191 168;1;1;1;1;1965.0;4;1;28;6;2021;14;1;75;75108;2;7;1;3;48,8666150000;2,3219610000;4;2;4;0;1;1;1;0;1;50;0;Indemne
202100031907;144 719;1;0;2;8;1;5;191 169;1;1;4;2;1989.0;9;2;28;6;2021;14;1;75;75108;2;7;1;3;48,8666150000;2,3219610000;4;2;4;0;1;1;1;0;1;50;0;Blessé léger
202100031918;144 695;1;0;2;7;9;6;191 141;1;1;3;1;1993.0;0;8;28;6;2021;17;1;93;93048;2;2;1;3;48,8507600000;2,4182700000;4;2;2;0;1;1;1;0;1;50;0;Blessé hospitalisé
202100031918;144 696;99;0;2;1;9;0;191 142;1;1;1;1;1984.0;0;1;28;6;2021;17;1;93;93048;2;2;1;3;48,8507600000;2,4182700000;4;2;2;0;1;1;1;0;1;50;0;Indemne
202100031923;144 685;1;0;2;1;2;0;191 131;1;1;4;1;2002.0;5;8;28;6;2021;16;1;92;92051;2;1;1;2;48,8823256710;2,2804757953;4;1;1;0;1;1;1;0;1;50;0;Blessé léger
202100031923;144 686;3;0;2;4;23;0;191 132;1;1;1;1;1978.0;4;1;28;6;2021;16;1;92;92051;2;1;1;2;48,8823256710;2,2804757953;4;1;1;0;1;1;1;0;1;50;0;Indemne
202100031930;144 672;80;0;2;8;9;3;191 117;1;1;4;1;1957.0;5;2;8;6;2021;10;1;66;66021;2;6;1;3;42,7211800000;2,9322870000;3;4;2;1;1;1;1;5;1;50;1;Blessé léger
202100031930;144 673;7;0;9;2;16;1;191 118;1;1;1;1;1954.0;5;1;8;6;2021;10;1;66;66021;2;6;1;3;42,7211800000;2,9322870000;3;4;2;1;1;1;1;5;1;50;1;Indemne
202100031952;144 628;31;0;2;5;2;1;191 057;1;1;1;1;1989.0;9;2;27;6;2021;21;1;75;75111;2;3;1;2;48,8661880000;2,3712290000;4;1;1;2;2;1;1;0;1;50;6;Indemne
202100031952;144 629;1;0;2;5;2;5;191 058;1;1;4;1;1961.0;9;2;27;6;2021;21;1;75;75111;2;3;1;2;48,8661880000;2,3712290000;4;1;1;2;2;1;1;0;1;50;6;Blessé léger
202100031976;144 588;1;0;2;1;5;5;190 989;1;1;3;2;1962.0;5;8;27;6;2021;12;1;34;34003;2;3;1;1;43,2861100000;3,4450500000;4;1;1;0;1;1;1;0;1;50;6;Blessé hospitalisé
202100031976;144 589;7;0;2;1;15;1;190 990;1;1;1;2;1950.0;5;1;27;6;2021;12;1;34;34003;2;3;1;1;43,2861100000;3,4450500000;4;1;1;0;1;1;1;0;1;50;6;Indemne
202100031977;144 586;7;0;2;1;15;0;190 987;1;1;1;1;1960.0;0;1;27;6;2021;19;1;33;33063;2;3;8;3;44,8287980000; -0,5687670000;4;2;2;2;1;1;2;0;1;50;6;Indemne
202100031977;144 587;1;0;2;1;1;5;190 988;1;1;4;1;1990.0;4;8;27;6;2021;19;1;33;33063;2;3;8;3;44,8287980000; -0,5687670000;4;2;2;2;1;1;2;0;1;50;6;Blessé léger
202100032029;144 496;1;0;0;0;1;5;190 851;1;1;3;1;1998.0;5;2;28;6;2021;17;1;14;14399;1;1;1;7;49,2612080000;0,2444700000;3;2;2;0;2;1;1;0;3;80;0;Blessé hospitalisé
202100032081;144 405;1;8;2;1;15;5;190 713;1;1;3;1;2004.0;0;2;25;6;2021;18;1;69;69149;2;2;1;3;45,7243026945;4,7806942463;7;2;3;2;1;1;1;5;1;50;4;Blessé hospitalisé
202100032081;144 406;7;8;2;3;1;1;190 714;1;1;1;2;1991.0;0;8;25;6;2021;18;1;69;69149;2;2;1;3;45,7243026945;4,7806942463;7;2;3;2;1;1;1;5;1;50;4;Indemne
202100032133;144 310;1;0;2;1;1;5;190 580;1;1;4;1;1951.0;5;2;25;6;2021;12;1;75;75116;2;5;1;3;48,8597160000;2,2790270000;4;2;2;0;1;1;1;0;1;50;4;Blessé léger
202100032133;144 311;7;0;2;3;15;1;190 581;1;1;1;1;1968.0;1;1;25;6;2021;12;1;75;75116;2;5;1;3;48,8597160000;2,2790270000;4;2;2;0;1;1;1;0;1;50;4;Indemne
202100032140;144 298;1;0;2;3;23;5;190 562;1;1;1;2;1965.0;9;2;25;6;2021;18;1;75;75111;2;3;1;5;48,8594910000;2,3676130000;4;2;4;0;1;1;1;0;1;50;4;Indemne
202100032140;144 299;33;0;2;1;1;0;190 563;1;1;4;1;2000.0;9;2;25;6;2021;18;1;75;75111;2;3;1;5;48,8594910000;2,3676130000;4;2;4;0;1;1;1;0;1;50;4;Blessé léger
202100032140;144 300;7;0;2;2;15;1;190 564;1;1;1;1;1954.0;5;1;25;6;2021;18;1;75;75111;2;3;1;5;48,8594910000;2,3676130000;4;2;4;0;1;1;1;0;1;50;4;Indemne
202100032188;144 224;7;0;2;3;1;1;190 456;1;1;1;2;1963.0;5;1;26;6;2021;13;1;18;18141;2;1;8;1;47,1159560000;2,2093840000;4;2;1;0;1;2;1;0;1;50;5;Indemne
202100032188;144 225;1;0;2;1;1;5;190 457;1;1;3;2;1956.0;5;2;26;6;2021;13;1;18;18141;2;1;8;1;47,1159560000;2,2093840000;4;2;1;0;1;2;1;0;1;50;5;Blessé hospitalisé
202100032205;144 195;1;0;0;8;2;5;190 411;1;1;2;1;1962.0;5;2;27;6;2021;07;1;971;97106;1;1;1;3;16,1828440000; -61,7821370000;2;2;2;0;3;4;1;0;1;70;6;Tué
202100032205;144 196;7;6;0;7;17;1;190 412;1;1;1;1;1991.0;5;8;27;6;2021;07;1;971;97106;1;1;1;3;16,1828440000; -61,7821370000;2;2;2;0;3;4;1;0;1;70;6;Indemne
202100032215;144 178;7;0;2;3;2;2;190 389;1;1;1;2;1956.0;9;1;26;6;2021;16;1;26;26206;1;1;1;2;44,8536020000;5,0072660000;3;2;2;0;1;1;1;0;1;80;5;Indemne