Num_Acc;id_vehicule;catv;obs;obsm;choc;manv;motor;id_usager;place;catu;grav;sexe;an_nais;trajet;secu1;jour;mois;an;hrmn;lum;dep;com;agg;int;atm;col;lat;long;catr;circ;nbv;vosp;prof;plan;surf;infra;situ;vma;day_of_week;gravity
202100032215;144 179;1;0;2;4;2;5;190 390;1;1;3;2;1992.0;5;2;26;6;2021;16;1;26;26206;1;1;1;2;44,8536020000;5,0072660000;3;2;2;0;1;1;1;0;1;80;5;Blessé hospitalisé
202100032257;144 105;1;0;2;2;0;0;190 286;1;1;4;1;1955.0;0;2;25;6;2021;10;1;69;69115;1;6;1;1;45,9731500000;4,7172600000;3;1;1;0;1;2;1;0;1;50;4;Blessé léger
202100032257;144 106;7;0;2;3;9;1;190 287;1;1;1;1;1956.0;0;1;25;6;2021;10;1;69;69115;1;6;1;1;45,9731500000;4,7172600000;3;1;1;0;1;2;1;0;1;50;4;Indemne
202100032260;144 100;80;0;2;0;0;3;190 280;1;1;4;1;1944.0;5;2;25;6;2021;09;1;64;64269;2;2;1;3;43,3000000000; -0,2990000000;4;2;2;1;1;1;1;0;1;30;4;Blessé léger
202100032260;144 101;10;0;2;1;1;1;190 281;1;1;1;1;1961.0;4;1;25;6;2021;09;1;64;64269;2;2;1;3;43,3000000000; -0,2990000000;4;2;2;1;1;1;1;0;1;30;4;Indemne
202100032261;144 098;1;0;2;1;1;5;190 278;1;1;4;1;1979.0;4;2;25;6;2021;08;1;64;64445;2;6;1;3;43,3130000000; -0,3689800000;4;1;2;0;1;2;1;0;1;50;4;Blessé léger
202100032261;144 099;7;0;2;3;9;2;190 279;1;1;1;1;1982.0;4;1;25;6;2021;08;1;64;64445;2;6;1;3;43,3130000000; -0,3689800000;4;1;2;0;1;2;1;0;1;50;4;Indemne
202100032265;144 089;1;0;0;0;1;5;190 263;1;1;1;1;2006.0;0;0;18;6;2021;17;1;59;59328;2;1;1;5;50,6521000000;3,0405800000;4;2;2;0;1;2;1;0;1;50;4;Indemne
202100032265;144 090;1;0;2;4;1;5;190 264;1;1;4;1;2001.0;0;0;18;6;2021;17;1;59;59328;2;1;1;5;50,6521000000;3,0405800000;4;2;2;0;1;2;1;0;1;50;4;Blessé léger
202100032265;144 091;7;0;2;1;17;1;190 265;1;1;1;1;1947.0;0;8;18;6;2021;17;1;59;59328;2;1;1;5;50,6521000000;3,0405800000;4;2;2;0;1;2;1;0;1;50;4;Indemne
202100032267;144 084;1;0;2;1;1;5;190 258;1;1;3;1;1994.0;5;8;24;6;2021;12;1;57;57463;2;2;2;3;49,1117100000;6,1710700000;4;2;6;0;1;1;2;0;1;50;3;Blessé hospitalisé
202100032267;144 085;7;0;2;5;16;1;190 259;1;1;1;2;1998.0;0;1;24;6;2021;12;1;57;57463;2;2;2;3;49,1117100000;6,1710700000;4;2;6;0;1;1;2;0;1;50;3;Indemne
202100032269;144 080;1;0;2;4;1;5;190 253;1;1;4;2;1949.0;5;2;24;6;2021;14;1;56;56121;2;3;1;2;47,7511800000; -3,3580200000;4;2;2;0;1;1;1;0;1;30;3;Blessé léger
202100032269;144 081;7;0;2;1;2;1;190 254;1;1;1;1;1990.0;1;1;24;6;2021;14;1;56;56121;2;3;1;2;47,7511800000; -3,3580200000;4;2;2;0;1;1;1;0;1;30;3;Indemne
202100032283;144 054;7;0;2;3;15;1;190 216;1;1;1;1;2001.0;0;1;25;6;2021;21;1;33;33063;2;1;1;3;44,8786500000; -0,5686200000;4;2;3;0;1;1;1;0;1;50;4;Indemne
202100032283;144 055;1;0;2;1;1;5;190 217;1;1;4;1;1990.0;4;8;25;6;2021;21;1;33;33063;2;1;1;3;44,8786500000; -0,5686200000;4;2;3;0;1;1;1;0;1;50;4;Blessé léger
202100032289;144 043;7;0;2;6;1;1;190 201;1;1;1;1;1997.0;9;1;15;6;2021;17;1;29;29019;2;3;1;3;48,3909027428; -4,5061773969;4;2;2;0;1;1;1;0;1;30;1;Indemne
202100032289;144 044;1;0;2;1;25;5;190 202;1;1;4;1;2006.0;5;8;15;6;2021;17;1;29;29019;2;3;1;3;48,3909027428; -4,5061773969;4;2;2;0;1;1;1;0;1;30;1;Blessé léger
202100032300;144 021;1;0;2;0;0;5;190 177;1;1;4;1;2003.0;5;8;25;6;2021;21;1;08;08409;2;9;1;3;49,7021800000;4,9445600000;3;2;2;1;1;1;1;0;1;50;4;Blessé léger
202100032300;144 022;7;0;2;1;15;1;190 178;1;1;1;1;1994.0;5;1;25;6;2021;21;1;08;08409;2;9;1;3;49,7021800000;4,9445600000;3;2;2;1;1;1;1;0;1;50;4;Indemne
202100032302;144 017;7;0;2;2;2;2;190 173;1;1;1;1;1975.0;5;1;22;6;2021;13;1;06;06004;1;1;1;2;43,5957750000;7,1254200000;3;2;2;2;1;1;1;0;5;70;1;Indemne
202100032302;144 018;1;0;2;4;2;0;190 174;1;1;3;1;1964.0;1;2;22;6;2021;13;1;06;06004;1;1;1;2;43,5957750000;7,1254200000;3;2;2;2;1;1;1;0;5;70;1;Blessé hospitalisé
202100032311;144 002;1;1;0;1;14;5;190 155;1;1;4;1;1973.0;1;2;25;6;2021;19;1;75;75105;2;3;8;6;48,8389200000;2,3532380000;4;2;2;0;1;1;1;0;1;30;4;Blessé léger
202100032317;143 992;37;0;2;2;7;1;190 144;1;1;1;1;1992.0;4;1;25;6;2021;20;1;75;75109;2;2;1;3;48,8837590000;2,3322820000;4;3;2;3;1;1;1;0;6;50;4;Indemne
202100032317;143 993;1;0;2;3;13;5;190 145;1;1;4;2;1973.0;9;2;25;6;2021;20;1;75;75109;2;2;1;3;48,8837590000;2,3322820000;4;3;2;3;1;1;1;0;6;50;4;Blessé léger
202100032322;143 983;1;0;1;1;1;5;190 133;10;3;4;2;1968.0;3;0;25;6;2021;17;1;75;75113;2;2;1;6;48,8257090000;2,3484060000;4;2;3;0;1;1;1;0;1;50;4;Blessé léger
202100032322;143 983;1;0;1;1;1;5;190 134;1;1;1;1;1987.0;5;2;25;6;2021;17;1;75;75113;2;2;1;6;48,8257090000;2,3484060000;4;2;3;0;1;1;1;0;1;50;4;Indemne
202100032326;143 976;7;0;2;6;22;1;190 125;4;2;1;1;1992.0;9;1;25;6;2021;15;1;75;75110;2;1;2;3;48,8713700000;2,3554330000;4;1;3;1;1;1;2;0;5;50;4;Indemne
202100032326;143 976;7;0;2;6;22;1;190 126;1;1;1;2;1974.0;4;1;25;6;2021;15;1;75;75110;2;1;2;3;48,8713700000;2,3554330000;4;1;3;1;1;1;2;0;5;50;4;Indemne
202100032326;143 977;1;0;2;2;1;5;190 127;1;1;4;2;1970.0;9;2;25;6;2021;15;1;75;75110;2;1;2;3;48,8713700000;2,3554330000;4;1;3;1;1;1;2;0;5;50;4;Blessé léger
202100032366;143 911;80;0;0;0;15;3;190 037;1;1;2;1;1975.0;5;0;20;6;2021;16;1;67;67403;1;1;2;7;48,8086020000;7,5631860000;3;2;2;0;2;2;2;0;3;80;6;Tué
202100032367;143 909;1;0;2;8;16;5;190 035;1;1;3;2;2011.0;5;2;23;6;2021;13;1;67;67383;2;3;1;3;48,6655460000;7,4763840000;3;2;2;0;2;1;1;0;1;50;2;Blessé hospitalisé
202100032367;143 910;10;0;9;1;1;1;190 036;1;1;1;1;1992.0;4;1;23;6;2021;13;1;67;67383;2;3;1;3;48,6655460000;7,4763840000;3;2;2;0;2;1;1;0;1;50;2;Indemne
202100032382;143 886;1;0;5;0;21;5;190 001;1;1;4;1;1976.0;5;8;25;6;2021;15;1;65;65192;1;1;1;6;42,7363990000; -0,0270690000;3;2;2;0;2;4;1;0;1;70;4;Blessé léger
202100032385;143 881;7;0;2;1;17;1;189 995;2;2;1;1;1980.0;5;1;26;6;2021;09;1;42;42192;1;1;1;2;45,3840140000;4,1287140000;7;2;2;0;1;1;1;0;1;80;5;Indemne
202100032385;143 881;7;0;2;1;17;1;189 996;1;1;1;2;1973.0;5;1;26;6;2021;09;1;42;42192;1;1;1;2;45,3840140000;4,1287140000;7;2;2;0;1;1;1;0;1;80;5;Indemne
202100032385;143 882;1;0;0;4;1;5;189 997;1;1;3;1;1950.0;5;2;26;6;2021;09;1;42;42192;1;1;1;2;45,3840140000;4,1287140000;7;2;2;0;1;1;1;0;1;80;5;Blessé hospitalisé
202100032387;143 879;1;0;0;7;1;5;189 992;1;1;4;2;2009.0;5;2;2;6;2021;16;1;22;22248;2;9;1;7;48,6192150000; -3,0871210000;3;2;2;0;1;1;1;0;1;50;2;Blessé léger
202100032393;143 871;1;0;0;0;1;5;189 980;1;1;3;1;1947.0;5;2;26;6;2021;11;1;15;15076;1;1;1;7;44,8620710000;2,1758510000;3;2;2;0;2;2;1;0;1;90;5;Blessé hospitalisé
202100032399;143 860;7;0;2;1;17;1;189 962;1;1;1;2;2000.0;5;1;26;6;2021;11;1;37;37130;1;2;1;3;47,0164326224;0,8417402208;3;2;1;0;1;1;1;0;1;80;5;Indemne
202100032399;143 860;7;0;2;1;17;1;189 963;8;2;1;2;1972.0;5;1;26;6;2021;11;1;37;37130;1;2;1;3;47,0164326224;0,8417402208;3;2;1;0;1;1;1;0;1;80;5;Indemne
202100032399;143 860;7;0;2;1;17;1;189 964;2;2;1;2;2001.0;5;1;26;6;2021;11;1;37;37130;1;2;1;3;47,0164326224;0,8417402208;3;2;1;0;1;1;1;0;1;80;5;Indemne
202100032399;143 861;1;0;2;4;15;5;189 965;1;1;4;1;2011.0;5;2;26;6;2021;11;1;37;37130;1;2;1;3;47,0164326224;0,8417402208;3;2;1;0;1;1;1;0;1;80;5;Blessé léger
202100032407;143 846;1;0;2;1;16;5;189 942;1;1;4;1;2010.0;5;0;25;6;2021;18;1;973;97311;2;1;1;3;5,4701752597; -54,0339730807;4;2;2;0;1;1;1;0;1;50;4;Blessé léger
202100032407;143 847;7;0;9;3;1;1;189 943;1;1;1;1;1989.0;0;1;25;6;2021;18;1;973;97311;2;1;1;3;5,4701752597; -54,0339730807;4;2;2;0;1;1;1;0;1;50;4;Indemne
202100032409;143 842;7;0;2;3;21;1;189 938;1;1;1;1;1982.0;1;1;25;6;2021;16;1;84;84141;1;1;1;2;43,9677570000;4,9214950000;3;2;1;0;1;1;1;0;1;80;4;Indemne
202100032409;143 843;1;0;2;4;26;5;189 939;1;1;3;1;1975.0;5;2;25;6;2021;16;1;84;84141;1;1;1;2;43,9677570000;4,9214950000;3;2;1;0;1;1;1;0;1;80;4;Blessé hospitalisé
202100032415;143 833;1;0;2;8;15;5;189 928;1;1;4;1;2006.0;5;0;25;6;2021;13;1;42;42174;1;3;1;3;45,7377150000;4,1635310000;3;2;2;0;1;1;1;0;1;80;4;Blessé léger
202100032415;143 834;7;0;9;3;17;0;189 929;1;1;1;1;1990.0;5;1;25;6;2021;13;1;42;42174;1;3;1;3;45,7377150000;4,1635310000;3;2;2;0;1;1;1;0;1;80;4;Indemne
202100032416;143 830;7;0;2;1;1;1;189 925;1;1;4;2;1969.0;5;1;26;6;2021;17;1;38;38382;2;1;1;2;45,2357680000;5,6755010000;7;1;1;1;1;1;1;0;1;50;5;Blessé léger
202100032416;143 831;7;0;0;4;23;1;189 926;1;1;4;1;1984.0;1;1;26;6;2021;17;1;38;38382;2;1;1;2;45,2357680000;5,6755010000;7;1;1;1;1;1;1;0;1;50;5;Blessé léger
202100032416;143 832;1;0;2;2;1;5;189 927;1;1;4;1;1960.0;5;2;26;6;2021;17;1;38;38382;2;1;1;2;45,2357680000;5,6755010000;7;1;1;1;1;1;1;0;1;50;5;Blessé léger
202100032446;143 780;7;0;2;6;15;1;189 859;1;1;1;1;1991.0;5;1;23;6;2021;17;1;69;69286;2;3;1;3;45,8132600000;4,8875200000;7;2;3;0;1;1;1;0;1;50;2;Indemne
202100032446;143 781;80;0;2;1;1;3;189 860;1;1;4;1;1945.0;5;2;23;6;2021;17;1;69;69286;2;3;1;3;45,8132600000;4,8875200000;7;2;3;0;1;1;1;0;1;50;2;Blessé léger
202100032456;143 762;1;0;2;8;1;5;189 835;2;1;4;1;2002.0;5;8;24;6;2021;19;1;91;91471;2;1;1;3;48,7004200000;2,1917100000;2;2;2;1;1;3;1;3;1;50;3;Blessé léger
202100032456;143 763;7;0;2;1;16;1;189 836;1;1;1;1;1974.0;0;1;24;6;2021;19;1;91;91471;2;1;1;3;48,7004200000;2,1917100000;2;2;2;1;1;3;1;3;1;50;3;Indemne
202100032459;143 759;1;0;1;1;2;5;189 829;1;1;3;1;1943.0;5;2;23;6;2021;18;1;91;91223;1;1;1;6;48,4470000000;2,1379500000;4;2;2;1;2;2;1;0;3;70;2;Blessé hospitalisé
202100032459;143 759;1;0;1;1;2;5;189 830;10;3;1;1;1991.0;0;0;23;6;2021;18;1;91;91223;1;1;1;6;48,4470000000;2,1379500000;4;2;2;1;2;2;1;0;3;70;2;Indemne
202100032466;143 746;1;0;2;7;25;5;189 813;1;1;3;1;1958.0;3;2;23;6;2021;15;1;78;78640;2;1;1;3;48,7854000000;2,2184700000;4;1;2;0;1;1;1;9;4;50;2;Blessé hospitalisé
202100032466;143 747;7;0;2;7;9;1;189 814;1;1;1;1;1958.0;1;1;23;6;2021;15;1;78;78640;2;1;1;3;48,7854000000;2,2184700000;4;1;2;0;1;1;1;9;4;50;2;Indemne
202100032468;143 737;1;1;0;1;1;5;189 801;1;1;3;2;1983.0;0;8;23;6;2021;08;1;72;72181;2;1;1;3;48,0090000000;0,1890000000;4;2;2;0;1;1;1;0;1;50;2;Blessé hospitalisé
202100032468;143 738;7;0;2;3;22;1;189 802;1;1;1;1;1969.0;0;8;23;6;2021;08;1;72;72181;2;1;1;3;48,0090000000;0,1890000000;4;2;2;0;1;1;1;0;1;50;2;Indemne
202100032471;143 731;1;2;4;1;19;5;189 795;1;1;4;2;1997.0;0;8;23;6;2021;17;1;67;67482;2;8;8;3;48,5773650000;7,7692260000;4;2;6;1;1;1;1;4;6;50;2;Blessé léger
202100032471;143 732;40;0;2;2;1;3;189 796;1;1;1;1;1975.0;4;1;23;6;2021;17;1;67;67482;2;8;8;3;48,5773650000;7,7692260000;4;2;6;1;1;1;1;4;6;50;2;Indemne
202100032480;143 716;1;0;1;2;25;5;189 775;10;3;4;1;1963.0;4;0;22;6;2021;16;1;54;54483;2;1;1;6;48,6323100000;6,3069400000;3;1;1;0;2;1;1;9;4;30;1;Blessé léger
202100032480;143 716;1;0;1;2;25;5;189 776;1;1;1;1;1963.0;0;8;22;6;2021;16;1;54;54483;2;1;1;6;48,6323100000;6,3069400000;3;1;1;0;2;1;1;9;4;30;1;Indemne
202100032481;143 711;7;0;9;1;1;1;189 770;1;1;1;2;1970.0;1;1;23;6;2021;09;1;47;47001;2;2;1;3;44,1940200000;0,6409000000;4;1;1;0;1;1;1;0;1;50;2;Indemne
202100032481;143 712;1;0;2;8;9;6;189 771;1;1;4;1;1947.0;0;8;23;6;2021;09;1;47;47001;2;2;1;3;44,1940200000;0,6409000000;4;1;1;0;1;1;1;0;1;50;2;Blessé léger
202100032495;143 684;1;0;2;1;1;5;189 738;1;1;4;1;2008.0;5;2;23;6;2021;16;1;22;22106;2;1;1;3;48,4948020000; -2,7152470000;3;2;2;0;1;1;1;0;4;50;2;Blessé léger
202100032495;143 685;7;0;2;7;26;1;189 739;1;1;1;2;1995.0;5;1;23;6;2021;16;1;22;22106;2;1;1;3;48,4948020000; -2,7152470000;3;2;2;0;1;1;1;0;4;50;2;Indemne
202100032497;143 680;1;0;2;6;19;5;189 734;1;1;4;1;1990.0;5;2;4;6;2021;16;1;22;22278;2;1;1;2;48,5114587550; -2,7856349945;3;2;2;0;1;1;1;0;1;50;4;Blessé léger
202100032497;143 681;7;0;2;1;1;1;189 735;1;1;1;1;1967.0;1;1;4;6;2021;16;1;22;22278;2;1;1;2;48,5114587550; -2,7856349945;3;2;2;0;1;1;1;0;1;50;4;Indemne
202100032498;143 678;1;0;2;8;0;5;189 732;1;1;4;1;1980.0;0;0;18;6;2021;14;1;18;18279;2;3;1;3;47,2100000000;2,0600000000;4;2;2;0;1;1;1;0;1;50;4;Blessé léger
202100032498;143 679;7;0;2;1;19;1;189 733;1;1;1;1;1996.0;0;1;18;6;2021;14;1;18;18279;2;3;1;3;47,2100000000;2,0600000000;4;2;2;0;1;1;1;0;1;50;4;Indemne
202100032499;143 676;7;0;2;3;9;1;189 730;1;1;1;1;1949.0;5;8;24;6;2021;08;1;17;17333;2;6;1;3;45,6128510000; -0,9911810000;4;3;2;0;1;2;1;0;1;30;3;Indemne
202100032499;143 677;1;0;2;7;2;5;189 731;1;1;4;1;2004.0;1;8;24;6;2021;08;1;17;17333;2;6;1;3;45,6128510000; -0,9911810000;4;3;2;0;1;2;1;0;1;30;3;Blessé léger
202100032508;143 659;1;0;0;0;21;5;189 710;1;1;4;1;1979.0;9;8;24;6;2021;16;1;75;75119;2;1;1;7;48,8756700000;2,3730170000;4;1;1;1;1;1;1;0;5;50;3;Blessé léger
202100032511;143 654;7;0;2;5;16;1;189 704;1;1;1;1;1959.0;1;1;23;6;2021;20;1;75;75116;2;2;1;3;48,8752220000;2,2795170000;4;2;4;3;1;3;1;0;6;50;2;Indemne
202100032511;143 655;1;0;2;6;7;5;189 705;1;1;4;1;1973.0;9;2;23;6;2021;20;1;75;75116;2;2;1;3;48,8752220000;2,2795170000;4;2;4;3;1;3;1;0;6;50;2;Blessé léger
202100032517;143 641;1;0;2;2;17;5;189 690;1;1;4;2;1994.0;1;2;23;6;2021;08;1;75;75113;2;2;2;3;48,8191470000;2,3594910000;4;3;2;1;2;3;2;0;5;30;2;Blessé léger
202100032517;143 642;1;0;2;3;13;5;189 691;1;1;1;1;1960.0;5;2;23;6;2021;08;1;75;75113;2;2;2;3;48,8191470000;2,3594910000;4;3;2;1;2;3;2;0;5;30;2;Indemne
202100032519;143 638;1;0;2;1;1;5;189 687;1;1;4;2;1965.0;9;2;23;6;2021;23;5;75;75111;2;2;1;3;48,8629650000;2,3871930000;4;2;4;1;2;1;1;0;5;30;2;Blessé léger
202100032519;143 639;1;0;2;0;10;5;189 688;1;1;1;1;2003.0;9;2;23;6;2021;23;5;75;75111;2;2;1;3;48,8629650000;2,3871930000;4;2;4;1;2;1;1;0;5;30;2;Indemne
202100032540;143 604;7;0;2;1;17;1;189 642;1;1;1;1;1963.0;1;1;24;6;2021;16;1;92;92019;2;1;1;3;48,7708468596;2,2850275040;4;3;2;0;1;1;1;0;1;50;3;Indemne
202100032540;143 605;1;0;2;8;19;0;189 643;1;1;3;1;1963.0;0;2;24;6;2021;16;1;92;92019;2;1;1;3;48,7708468596;2,2850275040;4;3;2;0;1;1;1;0;1;50;3;Blessé hospitalisé
202100032546;143 593;1;3;0;0;1;5;189 629;1;1;2;1;1959.0;5;2;24;6;2021;13;1;26;26301;1;3;2;3;45,1196520000;4,9972720000;3;2;2;0;4;1;2;0;1;70;3;Tué
202100032546;143 594;15;0;0;0;1;1;189 630;1;1;1;1;1993.0;4;1;24;6;2021;13;1;26;26301;1;3;2;3;45,1196520000;4,9972720000;3;2;2;0;4;1;2;0;1;70;3;Indemne
202100032562;143 565;7;0;2;3;22;1;189 593;1;1;1;1;1934.0;3;0;25;6;2021;10;1;63;63295;2;1;1;3;46,0139300000;3,3535230000;3;2;2;0;1;1;1;0;1;50;4;Indemne
202100032562;143 566;80;1;0;1;22;3;189 594;1;1;2;1;1938.0;5;0;25;6;2021;10;1;63;63295;2;1;1;3;46,0139300000;3,3535230000;3;2;2;0;1;1;1;0;1;50;4;Tué
202100032570;143 551;7;0;9;8;9;1;189 576;1;1;1;1;1974.0;9;1;22;6;2021;07;1;06;06079;2;6;1;3;43,5345250000;6,9455240000;3;2;2;0;1;1;1;0;1;50;1;Indemne
202100032570;143 552;1;0;2;1;26;5;189 577;1;1;3;2;1968.0;5;2;22;6;2021;07;1;06;06079;2;6;1;3;43,5345250000;6,9455240000;3;2;2;0;1;1;1;0;1;50;1;Blessé hospitalisé
202100032599;143 502;7;0;2;1;1;1;189 512;1;1;1;1;1965.0;5;1;24;6;2021;18;3;987;98722;1;1;2;3; -17,5653610000; -149,3274590000;2;2;2;0;2;1;2;2;1;50;3;Indemne
202100032599;143 503;1;0;2;8;19;5;189 513;1;1;3;1;1979.0;5;0;24;6;2021;18;3;987;98722;1;1;2;3; -17,5653610000; -149,3274590000;2;2;2;0;2;1;2;2;1;50;3;Blessé hospitalisé
202100032611;143 484;7;0;2;1;2;1;189 491;1;1;1;2;1935.0;3;1;24;6;2021;13;1;14;14258;2;1;1;2;48,9063040000; -0,2083070000;3;3;2;0;1;3;1;0;1;50;3;Indemne
202100032611;143 485;1;0;0;4;1;5;189 492;1;1;3;1;1948.0;5;2;24;6;2021;13;1;14;14258;2;1;1;2;48,9063040000; -0,2083070000;3;3;2;0;1;3;1;0;1;50;3;Blessé hospitalisé
202100032637;143 426;1;0;2;4;2;0;189 422;1;1;4;1;1996.0;4;8;23;6;2021;10;1;69;69387;2;2;1;2;45,7473141509;4,8431666493;4;2;4;3;1;1;1;0;1;50;2;Blessé léger
202100032637;143 427;7;0;2;1;16;1;189 423;1;1;1;2;1945.0;0;8;23;6;2021;10;1;69;69387;2;2;1;2;45,7473141509;4,8431666493;4;2;4;3;1;1;1;0;1;50;2;Indemne
202100032638;143 424;7;0;0;1;1;1;189 420;1;1;1;1;1965.0;9;1;14;6;2021;11;1;69;69387;2;2;1;6;45,7478400000;4,8514300000;4;1;1;0;1;1;1;0;1;50;0;Indemne
202100032638;143 425;1;0;2;7;5;5;189 421;1;1;4;1;1961.0;0;8;14;6;2021;11;1;69;69387;2;2;1;6;45,7478400000;4,8514300000;4;1;1;0;1;1;1;0;1;50;0;Blessé léger
202100032655;143 396;1;0;2;8;2;5;189 384;1;1;4;2;2005.0;0;8;22;6;2021;15;1;72;72181;2;1;1;6;48,0162800000;0,2150300000;4;3;2;2;2;1;1;0;1;50;1;Blessé léger
202100032655;143 397;10;0;2;7;2;1;189 385;1;1;1;1;1973.0;0;1;22;6;2021;15;1;72;72181;2;1;1;6;48,0162800000;0,2150300000;4;3;2;2;2;1;1;0;1;50;1;Indemne
202100032676;143 358;7;0;2;0;1;1;189 338;1;1;1;1;1977.0;0;8;23;6;2021;08;1;26;26362;2;1;1;3;44,9300300000;4,9083500000;4;1;1;1;1;1;1;0;1;50;2;Indemne
202100032676;143 359;1;0;2;0;1;5;189 339;1;1;4;2;1978.0;1;8;23;6;2021;08;1;26;26362;2;1;1;3;44,9300300000;4,9083500000;4;1;1;1;1;1;1;0;1;50;2;Blessé léger
202100032698;143 320;1;0;2;1;2;5;189 291;1;1;4;1;1996.0;4;2;23;6;2021;12;1;75;75118;2;3;8;2;48,8828620000;2,3361830000;4;1;1;0;2;1;1;0;1;50;2;Blessé léger
202100032698;143 321;10;0;2;4;23;1;189 292;1;1;1;1;1992.0;4;1;23;6;2021;12;1;75;75118;2;3;8;2;48,8828620000;2,3361830000;4;1;1;0;2;1;1;0;1;50;2;Indemne
202100032700;143 316;7;0;2;7;1;1;189 287;1;1;1;1;2001.0;5;1;23;6;2021;20;1;75;75115;2;2;1;3;48,8371800000;2,3001390000;4;2;2;0;1;1;1;0;1;30;2;Indemne
202100032700;143 317;80;0;2;1;1;3;189 288;1;1;4;2;1972.0;5;2;23;6;2021;20;1;75;75115;2;2;1;3;48,8371800000;2,3001390000;4;2;2;0;1;1;1;0;1;30;2;Blessé léger
202100032701;143 314;1;0;2;1;1;5;189 285;1;1;4;2;1996.0;9;8;22;6;2021;09;1;75;75115;2;2;1;3;48,8327120000;2,2883910000;4;1;2;3;1;1;1;0;1;50;1;Blessé léger
202100032701;143 315;14;0;2;7;16;1;189 286;1;1;1;1;1984.0;4;1;22;6;2021;09;1;75;75115;2;2;1;3;48,8327120000;2,2883910000;4;1;2;3;1;1;1;0;1;50;1;Indemne
202100032703;143 310;1;0;2;1;1;5;189 280;1;1;4;1;1997.0;1;8;22;6;2021;10;1;75;75113;2;1;1;2;48,8221810000;2,3486920000;4;2;2;0;1;1;1;0;1;50;1;Blessé léger
202100032703;143 311;7;0;2;4;23;1;189 281;1;1;1;1;1957.0;5;1;22;6;2021;10;1;75;75113;2;1;1;2;48,8221810000;2,3486920000;4;2;2;0;1;1;1;0;1;50;1;Indemne
202100032706;143 305;1;0;2;2;15;5;189 275;1;1;4;2;1993.0;1;2;23;6;2021;08;1;75;75110;2;3;2;3;48,8803960000;2,3643050000;4;2;2;0;1;1;2;0;1;50;2;Blessé léger
202100032706;143 306;33;0;2;3;1;1;189 276;1;1;4;1;2001.0;1;2;23;6;2021;08;1;75;75110;2;3;2;3;48,8803960000;2,3643050000;4;2;2;0;1;1;2;0;1;50;2;Blessé léger
202100032707;143 304;80;12;0;7;14;3;189 274;1;1;4;2;1976.0;1;2;23;6;2021;17;1;75;75101;2;3;8;6;48,8594760000;2,3451830000;4;2;4;1;1;1;1;0;5;30;2;Blessé léger
202100032724;143 276;1;0;1;1;1;5;189 240;10;3;4;1;2012.0;9;0;23;6;2021;19;1;92;92044;2;9;1;6;48,8930492497;2,2943047943;4;1;1;0;1;1;1;0;1;50;2;Blessé léger
202100032724;143 276;1;0;1;1;1;5;189 241;10;3;4;1;2010.0;9;0;23;6;2021;19;1;92;92044;2;9;1;6;48,8930492497;2,2943047943;4;1;1;0;1;1;1;0;1;50;2;Blessé léger
202100032724;143 276;1;0;1;1;1;5;189 242;1;1;1;1;1991.0;9;2;23;6;2021;19;1;92;92044;2;9;1;6;48,8930492497;2,2943047943;4;1;1;0;1;1;1;0;1;50;2;Indemne
202100032749;143 232;1;0;2;1;0;5;189 188;1;1;3;1;1966.0;5;2;23;6;2021;11;1;63;63229;1;2;1;3;45,7771620000;3,3504220000;3;2;2;0;1;1;1;0;1;80;2;Blessé hospitalisé
202100032749;143 233;7;0;9;2;15;1;189 189;1;1;1;1;1997.0;0;1;23;6;2021;11;1;63;63229;1;2;1;3;45,7771620000;3,3504220000;3;2;2;0;1;1;1;0;1;80;2;Indemne
202100032750;143 231;1;0;0;0;2;5;189 187;1;1;3;2;1944.0;5;2;15;6;2021;14;1;61;61328;1;1;1;7;48,7438810000;0,1204850000;4;2;2;0;1;1;1;0;1;90;1;Blessé hospitalisé
202100032756;143 222;10;0;9;1;17;1;189 177;1;1;1;1;1994.0;4;1;23;6;2021;10;1;25;25015;1;1;1;2;47,0356630000;6,0750100000;3;2;2;0;1;1;1;0;1;80;2;Indemne
202100032756;143 223;1;0;2;4;1;5;189 178;1;1;3;1;1953.0;5;2;23;6;2021;10;1;25;25015;1;1;1;2;47,0356630000;6,0750100000;3;2;2;0;1;1;1;0;1;80;2;Blessé hospitalisé
202100032761;143 213;80;0;2;0;13;3;189 167;1;1;4;1;1968.0;1;0;24;6;2021;06;1;14;14654;1;2;1;3;49,0299760000; -0,0255290000;3;2;2;0;1;1;1;0;1;90;3;Blessé léger
202100032761;143 214;10;0;2;7;17;1;189 168;1;1;1;1;1960.0;1;1;24;6;2021;06;1;14;14654;1;2;1;3;49,0299760000; -0,0255290000;3;2;2;0;1;1;1;0;1;90;3;Indemne
202100032788;143 167;7;0;2;7;15;1;189 109;1;1;1;1;1956.0;9;1;23;6;2021;17;1;38;38057;2;4;1;3;45,1420790000;5,7411340000;7;2;2;0;2;1;1;5;1;30;2;Indemne
202100032788;143 168;1;0;2;1;1;5;189 110;1;1;3;1;1968.0;5;2;23;6;2021;17;1;38;38057;2;4;1;3;45,1420790000;5,7411340000;7;2;2;0;2;1;1;5;1;30;2;Blessé hospitalisé
202100032790;143 164;1;0;0;0;0;5;189 104;1;1;2;1;1964.0;5;2;20;6;2021;09;1;31;31291;2;1;2;7;43,5993750000;1,2546700000;4;2;2;0;1;1;2;0;8;30;6;Tué
202100032791;143 162;7;0;9;0;2;1;189 102;1;1;1;1;1951.0;0;1;23;6;2021;16;1;64;64430;2;6;1;3;43,4774460000; -0,7619220000;3;2;2;0;1;2;1;5;1;50;2;Indemne