Num_Acc;id_vehicule;catv;obs;obsm;choc;manv;motor;id_usager;place;catu;grav;sexe;an_nais;trajet;secu1;jour;mois;an;hrmn;lum;dep;com;agg;int;atm;col;lat;long;catr;circ;nbv;vosp;prof;plan;surf;infra;situ;vma;day_of_week;gravity
202100033569;141 761;7;0;2;1;19;1;187 212;5;2;1;2;2002.0;5;1;18;6;2021;20;1;59;59512;2;1;1;1;50,6841820000;3,1713770000;4;1;2;0;1;1;1;0;1;50;4;Indemne
202100033569;141 761;7;0;2;1;19;1;187 213;4;2;1;2;2002.0;5;1;18;6;2021;20;1;59;59512;2;1;1;1;50,6841820000;3,1713770000;4;1;2;0;1;1;1;0;1;50;4;Indemne
202100033569;141 761;7;0;2;1;19;1;187 214;2;2;1;1;2003.0;5;1;18;6;2021;20;1;59;59512;2;1;1;1;50,6841820000;3,1713770000;4;1;2;0;1;1;1;0;1;50;4;Indemne
202100033569;141 761;7;0;2;1;19;1;187 215;1;1;4;1;2002.0;5;1;18;6;2021;20;1;59;59512;2;1;1;1;50,6841820000;3,1713770000;4;1;2;0;1;1;1;0;1;50;4;Blessé léger
202100033569;141 762;1;0;2;8;1;5;187 216;1;1;3;1;2002.0;5;8;18;6;2021;20;1;59;59512;2;1;1;1;50,6841820000;3,1713770000;4;1;2;0;1;1;1;0;1;50;4;Blessé hospitalisé
202100033575;141 750;7;0;2;2;1;1;187 198;1;1;1;1;2002.0;2;1;15;6;2021;09;1;56;56260;2;1;1;3;47,6534200000; -2,7836400000;4;3;4;1;1;1;1;0;1;50;1;Indemne
202100033575;141 751;1;0;2;8;19;0;187 199;1;1;3;2;1997.0;1;8;15;6;2021;09;1;56;56260;2;1;1;3;47,6534200000; -2,7836400000;4;3;4;1;1;1;1;0;1;50;1;Blessé hospitalisé
202100033576;141 749;1;0;0;0;1;5;187 197;1;1;4;1;1983.0;5;2;17;6;2021;11;1;56;56162;1;1;2;7;47,7096000000; -3,4399200000;3;2;2;2;1;1;2;0;5;70;3;Blessé léger
202100033584;141 736;1;0;4;1;1;5;187 181;1;1;4;2;1959.0;5;8;13;6;2021;09;1;49;49099;1;1;1;6;47,0677000000; -0,8115000000;9;2;2;0;1;1;1;0;1;50;6;Blessé léger
202100033589;141 726;1;0;2;8;1;5;187 169;1;1;4;1;2002.0;5;8;16;6;2021;00;3;44;44184;2;6;1;3;47,2590700000; -2,2823700000;4;2;2;0;1;1;1;5;1;50;2;Blessé léger
202100033589;141 727;7;0;2;1;16;1;187 170;1;1;1;1;2001.0;1;1;16;6;2021;00;3;44;44184;2;6;1;3;47,2590700000; -2,2823700000;4;2;2;0;1;1;1;5;1;50;2;Indemne
202100033599;141 707;7;0;2;1;9;1;187 149;1;1;1;1;1934.0;3;1;14;6;2021;14;1;34;34032;2;6;1;3;43,3533917661;3,2250532508;4;1;2;0;1;2;1;0;1;50;0;Indemne
202100033599;141 708;1;0;2;2;1;5;187 150;1;1;3;1;1999.0;3;8;14;6;2021;14;1;34;34032;2;6;1;3;43,3533917661;3,2250532508;4;1;2;0;1;2;1;0;1;50;0;Blessé hospitalisé
202100033602;141 702;10;0;2;4;23;1;187 144;1;1;1;1;1975.0;4;1;17;6;2021;23;3;33;33119;2;1;2;2;44,8535400000; -0,5380300000;4;3;4;3;1;1;2;9;5;50;3;Indemne
202100033602;141 703;80;0;2;1;1;3;187 145;1;1;4;1;1985.0;0;2;17;6;2021;23;3;33;33119;2;1;2;2;44,8535400000; -0,5380300000;4;3;4;3;1;1;2;9;5;50;3;Blessé léger
202100033604;141 700;1;0;0;0;23;5;187 141;1;1;2;1;1999.0;5;2;14;6;2021;18;1;33;33009;2;6;1;7;44,6437000000; -1,1965900000;3;2;2;0;1;2;1;0;4;50;0;Tué
202100033613;141 682;32;0;2;1;1;1;187 116;1;1;3;1;1972.0;2;2;18;6;2021;16;1;21;21231;2;4;1;3;47,3309957674;5,0590911054;4;2;2;0;2;1;1;0;1;50;4;Blessé hospitalisé
202100033613;141 683;1;0;2;8;15;5;187 117;1;1;3;1;1980.0;0;2;18;6;2021;16;1;21;21231;2;4;1;3;47,3309957674;5,0590911054;4;2;2;0;2;1;1;0;1;50;4;Blessé hospitalisé
202100033613;141 683;1;0;2;8;15;5;187 118;2;2;3;1;2017.0;0;2;18;6;2021;16;1;21;21231;2;4;1;3;47,3309957674;5,0590911054;4;2;2;0;2;1;1;0;1;50;4;Blessé hospitalisé
202100033626;141 657;7;0;2;2;1;2;187 081;1;1;1;1;1973.0;4;1;17;6;2021;14;1;75;75105;2;2;1;3;48,8530630000;2,3468210000;4;1;3;0;1;1;1;0;1;50;3;Indemne
202100033626;141 658;80;0;2;4;19;3;187 082;1;1;4;1;1996.0;4;8;17;6;2021;14;1;75;75105;2;2;1;3;48,8530630000;2,3468210000;4;1;3;0;1;1;1;0;1;50;3;Blessé léger
202100033629;141 653;1;0;2;8;9;5;187 075;1;1;4;2;1965.0;9;2;18;6;2021;10;1;75;75119;2;1;1;1;48,8917340000;2,3745570000;4;1;1;0;1;1;1;0;1;50;4;Blessé léger
202100033629;141 654;1;0;2;1;5;5;187 076;1;1;1;1;1982.0;9;2;18;6;2021;10;1;75;75119;2;1;1;1;48,8917340000;2,3745570000;4;1;1;0;1;1;1;0;1;50;4;Indemne
202100033633;141 647;80;0;0;0;21;3;187 066;1;1;4;2;1955.0;5;2;18;6;2021;17;1;75;75115;2;7;8;7;48,8355980000;2,3023990000;4;1;1;0;1;3;2;0;1;50;4;Blessé léger
202100033635;141 644;1;0;0;0;1;5;187 063;1;1;4;2;1957.0;5;2;18;6;2021;10;1;75;75115;2;7;1;7;48,8479670000;2,3018500000;4;3;3;1;1;1;1;0;5;50;4;Blessé léger
202100033637;141 641;7;0;2;2;2;1;187 060;1;1;1;1;1993.0;4;1;18;6;2021;17;1;75;75114;2;7;2;2;48,8333920000;2,3326470000;4;1;7;0;1;1;2;8;1;50;4;Indemne
202100033637;141 642;80;0;2;4;23;3;187 061;1;1;4;2;1958.0;5;2;18;6;2021;17;1;75;75114;2;7;2;2;48,8333920000;2,3326470000;4;1;7;0;1;1;2;8;1;50;4;Blessé léger
202100033638;141 639;30;0;2;6;9;3;187 058;1;1;1;1;1998.0;4;2;18;6;2021;12;1;75;75113;2;1;1;3;48,8310760000;2,3431720000;4;3;1;1;2;1;1;0;5;50;4;Indemne
202100033638;141 640;1;0;2;1;1;5;187 059;1;1;4;2;1986.0;1;2;18;6;2021;12;1;75;75113;2;1;1;3;48,8310760000;2,3431720000;4;3;1;1;2;1;1;0;5;50;4;Blessé léger
202100033642;141 632;1;0;1;8;15;5;187 049;1;1;1;1;1993.0;1;2;18;6;2021;08;1;75;75111;2;2;1;6;48,8699950000;2,3710480000;4;2;2;0;1;1;1;0;1;30;4;Indemne
202100033642;141 632;1;0;1;8;15;5;187 050;10;3;4;2;1984.0;4;8;18;6;2021;08;1;75;75111;2;2;1;6;48,8699950000;2,3710480000;4;2;2;0;1;1;1;0;1;30;4;Blessé léger
202100033644;141 629;7;0;2;3;15;1;187 045;1;1;1;2;1999.0;5;1;18;6;2021;14;1;75;75110;2;3;1;3;48,8706080000;2,3549910000;4;2;5;2;1;1;1;0;5;50;4;Indemne
202100033644;141 630;1;0;2;1;1;5;187 046;1;1;4;1;1987.0;4;2;18;6;2021;14;1;75;75110;2;3;1;3;48,8706080000;2,3549910000;4;2;5;2;1;1;1;0;5;50;4;Blessé léger
202100033647;141 623;80;0;2;0;1;3;187 039;1;1;3;1;1965.0;9;2;18;6;2021;20;1;75;75107;2;2;1;3;48,8610470000;2,3132520000;4;2;6;1;1;1;1;0;5;50;4;Blessé hospitalisé
202100033647;141 624;32;0;2;0;1;1;187 040;1;1;4;1;1990.0;9;2;18;6;2021;20;1;75;75107;2;2;1;3;48,8610470000;2,3132520000;4;2;6;1;1;1;1;0;5;50;4;Blessé léger
202100033648;141 622;1;0;0;0;1;5;187 038;1;1;4;2;1983.0;9;2;18;6;2021;15;1;75;75107;2;3;1;7;48,8536770000;2,3147460000;4;2;4;0;1;1;1;0;1;50;4;Blessé léger
202100033649;141 621;1;0;1;2;7;5;187 036;10;3;4;2;1984.0;5;0;18;6;2021;18;1;75;75103;2;2;1;6;48,8662380000;2,3525350000;4;2;5;3;1;1;2;0;6;50;4;Blessé léger
202100033649;141 621;1;0;1;2;7;5;187 037;1;1;1;1;2001.0;4;2;18;6;2021;18;1;75;75103;2;2;1;6;48,8662380000;2,3525350000;4;2;5;3;1;1;2;0;6;50;4;Indemne
202100033651;141 617;1;0;2;1;1;5;187 032;1;1;1;1;1993.0;5;2;16;6;2021;20;2;75;75101;2;1;1;1;48,8571780000;2,3465870000;4;2;2;0;1;1;1;6;1;20;2;Indemne
202100033651;141 618;1;0;2;1;13;5;187 033;1;1;4;2;1994.0;9;2;16;6;2021;20;2;75;75101;2;1;1;1;48,8571780000;2,3465870000;4;2;2;0;1;1;1;6;1;20;2;Blessé léger
202100033668;141 580;1;0;2;7;12;0;186 989;1;1;4;1;1978.0;9;8;18;6;2021;18;1;93;93048;2;7;1;3;48,8536100000;2,4235100000;3;2;2;0;1;1;1;0;1;30;4;Blessé léger
202100033668;141 581;43;0;2;1;1;1;186 990;1;1;1;1;1989.0;1;2;18;6;2021;18;1;93;93048;2;7;1;3;48,8536100000;2,4235100000;3;2;2;0;1;1;1;0;1;30;4;Indemne
202100033674;141 571;1;0;0;0;0;5;186 979;1;1;4;1;1982.0;0;8;16;6;2021;23;5;92;92072;2;3;1;7;48,8201398732;2,2184121609;4;2;2;0;2;1;1;9;1;30;2;Blessé léger
202100033680;141 559;1;0;2;0;0;6;186 965;1;1;4;1;1967.0;0;8;17;6;2021;14;1;92;92051;2;9;1;3;48,8752063011;2,2506174445;4;1;4;0;1;1;1;0;1;50;3;Blessé léger
202100033680;141 560;30;0;2;0;15;1;186 966;1;1;1;1;1981.0;0;2;17;6;2021;14;1;92;92051;2;9;1;3;48,8752063011;2,2506174445;4;1;4;0;1;1;1;0;1;50;3;Indemne
202100033688;141 546;7;0;2;3;9;1;186 950;1;1;1;1;1947.0;0;1;18;6;2021;20;1;92;92012;2;1;1;3;48,8383173150;2,2321665287;4;3;2;0;1;1;1;9;1;50;4;Indemne
202100033688;141 547;80;0;2;7;1;3;186 951;1;1;4;1;1996.0;0;8;18;6;2021;20;1;92;92012;2;1;1;3;48,8383173150;2,2321665287;4;3;2;0;1;1;1;9;1;50;4;Blessé léger
202100033696;141 532;1;0;2;1;1;5;186 933;1;1;3;1;1974.0;5;2;18;6;2021;18;1;88;88349;1;3;1;3;48,1195260000;7,0418450000;3;2;2;0;2;3;1;0;1;80;4;Blessé hospitalisé
202100033696;141 533;7;0;2;2;15;1;186 934;1;1;1;1;1986.0;5;1;18;6;2021;18;1;88;88349;1;3;1;3;48,1195260000;7,0418450000;3;2;2;0;2;3;1;0;1;80;4;Indemne
202100033707;141 513;7;0;2;2;17;1;186 909;1;1;1;2;1988.0;1;1;18;6;2021;21;1;81;81227;1;1;1;3;43,6443750000;2,2750490000;3;2;2;0;2;1;1;0;1;80;4;Indemne
202100033707;141 514;1;0;2;3;11;5;186 910;1;1;2;1;1998.0;5;0;18;6;2021;21;1;81;81227;1;1;1;3;43,6443750000;2,2750490000;3;2;2;0;2;1;1;0;1;80;4;Tué
202100033724;141 482;7;13;2;3;1;1;186 875;1;1;1;1;1971.0;3;1;19;6;2021;08;1;07;07129;1;1;1;1;44,9985380000;4,5661890000;3;2;2;0;2;4;1;0;3;80;5;Indemne
202100033724;141 483;1;0;2;1;13;5;186 876;1;1;2;1;1957.0;5;2;19;6;2021;08;1;07;07129;1;1;1;1;44,9985380000;4,5661890000;3;2;2;0;2;4;1;0;3;80;5;Tué
202100033733;141 468;1;12;0;1;1;0;186 855;1;1;3;2;1996.0;0;2;17;6;2021;19;1;06;06152;1;3;1;7;43,6179800000;7,0571920000;3;2;2;2;2;1;1;0;5;70;3;Blessé hospitalisé
202100033740;141 459;1;0;2;1;1;5;186 841;1;1;3;2;1953.0;3;0;18;6;2021;09;1;84;84054;2;3;1;3;43,9119070000;5,0679160000;4;2;2;0;1;1;1;0;1;50;4;Blessé hospitalisé
202100033740;141 460;7;0;2;3;15;1;186 842;1;1;1;2;1971.0;4;1;18;6;2021;09;1;84;84054;2;3;1;3;43,9119070000;5,0679160000;4;2;2;0;1;1;1;0;1;50;4;Indemne
202100033741;141 458;1;0;1;2;1;5;186 839;10;3;2;2;1936.0;3;0;19;6;2021;10;1;83;83146;2;9;1;6;43,6363450000;5,9363480000;3;2;2;0;1;1;1;0;1;30;5;Tué
202100033741;141 458;1;0;1;2;1;5;186 840;1;1;1;1;1985.0;5;2;19;6;2021;10;1;83;83146;2;9;1;6;43,6363450000;5,9363480000;3;2;2;0;1;1;1;0;1;30;5;Indemne
202100033781;141 385;1;0;2;1;9;5;186 741;1;1;4;1;2003.0;5;8;14;6;2021;18;1;69;69149;2;1;1;3;45,7159596785;4,7968693531;4;2;2;0;1;1;1;0;1;30;0;Blessé léger
202100033781;141 386;7;0;2;2;2;1;186 742;1;1;1;2;1995.0;5;8;14;6;2021;18;1;69;69149;2;1;1;3;45,7159596785;4,7968693531;4;2;2;0;1;1;1;0;1;30;0;Indemne
202100033805;141 336;1;0;2;8;1;5;186 681;1;1;4;1;1993.0;4;2;17;6;2021;09;1;69;69290;2;2;7;3;45,6851000000;4,9456500000;4;2;2;0;1;1;1;0;1;50;3;Blessé léger
202100033805;141 337;7;0;2;2;1;1;186 682;1;1;1;1;1937.0;0;1;17;6;2021;09;1;69;69290;2;2;7;3;45,6851000000;4,9456500000;4;2;2;0;1;1;1;0;1;50;3;Indemne
202100033807;141 332;1;0;2;8;1;5;186 676;1;1;4;1;1997.0;0;2;15;6;2021;18;1;67;67482;2;3;1;3;48,5870200000;7,7464900000;4;1;3;1;1;1;1;0;1;50;1;Blessé léger
202100033807;141 333;7;0;2;2;1;1;186 677;1;1;1;1;2000.0;9;1;15;6;2021;18;1;67;67482;2;3;1;3;48,5870200000;7,7464900000;4;1;3;1;1;1;1;0;1;50;1;Indemne
202100033816;141 314;1;0;0;0;16;5;186 653;1;1;4;1;1958.0;5;2;17;6;2021;20;1;61;61001;2;3;2;7;48,4366500000;0,0993100000;3;2;2;0;1;3;2;5;1;50;3;Blessé léger
202100033828;141 290;7;0;2;3;9;1;186 622;1;1;1;2;1993.0;5;1;16;6;2021;16;1;45;45302;2;6;1;1;47,9572822014;1,8906118870;7;1;2;1;1;3;1;0;1;50;2;Indemne
202100033828;141 291;1;0;2;3;19;5;186 623;1;1;4;1;1963.0;3;8;16;6;2021;16;1;45;45302;2;6;1;1;47,9572822014;1,8906118870;7;1;2;1;1;3;1;0;1;50;2;Blessé léger
202100033839;141 271;7;0;2;1;16;1;186 602;1;1;1;2;1994.0;2;1;17;6;2021;08;1;35;35051;2;6;1;3;48,1140740000; -1,6202550000;4;1;1;2;1;2;2;5;1;50;3;Indemne
202100033839;141 272;80;0;2;9;1;3;186 603;1;1;2;2;1977.0;1;2;17;6;2021;08;1;35;35051;2;6;1;3;48,1140740000; -1,6202550000;4;1;1;2;1;2;2;5;1;50;3;Tué
202100033851;141 253;80;0;2;1;26;3;186 577;1;1;4;1;2003.0;0;2;16;6;2021;17;1;25;25056;2;3;1;3;47,2334250000;6,0226640000;3;1;1;1;1;1;1;0;1;30;2;Blessé léger
202100033851;141 254;7;0;2;8;9;1;186 578;1;1;1;2;1971.0;1;1;16;6;2021;17;1;25;25056;2;3;1;3;47,2334250000;6,0226640000;3;1;1;1;1;1;1;0;1;30;2;Indemne
202100033864;141 230;33;0;2;6;16;1;186 544;1;1;4;1;1947.0;5;2;12;6;2021;15;1;12;12202;2;4;1;3;44,3653800000;2,5510300000;3;2;2;0;2;1;1;0;1;70;5;Blessé léger
202100033864;141 231;1;0;2;1;1;5;186 545;1;1;3;1;1955.0;5;0;12;6;2021;15;1;12;12202;2;4;1;3;44,3653800000;2,5510300000;3;2;2;0;2;1;1;0;1;70;5;Blessé hospitalisé
202100033875;141 208;7;0;2;3;9;1;186 516;1;1;1;1;1958.0;5;1;17;6;2021;18;1;75;75119;2;1;1;3;48,8822200000;2,3882390000;4;1;1;0;2;1;1;0;1;50;3;Indemne
202100033875;141 209;1;0;2;1;5;5;186 517;1;1;4;1;1985.0;5;2;17;6;2021;18;1;75;75119;2;1;1;3;48,8822200000;2,3882390000;4;1;1;0;2;1;1;0;1;50;3;Blessé léger
202100033876;141 206;1;0;2;1;1;5;186 514;1;1;4;2;1991.0;9;2;15;6;2021;23;5;75;75115;2;3;1;3;48,8412730000;2,3072060000;4;1;2;1;1;1;1;0;5;50;1;Blessé léger
202100033876;141 207;7;0;2;3;15;2;186 515;1;1;1;1;1985.0;4;1;15;6;2021;23;5;75;75115;2;3;1;3;48,8412730000;2,3072060000;4;1;2;1;1;1;1;0;5;50;1;Indemne
202100033881;141 200;1;0;2;1;1;5;186 504;1;1;4;2;1980.0;1;8;17;6;2021;08;1;75;75108;2;3;1;3;48,8692860000;2,3091760000;4;2;8;1;1;3;1;0;1;50;3;Blessé léger
202100033881;141 201;10;0;2;7;16;1;186 505;1;1;1;1;1972.0;4;1;17;6;2021;08;1;75;75108;2;3;1;3;48,8692860000;2,3091760000;4;2;8;1;1;3;1;0;1;50;3;Indemne
202100033909;141 149;1;0;0;0;1;0;186 445;1;1;4;2;1989.0;1;8;17;6;2021;08;1;92;92004;2;2;1;7;48,9091600000;2,2935200000;3;2;5;0;1;2;1;0;1;50;3;Blessé léger
202100033909;141 150;10;0;0;0;15;1;186 446;1;1;1;1;1998.0;4;1;17;6;2021;08;1;92;92004;2;2;1;7;48,9091600000;2,2935200000;3;2;5;0;1;2;1;0;1;50;3;Indemne
202100033924;141 123;1;0;2;3;2;5;186 412;1;1;3;2;1949.0;5;0;17;6;2021;17;1;56;56186;2;6;1;3;47,4823430000; -3,1061050000;4;2;2;0;1;3;1;5;1;50;3;Blessé hospitalisé
202100033924;141 124;7;0;2;5;16;1;186 413;1;1;1;2;1946.0;5;1;17;6;2021;17;1;56;56186;2;6;1;3;47,4823430000; -3,1061050000;4;2;2;0;1;3;1;5;1;50;3;Indemne
202100033930;141 112;80;0;0;0;1;3;186 395;1;1;3;1;1958.0;5;0;10;6;2021;16;1;12;12253;1;1;1;7;44,1929300000;2,7839500000;3;2;2;0;2;1;1;0;1;80;3;Blessé hospitalisé
202100033934;141 105;10;0;2;7;2;1;186 387;1;1;1;1;1965.0;4;1;1;6;2021;16;1;01;01193;1;3;1;3;45,6405680000;5,6440870000;3;2;2;0;1;2;1;0;1;80;1;Indemne
202100033934;141 106;1;0;2;3;2;5;186 388;1;1;4;2;1953.0;5;0;1;6;2021;16;1;01;01193;1;3;1;3;45,6405680000;5,6440870000;3;2;2;0;1;2;1;0;1;80;1;Blessé léger
202100033936;141 101;15;0;2;2;16;1;186 382;1;1;1;1;1970.0;4;1;17;6;2021;11;1;72;72176;2;9;1;3;47,6475056811;0,1529760363;3;2;2;0;1;1;1;0;1;50;3;Indemne
202100033936;141 102;1;0;2;8;1;5;186 383;1;1;4;2;1983.0;5;0;17;6;2021;11;1;72;72176;2;9;1;3;47,6475056811;0,1529760363;3;2;2;0;1;1;1;0;1;50;3;Blessé léger
202100033937;141 099;7;0;2;3;1;1;186 380;1;1;1;1;1960.0;3;1;6;6;2021;11;1;14;14303;2;2;1;3;49,1218850000;0,2830540000;3;2;2;0;1;1;1;0;1;50;6;Indemne
202100033937;141 100;1;0;2;1;19;5;186 381;1;1;4;1;1973.0;5;0;6;6;2021;11;1;14;14303;2;2;1;3;49,1218850000;0,2830540000;3;2;2;0;1;1;1;0;1;50;6;Blessé léger
202100033949;141 080;80;0;0;8;13;3;186 358;1;1;4;1;1947.0;5;2;18;6;2021;13;1;74;74067;1;1;1;7;45,8794520000;6,0408820000;3;2;2;0;2;1;1;0;1;80;4;Blessé léger
202100033961;141 060;7;0;2;3;9;1;186 333;1;1;1;2;1981.0;0;1;14;6;2021;17;1;67;67194;2;3;7;3;48,7343400000;7,9107030000;3;2;2;2;1;4;1;0;5;50;0;Indemne
202100033961;141 061;1;0;2;1;1;5;186 334;1;1;3;2;1947.0;5;0;14;6;2021;17;1;67;67194;2;3;7;3;48,7343400000;7,9107030000;3;2;2;2;1;4;1;0;5;50;0;Blessé hospitalisé
202100033997;140 987;1;0;2;1;1;5;186 240;1;1;2;1;1963.0;5;2;14;6;2021;12;1;75;75116;2;1;1;2;48,8604940000;2,2297510000;4;2;3;2;1;3;1;0;1;30;0;Tué
202100033997;140 988;10;0;2;6;24;1;186 241;1;1;1;1;1984.0;4;1;14;6;2021;12;1;75;75116;2;1;1;2;48,8604940000;2,2297510000;4;2;3;2;1;3;1;0;1;30;0;Indemne
202100033998;140 986;1;0;1;1;1;5;186 238;10;3;4;2;1984.0;9;0;14;6;2021;13;1;75;75120;2;1;1;6;48,8713940000;2,4000870000;4;1;0;1;2;1;1;0;5;50;0;Blessé léger
202100033998;140 986;1;0;1;1;1;5;186 239;1;1;1;1;1999.0;4;2;14;6;2021;13;1;75;75120;2;1;1;6;48,8713940000;2,4000870000;4;1;0;1;2;1;1;0;5;50;0;Indemne
202100034002;140 981;1;0;1;8;1;5;186 230;10;3;4;2;1950.0;5;8;16;6;2021;19;1;75;75113;2;3;1;6;48,8271430000;2,3671620000;4;2;3;0;2;1;1;0;1;50;2;Blessé léger
202100034002;140 981;1;0;1;8;1;5;186 231;1;1;4;1;1970.0;5;2;16;6;2021;19;1;75;75113;2;3;1;6;48,8271430000;2,3671620000;4;2;3;0;2;1;1;0;1;50;2;Blessé léger
202100034013;140 962;1;0;1;1;1;5;186 205;10;3;4;2;1964.0;1;0;16;6;2021;13;1;69;69386;2;1;1;6;45,7718699086;4,8408164423;4;1;1;1;2;2;1;0;5;50;2;Blessé léger
202100034013;140 962;1;0;1;1;1;5;186 206;1;1;1;1;1964.0;5;8;16;6;2021;13;1;69;69386;2;1;1;6;45,7718699086;4,8408164423;4;1;1;1;2;2;1;0;5;50;2;Indemne
202100034014;140 960;7;0;2;1;1;1;186 203;1;1;1;1;1943.0;5;1;16;6;2021;11;1;69;69386;2;2;1;2;45,7719900000;4,8499300000;4;1;1;2;1;1;1;0;1;50;2;Indemne
202100034014;140 961;1;0;2;4;1;5;186 204;1;1;4;2;1975.0;5;8;16;6;2021;11;1;69;69386;2;2;1;2;45,7719900000;4,8499300000;4;1;1;2;1;1;1;0;1;50;2;Blessé léger
202100034029;140 935;1;0;0;0;0;5;186 171;1;1;4;1;1972.0;0;2;12;6;2021;12;1;78;78640;2;1;1;3;48,7803500000;2,1898300000;4;1;2;0;1;1;1;0;1;50;5;Blessé léger
202100034029;140 936;7;0;2;2;2;1;186 172;1;1;1;2;1997.0;1;1;12;6;2021;12;1;78;78640;2;1;1;3;48,7803500000;2,1898300000;4;1;2;0;1;1;1;0;1;50;5;Indemne
202100034034;140 926;1;0;2;0;1;5;186 158;1;1;4;1;1991.0;4;2;15;6;2021;20;1;76;76351;2;1;1;3;49,5154000000;0,0968000000;4;2;1;0;1;1;1;0;1;50;1;Blessé léger
202100034034;140 927;7;0;2;0;1;1;186 159;1;1;1;2;1995.0;5;1;15;6;2021;20;1;76;76351;2;1;1;3;49,5154000000;0,0968000000;4;2;1;0;1;1;1;0;1;50;1;Indemne
202100034035;140 924;1;0;2;8;2;5;186 156;1;1;4;1;1994.0;0;8;15;6;2021;18;1;72;72181;2;1;1;3;48,0072400000;0,1892200000;4;1;0;0;1;3;1;0;1;50;1;Blessé léger
202100034035;140 925;7;0;2;7;2;1;186 157;1;1;1;2;1946.0;0;1;15;6;2021;18;1;72;72181;2;1;1;3;48,0072400000;0,1892200000;4;1;0;0;1;3;1;0;1;50;1;Indemne
202100034050;140 896;1;0;0;6;2;5;186 115;1;1;4;1;1986.0;0;0;16;6;2021;14;1;59;59350;2;6;1;3;50,6178500000;3,0611100000;4;2;2;0;1;3;1;0;1;30;2;Blessé léger
202100034050;140 897;10;0;0;2;9;0;186 116;3;2;1;1;1986.0;4;1;16;6;2021;14;1;59;59350;2;6;1;3;50,6178500000;3,0611100000;4;2;2;0;1;3;1;0;1;30;2;Indemne
202100034050;140 897;10;0;0;2;9;0;186 117;1;1;1;1;1963.0;4;1;16;6;2021;14;1;59;59350;2;6;1;3;50,6178500000;3,0611100000;4;2;2;0;1;3;1;0;1;30;2;Indemne
202100034050;140 897;10;0;0;2;9;0;186 118;2;2;1;1;1981.0;0;1;16;6;2021;14;1;59;59350;2;6;1;3;50,6178500000;3,0611100000;4;2;2;0;1;3;1;0;1;30;2;Indemne
202100034051;140 894;7;0;9;1;1;0;186 113;1;1;1;1;1999.0;1;1;10;6;2021;13;1;53;53201;1;1;1;2;48,0790970000; -0,8202820000;4;2;2;0;1;3;1;0;1;50;3;Indemne
202100034051;140 895;1;0;2;4;19;5;186 114;1;1;3;1;1949.0;5;2;10;6;2021;13;1;53;53201;1;1;1;2;48,0790970000; -0,8202820000;4;2;2;0;1;3;1;0;1;50;3;Blessé hospitalisé
202100034076;140 851;7;0;2;1;1;1;186 053;1;1;1;2;1966.0;1;1;15;6;2021;09;1;17;17300;2;2;7;3;46,1587900000; -1,1594900000;4;2;2;1;1;1;1;5;1;30;1;Indemne
202100034076;140 852;1;0;2;1;19;0;186 054;1;1;4;2;1997.0;1;2;15;6;2021;09;1;17;17300;2;2;7;3;46,1587900000; -1,1594900000;4;2;2;1;1;1;1;5;1;30;1;Blessé léger
202100034087;140 832;1;0;2;4;16;5;186 027;1;1;2;1;1959.0;5;2;8;6;2021;14;1;02;02722;2;6;1;2;49,3764500000;3,3297000000;4;2;2;1;1;1;1;0;1;50;1;Tué
202100034087;140 833;14;0;9;1;16;1;186 028;1;1;1;1;1981.0;1;1;8;6;2021;14;1;02;02722;2;6;1;2;49,3764500000;3,3297000000;4;2;2;1;1;1;1;0;1;50;1;Indemne
202100034091;140 826;1;0;1;1;1;5;186 015;10;3;4;1;1976.0;3;0;16;6;2021;17;1;75;75117;2;1;1;6;48,8775270000;2,2943860000;4;2;3;0;2;1;1;0;1;50;2;Blessé léger
202100034091;140 826;1;0;1;1;1;5;186 016;1;1;4;1;1996.0;4;2;16;6;2021;17;1;75;75117;2;1;1;6;48,8775270000;2,2943860000;4;2;3;0;2;1;1;0;1;50;2;Blessé léger
202100034092;140 824;10;0;2;2;20;1;186 013;1;1;1;1;1997.0;4;1;16;6;2021;17;1;75;75117;2;1;1;3;48,8800100000;2,3071520000;4;1;1;0;1;1;1;0;1;30;2;Indemne
202100034092;140 825;1;0;2;1;18;5;186 014;1;1;4;1;1986.0;9;2;16;6;2021;17;1;75;75117;2;1;1;3;48,8800100000;2,3071520000;4;1;1;0;1;1;1;0;1;30;2;Blessé léger
202100034093;140 822;7;0;2;7;17;1;186 011;1;1;1;1;1979.0;9;1;16;6;2021;12;1;75;75116;2;1;1;3;48,8680240000;2,2758580000;4;2;2;0;1;1;1;0;1;50;2;Indemne
202100034093;140 823;1;0;2;8;1;5;186 012;1;1;4;1;1957.0;5;2;16;6;2021;12;1;75;75116;2;1;1;3;48,8680240000;2,2758580000;4;2;2;0;1;1;1;0;1;50;2;Blessé léger
202100034095;140 819;7;0;2;1;2;1;186 007;1;1;1;2;2001.0;9;1;16;6;2021;09;1;75;75115;2;2;1;2;48,8321340000;2,3029950000;4;2;2;0;1;1;1;0;1;30;2;Indemne
202100034095;140 820;1;0;2;4;2;5;186 008;1;1;4;2;2001.0;2;2;16;6;2021;09;1;75;75115;2;2;1;2;48,8321340000;2,3029950000;4;2;2;0;1;1;1;0;1;30;2;Blessé léger
202100034097;140 815;7;0;2;5;15;1;186 003;1;1;1;1;1981.0;1;1;15;6;2021;18;1;75;75113;2;2;1;3;48,8356320000;2,3482870000;4;2;4;1;2;1;1;0;5;30;1;Indemne