Num_Acc;id_vehicule;catv;obs;obsm;choc;manv;motor;id_usager;place;catu;grav;sexe;an_nais;trajet;secu1;jour;mois;an;hrmn;lum;dep;com;agg;int;atm;col;lat;long;catr;circ;nbv;vosp;prof;plan;surf;infra;situ;vma;day_of_week;gravity
202100034097;140 816;1;0;2;1;1;5;186 004;1;1;4;1;1985.0;1;2;15;6;2021;18;1;75;75113;2;2;1;3;48,8356320000;2,3482870000;4;2;4;1;2;1;1;0;5;30;1;Blessé léger
202100034100;140 811;1;0;0;0;21;5;185 998;1;1;4;2;1975.0;5;2;16;6;2021;19;1;75;75110;2;3;1;7;48,8742230000;2,3628630000;4;1;2;1;2;1;1;0;5;30;2;Blessé léger
202100034101;140 809;1;0;2;7;1;5;185 995;1;1;4;1;1988.0;9;2;16;6;2021;17;1;75;75110;2;2;1;3;48,8811000000;2,3651660000;4;2;2;0;1;1;1;0;1;50;2;Blessé léger
202100034101;140 810;7;0;2;2;1;1;185 996;2;2;1;1;1999.0;9;1;16;6;2021;17;1;75;75110;2;2;1;3;48,8811000000;2,3651660000;4;2;2;0;1;1;1;0;1;50;2;Indemne
202100034101;140 810;7;0;2;2;1;1;185 997;1;1;1;1;1999.0;9;1;16;6;2021;17;1;75;75110;2;2;1;3;48,8811000000;2,3651660000;4;2;2;0;1;1;1;0;1;50;2;Indemne
202100034103;140 805;1;0;2;8;1;5;185 991;1;1;4;1;1955.0;9;2;16;6;2021;09;1;75;75110;2;1;1;3;48,8758860000;2,3638480000;4;1;1;0;2;1;1;0;1;50;2;Blessé léger
202100034103;140 806;1;0;2;0;17;5;185 992;1;1;4;1;1979.0;9;2;16;6;2021;09;1;75;75110;2;1;1;3;48,8758860000;2,3638480000;4;1;1;0;2;1;1;0;1;50;2;Blessé léger
202100034108;140 792;1;0;2;7;1;5;185 978;1;1;4;1;1999.0;9;2;16;6;2021;12;1;75;75107;2;1;1;3;48,8575580000;2,3066730000;4;2;2;0;1;1;1;0;1;30;2;Blessé léger
202100034108;140 793;30;0;2;8;9;1;185 979;1;1;1;2;1969.0;5;2;16;6;2021;12;1;75;75107;2;1;1;3;48,8575580000;2,3066730000;4;2;2;0;1;1;1;0;1;30;2;Indemne
202100034130;140 758;1;0;2;1;1;5;185 925;1;1;4;1;1995.0;0;2;13;6;2021;13;1;92;92040;2;2;1;3;48,8206293711;2,2469602525;3;1;1;0;1;1;1;0;1;50;6;Blessé léger
202100034130;140 759;7;0;2;1;15;0;185 926;1;2;1;1;1955.0;0;1;13;6;2021;13;1;92;92040;2;2;1;3;48,8206293711;2,2469602525;3;1;1;0;1;1;1;0;1;50;6;Indemne
202100034130;140 759;7;0;2;1;15;0;185 927;1;1;1;2;1990.0;0;1;13;6;2021;13;1;92;92040;2;2;1;3;48,8206293711;2,2469602525;3;1;1;0;1;1;1;0;1;50;6;Indemne
202100034143;140 731;7;0;2;3;1;1;185 896;1;1;1;2;1949.0;0;1;15;6;2021;09;1;01;01143;2;1;1;3;46,3477740000;6,1281260000;4;2;2;0;1;1;1;8;1;30;1;Indemne
202100034143;140 732;1;0;2;1;1;5;185 897;1;1;3;1;1950.0;5;2;15;6;2021;09;1;01;01143;2;1;1;3;46,3477740000;6,1281260000;4;2;2;0;1;1;1;8;1;30;1;Blessé hospitalisé
202100034144;140 729;1;0;2;1;1;5;185 894;1;1;3;2;1961.0;5;2;16;6;2021;14;1;22;22032;1;2;1;3;48,2906350000; -2,2063370000;3;2;2;0;1;1;1;0;1;80;2;Blessé hospitalisé
202100034144;140 730;7;0;2;8;19;1;185 895;1;1;4;2;1970.0;5;1;16;6;2021;14;1;22;22032;1;2;1;3;48,2906350000; -2,2063370000;3;2;2;0;1;1;1;0;1;80;2;Blessé léger
202100034150;140 719;1;16;0;9;1;5;185 882;1;1;3;1;1941.0;5;2;15;6;2021;14;1;61;61232;1;4;7;7;48,6272180000; -0,6628810000;3;2;2;0;2;2;1;0;3;80;1;Blessé hospitalisé
202100034177;140 659;1;0;2;3;1;5;185 808;1;1;4;1;1959.0;5;9;14;6;2021;09;1;84;84026;1;3;1;1;43,7225851687;5,3928709030;3;2;2;0;1;1;1;5;1;80;0;Blessé léger
202100034177;140 660;7;0;2;1;26;1;185 809;1;1;1;1;1960.0;3;1;14;6;2021;09;1;84;84026;1;3;1;1;43,7225851687;5,3928709030;3;2;2;0;1;1;1;5;1;80;0;Indemne
202100034186;140 643;1;0;2;1;0;5;185 782;1;1;3;1;1943.0;3;0;16;6;2021;16;1;44;44205;1;1;1;1;47,4362810000; -1,4597260000;3;2;2;0;1;1;1;0;1;50;2;Blessé hospitalisé
202100034186;140 644;10;0;2;2;9;1;185 783;1;1;1;1;1993.0;0;1;16;6;2021;16;1;44;44205;1;1;1;1;47,4362810000; -1,4597260000;3;2;2;0;1;1;1;0;1;50;2;Indemne
202100034206;140 605;7;0;2;1;9;1;185 731;1;1;1;2;1934.0;3;1;24;3;2021;11;1;85;85194;2;2;1;3;46,4997100000; -1,7569200000;4;2;2;0;1;1;1;0;5;50;2;Indemne
202100034206;140 606;1;0;2;7;1;5;185 732;1;1;4;2;1935.0;3;2;24;3;2021;11;1;85;85194;2;2;1;3;46,4997100000; -1,7569200000;4;2;2;0;1;1;1;0;5;50;2;Blessé léger
202100034220;140 577;1;0;2;0;0;5;185 696;1;1;4;1;1994.0;1;8;15;6;2021;08;1;69;69381;2;3;1;3;45,7684500000;4,8260200000;4;1;1;3;1;1;1;5;1;50;1;Blessé léger
202100034220;140 578;7;0;2;1;15;1;185 697;1;1;1;2;1974.0;1;1;15;6;2021;08;1;69;69381;2;3;1;3;45,7684500000;4,8260200000;4;1;1;3;1;1;1;5;1;50;1;Indemne
202100034225;140 569;1;13;0;0;1;5;185 686;1;1;4;1;1968.0;5;8;13;6;2021;15;1;87;87114;1;1;1;7;45,8576900000;1,3251000000;3;2;2;0;2;2;1;0;1;80;6;Blessé léger
202100034237;140 551;1;0;2;1;1;5;185 660;1;1;4;1;1991.0;5;2;14;6;2021;15;1;76;76351;2;1;1;6;49,5012849989;0,1492971182;3;2;2;0;1;1;1;0;1;50;0;Blessé léger
202100034240;140 541;7;0;2;1;1;1;185 649;1;1;1;1;2000.0;9;1;15;6;2021;08;1;67;67482;2;8;1;3;48,5806400000;7,7273800000;4;3;5;1;2;1;1;4;1;50;1;Indemne
202100034240;140 542;1;0;2;2;19;2;185 650;1;1;4;1;2000.0;0;8;15;6;2021;08;1;67;67482;2;8;1;3;48,5806400000;7,7273800000;4;3;5;1;2;1;1;4;1;50;1;Blessé léger
202100034254;140 515;7;0;2;4;23;1;185 617;1;1;1;1;1982.0;0;1;15;6;2021;09;1;61;61397;2;1;1;2;48,4230300000;0,0641100000;3;2;2;0;1;1;1;0;1;30;1;Indemne
202100034254;140 516;1;0;2;1;2;6;185 618;1;1;4;1;2004.0;0;0;15;6;2021;09;1;61;61397;2;1;1;2;48,4230300000;0,0641100000;3;2;2;0;1;1;1;0;1;30;1;Blessé léger
202100034255;140 513;7;0;2;5;15;1;185 615;1;1;1;1;1998.0;5;1;16;6;2021;00;5;59;59350;2;2;1;3;50,6302530000;3,0566480000;4;2;2;0;1;1;1;5;1;50;2;Indemne
202100034255;140 514;1;0;2;1;1;5;185 616;1;1;3;1;1992.0;4;8;16;6;2021;00;5;59;59350;2;2;1;3;50,6302530000;3,0566480000;4;2;2;0;1;1;1;5;1;50;2;Blessé hospitalisé
202100034268;140 486;1;0;2;8;1;5;185 580;1;1;4;1;1969.0;0;2;10;6;2021;17;1;41;41018;2;1;2;3;47,6022100000;1,3351800000;4;2;2;0;1;2;2;0;1;50;3;Blessé léger
202100034268;140 487;7;0;2;0;0;1;185 581;1;1;1;1;1996.0;1;1;10;6;2021;17;1;41;41018;2;1;2;3;47,6022100000;1,3351800000;4;2;2;0;1;2;2;0;1;50;3;Indemne
202100034272;140 479;7;0;2;5;15;1;185 571;1;1;1;1;1993.0;1;1;15;6;2021;18;1;35;35238;2;3;1;3;48,1116700000; -1,6561200000;4;2;2;2;2;1;1;0;1;50;1;Indemne
202100034272;140 480;1;0;2;1;1;5;185 572;1;1;4;1;1968.0;0;0;15;6;2021;18;1;35;35238;2;3;1;3;48,1116700000; -1,6561200000;4;2;2;2;2;1;1;0;1;50;1;Blessé léger
202100034277;140 470;1;0;2;8;9;2;185 558;1;1;2;1;2009.0;5;8;15;6;2021;20;1;30;30007;2;3;1;3;44,1276500000;4,0732300000;2;2;2;0;1;1;1;0;1;50;1;Tué
202100034277;140 471;7;0;9;3;1;1;185 559;1;1;1;1;1995.0;5;1;15;6;2021;20;1;30;30007;2;3;1;3;44,1276500000;4,0732300000;2;2;2;0;1;1;1;0;1;50;1;Indemne
202100034277;140 471;7;0;9;3;1;1;185 560;2;2;1;1;1995.0;5;1;15;6;2021;20;1;30;30007;2;3;1;3;44,1276500000;4,0732300000;2;2;2;0;1;1;1;0;1;50;1;Indemne
202100034312;140 402;1;0;2;2;1;5;185 470;1;1;4;2;1997.0;9;2;15;6;2021;08;1;75;75112;2;5;1;3;48,8458710000;2,3742940000;4;2;2;1;1;1;1;0;5;30;1;Blessé léger
202100034312;140 403;7;0;2;2;15;1;185 471;1;1;1;1;1979.0;4;1;15;6;2021;08;1;75;75112;2;5;1;3;48,8458710000;2,3742940000;4;2;2;1;1;1;1;0;5;30;1;Indemne
202100034315;140 396;1;0;2;4;1;0;185 464;1;1;1;1;1961.0;5;2;14;6;2021;14;1;94;94068;2;1;1;3;48,7907400000;2,5065400000;4;1;1;0;1;1;1;0;1;30;0;Indemne
202100034315;140 397;1;0;2;4;1;0;185 465;1;1;4;2;1982.0;5;8;14;6;2021;14;1;94;94068;2;1;1;3;48,7907400000;2,5065400000;4;1;1;0;1;1;1;0;1;30;0;Blessé léger
202100034334;140 362;2;0;2;3;5;1;185 415;1;1;4;2;1998.0;9;2;14;6;2021;20;1;92;92023;2;1;1;1;48,7860096890;2,2484676540;4;2;2;1;1;1;1;0;5;30;0;Blessé léger
202100034334;140 363;1;0;2;1;1;5;185 416;1;1;4;1;1959.0;0;1;14;6;2021;20;1;92;92023;2;1;1;1;48,7860096890;2,2484676540;4;2;2;1;1;1;1;0;5;30;0;Blessé léger
202100034339;140 352;1;0;2;1;2;5;185 404;1;1;3;1;1945.0;5;2;16;6;2021;15;1;52;52331;1;1;1;2;48,4964280000;4,7726370000;4;2;1;0;1;2;1;0;1;50;2;Blessé hospitalisé
202100034339;140 353;1;0;0;0;2;5;185 405;1;1;4;2;2007.0;5;2;16;6;2021;15;1;52;52331;1;1;1;2;48,4964280000;4,7726370000;4;2;1;0;1;2;1;0;1;50;2;Blessé léger
202100034346;140 340;1;0;0;4;23;6;185 390;1;1;3;1;1948.0;5;2;16;6;2021;09;2;56;56204;2;1;7;1;47,9185140000; -2,7272920000;3;2;2;0;1;1;1;0;1;80;2;Blessé hospitalisé
202100034346;140 341;7;0;0;1;2;1;185 391;1;1;1;1;1943.0;3;1;16;6;2021;09;2;56;56204;2;1;7;1;47,9185140000; -2,7272920000;3;2;2;0;1;1;1;0;1;80;2;Indemne
202100034346;140 341;7;0;0;1;2;1;185 392;2;2;1;2;1950.0;3;1;16;6;2021;09;2;56;56204;2;1;7;1;47,9185140000; -2,7272920000;3;2;2;0;1;1;1;0;1;80;2;Indemne
202100034356;140 325;80;0;2;7;1;3;185 373;1;1;4;1;1967.0;5;0;15;6;2021;16;1;44;44087;2;6;1;3;46,9788910000; -1,8039890000;3;2;1;0;1;1;1;5;1;80;1;Blessé léger
202100034356;140 326;7;0;9;3;1;1;185 374;1;1;1;1;1976.0;1;1;15;6;2021;16;1;44;44087;2;6;1;3;46,9788910000; -1,8039890000;3;2;1;0;1;1;1;5;1;80;1;Indemne
202100034360;140 319;1;0;2;4;2;5;185 366;1;1;3;1;1956.0;5;2;15;6;2021;09;1;29;29158;2;1;1;2;47,7969530000; -4,3563580000;4;2;2;0;1;1;1;0;1;50;1;Blessé hospitalisé
202100034360;140 320;7;0;2;1;2;1;185 367;1;1;1;2;1936.0;3;1;15;6;2021;09;1;29;29158;2;1;1;2;47,7969530000; -4,3563580000;4;2;2;0;1;1;1;0;1;50;1;Indemne
202100034381;140 283;15;0;9;2;1;1;185 326;1;1;1;1;1999.0;4;1;15;6;2021;16;1;44;44213;1;9;1;3;47,3699100000; -1,0158760000;3;2;2;2;1;1;1;2;1;70;1;Indemne
202100034381;140 284;1;0;2;8;2;6;185 327;1;1;3;1;1958.0;5;0;15;6;2021;16;1;44;44213;1;9;1;3;47,3699100000; -1,0158760000;3;2;2;2;1;1;1;2;1;70;1;Blessé hospitalisé
202100034427;140 192;1;0;2;1;1;5;185 212;1;1;4;2;1990.0;5;8;14;6;2021;12;1;75;75120;2;3;1;3;48,8692010000;2,3919170000;4;2;2;3;2;1;1;0;1;50;0;Blessé léger
202100034427;140 193;7;0;2;3;9;1;185 213;1;1;1;1;1964.0;5;1;14;6;2021;12;1;75;75120;2;3;1;3;48,8692010000;2,3919170000;4;2;2;3;2;1;1;0;1;50;0;Indemne
202100034430;140 189;1;1;0;1;14;5;185 207;1;1;4;1;1980.0;9;8;14;6;2021;20;1;75;75117;2;1;1;6;48,8935420000;2,3245570000;4;1;1;0;1;1;1;0;1;30;0;Blessé léger
202100034433;140 184;1;12;0;1;21;5;185 202;1;1;4;1;1993.0;9;2;14;6;2021;15;1;75;75107;2;1;1;6;48,8588180000;2,3315040000;4;1;2;1;1;1;1;0;5;50;0;Blessé léger
202100034441;140 169;1;0;2;1;1;5;185 187;1;1;4;1;1963.0;0;0;14;6;2021;19;1;94;94052;2;2;1;3;48,8358000000;2,4886000000;3;2;2;0;2;1;1;0;1;50;0;Blessé léger
202100034441;140 170;7;0;2;2;15;1;185 188;1;1;1;2;1945.0;5;1;14;6;2021;19;1;94;94052;2;2;1;3;48,8358000000;2,4886000000;3;2;2;0;2;1;1;0;1;50;0;Indemne
202100034451;140 150;7;0;2;3;10;1;185 162;1;1;1;2;1979.0;5;1;13;6;2021;11;1;92;92072;2;1;1;3;48,8231579333;2,2096332908;3;1;2;1;1;1;1;0;5;50;6;Indemne
202100034451;140 151;1;0;2;1;1;5;185 163;1;1;4;1;1972.0;0;2;13;6;2021;11;1;92;92072;2;1;1;3;48,8231579333;2,2096332908;3;1;2;1;1;1;1;0;5;50;6;Blessé léger
202100034457;140 137;1;0;5;1;1;5;185 142;1;1;3;1;1976.0;5;2;13;6;2021;11;1;29;29277;2;1;1;6;48,3736247958; -4,0208406937;4;2;2;0;1;1;1;0;1;50;6;Blessé hospitalisé
202100034458;140 135;7;0;2;2;17;1;185 140;1;1;1;1;1946.0;9;8;15;6;2021;08;1;37;37193;1;1;7;3;47,2809403228;0,2008770884;3;2;2;0;1;1;1;0;1;70;1;Indemne
202100034458;140 136;1;0;0;8;1;5;185 141;1;1;4;1;1968.0;1;0;15;6;2021;08;1;37;37193;1;1;7;3;47,2809403228;0,2008770884;3;2;2;0;1;1;1;0;1;70;1;Blessé léger
202100034465;140 123;1;0;2;4;15;5;185 126;1;1;4;1;1992.0;1;0;15;6;2021;04;4;10;10276;2;9;1;2;48,2342100000;3,7215490000;3;2;2;0;2;1;1;0;1;50;1;Blessé léger
202100034465;140 124;7;0;2;3;2;1;185 127;1;1;1;1;1987.0;1;8;15;6;2021;04;4;10;10276;2;9;1;2;48,2342100000;3,7215490000;3;2;2;0;2;1;1;0;1;50;1;Indemne
202100034472;140 105;7;0;2;2;15;1;185 102;1;1;1;2;1990.0;9;1;15;6;2021;08;1;89;89373;2;3;7;1;48,2131520000;3,3485070000;3;2;2;0;1;1;1;9;1;30;1;Indemne
202100034472;140 106;1;0;2;1;1;5;185 103;1;1;3;1;1947.0;5;2;15;6;2021;08;1;89;89373;2;3;7;1;48,2131520000;3,3485070000;3;2;2;0;1;1;1;9;1;30;1;Blessé hospitalisé
202100034473;140 103;7;0;0;0;23;1;185 100;1;1;1;1;1945.0;5;1;13;6;2021;08;1;56;56078;1;3;7;7;47,7954850000; -3,4652850000;3;2;2;0;4;1;1;5;1;70;6;Indemne
202100034473;140 104;1;0;0;0;21;5;185 101;1;1;4;1;1973.0;5;2;13;6;2021;08;1;56;56078;1;3;7;7;47,7954850000; -3,4652850000;3;2;2;0;4;1;1;5;1;70;6;Blessé léger
202100034474;140 101;1;0;2;1;26;5;185 098;1;1;3;2;1956.0;0;0;15;6;2021;19;1;76;76035;2;5;1;1;49,7675300000;1,7527300000;3;2;2;0;1;1;1;0;1;50;1;Blessé hospitalisé
202100034474;140 102;7;0;9;1;26;1;185 099;1;1;1;1;1963.0;9;1;15;6;2021;19;1;76;76035;2;5;1;1;49,7675300000;1,7527300000;3;2;2;0;1;1;1;0;1;50;1;Indemne
202100034475;140 099;7;0;2;7;15;1;185 096;1;1;1;1;1945.0;5;1;15;6;2021;14;1;65;65470;1;3;1;3;43,0625257868; -0,0429609418;3;2;2;0;4;1;1;0;1;80;1;Indemne
202100034475;140 100;1;0;2;1;1;5;185 097;1;1;2;1;1955.0;5;2;15;6;2021;14;1;65;65470;1;3;1;3;43,0625257868; -0,0429609418;3;2;2;0;4;1;1;0;1;80;1;Tué
202100034477;140 096;1;0;2;6;1;5;185 093;1;1;4;1;1938.0;5;2;15;6;2021;10;1;71;71414;1;1;1;2;47,0096588416;4,2952944362;3;2;2;0;1;1;1;0;1;80;1;Blessé léger
202100034477;140 097;7;0;2;2;1;1;185 094;1;1;1;2;1995.0;3;1;15;6;2021;10;1;71;71414;1;1;1;2;47,0096588416;4,2952944362;3;2;2;0;1;1;1;0;1;80;1;Indemne
202100034498;140 060;1;0;9;4;2;5;185 050;1;1;1;1;1959.0;5;2;15;6;2021;08;1;64;64317;1;1;1;4;43,3840060000; -1,4444230000;3;2;3;0;1;1;1;0;1;90;1;Indemne
202100034498;140 061;1;0;9;1;2;5;185 051;1;1;1;1;1964.0;5;2;15;6;2021;08;1;64;64317;1;1;1;4;43,3840060000; -1,4444230000;3;2;3;0;1;1;1;0;1;90;1;Indemne
202100034498;140 062;1;0;9;1;2;5;185 052;1;1;4;1;1959.0;5;2;15;6;2021;08;1;64;64317;1;1;1;4;43,3840060000; -1,4444230000;3;2;3;0;1;1;1;0;1;90;1;Blessé léger
202100034498;140 063;1;0;9;1;2;5;185 053;1;1;3;1;1959.0;5;2;15;6;2021;08;1;64;64317;1;1;1;4;43,3840060000; -1,4444230000;3;2;3;0;1;1;1;0;1;90;1;Blessé hospitalisé
202100034501;140 055;1;0;2;1;1;5;185 043;1;1;4;1;1957.0;5;4;14;6;2021;08;1;16;16106;2;3;7;1;46,0146120000;0,6755490000;3;2;2;0;2;1;1;0;1;50;0;Blessé léger
202100034501;140 056;7;0;2;3;15;1;185 044;1;1;1;2;1970.0;3;1;14;6;2021;08;1;16;16106;2;3;7;1;46,0146120000;0,6755490000;3;2;2;0;2;1;1;0;1;50;0;Indemne
202100034505;140 049;1;0;2;1;1;5;185 035;1;1;3;1;1946.0;5;2;14;6;2021;13;1;27;27284;2;6;1;3;49,2762260512;1,7545284071;3;2;2;0;1;1;1;5;1;50;0;Blessé hospitalisé
202100034505;140 050;7;0;9;8;9;1;185 036;1;1;1;2;1942.0;5;1;14;6;2021;13;1;27;27284;2;6;1;3;49,2762260512;1,7545284071;3;2;2;0;1;1;1;5;1;50;0;Indemne
202100034514;140 033;1;0;2;4;2;5;185 014;1;1;3;1;1982.0;5;8;15;6;2021;06;2;45;45049;1;1;1;4;47,8567390000;2,3522560000;3;2;2;0;1;1;1;0;1;80;1;Blessé hospitalisé
202100034514;140 034;1;0;2;4;2;5;185 015;1;1;3;1;1974.0;5;2;15;6;2021;06;2;45;45049;1;1;1;4;47,8567390000;2,3522560000;3;2;2;0;1;1;1;0;1;80;1;Blessé hospitalisé
202100034514;140 035;7;0;2;1;2;1;185 016;1;1;1;2;1973.0;1;8;15;6;2021;06;2;45;45049;1;1;1;4;47,8567390000;2,3522560000;3;2;2;0;1;1;1;0;1;80;1;Indemne
202100034520;140 025;1;0;0;0;0;5;185 006;1;1;3;1;1958.0;5;2;15;6;2021;13;1;68;68359;1;1;1;7;47,8401800000;7,1663050000;3;2;2;0;2;3;1;0;1;70;1;Blessé hospitalisé
202100034521;140 024;1;0;0;0;1;5;185 005;1;1;3;2;1954.0;5;2;15;6;2021;11;1;68;68287;2;4;7;7;47,9639650000;7,2935490000;4;2;2;0;2;1;1;0;1;50;1;Blessé hospitalisé
202100034525;140 016;7;0;2;2;2;1;184 995;1;1;1;1;1998.0;5;1;11;6;2021;15;1;69;69227;1;1;1;2;45,6279940000;4,5308090000;3;2;2;0;1;2;1;0;1;80;4;Indemne
202100034525;140 017;1;0;2;4;2;5;184 996;1;1;4;1;1959.0;5;2;11;6;2021;15;1;69;69227;1;1;1;2;45,6279940000;4,5308090000;3;2;2;0;1;2;1;0;1;80;4;Blessé léger
202100034553;139 960;7;0;2;1;1;1;184 925;1;1;1;1;1994.0;0;1;13;6;2021;21;2;69;69387;2;2;1;3;45,7464500000;4,8499300000;4;1;5;3;1;1;1;0;6;50;6;Indemne
202100034553;139 961;1;0;2;8;1;5;184 926;1;1;4;1;1998.0;4;8;13;6;2021;21;2;69;69387;2;2;1;3;45,7464500000;4,8499300000;4;1;5;3;1;1;1;0;6;50;6;Blessé léger
202100034564;139 934;7;0;2;7;16;1;184 892;1;1;1;1;2001.0;0;1;13;6;2021;11;1;72;72181;2;3;1;3;48,0126100000;0,1897200000;4;1;2;1;1;1;1;0;5;50;6;Indemne
202100034564;139 935;1;0;2;8;1;5;184 893;1;1;4;1;1951.0;0;2;13;6;2021;11;1;72;72181;2;3;1;3;48,0126100000;0,1897200000;4;1;2;1;1;1;1;0;5;50;6;Blessé léger
202100034567;139 930;1;0;2;4;1;5;184 886;1;1;4;1;1970.0;5;0;13;6;2021;17;1;69;69029;2;3;1;2;45,7386600000;4,9171600000;4;1;1;0;1;3;1;9;1;50;6;Blessé léger
202100034567;139 930;1;0;2;4;1;5;184 887;3;2;4;2;2020.0;5;3;13;6;2021;17;1;69;69029;2;3;1;2;45,7386600000;4,9171600000;4;1;1;0;1;3;1;9;1;50;6;Blessé léger
202100034567;139 930;1;0;2;4;1;5;184 888;2;2;4;2;2020.0;5;3;13;6;2021;17;1;69;69029;2;3;1;2;45,7386600000;4,9171600000;4;1;1;0;1;3;1;9;1;50;6;Blessé léger
202100034567;139 931;32;0;2;1;1;1;184 889;1;1;1;1;2000.0;9;2;13;6;2021;17;1;69;69029;2;3;1;2;45,7386600000;4,9171600000;4;1;1;0;1;3;1;9;1;50;6;Indemne
202100034572;139 921;1;0;2;1;1;2;184 874;1;1;4;1;1977.0;1;8;13;6;2021;11;1;64;64129;2;6;1;3;43,3048900000; -0,4013800000;3;2;3;2;1;2;1;0;5;30;6;Blessé léger
202100034572;139 922;7;0;2;8;9;1;184 875;1;1;1;1;1979.0;5;1;13;6;2021;11;1;64;64129;2;6;1;3;43,3048900000; -0,4013800000;3;2;3;2;1;2;1;0;5;30;6;Indemne
202100034577;139 911;7;0;0;5;0;1;184 857;1;1;1;1;1951.0;0;1;12;6;2021;09;1;51;51454;2;2;1;3;49,2318900000;4,0141400000;4;2;4;0;1;1;1;0;1;50;5;Indemne
202100034577;139 912;1;0;0;1;0;5;184 858;1;1;4;1;1941.0;0;2;12;6;2021;09;1;51;51454;2;2;1;3;49,2318900000;4,0141400000;4;2;4;0;1;1;1;0;1;50;5;Blessé léger
202100034580;139 904;80;1;0;1;1;3;184 850;1;1;4;1;1954.0;0;8;13;6;2021;11;1;44;44109;2;1;1;3;47,2208700000; -1,5554140000;4;2;2;3;1;1;1;0;1;30;6;Blessé léger
202100034580;139 905;7;0;2;8;23;1;184 851;1;1;1;1;1982.0;0;8;13;6;2021;11;1;44;44109;2;1;1;3;47,2208700000; -1,5554140000;4;2;2;3;1;1;1;0;1;30;6;Indemne
202100034591;139 882;1;0;2;7;1;5;184 818;1;1;4;1;1954.0;5;2;13;6;2021;10;1;15;15014;2;6;1;3;44,9233700000;2,4405500000;4;1;1;0;1;2;1;5;1;50;6;Blessé léger
202100034591;139 883;7;0;2;1;9;1;184 819;1;1;1;1;1946.0;5;1;13;6;2021;10;1;15;15014;2;6;1;3;44,9233700000;2,4405500000;4;1;1;0;1;2;1;5;1;50;6;Indemne
202100034597;139 871;1;0;1;8;1;5;184 798;1;1;1;2;1987.0;5;2;12;6;2021;11;1;13;13207;2;1;1;3;43,2907500000;5,3560200000;4;1;2;0;1;1;1;0;1;50;5;Indemne
202100034597;139 871;1;0;1;8;1;5;184 799;10;3;4;2;1933.0;5;0;12;6;2021;11;1;13;13207;2;1;1;3;43,2907500000;5,3560200000;4;1;2;0;1;1;1;0;1;50;5;Blessé léger
202100034597;139 871;1;0;1;8;1;5;184 800;10;3;4;1;1933.0;5;0;12;6;2021;11;1;13;13207;2;1;1;3;43,2907500000;5,3560200000;4;1;2;0;1;1;1;0;1;50;5;Blessé léger
202100034599;139 867;7;0;2;5;12;1;184 793;1;1;1;1;2001.0;5;1;13;6;2021;09;1;09;09122;2;9;1;3;42,9643560000;1,6104110000;3;1;3;1;1;2;1;2;1;50;6;Indemne
202100034599;139 868;1;0;2;1;1;0;184 794;1;1;4;1;1949.0;0;8;13;6;2021;09;1;09;09122;2;9;1;3;42,9643560000;1,6104110000;3;1;3;1;1;2;1;2;1;50;6;Blessé léger
202100034609;139 850;1;0;2;1;1;5;184 769;10;3;4;2;1967.0;3;0;13;6;2021;14;1;75;75119;2;2;1;6;48,8892510000;2,3712750000;4;1;2;1;1;1;1;0;5;50;6;Blessé léger
202100034609;139 850;1;0;2;1;1;5;184 770;1;1;1;1;2001.0;4;2;13;6;2021;14;1;75;75119;2;2;1;6;48,8892510000;2,3712750000;4;1;2;1;1;1;1;0;5;50;6;Indemne
202100034626;139 820;7;0;0;0;0;0;184 732;1;1;1;1;1979.0;0;1;13;6;2021;21;2;93;93048;2;2;1;3;48,8528300000;2,4446800000;3;2;2;1;2;1;1;0;1;50;6;Indemne
202100034626;139 821;1;0;2;1;1;0;184 733;1;1;4;1;2001.0;0;8;13;6;2021;21;2;93;93048;2;2;1;3;48,8528300000;2,4446800000;3;2;2;1;2;1;1;0;1;50;6;Blessé léger
202100034627;139 818;1;0;2;1;1;0;184 730;1;1;4;2;1972.0;0;1;13;6;2021;09;1;93;93048;2;2;1;3;48,8618400000;2,4465500000;4;2;2;0;2;1;1;0;1;30;6;Blessé léger
202100034627;139 819;7;0;9;7;15;1;184 731;1;1;1;2;1970.0;3;1;13;6;2021;09;1;93;93048;2;2;1;3;48,8618400000;2,4465500000;4;2;2;0;2;1;1;0;1;30;6;Indemne
202100034636;139 805;7;0;9;1;2;1;184 711;1;1;1;1;1933.0;5;1;13;6;2021;06;2;26;26140;1;1;1;2;45,1173740000;5,1014910000;3;2;2;0;1;1;1;0;1;80;6;Indemne
202100034636;139 806;1;0;0;4;2;5;184 712;1;1;3;1;1944.0;5;2;13;6;2021;06;2;26;26140;1;1;1;2;45,1173740000;5,1014910000;3;2;2;0;1;1;1;0;1;80;6;Blessé hospitalisé
202100034638;139 801;1;0;2;1;1;5;184 705;1;1;3;1;1968.0;5;2;13;6;2021;10;1;73;73091;2;9;1;3;45,7951620000;5,8181620000;3;2;2;0;2;2;1;9;1;50;6;Blessé hospitalisé
202100034638;139 802;7;0;2;2;15;1;184 706;1;1;1;1;1991.0;5;1;13;6;2021;10;1;73;73091;2;9;1;3;45,7951620000;5,8181620000;3;2;2;0;2;2;1;9;1;50;6;Indemne
202100034639;139 799;1;0;2;4;2;5;184 703;1;1;4;2;1966.0;5;2;10;6;2021;16;1;71;71047;1;1;1;2;46,5956040000;3,7930110000;3;2;2;0;1;1;1;0;1;80;3;Blessé léger
202100034639;139 800;7;0;2;2;17;1;184 704;1;1;1;1;1939.0;5;1;10;6;2021;16;1;71;71047;1;1;1;2;46,5956040000;3,7930110000;3;2;2;0;1;1;1;0;1;80;3;Indemne