Num_Acc;id_vehicule;catv;obs;obsm;choc;manv;motor;id_usager;place;catu;grav;sexe;an_nais;trajet;secu1;jour;mois;an;hrmn;lum;dep;com;agg;int;atm;col;lat;long;catr;circ;nbv;vosp;prof;plan;surf;infra;situ;vma;day_of_week;gravity
202100036823;135 880;1;1;2;1;1;5;179 583;1;1;3;1;1993.0;1;8;29;5;2021;16;1;11;11262;2;1;1;6;43,1855200000;2,9894300000;4;2;2;0;1;1;1;9;1;50;5;Blessé hospitalisé
202100036824;135 878;1;0;0;1;1;5;179 581;1;1;4;2;1979.0;5;8;1;6;2021;13;1;11;11069;2;1;8;7;43,2104700000;2,3495200000;4;2;2;1;2;1;1;0;5;50;1;Blessé léger
202100036831;135 864;10;0;2;4;20;1;179 563;1;1;1;1;1983.0;4;1;2;6;2021;14;1;75;75106;2;1;1;2;48,8431110000;2,3384690000;4;2;4;1;1;1;1;0;5;50;2;Indemne
202100036831;135 865;1;0;2;1;1;5;179 564;1;1;4;1;2004.0;5;8;2;6;2021;14;1;75;75106;2;1;1;2;48,8431110000;2,3384690000;4;2;4;1;1;1;1;0;5;50;2;Blessé léger
202100036836;135 854;7;0;2;2;12;1;179 553;1;1;1;1;1988.0;4;1;31;5;2021;18;1;75;75116;2;3;1;3;48,8772650000;2,2785770000;4;2;4;0;1;1;1;0;1;50;0;Indemne
202100036836;135 855;1;0;2;3;1;5;179 554;1;1;4;2;1952.0;5;8;31;5;2021;18;1;75;75116;2;3;1;3;48,8772650000;2,2785770000;4;2;4;0;1;1;1;0;1;50;0;Blessé léger
202100036837;135 852;1;0;2;8;19;5;179 551;1;1;4;1;1999.0;5;8;2;6;2021;14;1;75;75115;2;1;1;3;48,8473860000;2,3007960000;4;2;3;0;1;1;1;0;1;50;2;Blessé léger
202100036837;135 853;2;0;2;1;1;1;179 552;1;1;1;1;1998.0;5;2;2;6;2021;14;1;75;75115;2;1;1;3;48,8473860000;2,3007960000;4;2;3;0;1;1;1;0;1;50;2;Indemne
202100036838;135 850;10;0;2;8;22;1;179 549;1;1;1;1;1994.0;1;1;2;6;2021;09;1;75;75115;2;1;1;3;48,8338860000;2,3016180000;4;2;2;0;2;1;1;0;1;30;2;Indemne
202100036838;135 851;1;0;2;7;17;5;179 550;1;1;4;2;1989.0;1;8;2;6;2021;09;1;75;75115;2;1;1;3;48,8338860000;2,3016180000;4;2;2;0;2;1;1;0;1;30;2;Blessé léger
202100036842;135 844;80;0;2;2;1;3;179 541;1;1;4;1;1959.0;9;2;1;6;2021;17;1;75;75112;2;1;1;3;48,8415600000;2,3935120000;4;2;2;0;1;1;1;0;1;50;1;Blessé léger
202100036842;135 845;10;0;2;3;22;1;179 542;1;1;1;1;1984.0;4;1;1;6;2021;17;1;75;75112;2;1;1;3;48,8415600000;2,3935120000;4;2;2;0;1;1;1;0;1;50;1;Indemne
202100036843;135 842;1;0;2;3;2;5;179 539;1;1;4;1;2004.0;5;2;2;6;2021;18;1;75;75107;2;1;1;2;48,8577230000;2,2915550000;4;2;2;1;1;1;1;0;1;50;2;Blessé léger
202100036843;135 843;1;0;2;4;1;5;179 540;1;1;1;1;1985.0;1;2;2;6;2021;18;1;75;75107;2;1;1;2;48,8577230000;2,2915550000;4;2;2;1;1;1;1;0;1;50;2;Indemne
202100036863;135 804;7;0;2;3;23;1;179 492;1;1;1;1;1987.0;1;8;31;5;2021;08;1;93;93029;2;1;1;3;48,9200500000;2,4513900000;3;2;2;0;1;1;1;0;1;50;0;Indemne
202100036863;135 805;1;0;2;2;20;5;179 493;1;1;4;1;2003.0;2;8;31;5;2021;08;1;93;93029;2;1;1;3;48,9200500000;2,4513900000;3;2;2;0;1;1;1;0;1;50;0;Blessé léger
202100036867;135 799;1;0;1;1;1;5;179 484;1;1;1;1;1962.0;0;8;2;6;2021;12;1;93;93001;2;1;1;6;48,9087730000;2,3699350000;4;1;1;0;1;1;1;0;1;50;2;Indemne
202100036867;135 799;1;0;1;1;1;5;179 485;10;3;4;1;1992.0;0;0;2;6;2021;12;1;93;93001;2;1;1;6;48,9087730000;2,3699350000;4;1;1;0;1;1;1;0;1;50;2;Blessé léger
202100036868;135 798;1;0;1;1;26;5;179 482;1;1;4;2;1983.0;9;8;2;6;2021;10;1;92;92046;2;1;1;6;48,8216368732;2,2976419330;3;2;0;1;2;1;1;9;5;25;2;Blessé léger
202100036868;135 798;1;0;1;1;26;5;179 483;10;3;4;2;1959.0;9;0;2;6;2021;10;1;92;92046;2;1;1;6;48,8216368732;2,2976419330;3;2;0;1;2;1;1;9;5;25;2;Blessé léger
202100036887;135 764;7;0;2;1;19;1;179 440;1;1;1;1;1979.0;1;1;2;6;2021;18;1;51;51389;1;2;1;3;49,1330250000;4,3371860000;3;2;2;0;1;1;1;0;1;80;2;Indemne
202100036887;135 765;1;0;2;8;1;5;179 441;1;1;4;1;1982.0;5;2;2;6;2021;18;1;51;51389;1;2;1;3;49,1330250000;4,3371860000;3;2;2;0;1;1;1;0;1;80;2;Blessé léger
202100036899;135 744;1;14;0;0;1;5;179 418;1;1;2;1;1932.0;5;2;2;6;2021;10;1;25;25559;1;1;1;6;47,2597840000;6,8557910000;4;2;2;0;1;1;1;0;1;80;2;Tué
202100036953;135 646;1;0;2;1;19;5;179 281;1;1;4;1;1964.0;9;0;1;6;2021;17;1;69;69383;2;3;1;3;45,7572500000;4,8408100000;4;2;3;0;1;1;1;0;1;30;1;Blessé léger
202100036953;135 647;7;0;2;3;1;1;179 282;1;1;1;1;1982.0;9;1;1;6;2021;17;1;69;69383;2;3;1;3;45,7572500000;4,8408100000;4;2;3;0;1;1;1;0;1;30;1;Indemne
202100036954;135 644;7;0;2;3;22;1;179 279;1;1;1;2;1971.0;0;0;1;6;2021;14;1;69;69388;2;1;1;3;45,7448700000;4,8670900000;4;1;1;2;1;1;1;0;5;50;1;Indemne
202100036954;135 645;1;1;0;1;1;5;179 280;1;1;4;2;1963.0;5;2;1;6;2021;14;1;69;69388;2;1;1;3;45,7448700000;4,8670900000;4;1;1;2;1;1;1;0;5;50;1;Blessé léger
202100036972;135 612;7;0;9;3;9;1;179 237;1;1;1;2;1994.0;0;1;1;6;2021;13;1;76;76498;2;6;1;3;49,4259030000;1,0590110000;7;1;2;3;1;2;1;8;1;50;1;Indemne
202100036972;135 613;1;0;2;1;1;5;179 238;1;1;4;1;1984.0;0;8;1;6;2021;13;1;76;76498;2;6;1;3;49,4259030000;1,0590110000;7;1;2;3;1;2;1;8;1;50;1;Blessé léger
202100036980;135 597;1;0;2;0;19;5;179 217;1;1;4;2;2016.0;5;2;29;5;2021;11;1;67;67482;2;3;1;3;48,5749720000;7,7301850000;7;1;2;0;1;1;1;0;1;50;5;Blessé léger
202100036980;135 598;10;0;2;1;10;1;179 218;1;1;1;1;1970.0;0;1;29;5;2021;11;1;67;67482;2;3;1;3;48,5749720000;7,7301850000;7;1;2;0;1;1;1;0;1;50;5;Indemne
202100036981;135 595;7;0;2;2;1;1;179 215;1;1;1;1;1966.0;0;1;29;5;2021;10;1;67;67482;2;1;1;3;48,5949380000;7,7074320000;4;2;4;2;1;1;1;0;1;50;5;Indemne
202100036981;135 596;1;0;2;1;13;5;179 216;1;1;4;1;1991.0;5;8;29;5;2021;10;1;67;67482;2;1;1;3;48,5949380000;7,7074320000;4;2;4;2;1;1;1;0;1;50;5;Blessé léger
202100037008;135 549;80;0;2;1;1;3;179 152;1;1;4;2;1949.0;9;2;1;6;2021;09;1;35;35238;2;6;1;3;48,1351000000; -1,6523200000;4;2;2;2;2;1;1;5;1;50;1;Blessé léger
202100037008;135 550;7;0;2;1;9;1;179 153;1;1;1;2;1961.0;4;1;1;6;2021;09;1;35;35238;2;6;1;3;48,1351000000; -1,6523200000;4;2;2;2;2;1;1;5;1;50;1;Indemne
202100037019;135 531;1;0;2;6;15;5;179 126;1;1;4;1;1998.0;4;2;1;6;2021;09;1;25;25056;2;3;1;2;47,2521600000;6,0147800000;4;2;2;0;1;1;1;0;1;50;1;Blessé léger
202100037019;135 532;33;0;2;1;17;1;179 127;1;1;4;1;1973.0;5;2;1;6;2021;09;1;25;25056;2;3;1;2;47,2521600000;6,0147800000;4;2;2;0;1;1;1;0;1;50;1;Blessé léger
202100037020;135 529;1;1;0;1;2;5;179 124;1;1;3;1;1957.0;5;2;1;6;2021;13;1;24;24037;1;1;1;2;44,8684800000;0,4463900000;3;2;2;0;1;1;1;0;1;50;1;Blessé hospitalisé
202100037020;135 530;14;0;2;6;24;1;179 125;1;1;3;1;1968.0;4;1;1;6;2021;13;1;24;24037;1;1;1;2;44,8684800000;0,4463900000;3;2;2;0;1;1;1;0;1;50;1;Blessé hospitalisé
202100037025;135 519;1;0;2;6;1;5;179 112;1;1;3;1;1977.0;5;8;30;5;2021;17;1;14;14341;2;1;1;2;49,1524500000; -0,3510200000;4;2;2;0;1;1;1;0;1;50;6;Blessé hospitalisé
202100037025;135 520;2;0;2;1;1;1;179 113;1;1;1;1;2006.0;5;2;30;5;2021;17;1;14;14341;2;1;1;2;49,1524500000; -0,3510200000;4;2;2;0;1;1;1;0;1;50;6;Indemne
202100037054;135 467;1;12;0;7;14;5;179 053;1;1;4;2;1963.0;1;8;1;6;2021;18;1;75;75108;2;7;1;7;48,8640780000;2,3201430000;4;1;4;1;1;1;1;0;5;30;1;Blessé léger
202100037056;135 463;1;0;2;7;19;5;179 048;1;1;4;2;1993.0;9;8;31;5;2021;21;5;75;75103;2;7;1;3;48,8671490000;2,3637250000;4;2;4;0;1;1;1;0;1;50;0;Blessé léger
202100037056;135 464;32;0;2;1;17;1;179 049;1;1;1;2;2000.0;1;2;31;5;2021;21;5;75;75103;2;7;1;3;48,8671490000;2,3637250000;4;2;4;0;1;1;1;0;1;50;0;Indemne
202100037058;135 460;7;0;2;7;17;1;179 045;1;1;1;2;1947.0;1;1;31;5;2021;18;1;94;94068;2;1;1;3;48,8094500000;2,4709900000;3;1;2;0;1;1;1;0;1;30;0;Indemne
202100037058;135 461;1;0;2;8;2;5;179 046;1;1;4;2;1972.0;1;2;31;5;2021;18;1;94;94068;2;1;1;3;48,8094500000;2,4709900000;3;1;2;0;1;1;1;0;1;30;0;Blessé léger
202100037061;135 454;1;0;2;6;1;5;179 038;1;1;4;1;1971.0;9;2;1;6;2021;18;1;94;94041;2;4;1;3;48,8180500000;2,3948900000;3;1;1;0;1;1;1;0;1;50;1;Blessé léger
202100037061;135 455;7;0;2;2;1;1;179 039;1;1;1;1;1991.0;0;1;1;6;2021;18;1;94;94041;2;4;1;3;48,8180500000;2,3948900000;3;1;1;0;1;1;1;0;1;50;1;Indemne
202100037063;135 451;1;0;2;3;13;5;179 035;1;1;4;1;2005.0;2;2;31;5;2021;17;1;94;94002;2;1;1;3;48,7946100000;2,4254900000;4;2;2;0;1;1;1;0;1;50;0;Blessé léger
202100037063;135 452;7;0;2;2;14;1;179 036;1;1;1;1;1998.0;5;1;31;5;2021;17;1;94;94002;2;1;1;3;48,7946100000;2,4254900000;4;2;2;0;1;1;1;0;1;50;0;Indemne
202100037099;135 391;80;12;0;0;1;3;178 958;1;1;3;2;1961.0;5;0;2;6;2021;09;1;29;29072;2;1;8;7;47,7933440000; -4,2883370000;4;1;2;0;1;1;1;0;4;30;2;Blessé hospitalisé
202100037104;135 379;7;0;2;3;1;1;178 945;1;1;1;2;1995.0;4;1;1;6;2021;08;1;43;43135;2;3;1;3;44,9407100000;3,9934770000;4;1;1;0;1;1;1;0;1;30;1;Indemne
202100037104;135 380;1;0;2;1;9;5;178 946;1;1;3;1;2009.0;2;2;1;6;2021;08;1;43;43135;2;3;1;3;44,9407100000;3,9934770000;4;1;1;0;1;1;1;0;1;30;1;Blessé hospitalisé
202100037111;135 366;1;0;2;1;1;5;178 931;1;1;4;1;1952.0;5;2;22;5;2021;17;1;35;35131;1;2;1;3;48,1300970000; -1,8051430000;7;2;2;0;2;3;1;5;1;50;5;Blessé léger
202100037111;135 367;10;0;2;7;19;1;178 932;1;1;1;1;1965.0;5;1;22;5;2021;17;1;35;35131;1;2;1;3;48,1300970000; -1,8051430000;7;2;2;0;2;3;1;5;1;50;5;Indemne
202100037122;135 347;1;0;2;1;1;5;178 910;1;1;3;1;1979.0;5;2;31;5;2021;14;1;88;88196;2;3;1;3;48,0808080000;6,8964450000;3;2;2;2;1;1;1;0;5;50;0;Blessé hospitalisé
202100037122;135 348;10;0;2;7;16;1;178 911;1;1;1;1;1960.0;4;1;31;5;2021;14;1;88;88196;2;3;1;3;48,0808080000;6,8964450000;3;2;2;2;1;1;1;0;5;50;0;Indemne
202100037128;135 333;7;0;9;8;1;1;178 894;1;1;1;2;1959.0;5;1;2;6;2021;07;1;62;62861;2;4;1;3;50,3682950000;2,7998940000;3;2;2;0;2;1;1;0;1;50;2;Indemne
202100037128;135 334;1;0;2;1;1;5;178 895;1;1;4;1;1983.0;1;2;2;6;2021;07;1;62;62861;2;4;1;3;50,3682950000;2,7998940000;3;2;2;0;2;1;1;0;1;50;2;Blessé léger
202100037183;135 221;1;0;2;1;1;5;178 744;1;1;4;1;2004.0;0;8;31;5;2021;08;1;89;89387;2;3;1;1;48,2008700000;3,2918900000;4;2;2;0;1;1;1;0;1;30;0;Blessé léger
202100037183;135 222;7;0;2;1;13;1;178 745;1;1;1;2;1989.0;0;1;31;5;2021;08;1;89;89387;2;3;1;1;48,2008700000;3,2918900000;4;2;2;0;1;1;1;0;1;30;0;Indemne
202100037188;135 212;1;0;2;1;9;5;178 734;1;1;4;1;2012.0;5;8;30;4;2021;17;1;87;87075;1;1;1;3;45,8073600000;1,2027300000;4;1;1;0;1;1;1;0;1;30;4;Blessé léger
202100037188;135 213;7;0;2;2;0;1;178 735;1;1;1;1;1941.0;5;1;30;4;2021;17;1;87;87075;1;1;1;3;45,8073600000;1,2027300000;4;1;1;0;1;1;1;0;1;30;4;Indemne
202100037196;135 194;7;0;2;1;26;1;178 712;1;1;1;2;2001.0;0;1;31;5;2021;19;1;77;77394;1;1;1;3;48,5522670000;2,6678970000;3;1;1;1;1;3;1;0;1;50;0;Indemne
202100037196;135 195;1;0;2;7;1;0;178 713;1;1;4;1;1966.0;0;8;31;5;2021;19;1;77;77394;1;1;1;3;48,5522670000;2,6678970000;3;1;1;1;1;3;1;0;1;50;0;Blessé léger
202100037203;135 182;7;0;2;8;9;1;178 696;1;1;1;2;1971.0;1;1;3;5;2021;18;1;71;71105;2;6;1;3;46,3127900000;4,7857600000;3;1;2;1;1;2;1;5;1;50;0;Indemne
202100037203;135 183;1;0;2;7;2;0;178 697;1;1;4;1;1959.0;1;2;3;5;2021;18;1;71;71105;2;6;1;3;46,3127900000;4,7857600000;3;1;2;1;1;2;1;5;1;50;0;Blessé léger
202100037207;135 174;7;0;2;5;15;1;178 688;1;1;1;1;2001.0;0;1;18;5;2021;10;1;69;69290;2;2;1;3;45,6877800000;4,9348500000;4;2;2;0;1;1;1;0;1;50;1;Indemne
202100037207;135 175;80;0;2;2;1;3;178 689;1;1;3;1;1946.0;0;2;18;5;2021;10;1;69;69290;2;2;1;3;45,6877800000;4,9348500000;4;2;2;0;1;1;1;0;1;50;1;Blessé hospitalisé
202100037214;135 161;7;0;2;3;15;1;178 672;1;1;1;1;1970.0;9;1;31;5;2021;17;1;64;64335;2;2;1;3;43,3341400000; -0,4199500000;4;2;2;0;1;1;1;0;1;50;0;Indemne
202100037214;135 162;1;0;2;3;1;5;178 673;1;1;4;2;1965.0;9;2;31;5;2021;17;1;64;64335;2;2;1;3;43,3341400000; -0,4199500000;4;2;2;0;1;1;1;0;1;50;0;Blessé léger
202100037226;135 141;1;1;0;1;1;0;178 647;1;1;4;1;1992.0;0;8;31;5;2021;11;1;59;59648;2;1;1;3;50,5855733182;3,0460635410;4;2;2;0;1;1;1;0;1;50;0;Blessé léger
202100037226;135 142;7;0;2;3;24;1;178 648;1;1;1;1;1954.0;0;1;31;5;2021;11;1;59;59648;2;1;1;3;50,5855733182;3,0460635410;4;2;2;0;1;1;1;0;1;50;0;Indemne
202100037230;135 134;7;0;2;7;17;1;178 639;1;1;1;2;1946.0;5;1;28;5;2021;12;1;56;56121;2;1;1;3;47,7633400000; -3,3943900000;4;2;2;2;1;1;1;0;5;30;4;Indemne
202100037230;135 135;1;0;2;8;1;5;178 640;1;1;4;1;1967.0;5;2;28;5;2021;12;1;56;56121;2;1;1;3;47,7633400000; -3,3943900000;4;2;2;2;1;1;1;0;5;30;4;Blessé léger
202100037248;135 099;7;0;2;5;16;1;178 587;1;1;1;2;2001.0;9;1;31;5;2021;18;1;35;35238;2;6;1;2;48,0838700000; -1,6773400000;4;1;2;1;1;2;1;0;1;30;0;Indemne
202100037248;135 100;1;0;2;1;2;6;178 588;1;1;3;2;1941.0;5;8;31;5;2021;18;1;35;35238;2;6;1;2;48,0838700000; -1,6773400000;4;1;2;1;1;2;1;0;1;30;0;Blessé hospitalisé
202100037250;135 095;7;0;2;3;15;1;178 579;1;1;1;2;1967.0;1;1;31;5;2021;08;1;33;33281;2;1;1;3;44,8406800000; -0,6413700000;4;2;3;2;2;1;1;0;5;50;0;Indemne
202100037250;135 096;1;0;2;6;1;5;178 580;1;1;4;1;1988.0;0;8;31;5;2021;08;1;33;33281;2;1;1;3;44,8406800000; -0,6413700000;4;2;3;2;2;1;1;0;5;50;0;Blessé léger
202100037261;135 075;7;0;2;2;16;1;178 557;1;1;1;1;1984.0;0;1;4;5;2021;13;1;27;27554;2;2;1;3;49,0937997661;1,3860303868;4;2;2;0;1;3;1;0;1;50;1;Indemne
202100037261;135 076;1;0;2;2;13;5;178 558;1;1;4;1;2011.0;2;8;4;5;2021;13;1;27;27554;2;2;1;3;49,0937997661;1,3860303868;4;2;2;0;1;3;1;0;1;50;1;Blessé léger
202100037274;135 046;1;0;2;1;1;0;178 523;1;1;3;1;1955.0;5;2;29;5;2021;12;1;08;08105;2;3;1;3;49,7545330000;4,7223760000;4;2;2;0;1;1;1;0;1;50;5;Blessé hospitalisé
202100037274;135 047;7;0;2;3;15;1;178 524;1;1;1;1;1989.0;5;1;29;5;2021;12;1;08;08105;2;3;1;3;49,7545330000;4,7223760000;4;2;2;0;1;1;1;0;1;50;5;Indemne
202100037283;135 029;30;0;2;2;5;3;178 503;1;1;1;1;2000.0;4;2;30;5;2021;20;1;75;75116;2;1;1;1;48,8598620000;2,2787580000;4;1;1;1;1;1;1;0;5;30;6;Indemne
202100037283;135 030;1;0;2;3;1;5;178 504;1;1;4;1;1988.0;4;8;30;5;2021;20;1;75;75116;2;1;1;1;48,8598620000;2,2787580000;4;1;1;1;1;1;1;0;5;30;6;Blessé léger
202100037285;135 026;1;0;2;1;1;5;178 498;1;1;4;1;1994.0;5;2;30;5;2021;18;1;75;75115;2;2;1;3;48,8372240000;2,2963300000;4;2;2;1;1;1;1;0;1;50;6;Blessé léger
202100037285;135 027;7;0;2;1;15;1;178 499;1;1;1;2;1962.0;5;1;30;5;2021;18;1;75;75115;2;2;1;3;48,8372240000;2,2963300000;4;2;2;1;1;1;1;0;1;50;6;Indemne
202100037290;135 017;7;0;2;4;2;1;178 485;1;1;1;1;1970.0;9;1;31;5;2021;18;1;75;75112;2;1;1;2;48,8471780000;2,3956960000;4;2;2;0;1;1;1;0;1;50;0;Indemne
202100037290;135 018;1;0;2;1;2;5;178 486;1;1;4;1;1993.0;5;8;31;5;2021;18;1;75;75112;2;1;1;2;48,8471780000;2,3956960000;4;2;2;0;1;1;1;0;1;50;0;Blessé léger
202100037292;135 013;1;0;2;7;19;5;178 480;1;1;4;2;1982.0;5;8;31;5;2021;12;1;75;75112;2;3;1;5;48,8274630000;2,4193850000;4;2;4;0;1;1;1;0;1;50;0;Blessé léger
202100037292;135 014;7;0;2;3;1;3;178 481;1;1;1;1;1944.0;5;1;31;5;2021;12;1;75;75112;2;3;1;5;48,8274630000;2,4193850000;4;2;4;0;1;1;1;0;1;50;0;Indemne
202100037292;135 015;15;0;2;2;1;1;178 482;1;1;1;1;1968.0;4;1;31;5;2021;12;1;75;75112;2;3;1;5;48,8274630000;2,4193850000;4;2;4;0;1;1;1;0;1;50;0;Indemne
202100037295;135 005;1;0;0;0;21;5;178 465;1;1;4;1;2000.0;5;8;31;5;2021;17;1;75;75107;2;2;1;7;48,8516400000;2,3125240000;4;1;2;0;1;1;1;6;5;50;0;Blessé léger
202100037296;135 004;1;0;1;3;16;5;178 463;10;3;4;1;1965.0;1;0;31;5;2021;08;1;75;75107;2;2;1;6;48,8549210000;2,3199620000;4;1;1;0;1;1;1;6;1;50;0;Blessé léger
202100037296;135 004;1;0;1;3;16;5;178 464;1;1;1;2;1976.0;1;2;31;5;2021;08;1;75;75107;2;2;1;6;48,8549210000;2,3199620000;4;1;1;0;1;1;1;6;1;50;0;Indemne
202100037297;135 002;80;0;2;1;1;3;178 461;1;1;4;1;1980.0;5;8;31;5;2021;14;1;75;75103;2;3;1;2;48,8671390000;2,3630650000;4;2;6;1;1;1;1;0;1;50;0;Blessé léger
202100037297;135 003;10;0;9;4;23;3;178 462;1;1;1;1;1966.0;4;1;31;5;2021;14;1;75;75103;2;3;1;2;48,8671390000;2,3630650000;4;2;6;1;1;1;1;0;1;50;0;Indemne
202100037298;135 000;7;0;2;8;15;2;178 459;1;1;1;1;1971.0;9;1;30;5;2021;21;2;75;75103;2;3;1;3;48,8599660000;2,3645470000;4;2;2;0;1;1;1;0;1;50;6;Indemne
202100037298;135 001;1;0;2;3;1;5;178 460;1;1;4;2;1978.0;5;8;30;5;2021;21;2;75;75103;2;3;1;3;48,8599660000;2,3645470000;4;2;2;0;1;1;1;0;1;50;6;Blessé léger
202100037315;134 972;99;0;0;8;23;6;178 424;1;1;1;1;1960.0;4;1;31;5;2021;07;1;93;93001;2;1;1;3;48,9223340000;2,3808230000;4;2;2;0;1;1;1;0;1;50;0;Indemne
202100037315;134 973;1;0;2;1;17;5;178 425;1;1;4;1;1957.0;1;8;31;5;2021;07;1;93;93001;2;1;1;3;48,9223340000;2,3808230000;4;2;2;0;1;1;1;0;1;50;0;Blessé léger
202100037321;134 961;1;0;0;0;0;0;178 413;1;1;4;1;1994.0;0;1;31;5;2021;19;1;92;92040;2;2;1;1;48,8173615735;2,2737246596;3;4;2;0;2;1;1;0;1;30;0;Blessé léger
202100037321;134 962;7;0;0;0;0;1;178 414;1;1;1;2;1954.0;0;1;31;5;2021;19;1;92;92040;2;2;1;1;48,8173615735;2,2737246596;3;4;2;0;2;1;1;0;1;30;0;Indemne
202100037323;134 957;99;0;9;2;10;1;178 409;1;1;1;1;1981.0;1;1;30;5;2021;19;1;92;92025;2;2;1;3;48,9180395151;2,2243076563;3;2;6;0;1;1;1;0;1;50;6;Indemne
202100037323;134 958;1;0;2;0;1;5;178 410;1;1;4;2;1965.0;5;2;30;5;2021;19;1;92;92025;2;2;1;3;48,9180395151;2,2243076563;3;2;6;0;1;1;1;0;1;50;6;Blessé léger
202100037325;134 953;1;0;2;0;1;0;178 405;1;1;4;2;1986.0;9;8;31;5;2021;18;1;92;92024;2;1;1;3;48,9024664446;2,3067158461;3;1;3;1;1;1;1;0;5;50;0;Blessé léger
202100037325;134 954;7;0;2;2;16;1;178 406;1;1;1;2;1997.0;3;1;31;5;2021;18;1;92;92024;2;1;1;3;48,9024664446;2,3067158461;3;1;3;1;1;1;1;0;5;50;0;Indemne
202100037327;134 949;80;0;2;1;13;3;178 401;1;1;2;1;1986.0;1;2;1;6;2021;06;3;974;97415;2;1;1;1; -20,9788710000;55,3315530000;3;2;2;2;2;1;1;0;1;30;1;Tué
202100037327;134 950;10;0;2;2;0;1;178 402;1;1;1;1;1970.0;4;1;1;6;2021;06;3;974;97415;2;1;1;1; -20,9788710000;55,3315530000;3;2;2;2;2;1;1;0;1;30;1;Indemne
202100037329;134 945;1;0;0;9;26;5;178 397;1;1;3;1;1939.0;5;2;1;6;2021;14;1;73;73218;1;1;1;7;45,8476130000;5,8074120000;3;2;2;0;1;1;1;0;3;80;1;Blessé hospitalisé
202100037336;134 927;15;0;2;6;1;1;178 366;1;1;1;1;1978.0;4;1;31;5;2021;17;1;33;33140;2;1;1;5;44,7719425679; -0,3510586223;3;2;2;0;1;1;1;0;1;50;0;Indemne
202100037336;134 928;14;0;2;8;1;1;178 367;1;1;1;1;1969.0;4;1;31;5;2021;17;1;33;33140;2;1;1;5;44,7719425679; -0,3510586223;3;2;2;0;1;1;1;0;1;50;0;Indemne
202100037336;134 929;1;0;2;7;3;5;178 368;1;1;2;1;1959.0;5;0;31;5;2021;17;1;33;33140;2;1;1;5;44,7719425679; -0,3510586223;3;2;2;0;1;1;1;0;1;50;0;Tué
202100037346;134 911;10;0;2;1;1;1;178 346;1;1;1;1;1969.0;3;1;30;5;2021;19;1;26;26353;2;1;1;1;44,6641810000;4,7911230000;2;2;2;0;1;1;1;0;1;50;6;Indemne
202100037346;134 912;1;0;2;7;6;5;178 347;1;1;3;1;1989.0;5;0;30;5;2021;19;1;26;26353;2;1;1;1;44,6641810000;4,7911230000;2;2;2;0;1;1;1;0;1;50;6;Blessé hospitalisé
202100037354;134 898;7;0;9;3;9;1;178 333;1;1;1;2;1962.0;0;1;1;6;2021;10;1;53;53128;2;6;1;3;47,9418480000; -1,0844600000;3;2;2;0;1;1;1;5;1;50;1;Indemne
202100037354;134 899;1;0;2;1;9;5;178 334;1;1;3;1;1961.0;5;2;1;6;2021;10;1;53;53128;2;6;1;3;47,9418480000; -1,0844600000;3;2;2;0;1;1;1;5;1;50;1;Blessé hospitalisé
202100037367;134 876;1;0;2;8;2;5;178 302;1;1;3;1;1950.0;5;2;30;5;2021;10;1;78;78193;1;1;1;3;48,7082950000;1,9779250000;4;2;2;0;2;1;1;0;1;70;6;Blessé hospitalisé
202100037367;134 877;7;0;2;6;2;1;178 303;1;1;1;1;1967.0;5;1;30;5;2021;10;1;78;78193;1;1;1;3;48,7082950000;1,9779250000;4;2;2;0;2;1;1;0;1;70;6;Indemne
202100037373;134 867;1;0;0;9;1;5;178 291;1;1;3;1;1958.0;5;2;31;5;2021;14;1;68;68178;1;1;1;7;47,9056990000;7,0896150000;3;2;2;0;2;3;1;0;1;80;0;Blessé hospitalisé
202100037405;134 802;1;0;2;2;1;5;178 210;1;1;4;1;1998.0;5;8;30;5;2021;15;1;69;69386;2;2;1;1;45,7707500000;4,8569300000;4;1;1;0;1;1;1;0;1;30;6;Blessé léger
202100037405;134 803;10;0;2;3;9;1;178 211;1;1;1;1;1987.0;4;1;30;5;2021;15;1;69;69386;2;2;1;1;45,7707500000;4,8569300000;4;1;1;0;1;1;1;0;1;30;6;Indemne
202100037417;134 780;2;0;2;1;13;1;178 171;1;1;1;1;2003.0;0;2;29;5;2021;17;1;83;83034;2;1;1;1;43,0909511629;6,0605665530;4;2;2;0;2;2;1;0;1;50;5;Indemne
202100037417;134 781;1;0;2;3;1;5;178 172;1;1;4;1;1984.0;0;2;29;5;2021;17;1;83;83034;2;1;1;1;43,0909511629;6,0605665530;4;2;2;0;2;2;1;0;1;50;5;Blessé léger
202100037427;134 756;7;0;2;1;16;1;178 141;1;1;1;2;1960.0;5;1;30;5;2021;18;1;42;42207;2;3;1;3;45,4573755716;4,5047198832;7;2;2;0;1;1;1;0;1;30;6;Indemne
202100037427;134 757;1;0;2;8;25;0;178 142;1;1;4;1;2009.0;5;2;30;5;2021;18;1;42;42207;2;3;1;3;45,4573755716;4,5047198832;7;2;2;0;1;1;1;0;1;30;6;Blessé léger
202100037443;134 729;7;0;2;1;1;1;178 100;1;1;1;2;1981.0;5;1;30;5;2021;14;1;01;01451;2;1;1;6;46,2116000000;5,2136000000;4;2;2;0;1;1;1;0;1;50;6;Indemne
202100037443;134 729;7;0;2;1;1;1;178 101;2;2;1;1;2007.0;5;1;30;5;2021;14;1;01;01451;2;1;1;6;46,2116000000;5,2136000000;4;2;2;0;1;1;1;0;1;50;6;Indemne
202100037443;134 729;7;0;2;1;1;1;178 102;4;2;1;2;2003.0;5;1;30;5;2021;14;1;01;01451;2;1;1;6;46,2116000000;5,2136000000;4;2;2;0;1;1;1;0;1;50;6;Indemne