Num_Acc;id_vehicule;catv;obs;obsm;choc;manv;motor;id_usager;place;catu;grav;sexe;an_nais;trajet;secu1;jour;mois;an;hrmn;lum;dep;com;agg;int;atm;col;lat;long;catr;circ;nbv;vosp;prof;plan;surf;infra;situ;vma;day_of_week;gravity
202100037443;134 729;7;0;2;1;1;1;178 103;3;2;1;2;2004.0;0;1;30;5;2021;14;1;01;01451;2;1;1;6;46,2116000000;5,2136000000;4;2;2;0;1;1;1;0;1;50;6;Indemne
202100037443;134 730;1;0;2;1;13;5;178 104;1;1;4;1;1969.0;5;0;30;5;2021;14;1;01;01451;2;1;1;6;46,2116000000;5,2136000000;4;2;2;0;1;1;1;0;1;50;6;Blessé léger
202100037446;134 724;1;0;2;1;2;5;178 093;1;1;4;1;1992.0;5;2;30;5;2021;12;1;75;75116;2;7;1;3;48,8603890000;2,2912580000;4;2;8;1;1;1;1;2;1;50;6;Blessé léger
202100037446;134 725;50;0;2;8;19;3;178 094;1;1;4;2;2000.0;5;8;30;5;2021;12;1;75;75116;2;7;1;3;48,8603890000;2,2912580000;4;2;8;1;1;1;1;2;1;50;6;Blessé léger
202100037451;134 716;7;0;2;2;16;1;178 079;1;1;1;1;1972.0;5;1;30;5;2021;11;1;75;75108;2;1;1;3;48,8761960000;2,2968010000;4;2;2;1;2;1;1;0;5;50;6;Indemne
202100037451;134 717;1;0;2;1;1;5;178 080;1;1;4;1;1974.0;5;2;30;5;2021;11;1;75;75108;2;1;1;3;48,8761960000;2,2968010000;4;2;2;1;2;1;1;0;5;50;6;Blessé léger
202100037454;134 713;1;0;0;1;13;5;178 075;1;1;4;2;1995.0;5;8;30;5;2021;07;1;75;75101;2;2;1;7;48,8587990000;2,3474580000;4;2;1;3;1;1;1;6;1;30;6;Blessé léger
202100037462;134 702;1;12;0;1;0;5;178 057;1;1;4;2;1985.0;5;8;29;5;2021;21;2;92;92048;2;1;1;6;48,8174401537;2,2486835718;4;3;2;0;1;1;1;0;1;50;5;Blessé léger
202100037478;134 678;7;8;2;1;1;1;178 026;1;1;1;2;1973.0;1;1;31;5;2021;07;1;74;74234;1;2;1;1;45,7569690000;6,3175250000;4;2;2;0;1;1;1;0;5;50;0;Indemne
202100037478;134 679;1;0;2;8;1;5;178 027;1;1;3;1;2004.0;1;2;31;5;2021;07;1;74;74234;1;2;1;1;45,7569690000;6,3175250000;4;2;2;0;1;1;1;0;5;50;0;Blessé hospitalisé
202100037480;134 674;7;0;9;3;3;1;178 021;1;1;1;1;1995.0;0;8;30;5;2021;18;1;80;80334;1;1;1;1;49,7953150000;2,1889990000;4;2;2;0;1;1;1;0;1;80;6;Indemne
202100037480;134 675;1;0;2;1;1;5;178 022;1;1;2;1;1990.0;5;2;30;5;2021;18;1;80;80334;1;1;1;1;49,7953150000;2,1889990000;4;2;2;0;1;1;1;0;1;80;6;Tué
202100037485;134 666;80;0;0;0;1;3;178 009;1;1;2;2;1945.0;5;2;29;5;2021;16;1;42;42224;1;1;1;7;45,3438834187;4,4435725585;3;2;2;0;2;3;1;0;1;80;5;Tué
202100037493;134 653;1;0;2;8;19;5;177 993;1;1;4;1;2009.0;2;0;31;5;2021;15;1;58;58151;2;1;1;3;46,8906600000;3,4669160000;3;2;2;0;2;1;1;0;1;50;0;Blessé léger
202100037493;134 654;7;0;2;3;1;1;177 994;1;1;1;2;1953.0;5;1;31;5;2021;15;1;58;58151;2;1;1;3;46,8906600000;3,4669160000;3;2;2;0;2;1;1;0;1;50;0;Indemne
202100037494;134 651;1;0;2;1;0;5;177 991;1;1;3;1;1999.0;4;2;31;5;2021;14;1;66;66124;2;1;1;3;42,5061480000;2,0312850000;3;2;2;0;2;1;1;0;1;50;0;Blessé hospitalisé
202100037494;134 652;10;0;9;8;15;1;177 992;1;1;1;1;1982.0;4;0;31;5;2021;14;1;66;66124;2;1;1;3;42,5061480000;2,0312850000;3;2;2;0;2;1;1;0;1;50;0;Indemne
202100037532;134 579;1;0;9;1;1;5;177 890;1;1;1;1;1950.0;5;2;30;5;2021;08;1;22;22376;1;1;1;2;48,2202760000; -2,7677000000;4;2;2;0;2;1;1;0;1;80;6;Indemne
202100037532;134 580;1;0;9;4;0;5;177 891;1;1;3;1;1955.0;5;2;30;5;2021;08;1;22;22376;1;1;1;2;48,2202760000; -2,7677000000;4;2;2;0;2;1;1;0;1;80;6;Blessé hospitalisé
202100037579;134 488;1;0;2;1;25;5;177 765;1;1;4;1;2009.0;5;2;28;5;2021;19;1;69;69256;2;1;1;3;45,7784200000;4,9187600000;4;2;2;0;1;1;1;0;4;50;4;Blessé léger
202100037579;134 489;7;0;2;2;26;1;177 766;1;1;1;1;1986.0;4;1;28;5;2021;19;1;69;69256;2;1;1;3;45,7784200000;4,9187600000;4;2;2;0;1;1;1;0;4;50;4;Indemne
202100037596;134 458;1;0;2;2;9;5;177 715;1;1;4;1;2004.0;0;2;29;5;2021;13;1;25;25056;2;9;1;3;47,2399600000;6,0150600000;3;2;3;0;2;1;1;0;1;50;5;Blessé léger
202100037596;134 459;7;0;2;3;1;1;177 716;1;1;1;1;1972.0;0;1;29;5;2021;13;1;25;25056;2;9;1;3;47,2399600000;6,0150600000;3;2;3;0;2;1;1;0;1;50;5;Indemne
202100037607;134 438;1;0;2;7;9;5;177 690;1;1;4;1;2001.0;9;8;29;5;2021;11;1;75;75119;2;2;1;3;48,8896960000;2,3681290000;4;1;3;1;1;1;1;0;1;50;5;Blessé léger
202100037607;134 439;31;0;2;1;1;1;177 691;1;1;4;1;1988.0;9;2;29;5;2021;11;1;75;75119;2;2;1;3;48,8896960000;2,3681290000;4;1;3;1;1;1;1;0;1;50;5;Blessé léger
202100037609;134 434;80;0;2;1;1;3;177 686;1;1;4;2;1983.0;5;2;29;5;2021;16;1;75;75117;2;1;1;3;48,8845510000;2,3060560000;4;2;2;0;1;1;1;0;1;50;5;Blessé léger
202100037609;134 435;7;0;2;3;22;3;177 687;1;1;1;1;1996.0;5;8;29;5;2021;16;1;75;75117;2;1;1;3;48,8845510000;2,3060560000;4;2;2;0;1;1;1;0;1;50;5;Indemne
202100037612;134 428;1;0;2;1;5;5;177 677;1;1;4;1;1970.0;5;8;28;5;2021;16;1;75;75116;2;4;1;1;48,8645180000;2,2665120000;4;1;1;0;1;2;1;0;1;50;4;Blessé léger
202100037612;134 429;10;0;2;1;15;1;177 678;1;1;1;1;1975.0;1;1;28;5;2021;16;1;75;75116;2;4;1;1;48,8645180000;2,2665120000;4;1;1;0;1;2;1;0;1;50;4;Indemne
202100037617;134 417;1;0;2;0;23;5;177 664;1;1;4;2;1964.0;1;2;29;5;2021;17;1;75;75110;2;7;1;5;48,8712770000;2,3605500000;4;1;2;1;1;1;1;0;4;50;5;Blessé léger
202100037617;134 418;1;0;2;0;23;5;177 665;1;1;4;2;1966.0;1;2;29;5;2021;17;1;75;75110;2;7;1;5;48,8712770000;2,3605500000;4;1;2;1;1;1;1;0;4;50;5;Blessé léger
202100037617;134 419;33;12;2;2;21;1;177 666;1;1;1;1;1975.0;1;2;29;5;2021;17;1;75;75110;2;7;1;5;48,8712770000;2,3605500000;4;1;2;1;1;1;1;0;4;50;5;Indemne
202100037617;134 420;1;0;2;0;23;5;177 667;1;1;4;2;1960.0;1;2;29;5;2021;17;1;75;75110;2;7;1;5;48,8712770000;2,3605500000;4;1;2;1;1;1;1;0;4;50;5;Blessé léger
202100037619;134 413;7;0;2;1;1;1;177 660;1;1;1;1;1973.0;4;1;28;5;2021;19;1;75;75108;2;2;1;3;48,8702130000;2,3110500000;4;1;1;0;1;1;1;0;1;50;4;Indemne
202100037619;134 414;1;0;2;1;1;5;177 661;1;1;4;1;2001.0;9;8;28;5;2021;19;1;75;75108;2;2;1;3;48,8702130000;2,3110500000;4;1;1;0;1;1;1;0;1;50;4;Blessé léger
202100037621;134 410;1;0;2;1;2;5;177 656;1;1;4;1;1990.0;5;2;29;5;2021;21;4;75;75104;2;1;1;2;48,8580390000;2,3517520000;4;1;3;3;1;1;1;0;6;50;5;Blessé léger
202100037621;134 411;1;0;2;4;2;5;177 657;1;1;1;2;1993.0;9;2;29;5;2021;21;4;75;75104;2;1;1;2;48,8580390000;2,3517520000;4;1;3;3;1;1;1;0;6;50;5;Indemne
202100037622;134 409;1;0;0;0;1;5;177 655;1;1;4;2;1990.0;9;8;29;5;2021;18;1;75;75101;2;3;1;7;48,8624710000;2,3504410000;4;2;5;1;1;1;1;0;5;50;5;Blessé léger
202100037623;134 408;1;0;0;0;21;5;177 654;1;1;4;1;1971.0;5;8;29;5;2021;15;1;75;75102;2;2;1;7;48,8670320000;2,3529740000;4;2;4;1;1;1;1;0;5;50;5;Blessé léger
202100037624;134 406;7;0;2;2;16;1;177 652;1;1;1;1;1968.0;5;1;29;5;2021;11;1;94;94041;2;2;1;3;48,8195800000;2,3980500000;3;4;2;1;2;1;1;2;1;50;5;Indemne
202100037624;134 407;1;0;2;1;19;5;177 653;1;1;4;1;1992.0;5;0;29;5;2021;11;1;94;94041;2;2;1;3;48,8195800000;2,3980500000;3;4;2;1;2;1;1;2;1;50;5;Blessé léger
202100037646;134 365;7;0;2;1;15;1;177 599;1;1;1;1;1936.0;5;1;28;5;2021;17;1;59;59462;2;6;1;2;50,5169950000;3,0178980000;3;1;1;0;1;2;1;0;1;50;4;Indemne
202100037646;134 366;1;0;0;4;2;5;177 600;1;1;3;1;1968.0;5;0;28;5;2021;17;1;59;59462;2;6;1;2;50,5169950000;3,0178980000;3;1;1;0;1;2;1;0;1;50;4;Blessé hospitalisé
202100037693;134 287;1;0;2;1;1;5;177 484;1;1;4;1;1977.0;5;2;30;5;2021;15;1;77;77005;1;1;1;1;48,9223550000;2,7242020000;3;2;2;0;1;1;1;0;1;70;6;Blessé léger
202100037693;134 288;7;0;2;3;16;1;177 485;2;2;1;2;2002.0;0;1;30;5;2021;15;1;77;77005;1;1;1;1;48,9223550000;2,7242020000;3;2;2;0;1;1;1;0;1;70;6;Indemne
202100037693;134 288;7;0;2;3;16;1;177 486;1;1;1;1;2005.0;0;1;30;5;2021;15;1;77;77005;1;1;1;1;48,9223550000;2,7242020000;3;2;2;0;1;1;1;0;1;70;6;Indemne
202100037693;134 288;7;0;2;3;16;1;177 487;5;2;1;1;2006.0;0;1;30;5;2021;15;1;77;77005;1;1;1;1;48,9223550000;2,7242020000;3;2;2;0;1;1;1;0;1;70;6;Indemne
202100037693;134 288;7;0;2;3;16;1;177 488;4;2;1;2;2002.0;0;1;30;5;2021;15;1;77;77005;1;1;1;1;48,9223550000;2,7242020000;3;2;2;0;1;1;1;0;1;70;6;Indemne
202100037693;134 288;7;0;2;3;16;1;177 489;3;2;1;1;2005.0;0;1;30;5;2021;15;1;77;77005;1;1;1;1;48,9223550000;2,7242020000;3;2;2;0;1;1;1;0;1;70;6;Indemne
202100037701;134 275;1;0;2;5;1;5;177 469;1;1;1;1;1988.0;5;2;29;5;2021;15;1;68;68171;1;1;1;3;47,9434620000;6,9800920000;3;2;2;0;2;1;1;0;1;80;5;Indemne
202100037701;134 276;1;0;2;3;1;5;177 470;1;1;3;1;1978.0;5;2;29;5;2021;15;1;68;68171;1;1;1;3;47,9434620000;6,9800920000;3;2;2;0;2;1;1;0;1;80;5;Blessé hospitalisé
202100037708;134 264;1;0;0;0;1;5;177 456;1;1;2;1;1963.0;5;2;30;5;2021;09;1;22;22168;2;1;1;7;48,8047220000; -3,4746190000;4;2;2;0;1;1;1;0;8;50;6;Tué
202100037733;134 220;1;0;2;8;1;5;177 404;1;1;4;1;1970.0;0;8;28;5;2021;14;1;974;97407;2;2;1;3; -20,9588800000;55,3174300000;4;2;2;0;1;1;1;5;1;50;4;Blessé léger
202100037733;134 221;7;0;9;1;1;1;177 405;1;1;1;1;1998.0;0;1;28;5;2021;14;1;974;97407;2;2;1;3; -20,9588800000;55,3174300000;4;2;2;0;1;1;1;5;1;50;4;Indemne
202100037736;134 215;7;0;9;6;2;1;177 399;1;1;1;1;1996.0;0;1;28;5;2021;19;1;69;69387;2;3;1;3;45,7529800000;4,8378300000;4;1;3;1;1;1;1;0;1;50;4;Indemne
202100037736;134 216;1;0;2;8;1;0;177 400;1;1;4;2;1987.0;0;0;28;5;2021;19;1;69;69387;2;3;1;3;45,7529800000;4,8378300000;4;1;3;1;1;1;1;0;1;50;4;Blessé léger
202100037766;134 155;10;0;2;3;22;1;177 325;1;1;1;1;1972.0;4;8;27;5;2021;08;1;67;67482;2;1;1;6;48,5640406399;7,7552675289;4;2;3;0;1;3;1;0;1;50;3;Indemne
202100037766;134 156;1;1;0;1;1;5;177 326;1;1;4;1;1996.0;1;8;27;5;2021;08;1;67;67482;2;1;1;6;48,5640406399;7,7552675289;4;2;3;0;1;3;1;0;1;50;3;Blessé léger
202100037771;134 146;1;0;2;9;19;0;177 313;1;1;4;1;2009.0;0;8;28;5;2021;20;1;59;59599;2;1;1;3;50,7214850000;3,1704610000;4;2;2;0;1;1;1;0;1;50;4;Blessé léger
202100037771;134 147;10;0;2;2;1;1;177 314;1;1;1;1;2002.0;5;1;28;5;2021;20;1;59;59599;2;1;1;3;50,7214850000;3,1704610000;4;2;2;0;1;1;1;0;1;50;4;Indemne
202100037778;134 134;1;1;0;1;1;5;177 297;1;1;4;1;1964.0;1;2;28;5;2021;19;1;51;51454;2;1;1;1;49,2616630518;4,0390285067;4;2;2;0;1;1;1;0;1;50;4;Blessé léger
202100037778;134 135;7;0;2;8;24;1;177 298;1;1;1;2;1997.0;1;8;28;5;2021;19;1;51;51454;2;1;1;1;49,2616630518;4,0390285067;4;2;2;0;1;1;1;0;1;50;4;Indemne
202100037794;134 106;1;0;2;2;2;5;177 264;1;1;4;1;1948.0;5;2;27;5;2021;13;1;37;37261;2;1;1;6;47,3882778068;0,6847160825;4;1;1;0;1;1;1;0;1;50;3;Blessé léger
202100037794;134 107;7;0;2;6;2;1;177 265;1;1;1;1;1960.0;5;1;27;5;2021;13;1;37;37261;2;1;1;6;47,3882778068;0,6847160825;4;1;1;0;1;1;1;0;1;50;3;Indemne
202100037796;134 102;1;1;0;1;21;6;177 259;1;1;4;2;1973.0;9;2;28;5;2021;06;1;35;35238;2;1;1;6;48,1237200000; -1,6847100000;4;2;3;0;1;1;1;0;1;50;4;Blessé léger
202100037796;134 103;10;0;2;7;22;1;177 260;1;1;1;1;1987.0;4;1;28;5;2021;06;1;35;35238;2;1;1;6;48,1237200000; -1,6847100000;4;2;3;0;1;1;1;0;1;50;4;Indemne
202100037807;134 076;7;0;2;1;1;1;177 227;1;1;1;2;1988.0;1;1;26;5;2021;16;1;14;14118;2;3;1;3;49,2060100000; -0,3616280000;3;2;4;0;1;1;1;0;1;50;2;Indemne
202100037807;134 077;1;0;2;1;1;5;177 228;1;1;3;1;1948.0;5;8;26;5;2021;16;1;14;14118;2;3;1;3;49,2060100000; -0,3616280000;3;2;4;0;1;1;1;0;1;50;2;Blessé hospitalisé
202100037808;134 074;7;0;2;1;1;1;177 225;1;1;1;1;1991.0;5;1;27;5;2021;10;1;14;14181;2;1;1;3;49,1536000000; -0,3283000000;4;1;2;0;1;1;1;0;1;50;3;Indemne
202100037808;134 075;1;0;2;1;1;5;177 226;1;1;4;2;1999.0;5;8;27;5;2021;10;1;14;14181;2;1;1;3;49,1536000000; -0,3283000000;4;1;2;0;1;1;1;0;1;50;3;Blessé léger
202100037815;134 061;1;0;2;7;2;0;177 210;1;1;4;1;1995.0;0;8;28;5;2021;13;1;13;13005;2;6;1;3;43,2838600000;5,5935900000;1;1;2;0;1;2;1;0;1;50;4;Blessé léger
202100037815;134 062;7;0;2;3;9;1;177 211;1;1;1;1;1983.0;0;1;28;5;2021;13;1;13;13005;2;6;1;3;43,2838600000;5,5935900000;1;1;2;0;1;2;1;0;1;50;4;Indemne
202100037829;134 036;80;0;2;4;1;3;177 179;1;1;4;2;1989.0;5;8;28;5;2021;19;1;75;75119;2;2;1;3;48,8840320000;2,3688410000;4;2;4;1;1;1;1;0;1;50;4;Blessé léger
202100037829;134 037;30;0;2;1;16;1;177 180;1;1;4;1;1994.0;5;2;28;5;2021;19;1;75;75119;2;2;1;3;48,8840320000;2,3688410000;4;2;4;1;1;1;1;0;1;50;4;Blessé léger
202100037830;134 034;1;0;2;1;2;5;177 177;1;1;1;1;2005.0;2;8;28;5;2021;08;1;75;75118;2;3;1;3;48,8978120000;2,3334890000;4;1;2;1;1;1;1;0;5;50;4;Indemne
202100037830;134 035;1;0;2;3;10;5;177 178;1;1;4;1;1967.0;1;8;28;5;2021;08;1;75;75118;2;3;1;3;48,8978120000;2,3334890000;4;1;2;1;1;1;1;0;5;50;4;Blessé léger
202100037840;134 019;1;0;2;1;1;5;177 158;1;1;4;1;1981.0;5;8;28;5;2021;21;5;75;75111;2;1;1;3;48,8582080000;2,3775520000;4;1;1;0;2;1;1;0;1;30;4;Blessé léger
202100037840;134 020;7;0;2;8;22;1;177 159;1;1;1;1;1988.0;4;1;28;5;2021;21;5;75;75111;2;1;1;3;48,8582080000;2,3775520000;4;1;1;0;2;1;1;0;1;30;4;Indemne
202100037857;133 992;1;0;0;0;0;0;177 125;1;1;3;2;1986.0;0;8;28;5;2021;09;1;93;93070;2;2;1;3;48,9054700000;2,3440500000;3;2;3;0;1;1;1;0;1;50;4;Blessé hospitalisé
202100037857;133 993;15;0;2;7;16;1;177 126;1;1;1;1;1992.0;4;1;28;5;2021;09;1;93;93070;2;2;1;3;48,9054700000;2,3440500000;3;2;3;0;1;1;1;0;1;50;4;Indemne
202100037863;133 982;7;14;9;4;0;0;177 114;1;1;1;1;1983.0;2;1;27;5;2021;14;1;93;93029;2;4;1;2;48,9183400000;2,4359100000;4;2;2;0;1;1;1;5;1;50;3;Indemne
202100037863;133 983;1;14;0;1;26;5;177 115;1;1;4;1;1992.0;0;2;27;5;2021;14;1;93;93029;2;4;1;2;48,9183400000;2,4359100000;4;2;2;0;1;1;1;5;1;50;3;Blessé léger
202100037868;133 974;1;0;1;1;1;5;177 105;1;1;1;2;2000.0;2;8;28;5;2021;16;1;92;92072;2;4;1;6;48,8233927569;2,2206920385;3;2;2;0;2;3;1;0;1;50;4;Indemne
202100037868;133 974;1;0;1;1;1;5;177 106;10;3;4;2;1983.0;3;0;28;5;2021;16;1;92;92072;2;4;1;6;48,8233927569;2,2206920385;3;2;2;0;2;3;1;0;1;50;4;Blessé léger
202100037888;133 939;1;0;2;1;13;5;177 061;1;1;3;1;1965.0;5;2;29;5;2021;12;1;2B;2B207;1;1;1;1;42,4460630000;9,4730470000;3;2;2;0;1;2;9;2;1;80;5;Blessé hospitalisé
202100037888;133 940;7;0;2;1;1;1;177 062;1;1;1;1;1968.0;4;8;29;5;2021;12;1;2B;2B207;1;1;1;1;42,4460630000;9,4730470000;3;2;2;0;1;2;9;2;1;80;5;Indemne
202100037890;133 936;1;0;2;4;1;5;177 057;1;1;1;1;1987.0;5;2;27;5;2021;12;1;65;65473;1;1;1;2;42,9539060000; -0,0649950000;3;2;2;0;1;2;1;0;1;80;3;Indemne
202100037890;133 937;1;0;2;1;2;5;177 058;1;1;3;2;1989.0;5;2;27;5;2021;12;1;65;65473;1;1;1;2;42,9539060000; -0,0649950000;3;2;2;0;1;2;1;0;1;80;3;Blessé hospitalisé
202100037894;133 929;1;1;0;1;14;5;177 046;1;1;3;1;1979.0;5;2;26;5;2021;18;1;12;12145;1;1;8;6;44,0207110000;3,1477870000;3;2;2;0;1;2;1;0;3;90;2;Blessé hospitalisé
202100037897;133 922;7;0;0;8;9;1;177 038;1;1;1;1;1956.0;5;1;28;5;2021;17;1;34;34101;1;6;1;3;43,3613750000;3,4876580000;3;2;2;0;1;1;1;5;1;50;4;Indemne
202100037897;133 923;1;0;2;1;9;0;177 039;1;1;3;1;1954.0;5;2;28;5;2021;17;1;34;34101;1;6;1;3;43,3613750000;3,4876580000;3;2;2;0;1;1;1;5;1;50;4;Blessé hospitalisé
202100037903;133 913;1;0;9;1;2;5;177 027;1;1;1;1;1970.0;5;2;29;5;2021;16;1;15;15215;1;1;1;2;44,9768100000;2,5192490000;3;2;2;2;1;1;1;0;5;90;5;Indemne
202100037903;133 914;1;0;9;1;2;5;177 028;1;1;3;1;1953.0;5;2;29;5;2021;16;1;15;15215;1;1;1;2;44,9768100000;2,5192490000;3;2;2;2;1;1;1;0;5;90;5;Blessé hospitalisé
202100037916;133 893;1;13;0;2;1;5;177 001;1;1;2;1;1941.0;5;2;29;5;2021;11;1;48;48176;1;1;1;6;44,1915590000;3,2361600000;3;2;2;0;2;2;1;0;3;90;5;Tué
202100037925;133 876;14;0;0;0;15;1;176 980;1;1;1;1;1990.0;4;1;29;5;2021;09;1;84;84138;2;3;1;6;44,3719070000;4,9661800000;3;2;2;0;1;1;1;0;1;50;5;Indemne
202100037925;133 877;1;0;9;1;1;5;176 981;1;1;4;1;1972.0;5;2;29;5;2021;09;1;84;84138;2;3;1;6;44,3719070000;4,9661800000;3;2;2;0;1;1;1;0;1;50;5;Blessé léger
202100037925;133 878;1;0;9;1;1;5;176 982;1;1;4;1;1964.0;5;2;29;5;2021;09;1;84;84138;2;3;1;6;44,3719070000;4,9661800000;3;2;2;0;1;1;1;0;1;50;5;Blessé léger
202100037931;133 865;1;0;2;4;2;5;176 968;1;1;3;1;1977.0;5;2;29;5;2021;18;1;63;63470;1;1;1;2;45,8705290000;3,0257250000;3;3;4;0;2;2;1;0;1;80;5;Blessé hospitalisé
202100037931;133 866;7;0;2;2;2;1;176 969;1;1;1;2;1994.0;5;1;29;5;2021;18;1;63;63470;1;1;1;2;45,8705290000;3,0257250000;3;3;4;0;2;2;1;0;1;80;5;Indemne
202100037938;133 853;7;0;9;3;16;1;176 952;1;1;1;1;1994.0;4;1;22;4;2021;11;1;22;22093;1;3;1;3;48,4849620000; -2,4605030000;3;2;2;0;1;2;1;0;1;80;3;Indemne
202100037938;133 854;1;0;2;2;1;5;176 953;1;1;3;1;1948.0;5;2;22;4;2021;11;1;22;22093;1;3;1;3;48,4849620000; -2,4605030000;3;2;2;0;1;2;1;0;1;80;3;Blessé hospitalisé
202100037962;133 808;1;1;1;1;21;5;176 898;1;1;1;1;1994.0;5;8;23;5;2021;13;1;69;69259;2;1;1;6;45,7162866664;4,9013417289;4;2;2;0;1;1;1;0;8;30;6;Indemne
202100037962;133 808;1;1;1;1;21;5;176 899;10;3;4;1;2018.0;5;0;23;5;2021;13;1;69;69259;2;1;1;6;45,7162866664;4,9013417289;4;2;2;0;1;1;1;0;8;30;6;Blessé léger
202100037971;133 789;1;0;2;9;15;0;176 876;1;1;3;2;1975.0;0;8;9;3;2021;16;1;84;84007;1;1;1;3;43,9405900000;4,8063400000;4;2;2;0;1;1;1;0;1;50;1;Blessé hospitalisé
202100037971;133 790;33;0;2;7;17;1;176 877;1;1;1;1;1970.0;0;2;9;3;2021;16;1;84;84007;1;1;1;3;43,9405900000;4,8063400000;4;2;2;0;1;1;1;0;1;50;1;Indemne
202100037980;133 771;7;0;2;8;22;1;176 852;1;1;1;1;1947.0;5;8;27;5;2021;07;1;73;73065;2;1;1;3;45,5703546899;5,9152953847;4;2;2;0;1;1;1;0;1;50;3;Indemne
202100037980;133 772;1;1;0;2;1;5;176 853;1;1;4;2;1970.0;0;0;27;5;2021;07;1;73;73065;2;1;1;3;45,5703546899;5,9152953847;4;2;2;0;1;1;1;0;1;50;3;Blessé léger
202100037992;133 751;80;0;2;8;1;3;176 824;1;1;4;1;1955.0;0;2;27;5;2021;10;1;64;64348;2;1;1;3;43,3479000000; -0,3800400000;3;2;2;2;1;1;1;0;1;50;3;Blessé léger
202100037992;133 752;7;0;2;5;17;1;176 825;1;1;1;2;1943.0;5;1;27;5;2021;10;1;64;64348;2;1;1;3;43,3479000000; -0,3800400000;3;2;2;2;1;1;1;0;1;50;3;Indemne
202100038010;133 718;1;0;2;7;1;5;176 776;1;1;4;1;1995.0;1;2;26;5;2021;13;1;35;35238;2;9;2;3;48,1286930000; -1,6983320000;4;2;2;1;1;1;2;0;5;50;2;Blessé léger
202100038010;133 719;7;0;2;3;15;1;176 777;1;1;1;1;1979.0;3;1;26;5;2021;13;1;35;35238;2;9;2;3;48,1286930000; -1,6983320000;4;2;2;1;1;1;2;0;5;50;2;Indemne
202100038017;133 705;7;0;2;2;1;1;176 760;1;1;1;2;1977.0;9;1;26;5;2021;17;1;31;31555;2;1;1;3;43,6139000000;1,4799500000;4;2;1;0;2;1;1;0;1;50;2;Indemne
202100038017;133 706;1;0;2;3;19;5;176 761;1;1;4;1;1972.0;9;8;26;5;2021;17;1;31;31555;2;1;1;3;43,6139000000;1,4799500000;4;2;1;0;2;1;1;0;1;50;2;Blessé léger
202100038021;133 699;1;0;2;0;1;5;176 754;1;1;4;1;1970.0;5;2;26;5;2021;14;1;26;26198;2;1;1;3;44,5552650000;4,7520380000;4;1;1;0;2;1;1;0;1;30;2;Blessé léger
202100038021;133 700;7;0;2;0;0;1;176 755;1;1;1;1;1988.0;0;1;26;5;2021;14;1;26;26198;2;1;1;3;44,5552650000;4,7520380000;4;1;1;0;2;1;1;0;1;30;2;Indemne
202100038040;133 664;7;0;2;7;9;1;176 707;1;1;1;1;1949.0;5;1;27;5;2021;15;1;75;75111;2;1;1;3;48,8579150000;2,3679920000;4;2;2;1;1;1;1;0;1;30;3;Indemne
202100038040;133 665;1;0;2;8;1;5;176 708;1;1;4;1;1996.0;1;8;27;5;2021;15;1;75;75111;2;1;1;3;48,8579150000;2,3679920000;4;2;2;1;1;1;1;0;1;30;3;Blessé léger
202100038044;133 659;1;0;0;0;21;5;176 699;1;1;4;2;1956.0;5;8;27;5;2021;22;5;75;75105;2;2;1;7;48,8523560000;2,3482280000;4;1;3;1;1;1;1;2;5;30;3;Blessé léger
202100038046;133 655;7;0;2;3;1;1;176 695;1;1;1;1;1963.0;1;1;27;5;2021;08;1;75;75103;2;2;1;3;48,8654610000;2,3561130000;4;1;2;1;1;1;1;0;1;50;3;Indemne
202100038046;133 656;1;0;2;7;19;5;176 696;1;1;4;1;2007.0;9;8;27;5;2021;08;1;75;75103;2;2;1;3;48,8654610000;2,3561130000;4;1;2;1;1;1;1;0;1;50;3;Blessé léger
202100038047;133 653;1;0;2;5;19;5;176 693;1;1;4;1;2009.0;5;0;26;5;2021;15;1;94;94068;2;1;2;3;48,8018800000;2,4933600000;3;2;1;0;1;1;2;0;1;30;2;Blessé léger
202100038047;133 654;7;0;2;2;1;1;176 694;1;1;1;2;1958.0;4;1;26;5;2021;15;1;94;94068;2;1;2;3;48,8018800000;2,4933600000;3;2;1;0;1;1;2;0;1;30;2;Indemne
202100038062;133 622;1;0;2;8;15;5;176 653;1;1;4;2;1968.0;5;2;26;5;2021;12;1;92;92063;2;2;1;3;48,8762818126;2,1857978404;3;3;4;0;2;2;1;5;4;50;2;Blessé léger
202100038062;133 623;60;0;2;1;16;5;176 654;1;1;4;2;2009.0;1;8;26;5;2021;12;1;92;92063;2;2;1;3;48,8762818126;2,1857978404;3;3;4;0;2;2;1;5;4;50;2;Blessé léger
202100038073;133 604;10;0;2;2;2;1;176 631;1;1;1;1;1999.0;4;8;27;5;2021;16;1;86;86132;1;1;1;2;46,5163420000;1,0222290000;3;2;2;0;1;1;1;0;1;80;3;Indemne
202100038073;133 605;1;0;2;4;2;5;176 632;1;1;2;1;1943.0;5;4;27;5;2021;16;1;86;86132;1;1;1;2;46,5163420000;1,0222290000;3;2;2;0;1;1;1;0;1;80;3;Tué
202100038077;133 598;1;1;0;1;1;5;176 625;1;1;2;1;1951.0;5;2;28;5;2021;15;1;56;56078;1;1;1;2;47,8055870000; -3,4706500000;3;2;2;0;1;1;1;0;1;80;4;Tué
202100038077;133 599;13;0;2;4;24;1;176 626;1;1;1;1;1971.0;4;1;28;5;2021;15;1;56;56078;1;1;1;2;47,8055870000; -3,4706500000;3;2;2;0;1;1;1;0;1;80;4;Indemne