Num_Acc;id_vehicule;catv;obs;obsm;choc;manv;motor;id_usager;place;catu;grav;sexe;an_nais;trajet;secu1;jour;mois;an;hrmn;lum;dep;com;agg;int;atm;col;lat;long;catr;circ;nbv;vosp;prof;plan;surf;infra;situ;vma;day_of_week;gravity
202100038090;133 578;1;0;2;1;15;5;176 595;1;1;4;1;2004.0;1;0;27;5;2021;17;1;38;38058;1;3;1;1;45,3520400000;5,3157700000;4;2;2;0;1;1;1;5;1;80;3;Blessé léger
202100038090;133 579;7;0;9;1;16;1;176 596;1;1;1;1;1981.0;1;1;27;5;2021;17;1;38;38058;1;3;1;1;45,3520400000;5,3157700000;4;2;2;0;1;1;1;5;1;80;3;Indemne
202100038096;133 568;1;0;2;4;13;5;176 583;1;1;4;1;1964.0;5;2;27;5;2021;13;1;70;70085;1;1;1;2;47,3766740000;6,0096930000;3;2;2;0;2;1;1;0;1;80;3;Blessé léger
202100038096;133 569;1;0;2;1;1;5;176 584;1;1;4;1;1948.0;5;2;27;5;2021;13;1;70;70085;1;1;1;2;47,3766740000;6,0096930000;3;2;2;0;2;1;1;0;1;80;3;Blessé léger
202100038097;133 566;7;0;2;3;15;1;176 581;1;1;1;1;1946.0;3;1;27;5;2021;11;1;26;26183;2;3;1;3;44,7157170000;5,0978490000;4;2;2;0;1;3;1;0;1;50;3;Indemne
202100038097;133 567;1;0;2;6;1;5;176 582;1;1;3;1;1953.0;5;9;27;5;2021;11;1;26;26183;2;3;1;3;44,7157170000;5,0978490000;4;2;2;0;1;3;1;0;1;50;3;Blessé hospitalisé
202100038156;133 447;7;0;9;1;9;2;176 428;1;1;1;1;1973.0;0;1;26;5;2021;17;1;91;91549;2;6;1;3;48,6382500000;2,3453300000;4;2;2;0;1;1;1;5;1;30;2;Indemne
202100038156;133 448;1;0;2;7;1;5;176 429;1;1;4;2;1993.0;0;8;26;5;2021;17;1;91;91549;2;6;1;3;48,6382500000;2,3453300000;4;2;2;0;1;1;1;5;1;30;2;Blessé léger
202100038161;133 435;1;0;2;1;2;0;176 415;1;1;4;1;1979.0;0;8;26;5;2021;13;1;74;74012;2;1;1;3;46,1966200000;6,2413300000;4;2;2;0;1;1;1;0;1;50;2;Blessé léger
202100038161;133 436;7;0;2;4;23;1;176 416;1;1;1;2;1970.0;9;1;26;5;2021;13;1;74;74012;2;1;1;3;46,1966200000;6,2413300000;4;2;2;0;1;1;1;0;1;50;2;Indemne
202100038163;133 431;1;0;2;2;15;5;176 411;1;1;4;1;1994.0;1;0;26;5;2021;18;1;69;69290;2;3;1;3;45,6925900000;4,9556700000;4;2;2;0;1;1;1;0;1;50;2;Blessé léger
202100038163;133 432;7;0;2;1;16;1;176 412;1;1;1;2;1962.0;1;1;26;5;2021;18;1;69;69290;2;3;1;3;45,6925900000;4,9556700000;4;2;2;0;1;1;1;0;1;50;2;Indemne
202100038168;133 422;1;0;2;3;19;5;176 401;1;1;4;1;1965.0;5;8;22;5;2021;14;1;67;67482;2;1;8;3;48,5518110000;7,7661780000;4;2;3;0;1;3;1;0;1;50;5;Blessé léger
202100038168;133 423;7;0;2;1;15;1;176 402;1;1;1;1;1944.0;5;1;22;5;2021;14;1;67;67482;2;1;8;3;48,5518110000;7,7661780000;4;2;3;0;1;3;1;0;1;50;5;Indemne
202100038169;133 420;33;0;2;2;1;1;176 398;1;1;4;1;1972.0;0;2;22;5;2021;12;1;67;67447;2;1;8;3;48,6086154096;7,7348227573;7;3;2;1;1;1;1;0;1;50;5;Blessé léger
202100038169;133 420;33;0;2;2;1;1;176 399;2;2;4;2;1972.0;0;2;22;5;2021;12;1;67;67447;2;1;8;3;48,6086154096;7,7348227573;7;3;2;1;1;1;1;0;1;50;5;Blessé léger
202100038169;133 421;1;0;2;0;19;5;176 400;1;1;1;1;2013.0;5;8;22;5;2021;12;1;67;67447;2;1;8;3;48,6086154096;7,7348227573;7;3;2;1;1;1;1;0;1;50;5;Indemne
202100038177;133 408;1;0;2;1;1;5;176 382;1;1;4;1;2002.0;1;2;26;5;2021;08;1;45;45234;2;1;3;3;47,9047539284;1,9227960741;4;2;2;0;1;1;2;0;1;50;2;Blessé léger
202100038177;133 409;7;0;2;7;15;1;176 383;1;1;1;2;1985.0;1;1;26;5;2021;08;1;45;45234;2;1;3;3;47,9047539284;1,9227960741;4;2;2;0;1;1;2;0;1;50;2;Indemne
202100038181;133 399;1;1;0;1;1;0;176 369;1;1;4;2;1968.0;5;2;26;5;2021;18;1;35;35238;2;1;1;3;48,1231000000; -1,6773000000;4;2;0;0;1;1;3;0;1;30;2;Blessé léger
202100038181;133 400;10;1;2;3;22;1;176 370;1;1;1;2;1970.0;5;1;26;5;2021;18;1;35;35238;2;1;1;3;48,1231000000; -1,6773000000;4;2;0;0;1;1;3;0;1;30;2;Indemne
202100038184;133 393;7;0;2;1;9;1;176 362;1;1;1;1;1972.0;1;1;26;5;2021;08;1;35;35238;2;6;2;3;48,0913100000; -1,6506600000;4;3;2;2;1;1;2;5;1;50;2;Indemne
202100038184;133 394;1;0;2;0;1;0;176 363;1;1;3;2;1982.0;2;2;26;5;2021;08;1;35;35238;2;6;2;3;48,0913100000; -1,6506600000;4;3;2;2;1;1;2;5;1;50;2;Blessé hospitalisé
202100038221;133 327;50;0;2;1;13;3;176 275;1;1;1;1;1996.0;1;8;25;5;2021;10;1;75;75114;2;4;8;1;48,8359980000;2,3153190000;4;3;3;1;1;2;1;0;5;50;1;Indemne
202100038221;133 328;1;0;2;1;1;5;176 276;1;1;4;2;1982.0;1;8;25;5;2021;10;1;75;75114;2;4;8;1;48,8359980000;2,3153190000;4;3;3;1;1;2;1;0;5;50;1;Blessé léger
202100038228;133 314;1;0;2;1;2;5;176 261;1;1;4;1;1989.0;4;8;25;5;2021;22;5;75;75101;2;2;2;2;48,8600730000;2,3490870000;4;1;4;1;1;1;2;5;5;50;1;Blessé léger
202100038228;133 315;7;0;2;6;15;1;176 262;1;1;1;1;1999.0;5;1;25;5;2021;22;5;75;75101;2;2;2;2;48,8600730000;2,3490870000;4;1;4;1;1;1;2;5;5;50;1;Indemne
202100038241;133 288;1;0;1;1;26;5;176 228;10;3;4;2;1950.0;0;0;26;5;2021;11;1;92;92026;2;6;1;6;48,9024800000;2,2749000000;3;2;0;0;1;1;2;0;1;50;2;Blessé léger
202100038241;133 288;1;0;1;1;26;5;176 229;1;1;1;1;1992.0;0;8;26;5;2021;11;1;92;92026;2;6;1;6;48,9024800000;2,2749000000;3;2;0;0;1;1;2;0;1;50;2;Indemne
202100038281;133 219;7;0;0;7;1;1;176 122;1;1;1;1;1977.0;1;1;25;5;2021;14;1;987;98714;1;3;1;3; -16,5219810000; -151,7253760000;2;2;2;0;1;1;1;0;1;60;1;Indemne
202100038281;133 220;1;0;2;1;1;5;176 123;1;1;3;1;1976.0;5;0;25;5;2021;14;1;987;98714;1;3;1;3; -16,5219810000; -151,7253760000;2;2;2;0;1;1;1;0;1;60;1;Blessé hospitalisé
202100038291;133 201;1;0;2;1;1;5;176 100;1;1;4;1;1981.0;5;0;27;5;2021;10;1;55;55122;2;2;1;1;48,7570858650;5,5879479647;3;2;2;0;2;1;1;0;1;50;3;Blessé léger
202100038291;133 202;7;0;2;8;1;1;176 101;1;1;1;1;1940.0;5;1;27;5;2021;10;1;55;55122;2;2;1;1;48,7570858650;5,5879479647;3;2;2;0;2;1;1;0;1;50;3;Indemne
202100038298;133 187;1;12;2;3;1;5;176 085;1;1;3;1;1951.0;5;2;19;5;2021;10;1;22;22161;2;1;1;3;48,5655960000; -3,1450400000;3;2;2;0;2;1;1;0;1;50;2;Blessé hospitalisé
202100038298;133 188;7;0;2;7;17;1;176 086;1;1;1;2;1949.0;3;1;19;5;2021;10;1;22;22161;2;1;1;3;48,5655960000; -3,1450400000;3;2;2;0;2;1;1;0;1;50;2;Indemne
202100038299;133 185;1;0;2;1;15;5;176 083;1;1;4;1;1995.0;1;0;27;5;2021;09;1;59;59449;2;1;1;3;50,4706750000;3,2481930000;4;2;2;0;1;1;1;0;1;50;3;Blessé léger
202100038299;133 186;10;0;9;7;17;1;176 084;1;1;1;1;1968.0;4;1;27;5;2021;09;1;59;59449;2;1;1;3;50,4706750000;3,2481930000;4;2;2;0;1;1;1;0;1;50;3;Indemne
202100038318;133 146;10;0;2;1;1;3;176 034;1;1;1;1;2000.0;4;8;25;5;2021;15;1;69;69386;2;2;1;3;45,7675500000;4,8475300000;4;1;2;1;1;1;1;0;1;50;1;Indemne
202100038318;133 147;1;0;2;8;1;5;176 035;1;1;4;2;1989.0;0;8;25;5;2021;15;1;69;69386;2;2;1;3;45,7675500000;4,8475300000;4;1;2;1;1;1;1;0;1;50;1;Blessé léger
202100038319;133 145;1;0;1;1;1;5;176 032;1;1;4;1;1990.0;0;8;25;5;2021;11;1;69;69387;2;1;1;6;45,7512600361;4,8545756936;4;2;3;3;1;1;1;0;1;50;1;Blessé léger
202100038319;133 145;1;0;1;1;1;5;176 033;10;3;4;1;1978.0;0;8;25;5;2021;11;1;69;69387;2;1;1;6;45,7512600361;4,8545756936;4;2;3;3;1;1;1;0;1;50;1;Blessé léger
202100038329;133 125;7;0;0;0;16;1;176 003;1;1;1;1;1994.0;5;1;22;5;2021;18;1;87;87085;2;3;1;7;45,8245400000;1,2549700000;4;2;2;0;2;2;1;0;1;50;5;Indemne
202100038329;133 126;80;0;0;0;0;3;176 004;1;1;4;1;1955.0;5;2;22;5;2021;18;1;87;87085;2;3;1;7;45,8245400000;1,2549700000;4;2;2;0;2;2;1;0;1;50;5;Blessé léger
202100038333;133 112;1;0;2;4;2;0;175 988;1;1;4;1;1988.0;0;8;21;5;2021;06;1;74;74012;2;6;1;1;46,1896300000;6,2492900000;3;1;1;0;1;1;1;0;1;50;4;Blessé léger
202100038333;133 113;7;0;2;1;9;1;175 989;1;1;1;1;1966.0;0;8;21;5;2021;06;1;74;74012;2;6;1;1;46,1896300000;6,2492900000;3;1;1;0;1;1;1;0;1;50;4;Indemne
202100038367;133 057;7;0;2;5;15;3;175 916;1;1;1;1;1990.0;1;1;25;5;2021;12;1;35;35238;2;3;1;2;48,1173460000; -1,6738190000;4;2;2;0;1;1;1;0;1;50;1;Indemne
202100038367;133 058;1;0;2;1;18;5;175 917;1;1;4;2;1991.0;1;2;25;5;2021;12;1;35;35238;2;3;1;2;48,1173460000; -1,6738190000;4;2;2;0;1;1;1;0;1;50;1;Blessé léger
202100038371;133 049;1;0;2;1;2;5;175 906;1;1;4;1;1993.0;0;2;25;5;2021;15;1;33;33318;2;3;1;3;44,8024900000; -0,6445900000;4;2;3;2;1;1;1;5;1;50;1;Blessé léger
202100038371;133 050;37;0;2;5;17;1;175 907;1;1;1;2;1988.0;4;1;25;5;2021;15;1;33;33318;2;3;1;3;44,8024900000; -0,6445900000;4;2;3;2;1;1;1;5;1;50;1;Indemne
202100038381;133 032;1;0;2;7;1;0;175 883;1;1;4;1;2006.0;5;2;19;5;2021;16;1;22;22215;2;1;1;3;48,4681340389; -2,7948188782;4;2;2;0;1;1;2;0;1;50;2;Blessé léger
202100038381;133 033;10;0;2;7;10;1;175 884;1;1;1;1;1997.0;4;1;19;5;2021;16;1;22;22215;2;1;1;3;48,4681340389; -2,7948188782;4;2;2;0;1;1;2;0;1;50;2;Indemne
202100038386;133 023;7;0;9;6;1;1;175 870;1;1;1;1;1990.0;0;1;24;5;2021;19;1;06;06088;2;1;1;5;43,6672800000;7,2162400000;4;2;7;1;1;1;1;9;1;50;0;Indemne
202100038386;133 024;33;0;9;1;1;0;175 871;1;1;4;1;1988.0;0;2;24;5;2021;19;1;06;06088;2;1;1;5;43,6672800000;7,2162400000;4;2;7;1;1;1;1;9;1;50;0;Blessé léger
202100038386;133 025;1;0;2;1;19;5;175 872;1;1;2;1;1998.0;0;8;24;5;2021;19;1;06;06088;2;1;1;5;43,6672800000;7,2162400000;4;2;7;1;1;1;1;9;1;50;0;Tué
202100038392;133 011;1;0;1;1;1;5;175 855;1;1;4;1;1980.0;1;8;25;5;2021;13;1;75;75120;2;2;1;6;48,8646850000;2,4041470000;4;1;2;1;2;1;1;0;1;50;1;Blessé léger
202100038392;133 011;1;0;1;1;1;5;175 856;10;3;4;1;1999.0;5;0;25;5;2021;13;1;75;75120;2;2;1;6;48,8646850000;2,4041470000;4;1;2;1;2;1;1;0;1;50;1;Blessé léger
202100038398;133 002;80;0;1;1;1;3;175 840;10;3;4;2;1944.0;5;0;25;5;2021;15;1;75;75115;2;3;1;6;48,8424570000;2,3110650000;4;1;2;1;1;1;1;0;1;50;1;Blessé léger
202100038398;133 002;80;0;1;1;1;3;175 841;1;1;1;1;1995.0;1;8;25;5;2021;15;1;75;75115;2;3;1;6;48,8424570000;2,3110650000;4;1;2;1;1;1;1;0;1;50;1;Indemne
202100038401;132 997;1;0;1;1;1;5;175 834;1;1;1;1;1990.0;9;8;25;5;2021;20;2;75;75109;2;7;1;6;48,8822030000;2,3377020000;4;1;3;1;1;1;1;0;1;50;1;Indemne
202100038401;132 997;1;0;1;1;1;5;175 835;10;3;4;2;1989.0;9;0;25;5;2021;20;2;75;75109;2;7;1;6;48,8822030000;2,3377020000;4;1;3;1;1;1;1;0;1;50;1;Blessé léger
202100038421;132 966;7;0;2;2;16;1;175 798;1;1;1;1;1965.0;4;1;21;5;2021;09;1;92;92026;2;3;1;3;48,8908900000;2,2476700000;3;1;3;1;1;1;1;0;1;50;4;Indemne
202100038421;132 967;1;0;2;1;1;5;175 799;1;1;4;1;1992.0;1;2;21;5;2021;09;1;92;92026;2;3;1;3;48,8908900000;2,2476700000;3;1;3;1;1;1;1;0;1;50;4;Blessé léger
202100038428;132 955;1;0;2;1;1;5;175 784;1;1;4;1;1959.0;5;0;25;5;2021;14;1;40;40296;1;1;1;1;43,7085550000; -1,4174510000;3;2;2;1;1;4;1;9;5;70;1;Blessé léger
202100038428;132 956;1;0;2;1;1;5;175 785;1;1;3;2;1958.0;5;0;25;5;2021;14;1;40;40296;1;1;1;1;43,7085550000; -1,4174510000;3;2;2;1;1;4;1;9;5;70;1;Blessé hospitalisé
202100038428;132 957;7;2;2;1;14;1;175 786;1;1;3;1;1955.0;5;1;25;5;2021;14;1;40;40296;1;1;1;1;43,7085550000; -1,4174510000;3;2;2;1;1;4;1;9;5;70;1;Blessé hospitalisé
202100038442;132 931;7;0;2;2;1;1;175 755;1;1;1;1;1961.0;4;1;26;5;2021;13;1;38;38384;1;2;1;3;45,3427430000;5,3334060000;3;2;2;0;1;1;1;5;1;80;2;Indemne
202100038442;132 932;1;0;2;1;1;5;175 756;1;1;3;1;2006.0;5;0;26;5;2021;13;1;38;38384;1;2;1;3;45,3427430000;5,3334060000;3;2;2;0;1;1;1;5;1;80;2;Blessé hospitalisé
202100038446;132 923;1;0;0;0;0;5;175 744;1;1;3;1;1964.0;5;2;25;5;2021;16;1;06;06148;1;1;1;7;43,7111420000;6,9976850000;3;2;1;0;3;4;1;0;1;80;1;Blessé hospitalisé
202100038451;132 914;1;0;0;1;13;5;175 732;1;1;4;1;1999.0;0;2;25;5;2021;18;1;07;07007;1;1;1;1;44,9230510000;4,7263100000;3;2;2;0;1;2;1;0;1;80;1;Blessé léger
202100038451;132 915;7;0;2;3;1;1;175 733;1;1;1;1;1971.0;0;1;25;5;2021;18;1;07;07007;1;1;1;1;44,9230510000;4,7263100000;3;2;2;0;1;2;1;0;1;80;1;Indemne
202100038503;132 818;7;0;2;7;1;1;175 610;1;1;1;2;1998.0;5;1;30;5;2021;17;1;47;47001;2;1;1;3;44,1921600000;0,6126700000;4;3;3;0;1;1;1;0;1;50;6;Indemne
202100038503;132 819;80;0;2;2;11;3;175 611;1;1;3;1;1934.0;5;8;30;5;2021;17;1;47;47001;2;1;1;3;44,1921600000;0,6126700000;4;3;3;0;1;1;1;0;1;50;6;Blessé hospitalisé
202100038530;132 767;7;0;2;2;15;1;175 534;1;1;1;2;1953.0;5;1;24;5;2021;17;1;75;75111;2;5;8;3;48,8651550000;2,3749220000;4;1;1;1;2;1;2;0;5;50;0;Indemne
202100038530;132 768;1;0;2;1;1;5;175 535;1;1;4;2;1997.0;5;8;24;5;2021;17;1;75;75111;2;5;8;3;48,8651550000;2,3749220000;4;1;1;1;2;1;2;0;5;50;0;Blessé léger
202100038531;132 765;1;0;2;7;1;5;175 532;1;1;4;1;1974.0;5;8;24;5;2021;11;1;75;75110;2;1;1;3;48,8766540000;2,3672050000;4;1;1;0;1;1;1;0;1;50;0;Blessé léger
202100038531;132 766;7;0;2;8;22;1;175 533;1;1;1;1;1976.0;9;1;24;5;2021;11;1;75;75110;2;1;1;3;48,8766540000;2,3672050000;4;1;1;0;1;1;1;0;1;50;0;Indemne
202100038544;132 746;1;0;2;1;9;5;175 508;1;1;1;1;1991.0;1;8;24;5;2021;16;1;92;92050;2;9;2;3;48,9011323539;2,2166593373;4;2;0;3;1;1;2;6;4;30;0;Indemne
202100038544;132 747;60;0;2;2;25;5;175 509;1;1;4;1;2016.0;5;3;24;5;2021;16;1;92;92050;2;9;2;3;48,9011323539;2,2166593373;4;2;0;3;1;1;2;6;4;30;0;Blessé léger
202100038564;132 714;1;0;1;1;0;5;175 463;1;1;1;1;1976.0;0;0;24;5;2021;12;1;61;61153;2;1;2;6;48,7179510000; -0,1243530000;4;2;2;0;1;1;2;0;1;20;0;Indemne
202100038564;132 714;1;0;1;1;0;5;175 464;10;3;3;2;1949.0;5;0;24;5;2021;12;1;61;61153;2;1;2;6;48,7179510000; -0,1243530000;4;2;2;0;1;1;2;0;1;20;0;Blessé hospitalisé
202100038600;132 641;7;0;9;2;9;1;175 358;1;1;1;1;1953.0;9;1;23;5;2021;10;1;974;97407;1;6;1;3; -20,9557000000;55,3121000000;2;2;2;1;1;1;1;3;1;50;6;Indemne
202100038600;132 642;1;0;2;1;1;5;175 359;1;1;4;1;2005.0;0;8;23;5;2021;10;1;974;97407;1;6;1;3; -20,9557000000;55,3121000000;2;2;2;1;1;1;1;3;1;50;6;Blessé léger
202100038604;132 633;7;0;2;1;1;1;175 348;1;1;1;1;1998.0;5;1;22;5;2021;23;5;69;69383;2;2;2;3;45,7570100000;4,8526300000;4;1;3;3;1;1;2;0;1;50;5;Indemne
202100038604;132 634;1;0;2;7;1;0;175 349;1;1;4;1;1993.0;0;8;22;5;2021;23;5;69;69383;2;2;2;3;45,7570100000;4,8526300000;4;1;3;3;1;1;2;0;1;50;5;Blessé léger
202100038618;132 609;1;0;2;1;1;5;175 315;1;1;3;1;1987.0;5;8;22;5;2021;16;1;83;83034;2;6;1;3;43,0955226226;6,0692384968;7;2;2;1;1;1;1;0;1;50;5;Blessé hospitalisé
202100038618;132 610;7;0;9;7;1;1;175 316;2;2;1;1;2011.0;5;1;22;5;2021;16;1;83;83034;2;6;1;3;43,0955226226;6,0692384968;7;2;2;1;1;1;1;0;1;50;5;Indemne
202100038618;132 610;7;0;9;7;1;1;175 317;1;1;1;2;1978.0;5;1;22;5;2021;16;1;83;83034;2;6;1;3;43,0955226226;6,0692384968;7;2;2;1;1;1;1;0;1;50;5;Indemne
202100038646;132 556;7;0;2;6;23;1;175 242;1;1;1;1;1966.0;9;1;23;5;2021;20;2;75;75119;2;3;1;2;48,8734990000;2,3830080000;4;2;2;3;2;1;1;0;1;50;6;Indemne
202100038646;132 557;80;0;2;1;2;3;175 243;1;1;4;1;1998.0;9;8;23;5;2021;20;2;75;75119;2;3;1;2;48,8734990000;2,3830080000;4;2;2;3;2;1;1;0;1;50;6;Blessé léger
202100038647;132 554;33;1;2;1;20;1;175 240;1;1;1;1;1976.0;9;2;23;5;2021;13;1;75;75119;2;3;1;3;48,8871800000;2,3961170000;4;1;2;1;1;1;1;0;5;30;6;Indemne
202100038647;132 555;1;0;2;1;1;5;175 241;1;1;4;1;1987.0;9;8;23;5;2021;13;1;75;75119;2;3;1;3;48,8871800000;2,3961170000;4;1;2;1;1;1;1;0;5;30;6;Blessé léger
202100038700;132 456;1;0;1;1;1;5;175 099;1;1;1;1;2006.0;3;0;22;5;2021;18;1;33;33090;2;1;1;6;44,7660960000; -0,6534500000;4;2;2;0;1;1;1;0;1;30;5;Indemne
202100038700;132 456;1;0;1;1;1;5;175 100;10;3;3;2;1942.0;9;0;22;5;2021;18;1;33;33090;2;1;1;6;44,7660960000; -0,6534500000;4;2;2;0;1;1;1;0;1;30;5;Blessé hospitalisé
202100038711;132 439;7;0;9;0;2;1;175 071;1;1;1;1;1997.0;0;8;23;5;2021;10;1;69;69163;1;2;1;2;45,9209610000;4,7557180000;7;2;2;0;1;1;1;0;1;80;6;Indemne
202100038711;132 440;1;0;0;4;2;0;175 072;1;1;4;1;1969.0;5;2;23;5;2021;10;1;69;69163;1;2;1;2;45,9209610000;4,7557180000;7;2;2;0;1;1;1;0;1;80;6;Blessé léger
202100038713;132 435;7;0;2;1;1;1;175 065;1;1;1;1;1970.0;5;1;23;5;2021;18;1;79;79049;2;6;1;3;46,8532360000; -0,4561260000;3;2;2;1;1;1;1;5;1;50;6;Indemne
202100038713;132 436;1;0;2;5;1;5;175 066;1;1;4;1;2004.0;5;0;23;5;2021;18;1;79;79049;2;6;1;3;46,8532360000; -0,4561260000;3;2;2;1;1;1;1;5;1;50;6;Blessé léger
202100038760;132 329;7;0;9;1;1;1;174 931;1;1;1;1;1985.0;1;1;21;5;2021;18;1;27;27554;2;1;2;1;49,0958590000;1,3784840000;3;1;1;0;2;1;2;0;1;50;4;Indemne
202100038760;132 330;1;0;2;1;5;5;174 932;1;1;3;1;1969.0;5;2;21;5;2021;18;1;27;27554;2;1;2;1;49,0958590000;1,3784840000;3;1;1;0;2;1;2;0;1;50;4;Blessé hospitalisé
202100038762;132 326;7;0;9;2;16;1;174 926;1;1;1;1;1947.0;0;1;21;5;2021;12;1;27;27375;2;6;1;1;49,2154500000;1,1721600000;4;1;0;0;1;1;1;0;1;50;4;Indemne
202100038762;132 326;7;0;9;2;16;1;174 927;2;2;1;2;1953.0;0;1;21;5;2021;12;1;27;27375;2;6;1;1;49,2154500000;1,1721600000;4;1;0;0;1;1;1;0;1;50;4;Indemne
202100038762;132 327;1;0;2;1;16;5;174 928;1;1;4;2;1951.0;0;8;21;5;2021;12;1;27;27375;2;6;1;1;49,2154500000;1,1721600000;4;1;0;0;1;1;1;0;1;50;4;Blessé léger
202100038764;132 323;15;0;2;5;1;1;174 922;1;1;1;1;1993.0;4;1;14;5;2021;15;1;13;13208;2;1;1;3;43,2588480000;5,3846860000;4;2;2;0;1;1;1;0;1;50;4;Indemne
202100038764;132 324;1;0;2;3;1;5;174 923;1;1;4;2;1951.0;5;2;14;5;2021;15;1;13;13208;2;1;1;3;43,2588480000;5,3846860000;4;2;2;0;1;1;1;0;1;50;4;Blessé léger
202100038772;132 310;80;0;2;1;2;3;174 906;1;1;4;1;1994.0;4;8;22;5;2021;19;1;75;75113;2;4;1;2;48,8388740000;2,3609990000;4;2;5;0;2;1;1;0;1;50;5;Blessé léger
202100038772;132 311;7;0;2;4;23;1;174 907;1;1;1;2;1981.0;9;1;22;5;2021;19;1;75;75113;2;4;1;2;48,8388740000;2,3609990000;4;2;5;0;2;1;1;0;1;50;5;Indemne
202100038779;132 298;10;0;2;8;22;1;174 888;1;1;1;1;1971.0;5;8;22;5;2021;11;1;75;75111;2;4;1;3;48,8511820000;2,3840480000;4;2;2;0;1;1;1;0;1;30;5;Indemne
202100038779;132 299;1;0;2;1;1;5;174 889;1;1;4;2;1979.0;5;2;22;5;2021;11;1;75;75111;2;4;1;3;48,8511820000;2,3840480000;4;2;2;0;1;1;1;0;1;30;5;Blessé léger
202100038784;132 289;1;0;2;5;14;5;174 874;1;1;1;1;1992.0;5;8;21;5;2021;22;5;94;94018;2;1;1;2;48,8192100000;2,4052900000;4;2;2;1;1;1;1;0;5;50;4;Indemne
202100038784;132 290;80;0;2;3;18;3;174 875;1;1;4;1;1989.0;1;8;21;5;2021;22;5;94;94018;2;1;1;2;48,8192100000;2,4052900000;4;2;2;1;1;1;1;0;5;50;4;Blessé léger
202100038811;132 241;1;0;0;4;1;5;174 811;1;1;3;1;1948.0;5;2;23;5;2021;10;1;51;51571;1;1;1;2;49,1911485098;4,1964184870;3;2;1;0;1;1;1;0;1;80;6;Blessé hospitalisé
202100038811;132 242;7;0;2;2;1;1;174 812;1;1;1;2;1936.0;5;1;23;5;2021;10;1;51;51571;1;1;1;2;49,1911485098;4,1964184870;3;2;1;0;1;1;1;0;1;80;6;Indemne
202100038825;132 224;1;0;2;8;1;5;174 787;1;1;3;2;1968.0;5;2;23;5;2021;13;1;06;06079;1;1;1;3;43,5188590000;6,9397220000;3;2;1;0;2;2;1;0;1;50;6;Blessé hospitalisé
202100038831;132 216;7;0;0;0;1;1;174 773;1;1;1;1;1955.0;5;1;23;5;2021;10;1;37;37041;1;1;1;6;47,6278811168;0,5492552518;4;2;1;0;2;4;1;0;3;30;6;Indemne
202100038831;132 217;1;6;0;0;1;5;174 774;1;1;2;1;1955.0;5;0;23;5;2021;10;1;37;37041;1;1;1;6;47,6278811168;0,5492552518;4;2;1;0;2;4;1;0;3;30;6;Tué
202100038851;132 184;1;0;0;0;19;5;174 720;1;1;3;1;2004.0;5;2;23;5;2021;18;1;74;74185;1;1;1;7;46,1583430000;6,2010310000;3;2;2;0;2;1;1;0;3;80;6;Blessé hospitalisé
202100038856;132 176;1;0;2;1;1;5;174 710;1;1;3;1;1992.0;5;2;21;5;2021;09;1;86;86095;2;3;1;3;46,7028740000;0,4354130000;3;2;2;0;2;1;1;0;1;50;4;Blessé hospitalisé
202100038856;132 177;7;0;9;2;15;1;174 711;1;1;1;2;1982.0;0;1;21;5;2021;09;1;86;86095;2;3;1;3;46,7028740000;0,4354130000;3;2;2;0;2;1;1;0;1;50;4;Indemne
202100038876;132 136;10;0;2;3;9;1;174 649;2;1;1;1;1963.0;4;1;20;5;2021;08;1;974;97407;2;1;1;3; -20,9316900000;55,2968400000;4;1;2;1;1;3;1;0;1;50;3;Indemne
202100038876;132 137;1;0;2;7;1;5;174 650;1;1;4;1;2002.0;1;8;20;5;2021;08;1;974;97407;2;1;1;3; -20,9316900000;55,2968400000;4;1;2;1;1;3;1;0;1;50;3;Blessé léger
202100038880;132 129;1;0;2;7;1;5;174 640;1;1;4;1;1996.0;0;2;21;5;2021;15;1;972;97213;1;1;1;3;14,5980600000; -60,9972400000;4;1;2;0;1;1;1;0;1;50;4;Blessé léger
202100038880;132 130;7;0;2;7;9;1;174 641;1;1;1;2;1970.0;1;1;21;5;2021;15;1;972;97213;1;1;1;3;14,5980600000; -60,9972400000;4;1;2;0;1;1;1;0;1;50;4;Indemne
202100038901;132 096;7;0;2;7;1;1;174 600;1;1;1;1;1975.0;3;1;11;4;2021;12;1;70;70550;1;2;1;3;47,6266410000;6,1390580000;4;2;2;1;4;3;1;5;5;50;6;Indemne
202100038901;132 097;1;0;2;1;1;5;174 601;1;1;3;1;1966.0;3;8;11;4;2021;12;1;70;70550;1;2;1;3;47,6266410000;6,1390580000;4;2;2;1;4;3;1;5;5;50;6;Blessé hospitalisé
202100038904;132 089;1;0;2;1;1;5;174 592;1;1;4;1;1957.0;0;8;20;5;2021;12;1;67;67482;2;8;8;3;48,5527700000;7,7441500000;4;3;6;1;1;1;1;4;5;50;3;Blessé léger
202100038904;132 090;7;0;2;5;16;1;174 593;1;1;1;1;1967.0;0;1;20;5;2021;12;1;67;67482;2;8;8;3;48,5527700000;7,7441500000;4;3;6;1;1;1;1;4;5;50;3;Indemne
202100038918;132 066;7;0;2;2;1;1;174 563;1;1;1;1;1947.0;5;1;19;5;2021;13;1;47;47323;2;2;1;3;44,4092991878;0,7023951709;4;1;1;0;2;1;1;0;1;50;2;Indemne