Num_Acc;id_vehicule;catv;obs;obsm;choc;manv;motor;id_usager;place;catu;grav;sexe;an_nais;trajet;secu1;jour;mois;an;hrmn;lum;dep;com;agg;int;atm;col;lat;long;catr;circ;nbv;vosp;prof;plan;surf;infra;situ;vma;day_of_week;gravity
202100039706;130 609;1;0;2;3;7;5;172 690;1;1;4;1;1993.0;1;2;16;5;2021;21;2;75;75120;2;2;2;3;48,8690540000;2,3807010000;4;3;2;3;1;1;2;0;6;50;6;Blessé léger
202100039706;130 610;7;0;2;2;16;1;172 691;1;1;1;1;1999.0;9;1;16;5;2021;21;2;75;75120;2;2;2;3;48,8690540000;2,3807010000;4;3;2;3;1;1;2;0;6;50;6;Indemne
202100039713;130 596;1;14;0;7;12;5;172 675;1;1;4;1;1954.0;5;2;16;5;2021;16;1;75;75115;2;1;8;6;48,8453230000;2,3101440000;4;1;3;0;1;1;1;0;1;50;6;Blessé léger
202100039719;130 584;1;0;2;1;9;5;172 660;1;1;4;1;1988.0;4;2;16;5;2021;14;1;75;75108;2;1;2;3;48,8753700000;2,3250300000;4;2;4;0;1;1;2;0;1;50;6;Blessé léger
202100039719;130 585;7;0;2;1;1;1;172 661;1;1;1;1;1996.0;4;1;16;5;2021;14;1;75;75108;2;1;2;3;48,8753700000;2,3250300000;4;2;4;0;1;1;2;0;1;50;6;Indemne
202100039728;130 566;7;0;9;3;1;1;172 635;1;1;1;1;2002.0;5;1;16;5;2021;14;1;93;93048;2;2;1;3;48,8549320000;2,4349190000;4;2;2;1;1;1;2;0;1;30;6;Indemne
202100039728;130 567;1;0;2;1;1;5;172 636;1;1;4;1;2006.0;5;8;16;5;2021;14;1;93;93048;2;2;1;3;48,8549320000;2,4349190000;4;2;2;1;1;1;2;0;1;30;6;Blessé léger
202100039732;130 559;1;0;2;1;5;5;172 627;1;1;4;1;1987.0;0;8;16;5;2021;22;5;92;92024;2;2;1;3;48,9008500000;2,3081200000;3;1;3;3;1;1;2;0;1;50;6;Blessé léger
202100039732;130 560;7;0;2;8;1;1;172 628;1;1;1;1;1982.0;0;1;16;5;2021;22;5;92;92024;2;2;1;3;48,9008500000;2,3081200000;3;1;3;3;1;1;2;0;1;50;6;Indemne
202100039739;130 549;1;0;0;0;2;5;172 609;1;1;3;1;2000.0;5;2;14;5;2021;14;1;30;30014;1;1;1;7;44,0011040000;4,3855190000;3;2;2;0;1;1;1;0;1;80;4;Blessé hospitalisé
202100039742;130 544;1;13;2;1;19;5;172 602;1;1;3;1;1945.0;0;2;11;5;2021;16;1;79;79204;2;2;1;3;46,1803580000; -0,2410660000;4;2;2;0;1;1;1;0;1;50;1;Blessé hospitalisé
202100039742;130 545;7;0;9;2;26;1;172 603;1;1;1;1;1949.0;0;1;11;5;2021;16;1;79;79204;2;2;1;3;46,1803580000; -0,2410660000;4;2;2;0;1;1;1;0;1;50;1;Indemne
202100039757;130 519;7;0;2;3;2;1;172 568;1;1;1;1;1999.0;3;1;14;5;2021;10;1;68;68375;2;3;1;3;47,8084640000;7,2397430000;3;2;2;0;1;1;1;0;1;30;4;Indemne
202100039757;130 520;1;0;2;2;17;5;172 569;1;1;4;1;1991.0;5;9;14;5;2021;10;1;68;68375;2;3;1;3;47,8084640000;7,2397430000;3;2;2;0;1;1;1;0;1;30;4;Blessé léger
202100039762;130 509;7;0;2;3;1;1;172 555;1;1;1;1;1973.0;5;1;13;5;2021;21;3;988;98821;1;1;1;1; -22,0218300000;166,2292440000;2;2;2;0;1;1;1;0;1;90;3;Indemne
202100039762;130 510;1;0;2;9;5;5;172 556;1;1;4;1;1974.0;5;0;13;5;2021;21;3;988;98821;1;1;1;1; -22,0218300000;166,2292440000;2;2;2;0;1;1;1;0;1;90;3;Blessé léger
202100039766;130 504;1;0;2;3;13;5;172 548;1;1;3;1;2007.0;0;0;17;5;2021;17;1;78;78263;2;1;2;3;48,7742260000;1,6711290000;3;2;2;0;1;1;2;0;1;50;0;Blessé hospitalisé
202100039766;130 505;38;0;9;5;2;1;172 549;1;1;1;1;1961.0;4;1;17;5;2021;17;1;78;78263;2;1;2;3;48,7742260000;1,6711290000;3;2;2;0;1;1;2;0;1;50;0;Indemne
202100039768;130 500;7;0;0;6;23;2;172 544;1;1;1;1;1966.0;5;1;13;5;2021;16;1;66;66008;1;1;1;2;42,5811470000;3,0326340000;3;2;2;0;1;1;1;0;3;50;3;Indemne
202100039768;130 501;1;1;0;1;1;5;172 545;1;1;3;1;1953.0;5;2;13;5;2021;16;1;66;66008;1;1;1;2;42,5811470000;3,0326340000;3;2;2;0;1;1;1;0;3;50;3;Blessé hospitalisé
202100039774;130 491;1;0;0;0;2;5;172 530;1;1;4;1;1947.0;0;0;8;4;2021;11;1;38;38111;2;1;1;7;45,1202610000;5,6956820000;7;3;1;2;4;1;1;2;5;50;3;Blessé léger
202100039774;130 492;37;0;0;0;2;1;172 531;1;1;1;1;1989.0;4;1;8;4;2021;11;1;38;38111;2;1;1;7;45,1202610000;5,6956820000;7;3;1;2;4;1;1;2;5;50;3;Indemne
202100039804;130 431;1;0;2;7;1;5;172 450;1;1;4;2;1997.0;0;8;15;5;2021;15;1;69;69382;2;2;2;1;45,7519000000;4,8310900000;4;1;1;0;1;1;2;0;1;30;5;Blessé léger
202100039804;130 432;7;0;2;3;1;1;172 451;1;1;1;2;1989.0;0;1;15;5;2021;15;1;69;69382;2;2;2;1;45,7519000000;4,8310900000;4;1;1;0;1;1;2;0;1;30;5;Indemne
202100039807;130 425;7;0;9;2;1;1;172 443;1;1;1;2;1978.0;0;1;15;5;2021;08;1;91;91103;2;9;2;3;48,5884300000;2,3006500000;4;2;1;1;1;1;2;9;6;50;5;Indemne
202100039807;130 426;1;0;2;1;1;0;172 444;2;1;4;1;1981.0;1;8;15;5;2021;08;1;91;91103;2;9;2;3;48,5884300000;2,3006500000;4;2;1;1;1;1;2;9;6;50;5;Blessé léger
202100039812;130 415;10;0;9;7;16;1;172 431;2;2;1;2;1983.0;0;1;14;5;2021;17;1;74;74012;2;7;1;3;46,1922200000;6,2320000000;4;2;2;1;1;1;1;0;5;50;4;Indemne
202100039812;130 415;10;0;9;7;16;1;172 432;1;1;1;1;1993.0;0;1;14;5;2021;17;1;74;74012;2;7;1;3;46,1922200000;6,2320000000;4;2;2;1;1;1;1;0;5;50;4;Indemne
202100039812;130 416;1;0;2;0;0;5;172 433;1;1;4;1;1999.0;0;8;14;5;2021;17;1;74;74012;2;7;1;3;46,1922200000;6,2320000000;4;2;2;1;1;1;1;0;5;50;4;Blessé léger
202100039816;130 407;2;0;9;1;1;1;172 423;1;1;1;1;2005.0;5;2;23;4;2021;14;1;57;57606;2;1;1;3;49,1074055000;6,7099288000;4;1;2;0;1;1;1;0;1;50;4;Indemne
202100039816;130 408;1;0;2;3;19;0;172 424;1;1;4;1;2003.0;9;8;23;4;2021;14;1;57;57606;2;1;1;3;49,1074055000;6,7099288000;4;1;2;0;1;1;1;0;1;50;4;Blessé léger
202100039819;130 402;7;0;2;3;15;1;172 412;1;1;1;1;1988.0;5;1;15;5;2021;15;1;51;51454;2;3;2;1;49,2464578404;4,0393157317;4;2;2;0;2;1;2;0;1;50;5;Indemne
202100039819;130 403;1;0;0;0;0;5;172 413;1;1;4;2;2001.0;5;8;15;5;2021;15;1;51;51454;2;3;2;1;49,2464578404;4,0393157317;4;2;2;0;2;1;2;0;1;50;5;Blessé léger
202100039848;130 352;1;0;2;1;1;5;172 336;1;1;4;1;1966.0;0;0;15;5;2021;11;1;94;94038;2;3;2;3;48,7791760000;2,3311190000;3;2;2;0;2;2;2;0;1;30;5;Blessé léger
202100039848;130 353;7;0;2;3;1;1;172 337;1;1;1;1;1987.0;5;1;15;5;2021;11;1;94;94038;2;3;2;3;48,7791760000;2,3311190000;3;2;2;0;2;2;2;0;1;30;5;Indemne
202100039850;130 349;1;0;2;1;26;0;172 332;1;1;4;1;1965.0;0;8;14;5;2021;13;1;93;93032;2;2;2;3;48,8766100000;2,5493300000;3;2;4;0;1;1;2;0;1;50;4;Blessé léger
202100039850;130 350;7;0;9;3;15;1;172 333;1;1;1;1;1945.0;5;1;14;5;2021;13;1;93;93032;2;2;2;3;48,8766100000;2,5493300000;3;2;4;0;1;1;2;0;1;50;4;Indemne
202100039855;130 340;7;0;2;6;24;1;172 321;1;1;1;1;1982.0;0;1;15;5;2021;15;1;92;92012;2;1;4;2;48,8501400000;2,2385400000;4;3;2;0;2;1;2;0;1;30;5;Indemne
202100039855;130 341;1;1;0;6;1;5;172 322;1;1;4;1;2008.0;0;2;15;5;2021;15;1;92;92012;2;1;4;2;48,8501400000;2,2385400000;4;3;2;0;2;1;2;0;1;30;5;Blessé léger
202100039873;130 315;1;0;0;0;0;5;172 281;1;1;3;1;1948.0;5;0;15;5;2021;17;1;54;54256;1;1;3;7;48,5312560000;6,3291980000;3;2;2;0;2;3;2;0;1;80;5;Blessé hospitalisé
202100039888;130 290;1;0;2;2;15;5;172 244;1;1;4;1;2006.0;5;2;16;5;2021;11;1;71;71060;1;3;3;3;46,3059640000;4,1469180000;3;2;1;0;1;1;2;0;1;80;6;Blessé léger
202100039888;130 291;7;0;9;2;1;1;172 245;1;1;1;2;1969.0;4;1;16;5;2021;11;1;71;71060;1;3;3;3;46,3059640000;4,1469180000;3;2;1;0;1;1;2;0;1;80;6;Indemne
202100039923;130 225;1;0;2;4;1;5;172 149;1;1;4;2;1978.0;0;8;14;5;2021;11;1;72;72181;2;6;1;2;48,0077700000;0,1985300000;4;2;2;0;1;2;1;5;1;50;4;Blessé léger
202100039923;130 226;7;0;2;1;9;1;172 150;1;1;1;2;1963.0;0;1;14;5;2021;11;1;72;72181;2;6;1;2;48,0077700000;0,1985300000;4;2;2;0;1;2;1;5;1;50;4;Indemne
202100039926;130 218;7;0;2;2;1;1;172 141;1;1;1;2;1999.0;0;1;12;5;2021;18;1;67;67482;2;3;1;3;48,5714934159;7,7701325984;4;2;3;1;1;1;1;0;1;50;2;Indemne
202100039926;130 219;1;0;2;0;19;5;172 142;1;1;4;1;2001.0;0;8;12;5;2021;18;1;67;67482;2;3;1;3;48,5714934159;7,7701325984;4;2;3;1;1;1;1;0;1;50;2;Blessé léger
202100039933;130 205;7;0;2;1;9;1;172 127;1;1;1;1;1946.0;5;1;14;5;2021;12;1;60;60159;2;6;1;3;49,4196300000;2,8203400000;3;1;2;0;1;1;1;5;1;30;4;Indemne
202100039933;130 206;1;0;2;7;1;5;172 128;1;1;4;2;1986.0;3;2;14;5;2021;12;1;60;60159;2;6;1;3;49,4196300000;2,8203400000;3;1;2;0;1;1;1;5;1;30;4;Blessé léger
202100039943;130 190;7;0;2;3;1;1;172 104;1;1;1;2;1997.0;5;1;14;5;2021;17;1;37;37261;2;2;1;6;47,3886352111;0,6845994042;4;1;1;0;1;1;1;0;1;50;4;Indemne
202100039943;130 191;1;0;2;1;1;5;172 105;1;1;4;2;1998.0;5;8;14;5;2021;17;1;37;37261;2;2;1;6;47,3886352111;0,6845994042;4;1;1;0;1;1;1;0;1;50;4;Blessé léger
202100039948;130 180;1;0;2;1;1;5;172 093;1;1;4;1;2003.0;5;2;14;5;2021;17;1;29;29039;1;6;8;3;47,8857200000; -3,9133300000;3;4;2;0;2;1;1;0;1;70;4;Blessé léger
202100039948;130 181;7;0;2;6;9;1;172 094;1;1;1;2;1973.0;5;1;14;5;2021;17;1;29;29039;1;6;8;3;47,8857200000; -3,9133300000;3;4;2;0;2;1;1;0;1;70;4;Indemne
202100039959;130 163;1;4;0;1;1;5;172 070;1;1;3;1;1941.0;5;2;13;5;2021;12;1;05;05061;1;1;1;7;44,5481600000;6,0382200000;3;2;2;0;2;2;1;0;1;50;3;Blessé hospitalisé
202100039992;130 108;1;0;2;1;1;6;171 996;1;1;3;1;1970.0;5;2;15;5;2021;16;1;63;63385;1;4;3;1;45,8106970000;2,8425190000;3;2;2;0;1;1;2;0;1;80;5;Blessé hospitalisé
202100039992;130 109;7;0;9;6;15;1;171 997;1;1;1;1;1941.0;3;1;15;5;2021;16;1;63;63385;1;4;3;1;45,8106970000;2,8425190000;3;2;2;0;1;1;2;0;1;80;5;Indemne
202100039996;130 101;10;0;0;6;2;1;171 989;1;1;1;1;1950.0;5;1;15;5;2021;10;1;84;84017;1;1;2;2;44,1204350000;5,2287200000;3;2;2;0;2;1;2;0;1;80;5;Indemne
202100039996;130 102;1;0;2;1;2;5;171 990;1;1;4;1;1992.0;5;2;15;5;2021;10;1;84;84017;1;1;2;2;44,1204350000;5,2287200000;3;2;2;0;2;1;2;0;1;80;5;Blessé léger
202100040037;130 033;30;0;9;1;14;3;171 889;1;1;4;1;2001.0;4;2;13;5;2021;12;1;91;91549;2;1;1;3;48,6479100000;2,3418700000;4;2;2;0;1;1;1;0;4;30;3;Blessé léger
202100040037;130 034;1;0;2;8;0;0;171 890;1;1;4;1;1996.0;5;2;13;5;2021;12;1;91;91549;2;1;1;3;48,6479100000;2,3418700000;4;2;2;0;1;1;1;0;4;30;3;Blessé léger
202100040053;130 003;1;0;2;7;19;5;171 855;1;1;4;1;2008.0;2;8;12;5;2021;12;1;31;31149;2;1;1;6;43,6089117703;1,3354121288;4;2;2;0;1;1;1;0;1;50;2;Blessé léger
202100040053;130 004;7;0;2;1;1;1;171 856;1;1;1;2;1997.0;1;1;12;5;2021;12;1;31;31149;2;1;1;6;43,6089117703;1,3354121288;4;2;2;0;1;1;1;0;1;50;2;Indemne
202100040056;129 997;7;0;2;8;1;1;171 847;1;1;1;2;1977.0;5;1;13;5;2021;17;1;26;26198;1;1;1;3;44,5747700000;4,7334900000;3;2;2;0;1;1;1;0;1;80;3;Indemne
202100040056;129 998;1;0;2;8;26;5;171 848;1;1;4;1;1977.0;0;8;13;5;2021;17;1;26;26198;1;1;1;3;44,5747700000;4,7334900000;3;2;2;0;1;1;1;0;1;80;3;Blessé léger
202100040074;129 964;1;0;2;1;1;5;171 803;1;1;4;1;1983.0;5;2;12;5;2021;13;1;94;94052;2;1;1;3;48,8451070000;2,4889530000;3;2;3;1;2;1;1;0;1;50;2;Blessé léger
202100040074;129 965;7;0;2;2;26;1;171 804;1;1;1;1;1990.0;3;1;12;5;2021;13;1;94;94052;2;1;1;3;48,8451070000;2,4889530000;3;2;3;1;2;1;1;0;1;50;2;Indemne
202100040088;129 937;7;0;2;1;13;1;171 762;1;1;1;1;1977.0;5;1;14;5;2021;18;1;65;65447;2;1;1;1;43,1873740000;0,2448320000;4;2;2;0;2;1;1;0;1;50;4;Indemne
202100040088;129 938;1;0;2;1;1;6;171 763;1;1;3;1;2007.0;5;0;14;5;2021;18;1;65;65447;2;1;1;1;43,1873740000;0,2448320000;4;2;2;0;2;1;1;0;1;50;4;Blessé hospitalisé
202100040094;129 926;1;0;0;2;1;5;171 747;1;1;3;2;1965.0;5;0;13;5;2021;18;1;22;22251;1;1;1;7;48,5564720000; -2,8516980000;4;2;2;0;2;3;1;0;1;80;3;Blessé hospitalisé
202100040104;129 911;7;0;2;2;0;1;171 720;1;1;1;2;1955.0;0;8;12;5;2021;16;1;45;45014;2;3;1;3;48,1959810000;2,3830570000;3;2;2;0;1;1;1;0;1;50;2;Indemne
202100040104;129 912;1;0;2;1;1;5;171 721;1;1;3;2;2008.0;5;0;12;5;2021;16;1;45;45014;2;3;1;3;48,1959810000;2,3830570000;3;2;2;0;1;1;1;0;1;50;2;Blessé hospitalisé
202100040118;129 889;7;0;2;2;1;1;171 688;1;1;1;1;2000.0;4;8;13;5;2021;10;1;29;29233;2;1;8;2;47,8718420000; -3,5767040000;4;2;2;0;1;1;2;0;1;50;3;Indemne
202100040118;129 890;1;0;2;4;1;5;171 689;1;1;4;2;1978.0;5;2;13;5;2021;10;1;29;29233;2;1;8;2;47,8718420000; -3,5767040000;4;2;2;0;1;1;2;0;1;50;3;Blessé léger
202100040122;129 883;1;14;0;0;1;5;171 682;1;1;3;1;1972.0;5;2;12;5;2021;11;1;38;38068;1;1;1;6;45,0980790000;5,7187270000;9;2;2;1;1;1;1;0;5;80;2;Blessé hospitalisé
202100040136;129 854;1;0;2;2;1;5;171 643;1;1;3;1;1948.0;5;8;13;5;2021;09;1;988;98818;1;6;1;3; -22,2709100000;166,4698200000;4;2;2;1;1;1;1;5;5;50;3;Blessé hospitalisé
202100040136;129 855;1;0;2;6;1;5;171 644;1;1;1;1;1953.0;5;2;13;5;2021;09;1;988;98818;1;6;1;3; -22,2709100000;166,4698200000;4;2;2;1;1;1;1;5;5;50;3;Indemne
202100040141;129 845;7;0;9;2;1;1;171 631;1;1;1;2;1993.0;0;1;12;5;2021;17;1;69;69387;2;9;8;3;45,7529800000;4,8378800000;4;1;3;1;1;1;1;0;5;50;2;Indemne
202100040141;129 846;80;0;2;1;0;3;171 632;1;1;4;1;1992.0;0;8;12;5;2021;17;1;69;69387;2;9;8;3;45,7529800000;4,8378800000;4;1;3;1;1;1;1;0;5;50;2;Blessé léger
202100040149;129 832;1;0;2;8;1;5;171 618;1;1;4;1;1992.0;1;8;11;5;2021;07;1;87;87085;2;3;2;6;45,8235400000;1,2511500000;4;1;2;0;2;1;2;0;1;50;1;Blessé léger
202100040162;129 809;7;0;2;2;16;1;171 584;1;1;1;1;1997.0;9;1;12;5;2021;17;1;64;64445;2;3;2;3;43,2991600000; -0,3702600000;4;1;2;3;1;1;2;0;1;50;2;Indemne
202100040162;129 810;1;0;2;3;1;5;171 585;1;1;4;2;1993.0;0;2;12;5;2021;17;1;64;64445;2;3;2;3;43,2991600000; -0,3702600000;4;1;2;3;1;1;2;0;1;50;2;Blessé léger
202100040174;129 788;1;0;2;1;1;5;171 553;1;1;4;1;1945.0;5;2;10;5;2021;10;1;56;56098;2;2;1;3;47,7744200000; -3,3466900000;3;2;2;0;1;1;1;0;1;50;0;Blessé léger
202100040174;129 789;7;0;2;2;15;1;171 554;1;1;1;2;2005.0;9;1;10;5;2021;10;1;56;56098;2;2;1;3;47,7744200000; -3,3466900000;3;2;2;0;1;1;1;0;1;50;0;Indemne
202100040177;129 782;10;0;9;3;20;1;171 547;1;1;1;1;1992.0;4;1;12;5;2021;15;1;51;51454;2;1;1;3;49,2625800000;4,0275600000;3;2;2;1;2;1;1;0;1;50;2;Indemne
202100040177;129 783;1;1;0;1;0;5;171 548;1;1;4;1;2006.0;5;8;12;5;2021;15;1;51;51454;2;1;1;3;49,2625800000;4,0275600000;3;2;2;1;2;1;1;0;1;50;2;Blessé léger
202100040189;129 763;1;1;2;7;17;5;171 526;1;1;4;1;1994.0;5;8;12;5;2021;06;5;35;35238;2;1;1;3;48,1062300000; -1,6675100000;4;2;2;1;1;1;1;0;1;30;2;Blessé léger
202100040189;129 764;17;0;2;8;22;1;171 527;1;1;1;1;1967.0;4;8;12;5;2021;06;5;35;35238;2;1;1;3;48,1062300000; -1,6675100000;4;2;2;1;1;1;1;0;1;30;2;Indemne
202100040193;129 756;7;0;2;3;1;1;171 516;3;2;1;2;1962.0;5;1;12;5;2021;15;1;32;32013;2;3;8;3;43,6531100000;0,5952400000;2;2;1;0;1;1;1;0;1;50;2;Indemne
202100040193;129 756;7;0;2;3;1;1;171 517;2;2;1;2;1989.0;5;1;12;5;2021;15;1;32;32013;2;3;8;3;43,6531100000;0,5952400000;2;2;1;0;1;1;1;0;1;50;2;Indemne
202100040193;129 756;7;0;2;3;1;1;171 518;1;1;1;1;1982.0;4;1;12;5;2021;15;1;32;32013;2;3;8;3;43,6531100000;0,5952400000;2;2;1;0;1;1;1;0;1;50;2;Indemne
202100040193;129 757;1;0;2;7;25;5;171 519;1;1;4;1;2006.0;5;2;12;5;2021;15;1;32;32013;2;3;8;3;43,6531100000;0,5952400000;2;2;1;0;1;1;1;0;1;50;2;Blessé léger
202100040198;129 746;1;0;2;3;1;5;171 505;1;1;4;1;2006.0;5;8;12;5;2021;16;1;27;27229;2;3;2;1;49,0330100000;1,1389000000;4;2;2;0;2;1;2;0;1;50;2;Blessé léger
202100040198;129 747;37;0;2;2;1;1;171 506;1;1;1;1;1966.0;4;1;12;5;2021;16;1;27;27229;2;3;2;1;49,0330100000;1,1389000000;4;2;2;0;2;1;2;0;1;50;2;Indemne
202100040198;129 747;37;0;2;2;1;1;171 507;9;2;4;2;2004.0;2;1;12;5;2021;16;1;27;27229;2;3;2;1;49,0330100000;1,1389000000;4;2;2;0;2;1;2;0;1;50;2;Blessé léger
202100040202;129 738;1;0;2;7;3;5;171 497;1;1;3;1;1964.0;5;0;12;5;2021;18;1;14;14167;2;1;1;3;49,2022210000; -0,3065700000;3;3;2;0;1;1;1;0;1;50;2;Blessé hospitalisé
202100040224;129 697;7;0;2;4;2;1;171 439;1;1;1;1;1961.0;4;1;12;5;2021;15;1;75;75109;2;7;8;2;48,8731390000;2,3315190000;4;1;1;0;1;1;1;0;1;50;2;Indemne
202100040224;129 698;1;0;2;1;2;5;171 440;1;1;4;1;1995.0;4;8;12;5;2021;15;1;75;75109;2;7;8;2;48,8731390000;2,3315190000;4;1;1;0;1;1;1;0;1;50;2;Blessé léger
202100040226;129 694;7;0;2;1;1;1;171 436;1;1;1;1;1986.0;1;1;12;5;2021;06;1;75;75104;2;2;1;3;48,8561950000;2,3464820000;4;2;4;3;1;1;1;0;6;50;2;Indemne
202100040226;129 695;1;0;2;7;7;5;171 437;1;1;4;1;1995.0;1;8;12;5;2021;06;1;75;75104;2;2;1;3;48,8561950000;2,3464820000;4;2;4;3;1;1;1;0;6;50;2;Blessé léger
202100040237;129 675;1;1;0;1;1;5;171 413;1;1;4;2;2013.0;0;8;12;5;2021;16;1;92;92024;2;1;1;3;48,9020485809;2,3045727611;3;1;3;3;1;1;1;0;6;50;2;Blessé léger
202100040237;129 676;7;0;2;3;22;1;171 414;1;1;1;1;1942.0;3;8;12;5;2021;16;1;92;92024;2;1;1;3;48,9020485809;2,3045727611;3;1;3;3;1;1;1;0;6;50;2;Indemne
202100040238;129 673;1;0;2;3;0;0;171 411;1;1;4;1;1950.0;5;8;12;5;2021;15;1;92;92023;2;2;1;3;48,7848109699;2,2380142319;3;2;2;0;1;1;1;0;1;50;2;Blessé léger
202100040238;129 674;7;0;2;3;15;1;171 412;1;1;1;1;1981.0;5;1;12;5;2021;15;1;92;92023;2;2;1;3;48,7848109699;2,2380142319;3;2;2;0;1;1;1;0;1;50;2;Indemne
202100040244;129 663;7;0;2;1;16;1;171 398;1;1;1;1;1959.0;5;1;12;5;2021;18;1;68;68300;2;7;1;1;47,7924690000;7,3800870000;4;2;2;0;1;3;1;0;1;50;2;Indemne
202100040244;129 664;1;0;2;1;15;5;171 399;1;1;3;1;2006.0;5;0;12;5;2021;18;1;68;68300;2;7;1;1;47,7924690000;7,3800870000;4;2;2;0;1;3;1;0;1;50;2;Blessé hospitalisé
202100040253;129 649;7;0;9;1;17;1;171 376;1;1;1;1;1976.0;4;1;12;5;2021;08;1;63;63180;1;3;1;2;45,8604171087;3,3184200928;3;2;2;0;1;1;1;0;1;80;2;Indemne
202100040253;129 650;1;0;9;4;15;0;171 377;1;1;3;1;1951.0;5;0;12;5;2021;08;1;63;63180;1;3;1;2;45,8604171087;3,3184200928;3;2;2;0;1;1;1;0;1;80;2;Blessé hospitalisé
202100040262;129 636;1;0;2;1;1;5;171 360;1;1;4;1;2005.0;5;0;12;5;2021;22;3;01;01145;2;1;1;1;46,0685560000;5,2043220000;4;2;2;0;1;1;1;0;1;50;2;Blessé léger
202100040262;129 637;2;0;9;1;1;1;171 361;1;1;4;1;2005.0;5;2;12;5;2021;22;3;01;01145;2;1;1;1;46,0685560000;5,2043220000;4;2;2;0;1;1;1;0;1;50;2;Blessé léger
202100040311;129 547;1;0;2;7;1;5;171 246;1;1;4;2;1966.0;1;0;11;5;2021;08;1;69;69386;2;2;2;3;45,7724600000;4,8431000000;4;2;4;3;1;1;2;0;1;50;1;Blessé léger
202100040311;129 548;7;0;2;1;1;1;171 247;1;1;1;1;1995.0;1;1;11;5;2021;08;1;69;69386;2;2;2;3;45,7724600000;4,8431000000;4;2;4;3;1;1;2;0;1;50;1;Indemne
202100040313;129 544;1;15;0;1;16;5;171 243;1;1;4;1;2000.0;4;8;10;5;2021;22;5;69;69385;2;1;3;7;45,7620500000;4,8260200000;4;2;3;1;2;3;3;0;1;50;0;Blessé léger
202100040321;129 531;1;0;2;2;1;5;171 218;1;1;3;1;1996.0;0;8;11;5;2021;12;1;74;74010;2;1;2;3;45,9091300000;6,1246300000;4;2;2;0;1;1;2;0;1;30;1;Blessé hospitalisé
202100040321;129 532;7;0;2;1;1;1;171 219;1;1;1;2;1993.0;0;1;11;5;2021;12;1;74;74010;2;1;2;3;45,9091300000;6,1246300000;4;2;2;0;1;1;2;0;1;30;1;Indemne
202100040322;129 529;1;0;2;8;1;5;171 216;1;1;4;1;1987.0;1;2;11;5;2021;13;1;69;69282;2;3;1;3;45,7775700000;5,0209100000;4;2;2;1;1;1;1;0;5;50;1;Blessé léger
202100040322;129 530;7;0;2;3;9;1;171 217;1;1;1;2;1999.0;3;8;11;5;2021;13;1;69;69282;2;3;1;3;45,7775700000;5,0209100000;4;2;2;1;1;1;1;0;5;50;1;Indemne
202100040331;129 513;7;0;2;8;24;1;171 194;1;1;1;1;1971.0;0;1;8;5;2021;15;1;63;63113;2;1;1;6;45,8123800000;3,1281100000;4;2;2;0;1;1;1;0;1;50;5;Indemne
202100040331;129 514;1;0;2;7;1;5;171 195;1;1;4;1;1942.0;0;8;8;5;2021;15;1;63;63113;2;1;1;6;45,8123800000;3,1281100000;4;2;2;0;1;1;1;0;1;50;5;Blessé léger
202100040342;129 494;1;0;2;0;17;5;171 169;1;1;4;1;1983.0;2;8;11;5;2021;18;1;35;35238;2;3;1;3;48,1044800000; -1,6686400000;4;2;2;0;1;1;1;0;1;50;1;Blessé léger
202100040342;129 494;1;0;2;0;17;5;171 170;2;2;1;1;2019.0;2;3;11;5;2021;18;1;35;35238;2;3;1;3;48,1044800000; -1,6686400000;4;2;2;0;1;1;1;0;1;50;1;Indemne
202100040342;129 495;2;0;2;0;15;1;171 171;1;1;1;1;2001.0;4;2;11;5;2021;18;1;35;35238;2;3;1;3;48,1044800000; -1,6686400000;4;2;2;0;1;1;1;0;1;50;1;Indemne
202100040348;129 482;7;0;2;7;1;1;171 155;1;1;1;1;1977.0;2;1;11;5;2021;08;1;29;29019;2;6;1;3;48,3895100000; -4,5202200000;4;2;2;0;3;2;1;5;1;50;1;Indemne
202100040348;129 483;1;0;2;1;15;5;171 156;1;1;4;1;1992.0;4;8;11;5;2021;08;1;29;29019;2;6;1;3;48,3895100000; -4,5202200000;4;2;2;0;3;2;1;5;1;50;1;Blessé léger
202100040349;129 480;1;0;2;1;1;5;171 153;1;1;4;1;1992.0;1;8;11;5;2021;08;1;26;26198;2;6;2;3;44,5279000000;4,7345000000;3;1;2;1;1;4;2;0;1;50;1;Blessé léger
202100040349;129 481;7;0;2;3;9;1;171 154;1;1;1;2;1985.0;9;1;11;5;2021;08;1;26;26198;2;6;2;3;44,5279000000;4,7345000000;3;1;2;1;1;4;2;0;1;50;1;Indemne
202100040364;129 454;1;1;0;7;18;5;171 119;1;1;4;1;1999.0;4;2;10;5;2021;12;1;75;75106;2;1;1;6;48,8443090000;2,3225430000;4;2;6;3;1;1;1;0;6;50;0;Blessé léger
202100040366;129 450;1;0;2;8;17;5;171 114;1;1;4;2;1998.0;5;8;9;5;2021;13;1;75;75120;2;3;1;3;48,8531810000;2,4088120000;4;2;2;0;1;1;1;0;1;50;6;Blessé léger
202100040366;129 451;7;0;2;2;17;1;171 115;1;1;1;2;1994.0;5;1;9;5;2021;13;1;75;75120;2;3;1;3;48,8531810000;2,4088120000;4;2;2;0;1;1;1;0;1;50;6;Indemne
202100040371;129 444;1;0;1;1;1;5;171 104;1;1;1;1;2004.0;5;2;11;5;2021;17;1;75;75109;2;3;1;6;48,8812670000;2,3270840000;4;2;2;1;2;1;1;0;5;50;1;Indemne