Num_Acc;id_vehicule;catv;obs;obsm;choc;manv;motor;id_usager;place;catu;grav;sexe;an_nais;trajet;secu1;jour;mois;an;hrmn;lum;dep;com;agg;int;atm;col;lat;long;catr;circ;nbv;vosp;prof;plan;surf;infra;situ;vma;day_of_week;gravity
202100040981;128 367;1;0;2;0;21;5;169 691;1;1;3;1;1965.0;5;2;8;5;2021;15;1;39;39183;1;1;1;3;46,7529420000;5,7953090000;3;2;2;0;2;3;1;0;1;80;5;Blessé hospitalisé
202100040984;128 361;1;0;2;1;1;5;169 683;1;1;3;1;1974.0;5;2;8;5;2021;17;1;14;14027;1;1;1;1;48,9852370000; -0,6404790000;3;2;2;0;1;2;1;0;3;80;5;Blessé hospitalisé
202100040984;128 362;7;13;2;3;21;1;169 684;1;1;1;1;2003.0;5;1;8;5;2021;17;1;14;14027;1;1;1;1;48,9852370000; -0,6404790000;3;2;2;0;1;2;1;0;3;80;5;Indemne
202100040988;128 354;7;2;9;3;1;1;169 675;2;2;1;2;2004.0;5;1;7;5;2021;16;1;80;80186;2;1;7;2;49,8190360000;2,7933760000;3;2;2;0;1;1;1;0;1;50;4;Indemne
202100040988;128 354;7;2;9;3;1;1;169 676;1;1;3;2;1947.0;5;1;7;5;2021;16;1;80;80186;2;1;7;2;49,8190360000;2,7933760000;3;2;2;0;1;1;1;0;1;50;4;Blessé hospitalisé
202100040988;128 355;1;15;2;4;2;5;169 677;1;1;3;1;2005.0;2;0;7;5;2021;16;1;80;80186;2;1;7;2;49,8190360000;2,7933760000;3;2;2;0;1;1;1;0;1;50;4;Blessé hospitalisé
202100040990;128 351;7;0;9;1;15;1;169 670;1;1;1;2;1945.0;5;1;8;5;2021;15;1;89;89464;2;4;1;2;48,0861599348;3,2982874877;3;2;2;0;1;3;1;0;1;50;5;Indemne
202100040990;128 352;1;0;2;4;1;5;169 671;1;1;4;1;2008.0;5;0;8;5;2021;15;1;89;89464;2;4;1;2;48,0861599348;3,2982874877;3;2;2;0;1;3;1;0;1;50;5;Blessé léger
202100040999;128 333;15;0;9;0;1;1;169 643;1;1;1;1;1982.0;4;1;7;5;2021;14;1;05;05017;1;1;1;3;44,5739000000;6,1713120000;2;2;2;0;1;1;1;0;3;80;4;Indemne
202100040999;128 334;1;0;9;3;1;5;169 644;1;1;3;1;1970.0;5;2;7;5;2021;14;1;05;05017;1;1;1;3;44,5739000000;6,1713120000;2;2;2;0;1;1;1;0;3;80;4;Blessé hospitalisé
202100041023;128 289;2;0;2;3;1;1;169 583;1;1;1;1;2005.0;5;2;7;5;2021;18;1;67;67529;2;3;1;3;48,7178110000;7,7977960000;3;2;2;0;1;1;1;9;1;50;4;Indemne
202100041023;128 290;1;0;2;5;19;5;169 584;1;1;4;1;2013.0;5;0;7;5;2021;18;1;67;67529;2;3;1;3;48,7178110000;7,7977960000;3;2;2;0;1;1;1;9;1;50;4;Blessé léger
202100041025;128 286;7;0;2;5;17;1;169 576;1;1;1;1;1967.0;0;8;26;4;2021;14;1;57;57550;1;1;1;3;49,1505981173;6,6671778701;3;2;2;0;4;3;1;0;1;80;0;Indemne
202100041025;128 287;1;0;2;8;0;0;169 577;1;1;4;1;1935.0;5;2;26;4;2021;14;1;57;57550;1;1;1;3;49,1505981173;6,6671778701;3;2;2;0;4;3;1;0;1;80;0;Blessé léger
202100041055;128 224;10;0;9;1;1;1;169 490;1;1;1;1;1982.0;4;1;3;5;2021;16;1;69;69386;2;2;1;3;45,7658200000;4,8455900000;4;2;3;1;1;1;1;9;1;50;0;Indemne
202100041055;128 225;1;0;2;7;19;5;169 491;1;1;4;2;2003.0;2;8;3;5;2021;16;1;69;69386;2;2;1;3;45,7658200000;4,8455900000;4;2;3;1;1;1;1;9;1;50;0;Blessé léger
202100041060;128 213;7;0;2;7;15;1;169 477;1;1;1;2;1958.0;1;1;5;5;2021;19;3;971;97113;1;3;1;3;16,2085700000; -61,4420300000;2;2;2;0;2;1;1;0;1;70;2;Indemne
202100041060;128 214;1;0;2;1;0;5;169 478;2;1;3;1;1981.0;0;8;5;5;2021;19;3;971;97113;1;3;1;3;16,2085700000; -61,4420300000;2;2;2;0;2;1;1;0;1;70;2;Blessé hospitalisé
202100041078;128 183;1;0;2;8;15;5;169 435;1;1;2;1;1979.0;4;8;6;5;2021;20;1;76;76681;2;3;1;3;49,4157800000;1,0947500000;4;2;2;0;1;1;2;0;1;30;3;Tué
202100041078;128 184;7;0;9;2;21;1;169 436;2;2;1;1;1999.0;1;8;6;5;2021;20;1;76;76681;2;3;1;3;49,4157800000;1,0947500000;4;2;2;0;1;1;2;0;1;30;3;Indemne
202100041078;128 184;7;0;9;2;21;1;169 437;1;1;1;1;1999.0;1;8;6;5;2021;20;1;76;76681;2;3;1;3;49,4157800000;1,0947500000;4;2;2;0;1;1;2;0;1;30;3;Indemne
202100041083;128 176;1;0;2;1;1;5;169 422;1;1;4;1;2004.0;0;2;4;5;2021;18;1;66;66136;2;3;1;3;42,7210400000;2,8843000000;4;2;2;0;2;2;1;0;1;50;1;Blessé léger
202100041083;128 177;7;0;2;1;16;1;169 423;1;1;1;2;1973.0;0;1;4;5;2021;18;1;66;66136;2;3;1;3;42,7210400000;2,8843000000;4;2;2;0;2;2;1;0;1;50;1;Indemne
202100041097;128 151;7;0;2;2;22;1;169 385;1;1;1;2;1976.0;1;1;6;5;2021;07;1;51;51454;2;1;1;6;49,2503600000;4,0393500000;4;2;3;1;1;1;1;9;5;50;3;Indemne
202100041097;128 152;1;0;9;1;1;5;169 386;1;1;4;1;1964.0;0;2;6;5;2021;07;1;51;51454;2;1;1;6;49,2503600000;4,0393500000;4;2;3;1;1;1;1;9;5;50;3;Blessé léger
202100041106;128 137;1;0;2;1;21;5;169 365;1;1;4;1;1976.0;5;2;20;4;2021;17;1;42;42044;2;1;1;1;45,3966800000;4,3244900000;4;2;2;0;1;1;1;0;1;50;1;Blessé léger
202100041106;128 138;7;0;9;2;17;1;169 366;1;1;1;1;2002.0;5;1;20;4;2021;17;1;42;42044;2;1;1;1;45,3966800000;4,3244900000;4;2;2;0;1;1;1;0;1;50;1;Indemne
202100041114;128 121;10;0;2;3;26;1;169 347;1;1;4;1;1985.0;4;1;30;4;2021;19;1;29;29019;2;1;1;3;48,3790897328; -4,4859745176;4;1;1;0;1;1;1;0;1;50;4;Blessé léger
202100041114;128 122;1;0;2;1;1;5;169 348;1;1;1;1;1961.0;5;2;30;4;2021;19;1;29;29019;2;1;1;3;48,3790897328; -4,4859745176;4;1;1;0;1;1;1;0;1;50;4;Indemne
202100041115;128 119;7;0;2;8;9;1;169 345;1;1;1;1;1993.0;1;1;4;5;2021;06;2;29;29019;2;6;2;2;48,3826968393; -4,4921513647;4;1;1;0;1;1;2;5;1;30;1;Indemne
202100041115;128 120;1;0;2;7;1;5;169 346;1;1;4;1;2000.0;1;2;4;5;2021;06;2;29;29019;2;6;2;2;48,3826968393; -4,4921513647;4;1;1;0;1;1;2;5;1;30;1;Blessé léger
202100041132;128 084;1;0;2;1;19;5;169 297;1;1;3;1;1983.0;4;8;30;4;2021;12;1;01;01053;2;2;2;3;46,2047225805;5,2274948816;4;1;1;0;1;1;2;0;1;30;4;Blessé hospitalisé
202100041132;128 085;7;0;2;8;1;1;169 298;1;1;1;1;1983.0;1;1;30;4;2021;12;1;01;01053;2;2;2;3;46,2047225805;5,2274948816;4;1;1;0;1;1;2;0;1;30;4;Indemne
202100041138;128 073;1;0;2;7;19;5;169 283;1;1;4;1;2004.0;5;8;6;5;2021;20;5;75;75116;2;2;2;3;48,8725270000;2,2644360000;4;2;3;3;1;1;2;0;6;50;3;Blessé léger
202100041138;128 074;7;0;2;1;1;1;169 284;1;1;1;1;2002.0;5;1;6;5;2021;20;5;75;75116;2;2;2;3;48,8725270000;2,2644360000;4;2;3;3;1;1;2;0;6;50;3;Indemne
202100041138;128 074;7;0;2;1;1;1;169 285;2;2;1;1;2002.0;5;1;6;5;2021;20;5;75;75116;2;2;2;3;48,8725270000;2,2644360000;4;2;3;3;1;1;2;0;6;50;3;Indemne
202100041145;128 059;1;0;2;1;18;5;169 267;1;1;4;1;1989.0;4;8;6;5;2021;10;1;75;75112;2;1;2;3;48,8513280000;2,3723060000;4;1;1;0;1;1;2;0;1;30;3;Blessé léger
202100041145;128 060;7;0;2;5;22;1;169 268;1;1;1;1;1977.0;4;1;6;5;2021;10;1;75;75112;2;1;2;3;48,8513280000;2,3723060000;4;1;1;0;1;1;2;0;1;30;3;Indemne
202100041145;128 060;7;0;2;5;22;1;169 269;3;2;1;1;2002.0;9;1;6;5;2021;10;1;75;75112;2;1;2;3;48,8513280000;2,3723060000;4;1;1;0;1;1;2;0;1;30;3;Indemne
202100041147;128 054;7;0;2;2;1;1;169 262;1;1;1;1;1969.0;9;1;6;5;2021;13;1;75;75108;2;2;2;3;48,8732340000;2,3179260000;4;1;1;0;1;1;2;0;1;30;3;Indemne
202100041147;128 055;1;0;2;8;1;5;169 263;1;1;4;1;1986.0;4;2;6;5;2021;13;1;75;75108;2;2;2;3;48,8732340000;2,3179260000;4;1;1;0;1;1;2;0;1;30;3;Blessé léger
202100041160;128 028;80;12;0;1;19;3;169 230;1;1;4;1;1974.0;3;8;6;5;2021;19;1;92;92046;2;1;2;7;48,8208568776;2,3102134466;4;2;1;0;1;1;2;0;1;50;3;Blessé léger
202100041161;128 026;1;0;2;1;1;5;169 228;1;1;4;2;1956.0;1;2;6;5;2021;18;1;92;92046;2;1;8;1;48,8232970000;2,2998140000;3;2;2;1;1;1;2;0;1;50;3;Blessé léger
202100041161;128 027;1;0;2;1;26;5;169 229;1;1;1;1;1993.0;1;8;6;5;2021;18;1;92;92046;2;1;8;1;48,8232970000;2,2998140000;3;2;2;1;1;1;2;0;1;50;3;Indemne
202100041162;128 025;1;0;0;0;16;5;169 227;1;1;4;2;1982.0;0;2;6;5;2021;08;1;92;92073;2;1;2;7;48,8749340569;2,2198873758;3;2;2;0;2;2;2;0;1;50;3;Blessé léger
202100041172;128 004;7;0;2;8;1;1;169 200;1;1;1;1;1990.0;4;1;7;5;2021;16;1;95;95487;2;1;1;3;49,1534900000;2,2712170000;3;2;2;0;1;1;1;0;1;50;4;Indemne
202100041172;128 005;1;1;0;2;1;5;169 201;1;1;4;1;1941.0;5;2;7;5;2021;16;1;95;95487;2;1;1;3;49,1534900000;2,2712170000;3;2;2;0;1;1;1;0;1;50;4;Blessé léger
202100041173;128 002;1;0;9;1;15;5;169 198;1;1;1;1;1967.0;5;0;6;5;2021;14;1;06;06161;2;1;1;1;43,6401790000;7,1402440000;3;2;2;1;1;1;1;0;5;15;3;Indemne
202100041173;128 003;1;0;9;1;1;5;169 199;1;1;4;2;1970.0;5;2;6;5;2021;14;1;06;06161;2;1;1;1;43,6401790000;7,1402440000;3;2;2;1;1;1;1;0;5;15;3;Blessé léger
202100041198;127 961;1;0;2;1;26;5;169 142;1;1;4;2;1980.0;5;2;7;5;2021;08;1;60;60029;1;6;1;3;49,3635460000;1,9729040000;3;2;2;0;1;1;1;0;1;50;4;Blessé léger
202100041198;127 962;7;0;2;3;9;1;169 143;1;1;1;2;1969.0;1;1;7;5;2021;08;1;60;60029;1;6;1;3;49,3635460000;1,9729040000;3;2;2;0;1;1;1;0;1;50;4;Indemne
202100041210;127 943;1;0;2;8;1;5;169 121;1;1;4;1;1966.0;5;2;7;5;2021;19;1;57;57160;2;2;1;1;49,2147900000;6,6940320000;3;2;2;0;1;1;1;0;1;50;4;Blessé léger
202100041210;127 944;7;0;9;1;19;1;169 122;1;1;1;1;1951.0;5;1;7;5;2021;19;1;57;57160;2;2;1;1;49,2147900000;6,6940320000;3;2;2;0;1;1;1;0;1;50;4;Indemne
202100041241;127 883;7;0;2;7;17;1;169 052;1;1;1;1;1969.0;5;1;4;5;2021;21;5;60;60665;2;3;1;3;49,4140000000;2,8000000000;3;2;2;0;1;1;1;0;1;50;1;Indemne
202100041241;127 884;1;0;0;8;13;5;169 053;1;1;3;1;1991.0;5;8;4;5;2021;21;5;60;60665;2;3;1;3;49,4140000000;2,8000000000;3;2;2;0;1;1;1;0;1;50;1;Blessé hospitalisé
202100041244;127 878;30;0;2;1;1;1;169 044;1;1;3;1;1997.0;1;2;5;5;2021;18;3;974;97416;1;3;1;1; -21,3152500000;55,4929600000;4;2;2;3;2;2;1;0;1;30;2;Blessé hospitalisé
202100041244;127 879;1;0;2;1;1;5;169 045;1;1;3;1;2006.0;0;8;5;5;2021;18;3;974;97416;1;3;1;1; -21,3152500000;55,4929600000;4;2;2;3;2;2;1;0;1;30;2;Blessé hospitalisé
202100041249;127 869;7;0;2;3;15;2;169 033;1;1;1;2;1966.0;0;1;5;5;2021;07;1;69;69387;2;2;2;3;45,7417200000;4,8528300000;4;2;4;3;1;1;2;0;6;50;2;Indemne
202100041249;127 870;1;0;2;1;1;5;169 034;1;1;4;1;2003.0;2;8;5;5;2021;07;1;69;69387;2;2;2;3;45,7417200000;4,8528300000;4;2;4;3;1;1;2;0;6;50;2;Blessé léger
202100041286;127 809;7;0;2;2;1;1;168 957;1;1;1;1;1970.0;1;8;3;5;2021;20;1;34;34172;2;2;1;3;43,6058900000;3,8940900000;4;2;2;0;1;1;1;0;1;50;0;Indemne
202100041286;127 810;1;0;2;8;0;5;168 958;1;1;3;1;1999.0;0;8;3;5;2021;20;1;34;34172;2;2;1;3;43,6058900000;3,8940900000;4;2;2;0;1;1;1;0;1;50;0;Blessé hospitalisé
202100041287;127 807;7;0;2;1;1;1;168 955;1;1;1;1;1997.0;0;1;4;5;2021;17;1;33;33281;2;9;1;3;44,8245600000; -0,6863300000;4;2;2;0;1;3;1;0;5;70;1;Indemne
202100041287;127 808;1;0;2;8;19;5;168 956;1;1;4;1;1999.0;0;2;4;5;2021;17;1;33;33281;2;9;1;3;44,8245600000; -0,6863300000;4;2;2;0;1;3;1;0;5;70;1;Blessé léger
202100041294;127 797;7;0;2;7;16;0;168 942;1;1;1;1;1993.0;0;1;5;5;2021;08;1;25;25056;2;1;1;3;47,2300000000;6,0100000000;4;3;1;2;1;1;2;0;5;50;2;Indemne
202100041294;127 798;1;0;2;3;1;5;168 943;1;1;4;2;1982.0;0;2;5;5;2021;08;1;25;25056;2;1;1;3;47,2300000000;6,0100000000;4;3;1;2;1;1;2;0;5;50;2;Blessé léger
202100041319;127 751;7;0;2;1;2;1;168 879;1;1;1;1;1961.0;1;1;5;5;2021;07;1;75;75113;2;4;1;2;48,8399790000;2,3617640000;4;2;1;0;2;1;1;0;1;50;2;Indemne
202100041319;127 752;1;0;2;4;2;5;168 880;1;1;4;1;1969.0;1;8;5;5;2021;07;1;75;75113;2;4;1;2;48,8399790000;2,3617640000;4;2;1;0;2;1;1;0;1;50;2;Blessé léger
202100041324;127 741;80;0;2;7;1;3;168 867;1;1;3;1;2000.0;4;2;4;5;2021;11;1;75;75103;2;2;1;3;48,8618970000;2,3569210000;4;1;1;0;1;1;1;0;1;30;1;Blessé hospitalisé
202100041324;127 742;7;0;2;1;1;1;168 868;1;1;1;1;1961.0;5;1;4;5;2021;11;1;75;75103;2;2;1;3;48,8618970000;2,3569210000;4;1;1;0;1;1;1;0;1;30;1;Indemne
202100041326;127 737;1;0;2;1;5;5;168 861;1;1;4;1;1961.0;9;2;2;5;2021;10;1;94;94068;2;3;1;1;48,8094200000;2,5106000000;4;1;1;0;2;1;1;0;1;20;6;Blessé léger
202100041326;127 738;7;0;2;1;15;1;168 862;1;1;1;1;1992.0;3;1;2;5;2021;10;1;94;94068;2;3;1;1;48,8094200000;2,5106000000;4;1;1;0;2;1;1;0;1;20;6;Indemne
202100041326;127 738;7;0;2;1;15;1;168 863;3;2;1;1;2020.0;3;3;2;5;2021;10;1;94;94068;2;3;1;1;48,8094200000;2,5106000000;4;1;1;0;2;1;1;0;1;20;6;Indemne
202100041326;127 738;7;0;2;1;15;1;168 864;4;2;1;2;2018.0;3;3;2;5;2021;10;1;94;94068;2;3;1;1;48,8094200000;2,5106000000;4;1;1;0;2;1;1;0;1;20;6;Indemne
202100041331;127 727;1;0;1;1;1;5;168 850;2;1;4;1;1988.0;1;2;5;5;2021;09;1;93;93055;2;1;1;6;48,8923360000;2,4235700000;3;2;2;0;2;1;1;0;1;50;2;Blessé léger
202100041331;127 727;1;0;1;1;1;5;168 851;10;3;4;2;1954.0;0;0;5;5;2021;09;1;93;93055;2;1;1;6;48,8923360000;2,4235700000;3;2;2;0;2;1;1;0;1;50;2;Blessé léger
202100041337;127 719;1;0;1;1;1;5;168 839;10;3;4;2;1931.0;5;0;5;5;2021;13;1;92;92035;2;1;1;6;48,9044819710;2,2360423207;4;2;2;2;1;1;1;0;1;50;2;Blessé léger
202100041337;127 719;1;0;1;1;1;5;168 840;1;1;1;1;1980.0;4;2;5;5;2021;13;1;92;92035;2;1;1;6;48,9044819710;2,2360423207;4;2;2;2;1;1;1;0;1;50;2;Indemne
202100041351;127 696;1;14;9;1;1;5;168 808;1;1;3;1;1951.0;5;2;5;5;2021;09;1;51;51052;1;1;2;7;49,2737160000;4,1590550000;3;2;2;0;2;1;2;0;1;80;2;Blessé hospitalisé
202100041358;127 682;7;0;2;2;19;1;168 791;1;1;1;1;1962.0;5;1;27;4;2021;10;1;44;44158;1;2;1;3;47,2319400000; -1,7869520000;9;2;2;0;1;1;1;0;1;80;1;Indemne
202100041358;127 683;1;0;2;1;1;5;168 792;1;1;3;1;1953.0;5;2;27;4;2021;10;1;44;44158;1;2;1;3;47,2319400000; -1,7869520000;9;2;2;0;1;1;1;0;1;80;1;Blessé hospitalisé
202100041410;127 582;1;0;2;0;18;5;168 659;1;1;4;1;1968.0;9;2;4;5;2021;19;1;75;75108;2;2;1;3;48,8677470000;2,3139770000;4;2;6;0;1;1;1;0;1;50;1;Blessé léger
202100041410;127 583;7;0;2;2;14;1;168 660;1;1;1;1;1978.0;9;1;4;5;2021;19;1;75;75108;2;2;1;3;48,8677470000;2,3139770000;4;2;6;0;1;1;1;0;1;50;1;Indemne
202100041413;127 577;80;14;0;2;12;3;168 654;1;1;4;2;1976.0;1;2;4;5;2021;13;1;75;75101;2;1;1;6;48,8630320000;2,3344910000;4;2;3;1;1;1;1;9;5;50;1;Blessé léger
202100041423;127 561;33;0;2;2;21;1;168 635;1;1;4;2;1970.0;1;2;3;5;2021;13;1;92;92046;2;6;1;3;48,8159600000;2,2953300000;3;1;1;0;1;2;1;5;1;50;0;Blessé léger
202100041423;127 562;1;0;2;3;9;5;168 636;1;1;4;1;1971.0;0;8;3;5;2021;13;1;92;92046;2;6;1;3;48,8159600000;2,2953300000;3;1;1;0;1;2;1;5;1;50;0;Blessé léger
202100041459;127 499;1;0;2;7;19;5;168 560;1;1;4;2;1990.0;5;2;4;5;2021;12;1;52;52058;1;2;2;3;48,2042730000;5,1488170000;3;2;2;0;1;1;2;0;1;70;1;Blessé léger
202100041459;127 500;7;0;2;1;1;1;168 561;1;1;1;1;1964.0;9;1;4;5;2021;12;1;52;52058;1;2;2;3;48,2042730000;5,1488170000;3;2;2;0;1;1;2;0;1;70;1;Indemne
202100041497;127 432;1;12;0;1;16;5;168 479;1;1;3;1;1950.0;5;8;3;5;2021;08;1;69;69386;2;1;1;7;45,7637308357;4,8651060462;4;3;4;3;1;1;1;0;6;50;0;Blessé hospitalisé
202100041498;127 430;7;0;9;1;16;1;168 477;1;1;1;1;1962.0;5;1;3;5;2021;08;1;69;69276;2;2;1;3;45,6681000000;4,8529900000;4;1;1;1;1;1;1;0;1;30;0;Indemne
202100041498;127 431;1;0;2;1;2;6;168 478;1;1;4;1;1963.0;1;2;3;5;2021;08;1;69;69276;2;2;1;3;45,6681000000;4,8529900000;4;1;1;1;1;1;1;0;1;30;0;Blessé léger
202100041507;127 418;80;0;1;1;1;3;168 457;1;1;1;1;1986.0;5;2;30;4;2021;16;1;87;87085;2;1;1;6;45,8401900000;1,2586100000;4;2;2;0;2;1;1;0;4;50;4;Indemne
202100041507;127 418;80;0;1;1;1;3;168 458;10;3;4;2;2001.0;5;0;30;4;2021;16;1;87;87085;2;1;1;6;45,8401900000;1,2586100000;4;2;2;0;2;1;1;0;4;50;4;Blessé léger
202100041516;127 402;10;0;2;3;13;1;168 439;1;1;1;1;1961.0;5;8;3;5;2021;19;1;71;71153;2;1;1;3;46,8008000000;4,4116000000;3;2;2;0;1;2;1;0;1;50;0;Indemne
202100041516;127 403;1;0;2;1;1;5;168 440;1;1;3;1;1994.0;5;2;3;5;2021;19;1;71;71153;2;1;1;3;46,8008000000;4,4116000000;3;2;2;0;1;2;1;0;1;50;0;Blessé hospitalisé
202100041539;127 356;1;0;0;4;2;5;168 381;1;1;4;1;1970.0;0;8;3;5;2021;07;2;28;28085;2;1;7;2;48,4502700000;1,5093800000;4;2;3;0;2;1;1;0;1;70;0;Blessé léger
202100041539;127 357;7;0;9;2;2;1;168 382;1;1;1;1;1996.0;1;8;3;5;2021;07;2;28;28085;2;1;7;2;48,4502700000;1,5093800000;4;2;3;0;2;1;1;0;1;70;0;Indemne
202100041559;127 318;1;0;2;1;1;5;168 327;1;1;4;2;1968.0;1;2;3;5;2021;09;1;75;75108;2;7;1;1;48,8649210000;2,3103220000;4;2;2;1;1;1;1;0;5;30;0;Blessé léger
202100041559;127 319;1;0;2;1;17;5;168 328;1;1;1;1;1970.0;9;2;3;5;2021;09;1;75;75108;2;7;1;1;48,8649210000;2,3103220000;4;2;2;1;1;1;1;0;5;30;0;Indemne
202100041561;127 316;1;14;0;7;13;5;168 324;1;1;4;1;1968.0;5;8;2;5;2021;10;1;75;75101;2;2;7;6;48,8637300000;2,3322340000;4;2;5;1;1;1;1;0;5;50;6;Blessé léger
202100041564;127 308;1;8;2;3;1;5;168 314;1;1;4;2;1992.0;1;2;3;5;2021;16;1;94;94016;2;1;1;6;48,7849800000;2,3285300000;3;2;2;1;1;1;1;0;5;50;0;Blessé léger
202100041564;127 309;7;0;2;4;20;1;168 315;1;1;1;2;2000.0;5;1;3;5;2021;16;1;94;94016;2;1;1;6;48,7849800000;2,3285300000;3;2;2;1;1;1;1;0;5;50;0;Indemne
202100041585;127 270;1;0;0;0;1;5;168 268;1;1;4;1;1989.0;5;6;3;5;2021;10;1;62;62030;2;1;1;7;50,1390090000;2,3950360000;4;2;2;0;1;1;1;0;1;50;0;Blessé léger
202100041589;127 263;10;0;9;1;1;0;168 261;1;1;1;2;1994.0;4;8;3;5;2021;16;1;89;89096;2;2;1;3;47,8989880000;3,5618450000;3;2;2;0;1;1;1;0;1;50;0;Indemne
202100041589;127 264;1;0;2;1;1;5;168 262;1;1;4;2;1952.0;5;2;3;5;2021;16;1;89;89096;2;2;1;3;47,8989880000;3,5618450000;3;2;2;0;1;1;1;0;1;50;0;Blessé léger
202100041590;127 262;1;8;0;1;1;5;168 260;1;1;3;2;2000.0;3;0;3;5;2021;15;1;61;61214;2;1;1;6;48,7560370000;0,6269770000;4;2;2;0;2;3;1;9;4;50;0;Blessé hospitalisé
202100041591;127 260;7;0;2;1;11;1;168 258;1;1;1;1;1957.0;1;1;3;5;2021;08;2;42;42097;2;2;1;1;45,4982520000;4,3174660000;7;2;2;0;2;1;1;5;1;70;0;Indemne
202100041591;127 261;1;0;2;1;1;5;168 259;1;1;3;1;1944.0;5;2;3;5;2021;08;2;42;42097;2;2;1;1;45,4982520000;4,3174660000;7;2;2;0;2;1;1;5;1;70;0;Blessé hospitalisé
202100041610;127 227;7;0;2;6;0;3;168 209;1;1;1;1;1953.0;0;8;1;5;2021;11;1;84;84054;2;6;3;3;43,9266290000;5,0631740000;3;3;2;1;1;1;2;0;1;50;5;Indemne
202100041610;127 228;1;0;2;1;0;0;168 210;1;1;3;2;1943.0;0;0;1;5;2021;11;1;84;84054;2;6;3;3;43,9266290000;5,0631740000;3;3;2;1;1;1;2;0;1;50;5;Blessé hospitalisé
202100041615;127 217;7;0;2;3;9;1;168 199;1;1;1;2;1968.0;1;1;26;3;2021;13;1;73;73261;2;6;1;3;45,2199380000;6,4647840000;3;1;1;0;1;2;1;5;1;50;4;Indemne
202100041615;127 218;1;0;2;1;1;5;168 200;1;1;3;1;1969.0;5;2;26;3;2021;13;1;73;73261;2;6;1;3;45,2199380000;6,4647840000;3;1;1;0;1;2;1;5;1;50;4;Blessé hospitalisé
202100041680;127 105;50;0;2;1;1;3;168 046;1;1;3;1;1968.0;1;8;30;4;2021;21;5;75;75110;2;2;1;3;48,8793250000;2,3570960000;4;2;3;3;1;1;1;0;1;50;4;Blessé hospitalisé
202100041680;127 106;80;0;2;8;1;3;168 047;1;1;4;1;1986.0;1;8;30;4;2021;21;5;75;75110;2;2;1;3;48,8793250000;2,3570960000;4;2;3;3;1;1;1;0;1;50;4;Blessé léger
202100041680;127 106;80;0;2;8;1;3;168 048;2;2;1;2;1994.0;1;8;30;4;2021;21;5;75;75110;2;2;1;3;48,8793250000;2,3570960000;4;2;3;3;1;1;1;0;1;50;4;Indemne
202100041683;127 099;1;0;2;7;1;5;168 039;1;1;4;1;1958.0;9;2;2;5;2021;11;1;75;75116;2;1;1;3;48,8604010000;2,2298640000;4;2;2;1;1;1;1;0;5;30;6;Blessé léger
202100041683;127 100;7;0;2;8;9;1;168 040;1;1;1;1;1985.0;9;1;2;5;2021;11;1;75;75116;2;1;1;3;48,8604010000;2,2298640000;4;2;2;1;1;1;1;0;5;30;6;Indemne
202100041695;127 080;1;1;0;1;1;5;168 011;10;3;4;2;1954.0;5;0;2;5;2021;18;1;94;94018;2;1;1;6;48,8291700000;2,4034550000;4;2;2;0;1;1;2;0;1;30;6;Blessé léger
202100041695;127 080;1;1;0;1;1;5;168 012;1;1;1;1;1986.0;5;2;2;5;2021;18;1;94;94018;2;1;1;6;48,8291700000;2,4034550000;4;2;2;0;1;1;2;0;1;30;6;Indemne
202100041714;127 046;1;0;0;8;19;5;167 966;1;1;4;1;2008.0;5;0;30;4;2021;15;1;72;72051;2;1;1;3;47,8237740000;0,0862810000;9;2;2;0;1;1;1;0;1;50;4;Blessé léger
202100041714;127 047;33;0;2;1;1;1;167 967;1;1;3;1;1979.0;5;2;30;4;2021;15;1;72;72051;2;1;1;3;47,8237740000;0,0862810000;9;2;2;0;1;1;1;0;1;50;4;Blessé hospitalisé
202100041716;127 043;37;0;2;2;9;1;167 963;1;1;1;1;1962.0;4;1;3;5;2021;08;1;14;14020;2;6;7;3;49,1210890000; -0,1741440000;3;2;2;0;1;2;1;5;1;50;0;Indemne
202100041716;127 044;1;0;2;3;25;5;167 964;1;1;4;1;2007.0;2;0;3;5;2021;08;1;14;14020;2;6;7;3;49,1210890000; -0,1741440000;3;2;2;0;1;2;1;5;1;50;0;Blessé léger
202100041732;127 016;7;0;2;2;9;1;167 924;1;1;1;1;1949.0;5;1;2;5;2021;10;1;95;95355;2;6;1;3;49,1469234618;1,7879419768;3;2;2;0;1;1;1;0;1;50;6;Indemne
202100041732;127 017;1;0;2;8;1;5;167 925;1;1;4;1;1980.0;5;0;2;5;2021;10;1;95;95355;2;6;1;3;49,1469234618;1,7879419768;3;2;2;0;1;1;1;0;1;50;6;Blessé léger
202100041767;126 953;1;0;2;0;19;5;167 839;1;1;4;1;2011.0;0;8;15;4;2021;18;1;91;91345;2;1;1;3;48,6910000000;2,2895500000;3;2;0;0;2;1;1;6;6;50;3;Blessé léger
202100041767;126 954;7;0;2;3;1;1;167 840;1;1;1;1;1982.0;0;1;15;4;2021;18;1;91;91345;2;1;1;3;48,6910000000;2,2895500000;3;2;0;0;2;1;1;6;6;50;3;Indemne
202100041790;126 909;1;0;2;4;1;5;167 780;1;1;4;1;1939.0;3;8;30;4;2021;17;1;65;65440;2;1;2;2;43,2302760000;0,0878420000;3;3;4;0;1;1;2;0;1;50;4;Blessé léger
202100041790;126 910;7;0;2;1;1;1;167 781;1;1;1;1;1936.0;3;1;30;4;2021;17;1;65;65440;2;1;2;2;43,2302760000;0,0878420000;3;3;4;0;1;1;2;0;1;50;4;Indemne
202100041794;126 901;1;0;2;4;13;5;167 766;1;1;2;1;1973.0;5;2;30;4;2021;17;1;59;59317;1;1;1;2;50,6887500000;2,9306600000;4;2;2;0;1;4;1;0;1;50;4;Tué