Num_Acc;id_vehicule;catv;obs;obsm;choc;manv;motor;id_usager;place;catu;grav;sexe;an_nais;trajet;secu1;jour;mois;an;hrmn;lum;dep;com;agg;int;atm;col;lat;long;catr;circ;nbv;vosp;prof;plan;surf;infra;situ;vma;day_of_week;gravity
202100041794;126 902;7;8;2;1;2;1;167 767;1;1;4;2;1945.0;3;1;30;4;2021;17;1;59;59317;1;1;1;2;50,6887500000;2,9306600000;4;2;2;0;1;4;1;0;1;50;4;Blessé léger
202100041798;126 895;1;0;2;7;26;5;167 759;1;1;3;1;2001.0;5;2;1;5;2021;14;1;35;35278;2;6;1;3;48,1375700000; -1,6862600000;4;1;3;0;1;2;1;5;1;50;5;Blessé hospitalisé
202100041798;126 896;7;0;2;3;9;1;167 760;1;1;1;1;1996.0;3;1;1;5;2021;14;1;35;35278;2;6;1;3;48,1375700000; -1,6862600000;4;1;3;0;1;2;1;5;1;50;5;Indemne
202100041810;126 874;1;0;2;2;1;5;167 733;1;1;4;2;1997.0;5;2;1;5;2021;14;1;75;75118;2;3;8;3;48,8861150000;2,3594790000;4;3;3;1;1;1;1;0;5;50;5;Blessé léger
202100041810;126 875;7;0;2;3;10;1;167 734;1;1;1;2;1987.0;5;1;1;5;2021;14;1;75;75118;2;3;8;3;48,8861150000;2,3594790000;4;3;3;1;1;1;1;0;5;50;5;Indemne
202100041811;126 872;10;0;2;3;1;1;167 731;1;1;1;1;1972.0;9;1;1;5;2021;09;1;75;75118;2;2;8;3;48,8912130000;2,3436410000;4;1;2;0;2;1;1;0;1;30;5;Indemne
202100041811;126 873;1;0;2;1;1;5;167 732;1;1;4;1;2000.0;5;8;1;5;2021;09;1;75;75118;2;2;8;3;48,8912130000;2,3436410000;4;1;2;0;2;1;1;0;1;30;5;Blessé léger
202100041817;126 862;1;1;0;8;14;5;167 719;1;1;4;1;1994.0;9;2;1;5;2021;01;5;75;75111;2;1;1;6;48,8605330000;2,3793690000;4;1;1;0;2;1;1;0;1;50;5;Blessé léger
202100041818;126 861;1;0;0;0;1;5;167 716;10;3;4;2;2020.0;5;0;1;5;2021;17;1;75;75110;2;1;2;6;48,8728160000;2,3561890000;4;1;3;1;1;1;2;0;5;50;5;Blessé léger
202100041818;126 861;1;0;0;0;1;5;167 717;10;3;1;2;1994.0;5;0;1;5;2021;17;1;75;75110;2;1;2;6;48,8728160000;2,3561890000;4;1;3;1;1;1;2;0;5;50;5;Indemne
202100041818;126 861;1;0;0;0;1;5;167 718;1;1;1;1;1986.0;5;2;1;5;2021;17;1;75;75110;2;1;2;6;48,8728160000;2,3561890000;4;1;3;1;1;1;2;0;5;50;5;Indemne
202100041855;126 810;1;0;0;1;25;5;167 641;1;1;4;2;1962.0;1;0;30;4;2021;12;1;67;67112;2;1;2;3;48,5223020000;7,5685690000;3;2;2;0;1;1;2;0;4;50;4;Blessé léger
202100041855;126 811;7;0;0;2;26;1;167 642;1;1;1;1;1971.0;1;1;30;4;2021;12;1;67;67112;2;1;2;3;48,5223020000;7,5685690000;3;2;2;0;1;1;2;0;4;50;4;Indemne
202100041873;126 776;1;0;0;8;1;5;167 599;1;1;4;1;1963.0;1;2;30;4;2021;16;1;69;69385;2;1;8;7;45,7519837471;4,8170596361;4;2;4;0;2;2;2;0;1;50;4;Blessé léger
202100041880;126 764;1;0;2;1;25;5;167 583;1;1;4;2;1978.0;1;8;30;4;2021;12;1;86;86194;2;3;1;6;46,5826170000;0,3405470000;4;1;2;0;1;1;1;0;1;50;4;Blessé léger
202100041880;126 765;7;0;2;8;1;1;167 584;1;1;1;2;1975.0;1;1;30;4;2021;12;1;86;86194;2;3;1;6;46,5826170000;0,3405470000;4;1;2;0;1;1;1;0;1;50;4;Indemne
202100041902;126 719;1;0;2;1;9;5;167 528;1;1;4;2;1962.0;3;8;3;4;2021;10;1;36;36044;2;6;1;3;46,8101000000;1,6877300000;4;2;2;0;1;1;1;0;1;50;5;Blessé léger
202100041902;126 720;7;0;2;2;9;2;167 529;1;1;1;1;1942.0;3;1;3;4;2021;10;1;36;36044;2;6;1;3;46,8101000000;1,6877300000;4;2;2;0;1;1;1;0;1;50;5;Indemne
202100041910;126 704;7;0;2;2;26;1;167 512;1;1;1;1;1995.0;1;1;28;4;2021;08;1;21;21231;2;9;1;3;47,3074055800;5,0247920256;7;3;2;0;1;1;1;0;4;50;2;Indemne
202100041910;126 705;80;0;2;1;25;3;167 513;1;1;3;2;1968.0;1;8;28;4;2021;08;1;21;21231;2;9;1;3;47,3074055800;5,0247920256;7;3;2;0;1;1;1;0;4;50;2;Blessé hospitalisé
202100041925;126 678;1;0;2;4;1;5;167 483;1;1;4;1;1953.0;5;2;30;4;2021;09;1;75;75118;2;4;1;3;48,8845050000;2,3642120000;4;1;3;1;1;3;1;0;5;50;4;Blessé léger
202100041925;126 679;10;0;2;3;16;1;167 484;1;1;1;1;1985.0;1;1;30;4;2021;09;1;75;75118;2;4;1;3;48,8845050000;2,3642120000;4;1;3;1;1;3;1;0;5;50;4;Indemne
202100041927;126 674;2;0;2;7;9;1;167 479;1;1;1;1;1990.0;4;2;30;4;2021;11;1;75;75115;2;1;1;3;48,8464790000;2,2973780000;4;1;1;1;1;1;1;0;5;50;4;Indemne
202100041927;126 675;1;0;2;1;1;5;167 480;1;1;4;2;1990.0;5;2;30;4;2021;11;1;75;75115;2;1;1;3;48,8464790000;2,2973780000;4;1;1;1;1;1;1;0;5;50;4;Blessé léger
202100041928;126 673;1;0;1;1;25;5;167 477;1;1;4;1;1998.0;9;8;30;4;2021;15;1;75;75114;2;3;1;6;48,8244710000;2,3383490000;4;2;2;0;2;1;1;0;4;50;4;Blessé léger
202100041928;126 673;1;0;1;1;25;5;167 478;10;3;4;2;1944.0;5;0;30;4;2021;15;1;75;75114;2;3;1;6;48,8244710000;2,3383490000;4;2;2;0;2;1;1;0;4;50;4;Blessé léger
202100041929;126 671;1;0;2;8;1;5;167 475;1;1;4;1;1981.0;9;2;30;4;2021;16;1;75;75112;2;1;1;3;48,8459690000;2,4007860000;4;2;2;1;1;1;1;0;5;50;4;Blessé léger
202100041929;126 672;7;0;2;2;16;1;167 476;1;1;1;1;1987.0;5;1;30;4;2021;16;1;75;75112;2;1;1;3;48,8459690000;2,4007860000;4;2;2;1;1;1;1;0;5;50;4;Indemne
202100041930;126 669;7;0;2;1;1;1;167 473;1;1;1;2;1977.0;9;1;30;4;2021;09;1;75;75110;2;7;1;3;48,8776320000;2,3703910000;4;1;1;0;1;2;1;0;1;30;4;Indemne
202100041930;126 670;1;0;2;7;16;5;167 474;1;1;4;1;1984.0;9;2;30;4;2021;09;1;75;75110;2;7;1;3;48,8776320000;2,3703910000;4;1;1;0;1;2;1;0;1;30;4;Blessé léger
202100041940;126 654;1;0;1;1;1;0;167 451;10;3;4;1;1990.0;5;0;30;4;2021;19;1;94;94028;2;1;1;6;48,7912000000;2,4695100000;4;2;1;0;1;1;1;0;1;20;4;Blessé léger
202100041940;126 654;1;0;1;1;1;0;167 452;1;1;1;1;1980.0;5;2;30;4;2021;19;1;94;94028;2;1;1;6;48,7912000000;2,4695100000;4;2;1;0;1;1;1;0;1;20;4;Indemne
202100041948;126 639;1;0;2;1;1;0;167 433;1;1;4;1;1999.0;0;8;30;4;2021;18;1;93;93048;2;2;1;3;48,8556608490;2,4395569358;4;2;2;0;1;1;1;0;1;50;4;Blessé léger
202100041948;126 640;7;0;2;8;19;1;167 434;1;1;1;2;1965.0;0;1;30;4;2021;18;1;93;93048;2;2;1;3;48,8556608490;2,4395569358;4;2;2;0;1;1;1;0;1;50;4;Indemne
202100041981;126 582;1;0;2;1;1;5;167 349;1;1;4;1;2007.0;5;2;26;3;2021;18;2;81;81099;2;1;2;2;43,9049450000;1,8942720000;3;2;2;0;1;1;2;0;1;50;4;Blessé léger
202100041981;126 583;7;0;0;4;1;1;167 350;1;1;1;1;1984.0;1;1;26;3;2021;18;2;81;81099;2;1;2;2;43,9049450000;1,8942720000;3;2;2;0;1;1;2;0;1;50;4;Indemne
202100041982;126 580;1;0;2;6;13;5;167 347;1;1;4;2;2013.0;5;0;1;5;2021;11;1;33;33077;2;1;8;2;44,6022560000; -0,5555490000;3;2;2;0;1;1;1;0;1;50;5;Blessé léger
202100041982;126 581;7;0;2;2;1;1;167 348;1;1;1;1;1960.0;5;1;1;5;2021;11;1;33;33077;2;1;8;2;44,6022560000; -0,5555490000;3;2;2;0;1;1;1;0;1;50;5;Indemne
202100042010;126 529;1;0;2;7;26;0;167 287;1;1;4;1;1998.0;9;8;28;4;2021;17;1;79;79191;2;2;1;3;46,3156400000; -0,4813400000;4;2;2;0;1;1;1;0;1;50;2;Blessé léger
202100042010;126 530;7;0;2;1;26;1;167 288;1;1;1;1;1979.0;0;8;28;4;2021;17;1;79;79191;2;2;1;3;46,3156400000; -0,4813400000;4;2;2;0;1;1;1;0;1;50;2;Indemne
202100042015;126 519;1;0;2;7;1;5;167 275;1;1;3;1;1998.0;1;8;28;4;2021;17;1;67;67482;2;8;8;3;48,5611890000;7,7518260000;4;2;2;0;1;1;1;4;1;50;2;Blessé hospitalisé
202100042015;126 520;10;0;2;2;1;1;167 276;1;1;1;1;2001.0;1;1;28;4;2021;17;1;67;67482;2;8;8;3;48,5611890000;7,7518260000;4;2;2;0;1;1;1;4;1;50;2;Indemne
202100042030;126 496;1;0;2;1;1;0;167 233;1;1;4;1;1990.0;1;2;29;4;2021;08;1;44;44109;2;3;1;1;47,2503400000; -1,5768000000;4;2;5;2;2;1;1;0;1;50;3;Blessé léger
202100042030;126 497;7;0;2;2;15;1;167 234;1;1;1;2;1962.0;1;1;29;4;2021;08;1;44;44109;2;3;1;1;47,2503400000; -1,5768000000;4;2;5;2;2;1;1;0;1;50;3;Indemne
202100042032;126 492;7;0;2;3;1;1;167 228;1;1;1;2;1996.0;0;1;28;4;2021;17;1;35;35238;2;1;1;3;48,0881200000; -1,6590200000;4;2;2;0;1;1;1;0;1;20;2;Indemne
202100042032;126 492;7;0;2;3;1;1;167 229;2;2;1;1;1980.0;9;8;28;4;2021;17;1;35;35238;2;1;1;3;48,0881200000; -1,6590200000;4;2;2;0;1;1;1;0;1;20;2;Indemne
202100042032;126 493;1;0;2;1;19;0;167 230;1;1;4;2;2010.0;2;8;28;4;2021;17;1;35;35238;2;1;1;3;48,0881200000; -1,6590200000;4;2;2;0;1;1;1;0;1;20;2;Blessé léger
202100042043;126 473;1;1;0;2;1;5;167 206;1;1;4;2;1943.0;5;8;29;4;2021;13;1;17;17300;2;1;1;3;46,1645400000; -1,1782500000;4;2;4;1;1;1;1;0;1;50;3;Blessé léger
202100042043;126 474;7;0;2;3;22;1;167 207;1;1;1;1;1974.0;4;8;29;4;2021;13;1;17;17300;2;1;1;3;46,1645400000; -1,1782500000;4;2;4;1;1;1;1;0;1;50;3;Indemne
202100042052;126 458;1;0;2;1;19;5;167 190;1;1;4;1;2007.0;5;8;29;4;2021;13;1;75;75119;2;3;1;3;48,8853350000;2,3718210000;4;1;2;1;1;1;1;0;5;30;3;Blessé léger
202100042052;126 459;1;0;2;1;1;5;167 191;1;1;1;1;1983.0;5;8;29;4;2021;13;1;75;75119;2;3;1;3;48,8853350000;2,3718210000;4;1;2;1;1;1;1;0;5;30;3;Indemne
202100042055;126 454;80;0;1;1;5;3;167 184;1;1;1;1;2000.0;5;8;28;4;2021;12;1;75;75116;2;3;1;6;48,8393250000;2,2668610000;4;1;1;0;1;1;1;0;1;50;2;Indemne
202100042055;126 454;80;0;1;1;5;3;167 185;10;3;4;2;1954.0;3;0;28;4;2021;12;1;75;75116;2;3;1;6;48,8393250000;2,2668610000;4;1;1;0;1;1;1;0;1;50;2;Blessé léger
202100042057;126 450;1;0;2;2;1;5;167 180;1;1;4;1;1990.0;1;8;29;4;2021;18;1;75;75111;2;1;1;3;48,8540400000;2,3737650000;4;1;1;2;1;1;1;0;5;50;3;Blessé léger
202100042057;126 451;30;0;2;4;9;1;167 181;1;1;1;1;1992.0;9;2;29;4;2021;18;1;75;75111;2;1;1;3;48,8540400000;2,3737650000;4;1;1;2;1;1;1;0;5;50;3;Indemne
202100042060;126 445;1;0;2;3;1;5;167 175;1;1;4;1;1994.0;4;8;29;4;2021;11;1;75;75107;2;1;1;3;48,8585960000;2,3216660000;4;1;1;0;1;1;1;0;1;50;3;Blessé léger
202100042060;126 446;7;0;2;7;17;1;167 176;1;1;1;1;1963.0;1;1;29;4;2021;11;1;75;75107;2;1;1;3;48,8585960000;2,3216660000;4;1;1;0;1;1;1;0;1;50;3;Indemne
202100042062;126 442;80;0;0;0;1;3;167 172;1;1;4;1;1981.0;1;8;28;4;2021;11;1;75;75102;2;2;1;7;48,8705400000;2,3393710000;4;1;2;3;1;1;1;0;1;50;2;Blessé léger
202100042063;126 440;1;0;2;1;1;5;167 170;1;1;4;1;1989.0;5;2;28;4;2021;16;1;94;94068;2;3;1;3;48,8061700000;2,4697700000;4;2;2;0;1;1;1;0;1;30;2;Blessé léger
202100042063;126 441;7;0;9;3;15;1;167 171;1;1;1;2;1978.0;0;1;28;4;2021;16;1;94;94068;2;3;1;3;48,8061700000;2,4697700000;4;2;2;0;1;1;1;0;1;30;2;Indemne
202100042080;126 408;7;0;2;3;9;2;167 132;1;1;1;1;1961.0;0;1;27;4;2021;09;1;92;92024;2;6;1;3;48,9031299945;2,3132818937;4;1;1;0;1;2;1;0;1;50;1;Indemne
202100042080;126 409;1;0;2;2;16;5;167 133;1;1;4;1;1989.0;0;2;27;4;2021;09;1;92;92024;2;6;1;3;48,9031299945;2,3132818937;4;1;1;0;1;2;1;0;1;50;1;Blessé léger
202100042099;126 378;1;0;2;1;1;5;167 089;1;1;3;1;1941.0;5;0;28;4;2021;15;1;44;44213;2;2;1;2;47,3848500000; -1,0291530000;3;2;2;0;1;1;1;0;1;50;2;Blessé hospitalisé
202100042099;126 379;2;0;2;5;15;1;167 090;1;1;1;1;2003.0;0;2;28;4;2021;15;1;44;44213;2;2;1;2;47,3848500000; -1,0291530000;3;2;2;0;1;1;1;0;1;50;2;Indemne
202100042108;126 363;1;0;2;1;19;0;167 074;1;1;3;1;2007.0;5;0;30;4;2021;12;1;27;27511;2;3;1;3;49,1449660000;0,9953030000;3;2;2;0;1;1;1;0;1;50;4;Blessé hospitalisé
202100042108;126 364;7;12;2;2;1;1;167 075;1;1;1;1;1972.0;4;1;30;4;2021;12;1;27;27511;2;3;1;3;49,1449660000;0,9953030000;3;2;2;0;1;1;1;0;1;50;4;Indemne
202100042109;126 361;1;0;2;8;2;5;167 072;1;1;1;1;1957.0;5;2;29;4;2021;10;1;27;27576;2;1;1;3;49,1649670000;0,8473630000;4;2;2;0;4;2;1;0;1;50;3;Indemne
202100042109;126 362;1;0;2;8;2;5;167 073;1;1;3;1;1951.0;5;2;29;4;2021;10;1;27;27576;2;1;1;3;49,1649670000;0,8473630000;4;2;2;0;4;2;1;0;1;50;3;Blessé hospitalisé
202100042125;126 331;2;0;2;1;10;0;167 036;1;1;1;1;2002.0;0;2;29;4;2021;18;1;89;89289;2;1;1;3;47,9539100000;3,3681130000;3;2;2;0;2;1;1;0;1;50;3;Indemne
202100042125;126 332;1;0;2;1;1;5;167 037;1;1;4;2;1992.0;5;2;29;4;2021;18;1;89;89289;2;1;1;3;47,9539100000;3,3681130000;3;2;2;0;2;1;1;0;1;50;3;Blessé léger
202100042133;126 315;1;0;0;4;9;5;167 013;1;1;3;2;1949.0;5;0;29;4;2021;17;1;44;44047;2;1;1;2;47,2345590000; -1,6724700000;4;2;2;1;1;1;1;0;1;50;3;Blessé hospitalisé
202100042133;126 316;7;0;2;2;1;1;167 014;1;1;1;1;1994.0;1;8;29;4;2021;17;1;44;44047;2;1;1;2;47,2345590000; -1,6724700000;4;2;2;1;1;1;1;0;1;50;3;Indemne
202100042151;126 280;60;0;2;1;0;5;166 975;1;1;4;2;1990.0;1;0;27;4;2021;07;2;974;97411;2;9;3;1; -20,8974500000;55,4757400000;2;2;2;1;1;3;2;9;5;30;1;Blessé léger
202100042151;126 281;1;0;2;1;25;0;166 976;1;1;1;2;2002.0;2;8;27;4;2021;07;2;974;97411;2;9;3;1; -20,8974500000;55,4757400000;2;2;2;1;1;3;2;9;5;30;1;Indemne
202100042170;126 244;1;0;2;1;1;5;166 931;1;1;4;1;1973.0;0;8;27;4;2021;17;1;67;67482;2;3;1;3;48,5809900000;7,7188900000;4;2;2;0;1;1;1;0;1;30;1;Blessé léger
202100042170;126 245;7;0;2;1;16;1;166 932;1;1;1;1;1973.0;2;1;27;4;2021;17;1;67;67482;2;3;1;3;48,5809900000;7,7188900000;4;2;2;0;1;1;1;0;1;30;1;Indemne
202100042173;126 238;1;0;2;4;2;0;166 924;1;1;4;1;2001.0;5;8;28;4;2021;18;1;62;62193;2;1;1;2;50,9461000000;1,8813400000;4;3;2;0;1;3;1;0;1;50;2;Blessé léger
202100042173;126 239;7;0;2;1;2;1;166 925;2;2;1;1;2002.0;5;1;28;4;2021;18;1;62;62193;2;1;1;2;50,9461000000;1,8813400000;4;3;2;0;1;3;1;0;1;50;2;Indemne
202100042173;126 239;7;0;2;1;2;1;166 926;1;1;1;1;2002.0;5;1;28;4;2021;18;1;62;62193;2;1;1;2;50,9461000000;1,8813400000;4;3;2;0;1;3;1;0;1;50;2;Indemne
202100042183;126 222;7;0;2;2;15;1;166 902;1;1;1;2;1968.0;1;1;28;4;2021;17;1;37;37122;2;3;1;6;47,3580024761;0,6810997725;4;2;0;0;1;1;1;0;1;50;2;Indemne
202100042183;126 223;1;0;2;8;1;5;166 903;1;1;4;1;1934.0;5;8;28;4;2021;17;1;37;37122;2;3;1;6;47,3580024761;0,6810997725;4;2;0;0;1;1;1;0;1;50;2;Blessé léger
202100042186;126 218;1;0;2;1;15;5;166 897;1;1;4;1;1980.0;1;0;28;4;2021;18;1;35;35238;2;3;1;6;48,0974400000; -1,6420300000;4;2;2;3;1;1;1;5;1;50;2;Blessé léger
202100042186;126 219;7;0;2;3;15;1;166 898;1;1;1;2;1956.0;5;1;28;4;2021;18;1;35;35238;2;3;1;6;48,0974400000; -1,6420300000;4;2;2;3;1;1;1;5;1;50;2;Indemne
202100042187;126 216;10;0;0;7;9;1;166 895;1;1;1;2;1977.0;1;1;28;4;2021;16;1;33;33032;2;3;1;6;44,8962990000; -0,5201960000;4;2;2;0;2;1;1;0;1;50;2;Indemne
202100042187;126 217;1;0;2;8;12;5;166 896;1;1;4;1;1975.0;1;2;28;4;2021;16;1;33;33032;2;3;1;6;44,8962990000; -0,5201960000;4;2;2;0;2;1;1;0;1;50;2;Blessé léger
202100042195;126 198;1;0;2;1;1;0;166 875;1;1;4;1;1967.0;9;2;28;4;2021;16;1;17;17300;2;1;1;3;46,1494100000; -1,1447000000;4;2;2;1;1;1;1;0;1;30;2;Blessé léger
202100042195;126 199;10;0;2;7;16;1;166 876;1;1;1;1;1983.0;0;1;28;4;2021;16;1;17;17300;2;1;1;3;46,1494100000; -1,1447000000;4;2;2;1;1;1;1;0;1;30;2;Indemne
202100042202;126 186;1;0;2;7;1;5;166 863;1;1;4;1;1992.0;5;2;27;4;2021;19;1;10;10387;2;6;1;3;48,2899800000;4,0677600000;3;1;2;1;1;1;1;0;1;50;1;Blessé léger
202100042202;126 187;7;0;2;1;9;1;166 864;1;1;1;1;1996.0;1;1;27;4;2021;19;1;10;10387;2;6;1;3;48,2899800000;4,0677600000;3;1;2;1;1;1;1;0;1;50;1;Indemne
202100042210;126 174;7;0;2;7;22;1;166 849;1;1;1;1;1992.0;9;8;28;4;2021;20;1;75;75118;2;2;1;3;48,8855610000;2,3495300000;4;1;4;1;2;1;1;0;5;50;2;Indemne
202100042210;126 175;1;0;2;2;1;5;166 850;1;1;4;1;1990.0;9;8;28;4;2021;20;1;75;75118;2;2;1;3;48,8855610000;2,3495300000;4;1;4;1;2;1;1;0;5;50;2;Blessé léger
202100042211;126 172;10;0;2;8;22;1;166 847;1;1;1;1;1993.0;9;8;28;4;2021;14;1;75;75116;2;2;1;3;48,8452950000;2,2715910000;4;2;4;0;1;1;1;0;1;50;2;Indemne
202100042211;126 173;80;0;2;1;17;3;166 848;1;1;4;2;1975.0;9;2;28;4;2021;14;1;75;75116;2;2;1;3;48,8452950000;2,2715910000;4;2;4;0;1;1;1;0;1;50;2;Blessé léger
202100042212;126 171;1;0;1;1;1;5;166 845;10;3;4;2;1965.0;9;0;28;4;2021;13;1;75;75115;2;7;1;6;48,8448320000;2,2939800000;4;2;2;2;1;1;1;0;5;20;2;Blessé léger
202100042212;126 171;1;0;1;1;1;5;166 846;1;1;1;1;1981.0;4;8;28;4;2021;13;1;75;75115;2;7;1;6;48,8448320000;2,2939800000;4;2;2;2;1;1;1;0;5;20;2;Indemne
202100042215;126 165;1;0;2;1;5;5;166 835;1;1;4;1;1993.0;9;2;27;4;2021;12;1;75;75104;2;7;1;1;48,8532510000;2,3686120000;4;1;4;1;1;3;1;0;5;50;1;Blessé léger
202100042215;126 166;1;0;2;1;1;5;166 836;1;1;1;1;1985.0;9;2;27;4;2021;12;1;75;75104;2;7;1;1;48,8532510000;2,3686120000;4;1;4;1;1;3;1;0;5;50;1;Indemne
202100042216;126 163;1;0;2;7;19;5;166 833;1;1;4;2;1987.0;9;2;27;4;2021;09;1;75;75103;2;2;1;3;48,8654590000;2,3561230000;4;1;2;0;1;1;1;0;1;50;1;Blessé léger
202100042216;126 164;32;0;2;2;21;1;166 834;1;1;1;1;1990.0;1;2;27;4;2021;09;1;75;75103;2;2;1;3;48,8654590000;2,3561230000;4;1;2;0;1;1;1;0;1;50;1;Indemne
202100042221;126 157;1;0;2;4;15;6;166 822;1;1;4;1;1972.0;9;8;28;4;2021;18;1;93;93070;2;7;2;2;48,9054600000;2,3440300000;3;2;6;2;1;1;2;0;1;50;2;Blessé léger
202100042221;126 158;7;0;9;2;15;1;166 823;1;1;1;1;1979.0;9;1;28;4;2021;18;1;93;93070;2;7;2;2;48,9054600000;2,3440300000;3;2;6;2;1;1;2;0;1;50;2;Indemne
202100042230;126 140;7;0;2;1;9;1;166 796;1;1;1;1;1968.0;0;1;24;4;2021;13;1;92;92063;2;2;1;3;48,8572200000;2,1901500000;3;2;8;0;1;1;1;0;1;50;5;Indemne
202100042230;126 141;1;0;2;3;1;5;166 797;1;1;1;1;1978.0;5;2;24;4;2021;13;1;92;92063;2;2;1;3;48,8572200000;2,1901500000;3;2;8;0;1;1;1;0;1;50;5;Indemne
202100042230;126 141;1;0;2;3;1;5;166 798;5;2;4;2;2017.0;5;2;24;4;2021;13;1;92;92063;2;2;1;3;48,8572200000;2,1901500000;3;2;8;0;1;1;1;0;1;50;5;Blessé léger
202100042231;126 138;7;0;2;7;21;1;166 794;1;1;1;2;1968.0;0;1;28;4;2021;14;1;92;92051;2;1;1;3;48,8829150991;2,2664384544;2;1;2;2;1;1;1;0;1;50;2;Indemne
202100042231;126 139;1;0;2;8;1;5;166 795;1;1;4;1;1959.0;0;8;28;4;2021;14;1;92;92051;2;1;1;3;48,8829150991;2,2664384544;2;1;2;2;1;1;1;0;1;50;2;Blessé léger
202100042233;126 134;1;0;2;1;1;5;166 790;1;1;3;1;1998.0;1;8;28;4;2021;07;1;92;92026;2;1;1;3;48,8908900000;2,2476700000;3;1;2;1;1;1;1;0;5;50;2;Blessé hospitalisé
202100042233;126 135;10;0;2;2;14;1;166 791;1;1;1;1;1976.0;1;1;28;4;2021;07;1;92;92026;2;1;1;3;48,8908900000;2,2476700000;3;1;2;1;1;1;1;0;5;50;2;Indemne
202100042264;126 083;1;0;2;2;26;5;166 726;1;1;4;1;2003.0;1;0;29;4;2021;08;1;81;81099;2;7;2;3;43,8999180000;1,8985530000;3;2;2;0;1;1;2;9;8;30;3;Blessé léger
202100042264;126 084;7;0;9;3;1;1;166 727;1;1;1;2;1938.0;5;1;29;4;2021;08;1;81;81099;2;7;2;3;43,8999180000;1,8985530000;3;2;2;0;1;1;2;9;8;30;3;Indemne
202100042315;125 986;1;0;2;1;15;5;166 606;1;1;4;1;1993.0;1;2;27;4;2021;09;1;35;35055;2;6;1;3;48,0930500000; -1,6179800000;4;1;2;1;1;2;1;5;1;50;1;Blessé léger
202100042315;125 987;7;0;2;1;15;1;166 607;1;1;1;1;1981.0;1;1;27;4;2021;09;1;35;35055;2;6;1;3;48,0930500000; -1,6179800000;4;1;2;1;1;2;1;5;1;50;1;Indemne
202100042323;125 971;1;0;2;7;17;5;166 587;1;1;4;1;1974.0;0;2;27;4;2021;13;1;29;29232;2;3;1;3;47,9935900000; -4,0958900000;4;2;2;0;1;1;1;5;1;50;1;Blessé léger
202100042323;125 972;7;0;2;3;15;1;166 588;1;1;1;2;1988.0;0;1;27;4;2021;13;1;29;29232;2;3;1;3;47,9935900000; -4,0958900000;4;2;2;0;1;1;1;5;1;50;1;Indemne
202100042344;125 933;1;0;2;4;17;5;166 536;1;1;4;1;1983.0;9;8;27;4;2021;17;1;75;75119;2;1;1;2;48,8807040000;2,3739630000;4;2;2;0;2;3;1;0;1;50;1;Blessé léger
202100042344;125 934;7;0;2;1;1;1;166 537;1;1;1;1;1987.0;9;1;27;4;2021;17;1;75;75119;2;1;1;2;48,8807040000;2,3739630000;4;2;2;0;2;3;1;0;1;50;1;Indemne
202100042347;125 928;33;0;2;1;1;1;166 530;1;1;1;1;1961.0;4;2;27;4;2021;15;1;75;75117;2;5;1;3;48,8832680000;2,3127450000;4;1;2;2;1;1;1;0;5;30;1;Indemne
202100042347;125 929;1;0;2;8;1;5;166 531;1;1;4;1;1985.0;9;8;27;4;2021;15;1;75;75117;2;5;1;3;48,8832680000;2,3127450000;4;1;2;2;1;1;1;0;5;30;1;Blessé léger
202100042352;125 919;1;0;2;7;1;5;166 520;1;1;4;1;1983.0;5;8;27;4;2021;17;1;75;75115;2;2;1;3;48,8468790000;2,2924140000;4;2;2;0;1;1;1;0;1;50;1;Blessé léger
202100042352;125 920;7;0;0;8;1;1;166 521;1;1;1;1;1966.0;5;1;27;4;2021;17;1;75;75115;2;2;1;3;48,8468790000;2,2924140000;4;2;2;0;1;1;1;0;1;50;1;Indemne
202100042355;125 914;43;0;2;5;17;1;166 514;1;1;1;1;1971.0;5;2;27;4;2021;10;1;75;75111;2;3;1;3;48,8630510000;2,3713020000;4;2;4;2;1;1;1;0;1;30;1;Indemne
202100042355;125 915;1;0;2;1;15;5;166 515;1;1;4;2;1989.0;9;2;27;4;2021;10;1;75;75111;2;3;1;3;48,8630510000;2,3713020000;4;2;4;2;1;1;1;0;1;30;1;Blessé léger
202100042359;125 909;1;0;0;0;1;5;166 507;1;1;4;2;1993.0;1;2;15;4;2021;17;1;75;75107;2;3;1;7;48,8627790000;2,3116580000;4;2;4;0;1;1;1;0;1;50;3;Blessé léger
202100042368;125 895;2;14;0;1;17;1;166 488;2;2;1;1;1975.0;9;2;27;4;2021;20;1;93;93066;2;9;1;3;48,9085279601;2,3615913099;4;2;2;0;1;1;1;0;1;50;1;Indemne
202100042368;125 895;2;14;0;1;17;1;166 489;1;1;1;1;1993.0;0;2;27;4;2021;20;1;93;93066;2;9;1;3;48,9085279601;2,3615913099;4;2;2;0;1;1;1;0;1;50;1;Indemne
202100042368;125 896;1;0;2;8;1;5;166 490;1;1;4;1;2009.0;0;1;27;4;2021;20;1;93;93066;2;9;1;3;48,9085279601;2,3615913099;4;2;2;0;1;1;1;0;1;50;1;Blessé léger
202100042370;125 891;10;0;9;8;23;1;166 483;1;1;1;1;1971.0;4;1;26;4;2021;08;1;93;93063;2;1;1;3;48,8948200000;2,4299600000;3;2;2;0;1;1;1;0;4;30;0;Indemne
202100042370;125 892;1;0;2;1;25;5;166 484;1;1;4;2;1973.0;0;8;26;4;2021;08;1;93;93063;2;1;1;3;48,8948200000;2,4299600000;3;2;2;0;1;1;1;0;4;30;0;Blessé léger