Num_Acc;id_vehicule;catv;obs;obsm;choc;manv;motor;id_usager;place;catu;grav;sexe;an_nais;trajet;secu1;jour;mois;an;hrmn;lum;dep;com;agg;int;atm;col;lat;long;catr;circ;nbv;vosp;prof;plan;surf;infra;situ;vma;day_of_week;gravity
202100042379;125 878;1;0;1;1;1;5;166 462;1;1;1;1;1991.0;1;8;27;4;2021;18;1;92;92012;2;2;1;6;48,8373100000;2,2457900000;4;2;2;1;1;1;1;1;1;50;1;Indemne
202100042379;125 878;1;0;1;1;1;5;166 463;10;3;4;1;1989.0;1;0;27;4;2021;18;1;92;92012;2;2;1;6;48,8373100000;2,2457900000;4;2;2;1;1;1;1;1;1;50;1;Blessé léger
202100042380;125 876;7;0;2;5;16;1;166 460;1;1;1;2;1965.0;9;1;27;4;2021;19;1;92;92014;2;3;1;2;48,7824656822;2,3147892952;3;1;2;0;2;1;1;0;1;50;1;Indemne
202100042380;125 877;1;0;2;1;1;5;166 461;1;1;4;1;1971.0;0;8;27;4;2021;19;1;92;92014;2;3;1;2;48,7824656822;2,3147892952;3;1;2;0;2;1;1;0;1;50;1;Blessé léger
202100042426;125 784;7;0;2;1;9;1;166 343;1;1;1;1;1985.0;1;1;26;4;2021;06;3;974;97411;2;6;1;3; -20,9010600000;55,4965000000;2;3;4;2;1;3;1;0;5;70;0;Indemne
202100042426;125 785;1;0;2;0;26;5;166 344;1;1;4;1;1989.0;1;8;26;4;2021;06;3;974;97411;2;6;1;3; -20,9010600000;55,4965000000;2;3;4;2;1;3;1;0;5;70;0;Blessé léger
202100042428;125 780;1;0;2;8;1;5;166 339;1;1;4;1;1992.0;0;2;26;4;2021;19;1;69;69387;2;3;1;3;45,7465700000;4,8465000000;4;1;1;0;1;1;1;0;1;50;0;Blessé léger
202100042428;125 781;7;0;2;1;1;1;166 340;1;1;1;2;1988.0;1;1;26;4;2021;19;1;69;69387;2;3;1;3;45,7465700000;4,8465000000;4;1;1;0;1;1;1;0;1;50;0;Indemne
202100042433;125 772;1;0;2;1;2;5;166 327;1;1;4;1;2004.0;5;2;26;4;2021;16;1;91;91691;2;1;1;2;48,7138500000;2,4890900000;3;2;2;0;2;1;1;5;1;30;0;Blessé léger
202100042433;125 773;7;0;1;4;23;1;166 328;1;1;1;1;1982.0;1;1;26;4;2021;16;1;91;91691;2;1;1;2;48,7138500000;2,4890900000;3;2;2;0;2;1;1;5;1;30;0;Indemne
202100042433;125 773;7;0;1;4;23;1;166 329;2;2;1;2;1989.0;1;1;26;4;2021;16;1;91;91691;2;1;1;2;48,7138500000;2,4890900000;3;2;2;0;2;1;1;5;1;30;0;Indemne
202100042448;125 743;1;0;0;0;1;5;166 291;1;1;3;1;1990.0;5;8;25;4;2021;14;1;76;76351;2;1;1;6;49,4967450000;0,1068500000;4;1;1;0;1;1;1;0;1;50;6;Blessé hospitalisé
202100042451;125 738;7;0;9;3;1;1;166 285;1;1;1;1;1971.0;5;1;25;4;2021;12;1;69;69013;2;6;1;3;46,0082600000;4,7198200000;3;1;1;0;1;2;1;0;1;50;6;Indemne
202100042451;125 739;1;0;2;1;1;5;166 286;1;1;4;2;1978.0;5;8;25;4;2021;12;1;69;69013;2;6;1;3;46,0082600000;4,7198200000;3;1;1;0;1;2;1;0;1;50;6;Blessé léger
202100042453;125 734;1;0;2;2;1;5;166 281;1;1;4;1;1994.0;0;8;24;4;2021;10;1;67;67482;2;1;1;2;48,5365880000;7,7707990000;4;2;2;0;1;1;1;0;1;30;5;Blessé léger
202100042453;125 735;7;0;2;4;20;1;166 282;1;1;1;2;1986.0;9;1;24;4;2021;10;1;67;67482;2;1;1;2;48,5365880000;7,7707990000;4;2;2;0;1;1;1;0;1;30;5;Indemne
202100042454;125 732;1;0;2;5;1;5;166 279;1;1;4;1;1994.0;0;8;23;4;2021;20;2;67;67482;2;3;1;3;48,5644900000;7,7664150000;4;2;2;0;1;1;1;0;1;50;4;Blessé léger
202100042454;125 733;30;0;2;1;1;3;166 280;1;1;1;1;2002.0;4;2;23;4;2021;20;2;67;67482;2;3;1;3;48,5644900000;7,7664150000;4;2;2;0;1;1;1;0;1;50;4;Indemne
202100042457;125 726;7;0;2;0;9;1;166 272;1;1;1;2;1957.0;3;1;4;3;2021;13;1;65;65047;2;3;1;3;43,2474453298;0,0869691802;3;2;2;0;1;1;1;0;1;50;3;Indemne
202100042457;125 727;1;0;2;0;1;5;166 273;1;1;4;1;1999.0;1;8;4;3;2021;13;1;65;65047;2;3;1;3;43,2474453298;0,0869691802;3;2;2;0;1;1;1;0;1;50;3;Blessé léger
202100042461;125 720;7;0;2;8;24;1;166 266;1;1;1;1;1981.0;5;8;26;4;2021;09;1;59;59328;2;1;1;6;50,6391962646;3,0208110809;7;2;4;1;1;1;1;0;5;50;0;Indemne
202100042461;125 721;1;1;0;1;1;5;166 267;1;1;4;1;1957.0;5;8;26;4;2021;09;1;59;59328;2;1;1;6;50,6391962646;3,0208110809;7;2;4;1;1;1;1;0;5;50;0;Blessé léger
202100042462;125 718;1;0;4;7;21;5;166 264;1;1;2;1;2003.0;5;8;23;4;2021;19;1;59;59043;1;8;1;6;50,7191900000;2,7710100000;4;2;2;0;1;1;1;4;8;70;4;Tué
202100042462;125 719;39;0;2;3;1;3;166 265;1;1;1;1;1969.0;4;8;23;4;2021;19;1;59;59043;1;8;1;6;50,7191900000;2,7710100000;4;2;2;0;1;1;1;4;8;70;4;Indemne
202100042472;125 701;80;0;2;3;0;3;166 242;1;1;3;1;2011.0;5;8;26;4;2021;17;1;37;37261;2;3;1;6;47,3951820079;0,6753475070;4;1;1;0;1;1;1;0;1;50;0;Blessé hospitalisé
202100042472;125 702;7;0;2;3;15;1;166 243;1;1;1;1;1994.0;4;1;26;4;2021;17;1;37;37261;2;3;1;6;47,3951820079;0,6753475070;4;1;1;0;1;1;1;0;1;50;0;Indemne
202100042473;125 699;7;0;2;7;16;1;166 240;1;1;1;1;1969.0;0;1;24;4;2021;12;1;37;37261;2;6;1;6;47,3746900000;0,6708900000;4;1;0;1;1;2;1;0;5;50;5;Indemne
202100042473;125 700;1;0;2;0;1;5;166 241;1;1;4;2;1963.0;0;2;24;4;2021;12;1;37;37261;2;6;1;6;47,3746900000;0,6708900000;4;1;0;1;1;2;1;0;5;50;5;Blessé léger
202100042478;125 692;1;0;2;8;0;0;166 231;1;1;3;1;2006.0;0;8;26;4;2021;18;1;27;27701;2;1;1;3;49,2727360000;1,2208500000;4;2;2;0;1;1;1;0;1;50;0;Blessé hospitalisé
202100042478;125 693;7;0;9;1;1;1;166 232;1;1;1;2;2001.0;0;1;26;4;2021;18;1;27;27701;2;1;1;3;49,2727360000;1,2208500000;4;2;2;0;1;1;1;0;1;50;0;Indemne
202100042494;125 662;1;0;2;3;1;5;166 195;1;1;4;2;1989.0;9;2;26;4;2021;19;1;75;75119;2;1;1;2;48,8898630000;2,3800430000;4;1;1;0;1;1;1;0;1;50;0;Blessé léger
202100042494;125 662;1;0;2;3;1;5;166 196;2;2;1;2;2018.0;9;3;26;4;2021;19;1;75;75119;2;1;1;2;48,8898630000;2,3800430000;4;1;1;0;1;1;1;0;1;50;0;Indemne
202100042494;125 663;10;0;2;4;4;1;166 197;1;1;1;1;1986.0;4;1;26;4;2021;19;1;75;75119;2;1;1;2;48,8898630000;2,3800430000;4;1;1;0;1;1;1;0;1;50;0;Indemne
202100042507;125 639;1;0;0;0;1;5;166 166;1;1;4;1;1974.0;1;8;26;4;2021;08;1;75;75102;2;2;1;7;48,8685870000;2,3497300000;4;1;1;1;1;1;1;0;1;30;0;Blessé léger
202100042508;125 637;1;0;2;1;1;5;166 163;1;1;4;1;1996.0;9;8;25;4;2021;13;1;75;75104;2;2;1;3;48,8543930000;2,3549860000;4;2;4;1;1;1;1;0;5;30;6;Blessé léger
202100042508;125 638;7;0;2;2;16;1;166 164;1;1;1;2;2000.0;9;1;25;4;2021;13;1;75;75104;2;2;1;3;48,8543930000;2,3549860000;4;2;4;1;1;1;1;0;5;30;6;Indemne
202100042508;125 638;7;0;2;2;16;1;166 165;2;2;1;1;2000.0;9;1;25;4;2021;13;1;75;75104;2;2;1;3;48,8543930000;2,3549860000;4;2;4;1;1;1;1;0;5;30;6;Indemne
202100042509;125 635;7;0;2;8;1;1;166 161;1;1;1;2;1999.0;1;1;26;4;2021;18;1;94;94016;2;2;1;3;48,7855590000;2,3379030000;3;2;0;0;1;1;1;0;1;50;0;Indemne
202100042509;125 636;1;0;2;1;1;1;166 162;1;1;4;1;1987.0;0;2;26;4;2021;18;1;94;94016;2;2;1;3;48,7855590000;2,3379030000;3;2;0;0;1;1;1;0;1;50;0;Blessé léger
202100042523;125 613;1;0;0;1;1;5;166 131;1;1;2;1;2001.0;5;2;27;4;2021;11;1;80;80835;1;1;1;1;49,9743850000;2,1124490000;3;2;2;0;2;1;1;0;1;80;1;Tué
202100042523;125 614;21;0;0;6;1;0;166 132;1;1;1;1;2003.0;4;0;27;4;2021;11;1;80;80835;1;1;1;1;49,9743850000;2,1124490000;3;2;2;0;2;1;1;0;1;80;1;Indemne
202100042527;125 608;1;13;0;1;19;5;166 125;1;1;4;1;2011.0;5;2;24;4;2021;17;1;61;61446;1;1;1;7;48,7566950000;0,4789600000;3;2;2;0;2;4;1;0;3;80;5;Blessé léger
202100042531;125 602;7;0;0;7;15;1;166 118;1;1;1;1;1987.0;1;1;26;4;2021;17;1;68;68349;2;2;1;3;47,6055950000;7,5711790000;3;2;2;0;1;1;1;0;1;50;0;Indemne
202100042531;125 603;1;0;2;1;1;5;166 119;1;1;3;1;1967.0;5;2;26;4;2021;17;1;68;68349;2;2;1;3;47,6055950000;7,5711790000;3;2;2;0;1;1;1;0;1;50;0;Blessé hospitalisé
202100042537;125 592;1;0;0;7;2;5;166 107;1;1;4;1;1958.0;5;2;27;4;2021;11;1;05;05127;1;1;1;7;44,4861760000;6,2734350000;3;2;2;0;2;2;1;0;1;70;1;Blessé léger
202100042544;125 580;10;0;9;2;20;1;166 092;1;1;1;1;1988.0;1;1;26;4;2021;18;1;28;28057;2;1;1;3;48,2591840000;1,3754260000;9;2;0;0;1;1;1;0;1;50;0;Indemne
202100042544;125 581;1;0;2;1;0;5;166 093;1;1;4;2;2016.0;5;0;26;4;2021;18;1;28;28057;2;1;1;3;48,2591840000;1,3754260000;9;2;0;0;1;1;1;0;1;50;0;Blessé léger
202100042551;125 569;7;0;2;8;9;1;166 081;1;1;1;1;1937.0;5;1;23;4;2021;18;1;84;84065;1;6;1;3;43,7456150000;5,3072660000;3;1;1;0;1;2;1;5;1;70;4;Indemne
202100042551;125 570;1;0;2;7;1;5;166 082;1;1;4;1;1947.0;5;0;23;4;2021;18;1;84;84065;1;6;1;3;43,7456150000;5,3072660000;3;1;1;0;1;2;1;5;1;70;4;Blessé léger
202100042555;125 564;1;0;0;1;18;5;166 072;1;1;3;1;1964.0;5;2;26;4;2021;12;1;88;88173;1;1;1;7;48,3594710000;6,2435390000;3;2;2;0;1;1;1;8;1;50;0;Blessé hospitalisé
202100042557;125 557;7;0;2;1;1;2;166 064;1;1;1;2;1965.0;0;8;26;4;2021;15;1;49;49301;1;1;1;6;47,1564910000; -1,1638700000;3;2;2;0;2;1;1;0;1;80;0;Indemne
202100042557;125 558;1;0;2;0;9;5;166 065;1;1;3;1;1952.0;0;0;26;4;2021;15;1;49;49301;1;1;1;6;47,1564910000; -1,1638700000;3;2;2;0;2;1;1;0;1;80;0;Blessé hospitalisé
202100042560;125 551;7;0;9;7;17;1;166 057;1;1;1;2;1973.0;5;8;27;4;2021;17;1;22;22364;2;1;7;3;48,4372020000; -2,1121220000;3;2;2;0;1;3;1;0;1;70;1;Indemne
202100042560;125 552;1;0;2;3;1;5;166 058;1;1;4;2;1949.0;5;2;27;4;2021;17;1;22;22364;2;1;7;3;48,4372020000; -2,1121220000;3;2;2;0;1;3;1;0;1;70;1;Blessé léger
202100042595;125 484;7;0;2;1;1;1;165 972;2;2;1;1;2003.0;0;1;23;4;2021;13;1;29;29232;2;1;1;1;47,9925300000; -4,0824700000;4;2;2;0;1;1;1;8;1;50;4;Indemne
202100042595;125 484;7;0;2;1;1;1;165 973;1;1;1;1;1983.0;5;1;23;4;2021;13;1;29;29232;2;1;1;1;47,9925300000; -4,0824700000;4;2;2;0;1;1;1;8;1;50;4;Indemne
202100042595;125 485;1;0;2;1;13;5;165 974;1;1;4;1;1988.0;1;8;23;4;2021;13;1;29;29232;2;1;1;1;47,9925300000; -4,0824700000;4;2;2;0;1;1;1;8;1;50;4;Blessé léger
202100042597;125 481;31;0;2;1;2;1;165 968;1;1;3;1;2006.0;0;2;25;4;2021;17;1;27;27229;2;1;1;2;49,0193100000;1,1189500000;3;2;0;1;1;1;1;0;1;50;6;Blessé hospitalisé
202100042597;125 482;1;0;0;4;15;0;165 969;1;1;4;1;1977.0;2;2;25;4;2021;17;1;27;27229;2;1;1;2;49,0193100000;1,1189500000;3;2;0;1;1;1;1;0;1;50;6;Blessé léger
202100042597;125 482;1;0;0;4;15;0;165 970;5;2;4;1;2017.0;2;2;25;4;2021;17;1;27;27229;2;1;1;2;49,0193100000;1,1189500000;3;2;0;1;1;1;1;0;1;50;6;Blessé léger
202100042600;125 476;7;0;9;5;16;1;165 962;1;1;1;2;1951.0;5;1;24;4;2021;16;1;07;07019;1;6;1;3;44,6132270000;4,4082430000;2;1;0;0;1;1;1;9;1;70;5;Indemne
202100042600;125 477;1;0;0;0;0;0;165 963;1;1;3;2;1966.0;5;8;24;4;2021;16;1;07;07019;1;6;1;3;44,6132270000;4,4082430000;2;1;0;0;1;1;1;9;1;70;5;Blessé hospitalisé
202100042601;125 474;7;0;2;3;1;2;165 960;1;1;1;1;1975.0;4;1;25;4;2021;02;5;75;75120;2;2;1;3;48,8683070000;2,3881800000;4;2;2;0;2;1;1;0;1;50;6;Indemne
202100042601;125 475;1;0;2;1;1;5;165 961;1;1;4;1;2002.0;5;8;25;4;2021;02;5;75;75120;2;2;1;3;48,8683070000;2,3881800000;4;2;2;0;2;1;1;0;1;50;6;Blessé léger
202100042603;125 470;7;0;2;5;16;1;165 956;1;1;1;2;1995.0;5;1;25;4;2021;10;1;75;75112;2;2;1;3;48,8358910000;2,4056710000;4;2;2;1;1;1;1;0;5;50;6;Indemne
202100042603;125 471;1;0;2;1;1;5;165 957;1;1;4;2;1991.0;5;8;25;4;2021;10;1;75;75112;2;2;1;3;48,8358910000;2,4056710000;4;2;2;1;1;1;1;0;5;50;6;Blessé léger
202100042606;125 465;7;0;2;3;1;1;165 950;1;1;1;1;1991.0;9;1;25;4;2021;19;1;94;94033;2;9;1;1;48,8552000000;2,4531800000;4;2;2;0;1;1;1;5;8;50;6;Indemne
202100042606;125 466;1;0;2;1;1;5;165 951;1;1;4;1;2001.0;4;2;25;4;2021;19;1;94;94033;2;9;1;1;48,8552000000;2,4531800000;4;2;2;0;1;1;1;5;8;50;6;Blessé léger
202100042626;125 431;7;0;2;2;1;1;165 898;1;1;1;1;1984.0;5;1;24;4;2021;18;1;57;57706;1;1;1;2;48,8250230000;6,7697940000;3;2;2;0;4;1;1;0;1;80;5;Indemne
202100042626;125 432;1;0;0;3;1;0;165 899;1;1;3;1;1965.0;5;2;24;4;2021;18;1;57;57706;1;1;1;2;48,8250230000;6,7697940000;3;2;2;0;4;1;1;0;1;80;5;Blessé hospitalisé
202100042643;125 404;37;0;2;6;1;1;165 864;1;1;1;1;1998.0;4;1;21;4;2021;11;1;974;97410;2;6;1;3; -21,0488710000;55,7135800000;4;1;2;0;1;2;1;5;1;50;2;Indemne
202100042643;125 405;1;11;2;8;17;5;165 865;1;1;4;1;2005.0;5;9;21;4;2021;11;1;974;97410;2;6;1;3; -21,0488710000;55,7135800000;4;1;2;0;1;2;1;5;1;50;2;Blessé léger
202100042684;125 334;7;0;9;8;1;1;165 774;2;2;1;2;1997.0;0;1;24;4;2021;22;5;54;54395;2;4;1;3;48,7011791434;6,1768108606;4;1;2;1;1;1;1;0;1;30;5;Indemne
202100042684;125 334;7;0;9;8;1;1;165 775;1;1;1;2;1999.0;0;1;24;4;2021;22;5;54;54395;2;4;1;3;48,7011791434;6,1768108606;4;1;2;1;1;1;1;0;1;30;5;Indemne
202100042684;125 334;7;0;9;8;1;1;165 776;3;2;1;2;1997.0;0;1;24;4;2021;22;5;54;54395;2;4;1;3;48,7011791434;6,1768108606;4;1;2;1;1;1;1;0;1;30;5;Indemne
202100042684;125 335;1;0;2;7;1;5;165 777;1;1;4;1;1973.0;0;2;24;4;2021;22;5;54;54395;2;4;1;3;48,7011791434;6,1768108606;4;1;2;1;1;1;1;0;1;30;5;Blessé léger
202100042700;125 305;14;0;2;2;1;1;165 735;1;1;1;1;1973.0;4;1;22;4;2021;11;1;75;75116;2;7;1;3;48,8783322045;2,2810739279;4;2;4;0;1;3;1;0;1;30;3;Indemne
202100042700;125 306;1;0;2;8;18;5;165 736;1;1;4;1;1982.0;5;8;22;4;2021;11;1;75;75116;2;7;1;3;48,8783322045;2,2810739279;4;2;4;0;1;3;1;0;1;30;3;Blessé léger
202100042729;125 259;7;0;2;2;2;1;165 671;1;1;1;1;1957.0;0;1;24;4;2021;12;1;01;01353;1;1;1;2;45,9832160000;4,7901250000;3;2;2;0;1;2;1;0;1;50;5;Indemne
202100042729;125 260;1;0;0;4;2;5;165 672;1;1;3;1;1960.0;5;2;24;4;2021;12;1;01;01353;1;1;1;2;45,9832160000;4,7901250000;3;2;2;0;1;2;1;0;1;50;5;Blessé hospitalisé
202100042734;125 251;7;0;9;1;1;1;165 660;1;1;1;1;1980.0;5;1;23;4;2021;18;1;74;74256;2;1;1;1;45,9372580000;6,6283180000;4;1;1;0;1;1;1;0;1;50;4;Indemne
202100042734;125 252;1;0;2;1;0;5;165 661;1;1;3;1;2007.0;5;0;23;4;2021;18;1;74;74256;2;1;1;1;45,9372580000;6,6283180000;4;1;1;0;1;1;1;0;1;50;4;Blessé hospitalisé
202100042783;125 178;1;0;2;1;9;5;165 556;1;1;4;1;1988.0;0;0;24;4;2021;16;1;01;01313;2;2;1;3;46,2597720000;6,0808030000;4;2;2;0;1;1;1;0;1;30;5;Blessé léger
202100042783;125 179;7;0;9;3;1;1;165 557;1;1;1;1;1969.0;5;1;24;4;2021;16;1;01;01313;2;2;1;3;46,2597720000;6,0808030000;4;2;2;0;1;1;1;0;1;30;5;Indemne
202100042791;125 169;7;0;2;2;17;1;165 547;1;1;1;1;1971.0;1;1;24;4;2021;14;1;62;62089;1;1;1;2;50,8298710000;1,6555710000;3;2;2;0;1;1;1;0;1;80;5;Indemne
202100042791;125 170;1;0;0;4;1;5;165 548;1;1;3;1;1999.0;5;0;24;4;2021;14;1;62;62089;1;1;1;2;50,8298710000;1,6555710000;3;2;2;0;1;1;1;0;1;80;5;Blessé hospitalisé
202100042808;125 141;1;0;2;1;1;5;165 512;1;1;4;1;1980.0;1;0;23;4;2021;19;1;69;69199;2;2;7;3;45,6886594149;4,8616433144;7;2;2;0;1;1;1;0;1;50;4;Blessé léger
202100042808;125 142;7;0;2;2;15;1;165 513;1;1;1;1;1981.0;1;1;23;4;2021;19;1;69;69199;2;2;7;3;45,6886594149;4,8616433144;7;2;2;0;1;1;1;0;1;50;4;Indemne
202100042809;125 139;7;0;2;3;15;1;165 510;1;1;1;2;1996.0;1;1;23;4;2021;17;1;69;69386;2;2;1;1;45,7700974430;4,8596745729;4;2;4;1;1;1;1;0;1;50;4;Indemne
202100042809;125 140;1;0;2;3;1;5;165 511;1;1;4;1;1991.0;3;8;23;4;2021;17;1;69;69386;2;2;1;1;45,7700974430;4,8596745729;4;2;4;1;1;1;1;0;1;50;4;Blessé léger
202100042820;125 122;1;0;0;0;1;6;165 490;1;1;2;1;1945.0;5;2;17;2;2021;14;1;88;88160;1;1;1;7;48,1324480000;6,4350330000;3;2;2;0;1;2;1;0;3;50;2;Tué
202100042834;125 100;1;0;2;3;1;5;165 465;1;1;4;1;1999.0;4;8;23;4;2021;20;1;72;72181;2;1;1;3;47,9965800000;0,1956500000;4;1;1;0;2;1;1;0;1;50;4;Blessé léger
202100042834;125 101;32;0;2;2;9;1;165 466;1;1;1;1;1994.0;4;1;23;4;2021;20;1;72;72181;2;1;1;3;47,9965800000;0,1956500000;4;1;1;0;2;1;1;0;1;50;4;Indemne
202100042837;125 094;32;0;9;1;1;1;165 459;1;1;1;1;1996.0;0;8;23;4;2021;18;1;69;69266;2;3;1;3;45,7671968944;4,9024813641;4;2;2;0;2;1;1;0;1;50;4;Indemne
202100042837;125 095;1;0;2;8;15;5;165 460;1;1;4;1;1980.0;0;0;23;4;2021;18;1;69;69266;2;3;1;3;45,7671968944;4,9024813641;4;2;2;0;2;1;1;0;1;50;4;Blessé léger
202100042838;125 092;7;0;2;3;10;1;165 457;1;1;1;2;1963.0;9;1;4;4;2021;10;1;68;68297;2;2;1;3;47,5712010000;7,5561950000;4;2;2;0;1;1;1;0;1;50;6;Indemne
202100042838;125 093;1;0;2;3;2;0;165 458;1;1;4;1;1976.0;0;8;4;4;2021;10;1;68;68297;2;2;1;3;47,5712010000;7,5561950000;4;2;2;0;1;1;1;0;1;50;6;Blessé léger
202100042849;125 075;7;0;2;2;15;1;165 434;1;1;1;2;1954.0;0;1;23;4;2021;09;1;64;64545;2;1;1;3;43,3747000000; -1,6791700000;3;2;5;1;1;1;1;0;5;50;4;Indemne
202100042849;125 076;1;0;2;1;1;5;165 435;1;1;4;1;1952.0;5;2;23;4;2021;09;1;64;64545;2;1;1;3;43,3747000000; -1,6791700000;3;2;5;1;1;1;1;0;5;50;4;Blessé léger
202100042853;125 067;7;0;9;1;0;1;165 425;1;1;1;2;1956.0;0;1;23;4;2021;12;1;64;64122;2;6;1;3;43,4602800000; -1,5479200000;4;1;2;0;2;2;1;5;1;50;4;Indemne
202100042853;125 068;1;0;2;5;2;5;165 426;1;1;3;1;1948.0;5;2;23;4;2021;12;1;64;64122;2;6;1;3;43,4602800000; -1,5479200000;4;1;2;0;2;2;1;5;1;50;4;Blessé hospitalisé
202100042855;125 063;1;0;2;1;5;5;165 420;1;1;4;1;1999.0;5;8;23;4;2021;14;1;62;62193;2;1;1;1;50,9573690000;1,8495010000;4;1;1;1;1;1;1;0;1;30;4;Blessé léger
202100042855;125 064;7;0;2;1;1;1;165 421;1;1;1;1;1968.0;5;1;23;4;2021;14;1;62;62193;2;1;1;1;50,9573690000;1,8495010000;4;1;1;1;1;1;1;0;1;30;4;Indemne
202100042855;125 064;7;0;2;1;1;1;165 422;2;2;1;2;1972.0;5;1;23;4;2021;14;1;62;62193;2;1;1;1;50,9573690000;1,8495010000;4;1;1;1;1;1;1;0;1;30;4;Indemne
202100042897;124 987;7;0;2;8;22;1;165 316;1;1;1;2;1975.0;0;1;23;4;2021;10;1;10;10362;2;1;1;3;48,2955800000;4,0436700000;4;2;2;0;1;1;1;0;1;50;4;Indemne
202100042897;124 988;1;1;0;1;26;5;165 317;1;1;4;2;1944.0;3;2;23;4;2021;10;1;10;10362;2;1;1;3;48,2955800000;4,0436700000;4;2;2;0;1;1;1;0;1;50;4;Blessé léger
202100042907;124 971;10;0;2;8;22;1;165 296;1;1;1;1;1967.0;1;1;23;4;2021;09;1;75;75105;2;1;1;2;48,8468580000;2,3540440000;4;2;1;0;2;1;1;0;1;50;4;Indemne
202100042907;124 972;1;0;2;1;1;5;165 297;1;1;4;1;1995.0;2;2;23;4;2021;09;1;75;75105;2;1;1;2;48,8468580000;2,3540440000;4;2;1;0;2;1;1;0;1;50;4;Blessé léger
202100042914;124 960;1;0;2;1;1;5;165 281;1;1;4;1;1961.0;5;8;23;4;2021;09;1;75;75108;2;2;1;2;48,8748490000;2,3018010000;4;2;2;0;2;1;1;0;1;50;4;Blessé léger
202100042914;124 961;7;0;2;3;22;1;165 282;1;1;1;2;1947.0;9;1;23;4;2021;09;1;75;75108;2;2;1;2;48,8748490000;2,3018010000;4;2;2;0;2;1;1;0;1;50;4;Indemne
202100042921;124 949;1;0;9;1;1;5;165 268;1;1;4;2;1964.0;5;0;23;4;2021;18;1;94;94042;2;3;1;1;48,8296050000;2,4734750000;4;2;2;1;1;1;1;0;1;30;4;Blessé léger
202100042921;124 950;1;0;2;1;1;5;165 269;1;1;4;1;1976.0;5;2;23;4;2021;18;1;94;94042;2;3;1;1;48,8296050000;2,4734750000;4;2;2;1;1;1;1;0;1;30;4;Blessé léger
202100042937;124 920;80;0;2;3;1;3;165 232;1;1;4;1;1956.0;0;2;23;4;2021;15;1;92;92048;2;1;1;1;48,8206200000;2,2371100000;3;2;1;1;1;1;1;0;5;25;4;Blessé léger
202100042937;124 921;1;0;2;3;1;5;165 233;1;1;4;1;1978.0;5;8;23;4;2021;15;1;92;92048;2;1;1;1;48,8206200000;2,2371100000;3;2;1;1;1;1;1;0;5;25;4;Blessé léger
202100042942;124 912;1;0;2;1;1;5;165 223;1;1;3;1;1976.0;5;2;23;4;2021;17;1;31;31418;2;1;1;1;43,6221120000;1,5236230000;7;2;2;0;2;1;1;0;1;50;4;Blessé hospitalisé
202100042942;124 913;7;0;9;3;15;1;165 224;1;1;1;1;1948.0;5;1;23;4;2021;17;1;31;31418;2;1;1;1;43,6221120000;1,5236230000;7;2;2;0;2;1;1;0;1;50;4;Indemne
202100042943;124 910;7;0;2;3;17;1;165 221;1;1;1;2;1969.0;3;1;16;4;2021;18;1;68;68038;2;1;1;1;48,0963010000;7,4368720000;3;2;2;0;1;1;1;0;1;50;4;Indemne
202100042943;124 911;1;0;0;1;1;5;165 222;1;1;4;1;2005.0;5;0;16;4;2021;18;1;68;68038;2;1;1;1;48,0963010000;7,4368720000;3;2;2;0;1;1;1;0;1;50;4;Blessé léger
202100042952;124 894;7;0;9;1;1;1;165 200;1;1;1;1;1983.0;5;1;24;4;2021;12;1;51;51149;2;2;1;3;48,9002000000;4,4406120000;3;2;2;0;1;1;1;5;1;50;5;Indemne
202100042952;124 895;1;0;2;7;1;5;165 201;1;1;4;1;1956.0;5;2;24;4;2021;12;1;51;51149;2;2;1;3;48,9002000000;4,4406120000;3;2;2;0;1;1;1;5;1;50;5;Blessé léger
202100042964;124 875;1;0;9;1;0;5;165 178;1;1;4;1;1949.0;5;2;22;4;2021;15;1;35;35071;1;1;1;6;48,4451660000; -1,2458860000;3;2;2;0;1;1;1;0;1;80;3;Blessé léger
202100042976;124 852;7;0;2;1;17;1;165 145;1;1;1;2;2000.0;1;1;24;4;2021;07;1;13;13032;1;1;1;4;43,5779040000;5,3365450000;7;2;2;0;1;1;1;0;1;80;5;Indemne
202100042976;124 853;1;0;2;1;1;5;165 146;1;1;2;1;1976.0;1;2;24;4;2021;07;1;13;13032;1;1;1;4;43,5779040000;5,3365450000;7;2;2;0;1;1;1;0;1;80;5;Tué
202100042976;124 854;1;0;2;0;1;5;165 147;1;1;4;1;1997.0;1;2;24;4;2021;07;1;13;13032;1;1;1;4;43,5779040000;5,3365450000;7;2;2;0;1;1;1;0;1;80;5;Blessé léger
202100042981;124 843;1;0;2;2;0;0;165 130;1;1;3;1;1967.0;5;2;22;4;2021;14;1;06;06128;1;1;7;3;43,6917820000;7,1182660000;4;2;2;0;2;4;1;0;1;50;3;Blessé hospitalisé
202100042981;124 844;13;0;2;6;0;0;165 131;1;1;1;1;1985.0;1;1;22;4;2021;14;1;06;06128;1;1;7;3;43,6917820000;7,1182660000;4;2;2;0;2;4;1;0;1;50;3;Indemne
202100042986;124 835;1;0;0;0;1;5;165 116;1;1;4;1;2006.0;5;0;24;4;2021;15;1;64;64230;2;1;1;7;43,2090680000; -0,3954240000;4;2;2;0;2;3;1;0;1;50;5;Blessé léger
202100042987;124 833;1;0;2;1;1;5;165 114;1;1;3;1;1975.0;5;2;23;4;2021;11;1;33;33554;1;3;1;3;44,8864350000; -0,4693440000;3;2;2;0;4;3;1;0;1;70;4;Blessé hospitalisé