Num_Acc;id_vehicule;catv;obs;obsm;choc;manv;motor;id_usager;place;catu;grav;sexe;an_nais;trajet;secu1;jour;mois;an;hrmn;lum;dep;com;agg;int;atm;col;lat;long;catr;circ;nbv;vosp;prof;plan;surf;infra;situ;vma;day_of_week;gravity
202100042987;124 834;7;0;2;3;15;1;165 115;1;1;1;2;1954.0;5;1;23;4;2021;11;1;33;33554;1;3;1;3;44,8864350000; -0,4693440000;3;2;2;0;4;3;1;0;1;70;4;Indemne
202100043008;124 795;7;0;2;2;9;1;165 068;1;1;1;2;1976.0;5;1;21;4;2021;13;1;78;78640;2;1;1;3;48,7820800000;2,2261800000;3;2;2;0;1;1;1;0;4;50;2;Indemne
202100043008;124 796;1;0;0;0;0;2;165 069;1;1;3;2;1959.0;1;8;21;4;2021;13;1;78;78640;2;1;1;3;48,7820800000;2,2261800000;3;2;2;0;1;1;1;0;4;50;2;Blessé hospitalisé
202100043025;124 768;7;0;2;3;26;1;165 038;1;1;1;2;1961.0;0;1;22;4;2021;16;1;51;51454;2;6;1;3;49,2421371036;4,0244113972;4;1;1;0;1;1;1;0;1;50;3;Indemne
202100043025;124 769;1;0;2;8;19;5;165 039;1;1;3;1;2009.0;5;8;22;4;2021;16;1;51;51454;2;6;1;3;49,2421371036;4,0244113972;4;1;1;0;1;1;1;0;1;50;3;Blessé hospitalisé
202100043026;124 766;1;0;2;1;1;5;165 036;1;1;4;1;1951.0;5;8;22;4;2021;13;1;50;50129;2;4;1;3;49,6338340000; -1,6223180000;3;3;6;0;1;1;1;5;1;50;3;Blessé léger
202100043026;124 767;7;0;2;3;16;1;165 037;1;1;1;2;1960.0;1;1;22;4;2021;13;1;50;50129;2;4;1;3;49,6338340000; -1,6223180000;3;3;6;0;1;1;1;5;1;50;3;Indemne
202100043046;124 730;7;0;2;2;1;1;164 988;1;1;1;1;1999.0;1;1;22;4;2021;13;1;10;10387;2;3;1;3;48,2940000000;4,0818500000;4;2;2;1;1;1;1;0;5;50;3;Indemne
202100043046;124 731;1;0;2;1;1;5;164 989;1;1;4;1;2001.0;1;8;22;4;2021;13;1;10;10387;2;3;1;3;48,2940000000;4,0818500000;4;2;2;1;1;1;1;0;5;50;3;Blessé léger
202100043054;124 715;80;0;2;4;23;3;164 970;1;1;4;1;1987.0;1;8;22;4;2021;19;1;75;75105;2;5;1;2;48,8473390000;2,3408520000;4;2;3;0;1;1;1;0;1;30;3;Blessé léger
202100043054;124 716;7;0;2;4;2;1;164 971;1;1;1;2;1958.0;9;1;22;4;2021;19;1;75;75105;2;5;1;2;48,8473390000;2,3408520000;4;2;3;0;1;1;1;0;1;30;3;Indemne
202100043055;124 714;1;0;1;1;21;5;164 967;10;3;1;1;1971.0;5;0;22;4;2021;08;1;75;75120;2;2;1;6;48,8529480000;2,4007790000;4;1;1;0;1;1;1;0;1;50;3;Indemne
202100043055;124 714;1;0;1;1;21;5;164 968;1;1;4;1;1973.0;9;8;22;4;2021;08;1;75;75120;2;2;1;6;48,8529480000;2,4007790000;4;1;1;0;1;1;1;0;1;50;3;Blessé léger
202100043055;124 714;1;0;1;1;21;5;164 969;10;3;4;2;2017.0;5;0;22;4;2021;08;1;75;75120;2;2;1;6;48,8529480000;2,4007790000;4;1;1;0;1;1;1;0;1;50;3;Blessé léger
202100043063;124 701;1;0;2;0;21;5;164 947;1;1;4;1;1993.0;9;8;22;4;2021;18;1;75;75101;2;3;1;7;48,8589890000;2,3398790000;4;2;3;0;1;1;1;0;1;30;3;Blessé léger
202100043063;124 702;10;0;2;0;14;1;164 948;1;1;1;1;1986.0;9;1;22;4;2021;18;1;75;75101;2;3;1;7;48,8589890000;2,3398790000;4;2;3;0;1;1;1;0;1;30;3;Indemne
202100043064;124 699;1;1;2;8;17;5;164 945;1;1;4;1;1979.0;1;2;22;4;2021;13;1;94;94068;2;1;1;7;48,7948870000;2,5104820000;4;2;2;0;1;1;1;0;1;30;3;Blessé léger
202100043064;124 700;7;0;0;0;24;1;164 946;1;1;1;1;1966.0;0;1;22;4;2021;13;1;94;94068;2;1;1;7;48,7948870000;2,5104820000;4;2;2;0;1;1;1;0;1;30;3;Indemne
202100043065;124 697;1;0;2;5;1;5;164 943;1;1;4;2;1967.0;0;2;21;4;2021;18;1;94;94068;2;6;2;3;48,7933260000;2,4866850000;4;1;1;0;1;1;2;5;1;30;2;Blessé léger
202100043065;124 698;7;0;2;3;9;1;164 944;1;1;1;1;1957.0;5;1;21;4;2021;18;1;94;94068;2;6;2;3;48,7933260000;2,4866850000;4;1;1;0;1;1;2;5;1;30;2;Indemne
202100043076;124 677;10;0;2;7;1;1;164 913;1;1;1;1;1995.0;4;1;12;4;2021;10;1;92;92063;2;6;1;3;48,8799409228;2,1681033075;4;2;2;0;1;1;1;5;1;50;0;Indemne
202100043076;124 678;1;0;2;8;1;5;164 914;1;1;4;1;1946.0;5;2;12;4;2021;10;1;92;92063;2;6;1;3;48,8799409228;2,1681033075;4;2;2;0;1;1;1;5;1;50;0;Blessé léger
202100043087;124 658;1;0;2;2;1;5;164 890;1;1;3;1;1953.0;5;0;22;4;2021;15;1;74;74208;2;6;1;3;45,9212590000;6,7136500000;3;2;2;0;1;1;1;0;1;50;3;Blessé hospitalisé
202100043087;124 659;10;0;0;3;9;1;164 891;1;1;1;1;1971.0;4;8;22;4;2021;15;1;74;74208;2;6;1;3;45,9212590000;6,7136500000;3;2;2;0;1;1;1;0;1;50;3;Indemne
202100043090;124 652;1;0;2;1;1;5;164 884;1;1;3;1;1954.0;5;2;22;4;2021;14;1;32;32160;1;1;1;2;43,6026540000;1,1543370000;3;2;2;0;1;1;1;0;1;80;3;Blessé hospitalisé
202100043090;124 653;1;0;2;4;1;5;164 885;1;1;1;1;1950.0;5;2;22;4;2021;14;1;32;32160;1;1;1;2;43,6026540000;1,1543370000;3;2;2;0;1;1;1;0;1;80;3;Indemne
202100043091;124 650;7;0;0;4;15;1;164 881;1;1;1;1;2003.0;5;0;22;4;2021;17;1;47;47195;2;1;1;2;44,1347518763;0,3400436145;3;3;2;0;2;1;1;0;1;50;3;Indemne
202100043091;124 650;7;0;0;4;15;1;164 882;2;2;1;2;1963.0;5;1;22;4;2021;17;1;47;47195;2;1;1;2;44,1347518763;0,3400436145;3;3;2;0;2;1;1;0;1;50;3;Indemne
202100043091;124 651;1;14;0;1;1;5;164 883;1;1;3;1;1982.0;5;2;22;4;2021;17;1;47;47195;2;1;1;2;44,1347518763;0,3400436145;3;3;2;0;2;1;1;0;1;50;3;Blessé hospitalisé
202100043098;124 638;1;0;2;1;1;5;164 867;1;1;4;1;1985.0;5;2;23;4;2021;17;1;05;05132;2;3;1;1;44,6842850000;6,0751930000;3;2;2;0;1;3;1;0;1;50;4;Blessé léger
202100043098;124 639;7;0;2;1;15;1;164 868;1;1;1;1;2003.0;5;1;23;4;2021;17;1;05;05132;2;3;1;1;44,6842850000;6,0751930000;3;2;2;0;1;3;1;0;1;50;4;Indemne
202100043106;124 626;1;0;2;1;1;5;164 853;1;1;2;1;1972.0;5;0;23;4;2021;15;1;41;41008;1;1;1;3;47,7412170000;1,5432680000;3;2;2;0;1;1;1;0;1;80;4;Tué
202100043106;124 627;7;0;9;2;1;1;164 854;1;1;1;1;1956.0;3;1;23;4;2021;15;1;41;41008;1;1;1;3;47,7412170000;1,5432680000;3;2;2;0;1;1;1;0;1;80;4;Indemne
202100043107;124 622;1;0;2;8;1;5;164 849;1;1;3;2;1947.0;5;0;15;4;2021;16;1;66;66008;1;1;1;3;42,5506140000;2,9996430000;4;2;2;0;1;1;1;0;1;70;3;Blessé hospitalisé
202100043107;124 623;7;0;9;7;17;1;164 850;1;1;1;2;1970.0;1;1;15;4;2021;16;1;66;66008;1;1;1;3;42,5506140000;2,9996430000;4;2;2;0;1;1;1;0;1;70;3;Indemne
202100043110;124 615;1;0;2;0;1;5;164 840;1;1;1;1;2000.0;0;8;22;4;2021;13;1;33;33519;1;1;1;1;44,8959360000; -0,6692220000;4;2;2;1;1;1;1;2;5;50;3;Indemne
202100043110;124 616;1;0;2;0;1;5;164 841;1;1;3;1;1947.0;5;2;22;4;2021;13;1;33;33519;1;1;1;1;44,8959360000; -0,6692220000;4;2;2;1;1;1;1;2;5;50;3;Blessé hospitalisé
202100043113;124 609;1;0;2;1;1;5;164 834;1;1;4;1;1967.0;5;2;18;4;2021;10;1;29;29103;2;6;1;3;48,4385680000; -4,2683550000;3;1;2;0;2;1;1;5;1;50;6;Blessé léger
202100043113;124 610;7;0;2;8;15;1;164 835;1;1;1;2;1982.0;4;1;18;4;2021;10;1;29;29103;2;6;1;3;48,4385680000; -4,2683550000;3;1;2;0;2;1;1;5;1;50;6;Indemne
202100043132;124 577;1;0;1;1;1;5;164 794;1;1;1;2;1997.0;1;8;21;4;2021;14;1;69;69382;2;1;8;6;45,7456016201;4,8248311242;4;1;1;1;1;1;1;0;5;50;2;Indemne
202100043132;124 577;1;0;1;1;1;5;164 795;10;3;3;2;1937.0;5;0;21;4;2021;14;1;69;69382;2;1;8;6;45,7456016201;4,8248311242;4;1;1;1;1;1;1;0;5;50;2;Blessé hospitalisé
202100043133;124 575;80;0;2;1;1;3;164 791;1;1;4;1;1961.0;0;2;21;4;2021;09;1;69;69081;2;6;1;3;45,7737494097;4,7727334499;4;2;2;0;1;3;1;0;1;50;2;Blessé léger
202100043133;124 576;7;0;2;3;26;1;164 792;1;1;1;1;1962.0;1;1;21;4;2021;09;1;69;69081;2;6;1;3;45,7737494097;4,7727334499;4;2;2;0;1;3;1;0;1;50;2;Indemne
202100043133;124 576;7;0;2;3;26;1;164 793;2;2;1;2;2004.0;0;1;21;4;2021;09;1;69;69081;2;6;1;3;45,7737494097;4,7727334499;4;2;2;0;1;3;1;0;1;50;2;Indemne
202100043147;124 548;2;0;2;1;3;1;164 752;1;1;1;1;2003.0;5;2;21;4;2021;17;1;64;64102;2;1;1;3;43,4916900000; -1,4539900000;3;2;4;1;1;1;1;0;5;50;2;Indemne
202100043147;124 548;2;0;2;1;3;1;164 753;2;2;1;1;2002.0;5;2;21;4;2021;17;1;64;64102;2;1;1;3;43,4916900000; -1,4539900000;3;2;4;1;1;1;1;0;5;50;2;Indemne
202100043147;124 549;1;0;2;3;1;0;164 754;1;1;4;2;1994.0;1;2;21;4;2021;17;1;64;64102;2;1;1;3;43,4916900000; -1,4539900000;3;2;4;1;1;1;1;0;5;50;2;Blessé léger
202100043148;124 546;7;2;2;1;9;1;164 750;1;1;1;2;1962.0;5;1;21;4;2021;17;1;64;64024;2;6;1;1;43,5010000000; -1,5384200000;4;2;2;1;4;1;1;0;1;30;2;Indemne
202100043148;124 547;1;0;2;1;5;5;164 751;1;1;3;1;1960.0;5;8;21;4;2021;17;1;64;64024;2;6;1;1;43,5010000000; -1,5384200000;4;2;2;1;4;1;1;0;1;30;2;Blessé hospitalisé
202100043150;124 542;7;0;9;1;13;1;164 746;1;1;1;2;1969.0;1;1;21;4;2021;08;1;61;61397;2;2;1;3;48,4224900000;0,0830800000;3;2;2;0;1;2;1;0;1;50;2;Indemne
202100043150;124 543;1;0;2;8;2;6;164 747;1;1;3;1;1991.0;1;2;21;4;2021;08;1;61;61397;2;2;1;3;48,4224900000;0,0830800000;3;2;2;0;1;2;1;0;1;50;2;Blessé hospitalisé
202100043155;124 530;1;16;0;0;1;5;164 727;1;1;4;1;2003.0;5;2;20;4;2021;16;1;56;56083;2;1;1;7;47,7984100000; -3,2948600000;3;2;2;0;1;1;2;0;4;50;1;Blessé léger
202100043157;124 527;7;0;2;1;1;1;164 724;1;1;1;2;1973.0;5;1;20;4;2021;18;1;56;56098;2;1;1;3;47,7675700000; -3,3429500000;4;2;2;0;1;1;1;0;1;30;1;Indemne
202100043157;124 528;1;0;2;8;19;5;164 725;1;1;4;1;2011.0;5;8;20;4;2021;18;1;56;56098;2;1;1;3;47,7675700000; -3,3429500000;4;2;2;0;1;1;1;0;1;30;1;Blessé léger
202100043163;124 516;7;0;0;4;23;0;164 710;1;1;1;1;1990.0;9;1;21;4;2021;12;1;45;45234;2;3;1;2;47,9105600000;1,9005400000;4;2;2;0;1;1;1;0;1;50;2;Indemne
202100043163;124 517;1;0;2;1;2;0;164 711;1;1;4;1;2004.0;5;8;21;4;2021;12;1;45;45234;2;3;1;2;47,9105600000;1,9005400000;4;2;2;0;1;1;1;0;1;50;2;Blessé léger
202100043173;124 494;1;0;2;1;1;0;164 683;1;1;3;1;2006.0;5;8;21;4;2021;18;1;31;31149;2;1;1;3;43,6121000000;1,3223200000;7;1;1;1;1;1;1;0;1;50;2;Blessé hospitalisé
202100043173;124 495;7;0;9;3;1;1;164 684;1;1;1;1;1996.0;1;1;21;4;2021;18;1;31;31149;2;1;1;3;43,6121000000;1,3223200000;7;1;1;1;1;1;1;0;1;50;2;Indemne
202100043190;124 459;7;0;2;2;13;2;164 640;1;1;1;1;1988.0;4;1;21;4;2021;16;1;06;06088;2;9;1;3;43,6677800000;7,2042700000;7;1;3;0;1;1;1;0;1;50;2;Indemne
202100043190;124 460;1;0;2;6;1;6;164 641;1;1;3;1;1975.0;5;8;21;4;2021;16;1;06;06088;2;9;1;3;43,6677800000;7,2042700000;7;1;3;0;1;1;1;0;1;50;2;Blessé hospitalisé
202100043200;124 440;1;0;2;3;10;5;164 619;1;1;4;1;2002.0;5;8;21;4;2021;16;1;75;75111;2;5;1;3;48,8628690000;2,3872830000;4;2;2;2;2;1;1;0;1;30;2;Blessé léger
202100043200;124 441;33;0;2;1;1;1;164 620;1;1;4;1;1988.0;5;2;21;4;2021;16;1;75;75111;2;5;1;3;48,8628690000;2,3872830000;4;2;2;2;2;1;1;0;1;30;2;Blessé léger
202100043205;124 432;1;0;1;1;1;5;164 608;10;3;4;2;1961.0;5;0;21;4;2021;12;1;75;75108;2;1;1;6;48,8824470000;2,3271310000;4;2;2;1;2;1;1;0;1;50;2;Blessé léger
202100043205;124 432;1;0;1;1;1;5;164 609;1;1;1;2;2001.0;5;2;21;4;2021;12;1;75;75108;2;1;1;6;48,8824470000;2,3271310000;4;2;2;1;2;1;1;0;1;50;2;Indemne
202100043213;124 416;1;0;2;1;5;5;164 589;1;1;4;2;1976.0;0;2;21;4;2021;10;1;92;92049;2;2;1;3;48,8176956235;2,3078852892;3;2;4;1;1;1;1;0;1;50;2;Blessé léger
202100043213;124 417;7;0;2;3;15;1;164 590;1;1;1;2;1962.0;1;1;21;4;2021;10;1;92;92049;2;2;1;3;48,8176956235;2,3078852892;3;2;4;1;1;1;1;0;1;50;2;Indemne
202100043218;124 406;1;0;2;7;1;5;164 579;1;1;4;1;1974.0;1;2;21;4;2021;19;1;92;92026;2;2;1;3;48,8908743007;2,2476415336;3;1;3;1;2;1;1;0;5;50;2;Blessé léger
202100043218;124 407;10;0;2;2;16;1;164 580;1;1;1;1;1988.0;1;1;21;4;2021;19;1;92;92026;2;2;1;3;48,8908743007;2,2476415336;3;1;3;1;2;1;1;0;5;50;2;Indemne
202100043220;124 401;7;0;2;3;15;1;164 574;1;1;1;1;1974.0;1;1;21;4;2021;07;1;92;92012;2;2;1;3;48,8483590540;2,2372359037;4;1;1;0;1;1;1;0;1;50;2;Indemne
202100043220;124 402;1;0;2;1;1;5;164 575;1;1;4;1;1961.0;5;2;21;4;2021;07;1;92;92012;2;2;1;3;48,8483590540;2,2372359037;4;1;1;0;1;1;1;0;1;50;2;Blessé léger
202100043225;124 392;1;0;2;7;12;5;164 565;1;1;3;2;2002.0;5;0;21;4;2021;18;1;17;17425;2;1;1;3;45,6101570000; -0,9238230000;4;2;2;0;2;1;1;0;1;50;2;Blessé hospitalisé
202100043225;124 393;10;0;2;8;1;1;164 566;1;1;1;1;1990.0;1;1;21;4;2021;18;1;17;17425;2;1;1;3;45,6101570000; -0,9238230000;4;2;2;0;2;1;1;0;1;50;2;Indemne
202100043233;124 378;7;0;2;1;2;1;164 549;1;1;1;1;1938.0;5;8;21;4;2021;13;1;41;41190;1;1;1;2;47,8094800000;1,1576310000;3;2;2;0;1;1;1;0;1;80;2;Indemne
202100043233;124 379;1;0;0;4;2;5;164 550;1;1;3;1;1969.0;5;2;21;4;2021;13;1;41;41190;1;1;1;2;47,8094800000;1,1576310000;3;2;2;0;1;1;1;0;1;80;2;Blessé hospitalisé
202100043244;124 363;80;0;2;1;13;3;164 529;1;1;2;1;1937.0;5;0;22;4;2021;16;1;39;39528;1;1;1;1;47,2550650000;5,6128660000;4;2;2;0;1;1;1;0;1;80;3;Tué
202100043244;124 364;2;0;2;1;1;1;164 530;1;1;4;1;2003.0;5;2;22;4;2021;16;1;39;39528;1;1;1;1;47,2550650000;5,6128660000;4;2;2;0;1;1;1;0;1;80;3;Blessé léger
202100043247;124 358;10;0;2;2;1;1;164 522;1;1;1;1;1964.0;4;1;20;4;2021;17;1;29;29108;2;2;1;3;48,0010540000; -4,3356410000;4;2;2;0;1;1;1;9;1;50;1;Indemne
202100043247;124 359;1;0;2;1;9;5;164 523;1;1;4;1;2006.0;5;0;20;4;2021;17;1;29;29108;2;2;1;3;48,0010540000; -4,3356410000;4;2;2;0;1;1;1;9;1;50;1;Blessé léger
202100043252;124 349;1;0;0;1;3;5;164 505;1;1;2;1;1938.0;5;2;22;4;2021;15;1;54;54238;2;1;1;7;48,4081878552;6,2547826776;3;4;2;0;1;1;1;0;1;50;3;Tué
202100043255;124 341;1;0;2;8;15;5;164 489;1;1;3;1;2010.0;5;0;21;4;2021;14;1;45;45196;2;3;1;3;47,8465979978;1,7914614036;4;2;2;0;1;1;1;0;1;50;2;Blessé hospitalisé
202100043255;124 342;7;0;2;1;1;1;164 490;1;1;1;2;1975.0;5;8;21;4;2021;14;1;45;45196;2;3;1;3;47,8465979978;1,7914614036;4;2;2;0;1;1;1;0;1;50;2;Indemne
202100043256;124 340;1;16;0;1;13;5;164 488;1;1;2;1;1945.0;5;0;22;4;2021;18;1;18;18013;1;1;1;7;46,7607010000;2,5562200000;3;2;2;0;1;1;1;0;3;80;3;Tué
202100043259;124 335;7;0;9;8;1;1;164 483;1;1;1;1;1985.0;0;1;19;4;2021;10;1;07;07319;2;6;1;3;44,5537990000;4,6883160000;2;2;2;0;1;2;1;5;1;50;0;Indemne
202100043259;124 336;1;0;2;7;1;5;164 484;1;1;3;1;1935.0;5;2;19;4;2021;10;1;07;07319;2;6;1;3;44,5537990000;4,6883160000;2;2;2;0;1;2;1;5;1;50;0;Blessé hospitalisé
202100043261;124 333;1;0;0;7;1;5;164 481;1;1;3;1;1961.0;5;0;21;4;2021;10;1;04;04004;1;1;1;7;43,8068680000;6,0065070000;3;2;2;0;2;1;1;0;1;80;2;Blessé hospitalisé
202100043278;124 306;80;0;0;7;1;3;164 448;1;1;3;2;1960.0;5;0;20;4;2021;15;1;88;88172;2;1;1;7;48,1839680000;6,7147790000;4;2;2;0;2;1;1;0;1;50;1;Blessé hospitalisé
202100043282;124 299;1;0;9;0;1;5;164 438;1;1;3;1;1960.0;5;2;20;4;2021;16;1;26;26250;1;1;1;3;45,0326520000;4,8929930000;3;2;2;0;1;1;1;0;1;80;1;Blessé hospitalisé
202100043282;124 300;21;0;9;0;26;1;164 439;1;1;1;1;1974.0;4;0;20;4;2021;16;1;26;26250;1;1;1;3;45,0326520000;4,8929930000;3;2;2;0;1;1;1;0;1;80;1;Indemne
202100043289;124 282;7;0;9;2;1;2;164 420;1;1;1;2;1966.0;1;1;22;4;2021;19;1;59;59534;1;2;1;3;50,1227910000;3,8935240000;3;2;2;0;4;1;1;0;1;70;3;Indemne
202100043289;124 283;1;0;2;1;1;5;164 421;1;1;3;1;2005.0;5;0;22;4;2021;19;1;59;59534;1;2;1;3;50,1227910000;3,8935240000;3;2;2;0;4;1;1;0;1;70;3;Blessé hospitalisé
202100043297;124 270;7;0;2;2;1;1;164 406;1;1;1;1;2000.0;5;1;20;4;2021;17;1;69;69259;2;1;1;2;45,6956290542;4,8678445816;4;2;2;0;2;1;1;0;1;50;1;Indemne
202100043297;124 271;1;0;2;4;0;5;164 407;1;1;3;1;2009.0;5;2;20;4;2021;17;1;69;69259;2;1;1;2;45,6956290542;4,8678445816;4;2;2;0;2;1;1;0;1;50;1;Blessé hospitalisé
202100043306;124 252;1;0;0;8;1;5;164 382;1;1;4;1;1997.0;5;8;17;4;2021;13;1;87;87085;2;1;1;7;45,8317100000;1,2578700000;4;1;2;0;2;1;1;0;1;50;5;Blessé léger
202100043324;124 220;7;0;9;3;15;1;164 342;1;1;1;1;1979.0;1;1;20;4;2021;12;1;53;53130;2;2;1;3;48,0598500000; -0,7760600000;3;2;2;0;1;1;1;5;1;50;1;Indemne
202100043324;124 221;1;14;0;0;0;0;164 343;1;1;4;1;1955.0;5;8;20;4;2021;12;1;53;53130;2;2;1;3;48,0598500000; -0,7760600000;3;2;2;0;1;1;1;5;1;50;1;Blessé léger
202100043327;124 215;1;0;2;8;16;5;164 337;1;1;4;2;1977.0;5;8;16;4;2021;17;1;49;49099;2;1;1;3;47,0460700000; -0,8771200000;9;2;2;1;2;3;1;0;1;50;4;Blessé léger
202100043327;124 216;1;0;2;8;15;5;164 338;1;1;1;1;2006.0;5;8;16;4;2021;17;1;49;49099;2;1;1;3;47,0460700000; -0,8771200000;9;2;2;1;2;3;1;0;1;50;4;Indemne
202100043331;124 209;1;0;1;0;1;5;164 330;10;3;3;2;1958.0;5;0;20;4;2021;11;1;38;38185;2;3;1;6;45,1896400000;5,7248300000;4;2;2;0;1;1;1;0;1;30;1;Blessé hospitalisé
202100043331;124 209;1;0;1;0;1;5;164 331;1;1;1;1;1992.0;5;8;20;4;2021;11;1;38;38185;2;3;1;6;45,1896400000;5,7248300000;4;2;2;0;1;1;1;0;1;30;1;Indemne
202100043334;124 204;1;0;0;4;1;0;164 324;1;1;3;1;1998.0;5;2;19;4;2021;20;2;30;30189;1;1;1;2;43,8692000000;4,2856000000;3;2;2;0;1;1;1;0;1;80;0;Blessé hospitalisé
202100043334;124 205;7;0;2;2;1;1;164 325;1;1;1;1;1971.0;1;1;19;4;2021;20;2;30;30189;1;1;1;2;43,8692000000;4,2856000000;3;2;2;0;1;1;1;0;1;80;0;Indemne
202100043341;124 192;1;0;2;1;1;0;164 304;2;2;4;2;2016.0;0;3;19;4;2021;08;1;10;10387;2;2;1;3;48,2888089915;4,0804553032;4;2;2;0;1;1;1;0;5;50;0;Blessé léger
202100043341;124 192;1;0;2;1;1;0;164 305;1;1;4;2;1985.0;0;2;19;4;2021;08;1;10;10387;2;2;1;3;48,2888089915;4,0804553032;4;2;2;0;1;1;1;0;5;50;0;Blessé léger
202100043341;124 193;7;0;2;1;9;1;164 306;1;1;1;1;2001.0;1;1;19;4;2021;08;1;10;10387;2;2;1;3;48,2888089915;4,0804553032;4;2;2;0;1;1;1;0;5;50;0;Indemne
202100043342;124 190;3;0;2;1;16;1;164 302;1;1;1;2;1984.0;5;1;20;4;2021;16;1;08;08105;2;3;1;3;49,7402000427;4,7234058380;4;2;2;0;4;1;1;0;1;50;1;Indemne
202100043342;124 191;1;0;2;1;13;5;164 303;1;1;3;1;1958.0;5;2;20;4;2021;16;1;08;08105;2;3;1;3;49,7402000427;4,7234058380;4;2;2;0;4;1;1;0;1;50;1;Blessé hospitalisé
202100043355;124 169;1;0;0;0;0;5;164 276;1;1;4;1;1988.0;5;2;20;4;2021;19;1;94;94044;2;6;1;7;48,7427370000;2,4933210000;3;4;2;0;1;2;1;0;1;50;1;Blessé léger
202100043355;124 170;10;0;2;0;9;1;164 277;1;1;1;1;1974.0;1;1;20;4;2021;19;1;94;94044;2;6;1;7;48,7427370000;2,4933210000;3;4;2;0;1;2;1;0;1;50;1;Indemne
202100043356;124 167;1;0;2;4;1;5;164 274;1;1;4;1;1996.0;1;2;19;4;2021;20;1;94;94041;2;1;1;3;48,8093910000;2,3895940000;3;1;2;3;1;3;1;0;1;50;0;Blessé léger
202100043356;124 168;30;0;9;1;9;1;164 275;1;1;4;1;1989.0;4;2;19;4;2021;20;1;94;94041;2;1;1;3;48,8093910000;2,3895940000;3;1;2;3;1;3;1;0;1;50;0;Blessé léger
202100043369;124 145;7;0;9;3;26;1;164 244;1;1;1;2;1992.0;9;1;20;4;2021;09;1;93;93005;2;1;1;3;48,9481700000;2,5020600000;4;1;1;0;1;1;1;0;8;10;1;Indemne
202100043369;124 146;1;1;2;1;1;0;164 245;1;1;4;1;1958.0;5;0;20;4;2021;09;1;93;93005;2;1;1;3;48,9481700000;2,5020600000;4;1;1;0;1;1;1;0;8;10;1;Blessé léger
202100043373;124 137;1;0;2;1;1;5;164 236;1;1;4;1;1972.0;1;2;20;4;2021;17;1;92;92024;2;1;1;3;48,9042372137;2,3049241304;3;1;3;1;1;1;1;0;5;50;1;Blessé léger
202100043373;124 138;7;0;2;2;16;1;164 237;1;1;1;1;1973.0;9;8;20;4;2021;17;1;92;92024;2;1;1;3;48,9042372137;2,3049241304;3;1;3;1;1;1;1;0;5;50;1;Indemne
202100043375;124 133;1;0;2;1;1;5;164 232;2;1;4;1;1981.0;5;2;20;4;2021;17;1;92;92023;2;1;1;3;48,7877868225;2,2481197357;3;2;2;1;1;1;1;0;5;50;1;Blessé léger
202100043375;124 134;7;2;2;3;16;1;164 233;1;1;1;1;1998.0;5;1;20;4;2021;17;1;92;92023;2;1;1;3;48,7877868225;2,2481197357;3;2;2;1;1;1;1;0;5;50;1;Indemne
202100043381;124 119;1;6;0;1;1;0;164 217;1;1;3;1;2008.0;5;0;20;4;2021;15;1;49;49050;2;1;1;6;47,3542340000; -0,4502840000;4;2;2;0;4;2;1;0;8;50;1;Blessé hospitalisé
202100043428;124 033;1;0;2;1;17;5;164 101;1;1;3;1;1945.0;5;8;17;4;2021;12;1;76;76305;2;3;1;2;49,5236700000;0,2252100000;3;2;2;0;1;1;1;0;1;50;5;Blessé hospitalisé
202100043428;124 034;1;0;2;6;15;5;164 102;1;1;1;1;1976.0;5;2;17;4;2021;12;1;76;76305;2;3;1;2;49,5236700000;0,2252100000;3;2;2;0;1;1;1;0;1;50;5;Indemne
202100043447;123 998;7;0;2;1;1;1;164 055;1;1;1;1;1938.0;5;1;19;4;2021;06;3;33;33529;2;6;1;3;44,6470500000; -1,1575600000;3;2;2;0;1;1;1;5;1;50;0;Indemne
202100043447;123 999;1;0;2;0;19;5;164 056;1;1;3;1;1977.0;1;8;19;4;2021;06;3;33;33529;2;6;1;3;44,6470500000; -1,1575600000;3;2;2;0;1;1;1;5;1;50;0;Blessé hospitalisé
202100043453;123 986;7;0;2;3;1;1;164 040;1;1;4;2;1965.0;1;1;19;4;2021;06;2;21;21231;2;9;1;3;47,3232790660;5,0218033791;4;2;2;0;1;3;1;0;1;50;0;Blessé léger
202100043453;123 987;1;0;2;8;9;5;164 041;1;1;3;1;2002.0;1;0;19;4;2021;06;2;21;21231;2;9;1;3;47,3232790660;5,0218033791;4;2;2;0;1;3;1;0;1;50;0;Blessé hospitalisé
202100043462;123 973;1;0;2;1;1;5;164 023;1;1;4;1;1967.0;3;8;18;4;2021;17;1;75;75104;2;1;8;2;48,8504640000;2,3602480000;4;1;2;0;1;1;1;2;1;50;6;Blessé léger
202100043462;123 974;7;0;2;4;23;1;164 024;1;1;1;1;1983.0;5;1;18;4;2021;17;1;75;75104;2;1;8;2;48,8504640000;2,3602480000;4;1;2;0;1;1;1;2;1;50;6;Indemne
202100043498;123 909;7;0;2;2;1;1;163 949;1;1;1;1;1982.0;4;1;20;4;2021;17;1;61;61035;1;1;7;2;48,6160300000; -0,3038730000;3;2;2;0;2;1;1;0;1;90;1;Indemne
202100043498;123 910;80;0;2;4;1;3;163 950;1;1;2;2;1956.0;3;0;20;4;2021;17;1;61;61035;1;1;7;2;48,6160300000; -0,3038730000;3;2;2;0;2;1;1;0;1;90;1;Tué
202100043503;123 903;7;0;9;5;1;1;163 942;1;1;1;1;1946.0;3;8;20;4;2021;16;1;46;46231;1;2;1;3;44,5009080000;1,1094640000;4;2;2;0;1;1;1;0;1;50;1;Indemne