Num_Acc;id_vehicule;catv;obs;obsm;choc;manv;motor;id_usager;place;catu;grav;sexe;an_nais;trajet;secu1;jour;mois;an;hrmn;lum;dep;com;agg;int;atm;col;lat;long;catr;circ;nbv;vosp;prof;plan;surf;infra;situ;vma;day_of_week;gravity
202100044245;122 581;1;0;2;1;1;5;162 241;1;1;4;1;1966.0;5;2;12;4;2021;15;1;91;91064;2;1;1;3;48,7564000000;2,2118900000;3;2;2;0;2;1;1;0;1;50;0;Blessé léger
202100044245;122 582;7;0;2;5;15;1;162 242;1;1;1;2;1995.0;4;1;12;4;2021;15;1;91;91064;2;1;1;3;48,7564000000;2,2118900000;3;2;2;0;2;1;1;0;1;50;0;Indemne
202100044247;122 577;10;0;9;2;26;1;162 237;1;1;1;1;1959.0;0;1;12;4;2021;17;1;83;83069;2;9;1;1;43,1137000000;6,1236000000;7;2;1;0;2;1;1;0;1;50;0;Indemne
202100044247;122 578;1;0;2;7;26;5;162 238;1;1;4;1;2008.0;5;8;12;4;2021;17;1;83;83069;2;9;1;1;43,1137000000;6,1236000000;7;2;1;0;2;1;1;0;1;50;0;Blessé léger
202100044259;122 553;1;0;2;1;19;5;162 210;1;1;4;1;1992.0;0;8;19;2;2021;15;1;63;63113;2;1;1;3;45,7672700000;3,1063200000;4;2;4;0;1;1;1;0;1;50;4;Blessé léger
202100044259;122 554;7;0;2;1;1;1;162 211;1;1;1;1;1989.0;1;1;19;2;2021;15;1;63;63113;2;1;1;3;45,7672700000;3,1063200000;4;2;4;0;1;1;1;0;1;50;4;Indemne
202100044260;122 551;1;1;0;1;1;5;162 208;1;1;4;2;1969.0;4;8;19;2;2021;12;1;63;63113;2;1;1;6;45,7670400000;3,1066900000;4;2;3;0;1;1;1;0;1;50;4;Blessé léger
202100044260;122 552;10;0;2;8;22;1;162 209;1;1;1;1;1982.0;1;8;19;2;2021;12;1;63;63113;2;1;1;6;45,7670400000;3,1066900000;4;2;3;0;1;1;1;0;1;50;4;Indemne
202100044263;122 546;80;0;2;1;1;3;162 203;1;1;4;1;1956.0;3;8;12;4;2021;09;1;61;61001;2;4;1;1;48,4296600000;0,0907400000;4;2;2;0;1;1;1;5;1;30;0;Blessé léger
202100044263;122 547;7;0;2;2;15;1;162 204;1;1;1;2;2000.0;1;1;12;4;2021;09;1;61;61001;2;4;1;1;48,4296600000;0,0907400000;4;2;2;0;1;1;1;5;1;30;0;Indemne
202100044267;122 540;7;0;9;1;1;1;162 196;1;1;1;1;1991.0;0;1;12;4;2021;16;1;54;54304;2;6;1;3;48,6947121108;6,1379329115;4;4;3;0;2;1;1;5;1;50;0;Indemne
202100044267;122 541;1;0;2;8;1;5;162 197;1;1;3;1;1994.0;0;2;12;4;2021;16;1;54;54304;2;6;1;3;48,6947121108;6,1379329115;4;4;3;0;2;1;1;5;1;50;0;Blessé hospitalisé
202100044281;122 515;1;0;2;1;19;5;162 167;1;1;4;1;2003.0;5;8;9;4;2021;16;1;16;16102;2;3;1;3;45,6980100000; -0,3277300000;4;2;2;0;2;2;1;0;1;50;4;Blessé léger
202100044281;122 516;7;0;2;7;1;1;162 168;1;1;1;2;1947.0;3;1;9;4;2021;16;1;16;16102;2;3;1;3;45,6980100000; -0,3277300000;4;2;2;0;2;2;1;0;1;50;4;Indemne
202100044294;122 488;1;0;2;8;19;5;162 137;1;1;4;1;1988.0;9;8;12;4;2021;08;1;75;75119;2;3;1;3;48,8885520000;2,3792240000;4;1;1;0;1;1;1;0;1;50;0;Blessé léger
202100044294;122 489;7;0;2;3;15;1;162 138;1;1;1;1;1988.0;9;1;12;4;2021;08;1;75;75119;2;3;1;3;48,8885520000;2,3792240000;4;1;1;0;1;1;1;0;1;50;0;Indemne
202100044296;122 484;7;0;2;8;22;1;162 133;1;1;1;1;1949.0;5;1;12;4;2021;10;1;75;75117;2;1;1;3;48,8869560000;2,3030360000;4;1;1;0;1;1;1;0;1;30;0;Indemne
202100044296;122 485;1;0;2;1;1;5;162 134;1;1;4;2;2001.0;9;8;12;4;2021;10;1;75;75117;2;1;1;3;48,8869560000;2,3030360000;4;1;1;0;1;1;1;0;1;30;0;Blessé léger
202100044297;122 482;30;0;2;1;17;1;162 131;1;1;4;1;2004.0;5;2;12;4;2021;18;1;75;75116;2;2;1;3;48,8578410000;2,2502780000;4;2;1;0;1;3;1;0;1;50;0;Blessé léger
202100044297;122 483;80;0;2;8;19;3;162 132;1;1;4;2;1989.0;1;2;12;4;2021;18;1;75;75116;2;2;1;3;48,8578410000;2,2502780000;4;2;1;0;1;3;1;0;1;50;0;Blessé léger
202100044303;122 473;1;0;1;1;1;5;162 118;1;1;1;1;1992.0;1;8;12;4;2021;10;1;75;75104;2;3;1;6;48,8512060000;2,3626860000;4;2;3;0;1;1;1;0;1;50;0;Indemne
202100044303;122 473;1;0;1;1;1;5;162 119;10;3;4;1;2009.0;5;0;12;4;2021;10;1;75;75104;2;3;1;6;48,8512060000;2,3626860000;4;2;3;0;1;1;1;0;1;50;0;Blessé léger
202100044314;122 457;1;0;1;1;1;5;162 095;10;3;4;2;1956.0;5;0;12;4;2021;11;1;93;93001;2;1;1;6;48,9173300000;2,3956800000;3;2;2;0;1;1;1;0;1;50;0;Blessé léger
202100044314;122 457;1;0;1;1;1;5;162 096;1;1;1;1;1998.0;5;2;12;4;2021;11;1;93;93001;2;1;1;6;48,9173300000;2,3956800000;3;2;2;0;1;1;1;0;1;50;0;Indemne
202100044318;122 451;7;0;2;3;9;1;162 087;1;1;1;2;1999.0;0;1;27;3;2021;14;1;92;92004;2;1;1;3;48,9220386521;2,2826108336;4;1;2;0;1;1;1;0;1;50;5;Indemne
202100044318;122 452;1;0;2;7;1;5;162 088;1;1;4;1;2007.0;9;2;27;3;2021;14;1;92;92004;2;1;1;3;48,9220386521;2,2826108336;4;1;2;0;1;1;1;0;1;50;5;Blessé léger
202100044320;122 447;3;0;2;1;1;1;162 083;1;1;1;1;1948.0;0;1;12;4;2021;18;1;37;37074;2;3;1;2;47,2476339248;0,1610974968;3;2;2;0;2;1;1;0;1;50;0;Indemne
202100044320;122 448;1;0;2;4;15;5;162 084;1;1;3;1;2008.0;5;0;12;4;2021;18;1;37;37074;2;3;1;2;47,2476339248;0,1610974968;3;2;2;0;2;1;1;0;1;50;0;Blessé hospitalisé
202100044328;122 432;1;0;0;4;1;5;162 065;1;1;2;2;1960.0;0;0;12;4;2021;10;1;14;14191;2;6;1;2;49,3223279825; -0,4558146000;3;1;1;0;1;3;1;0;1;50;0;Tué
202100044335;122 420;7;0;9;4;2;1;162 053;1;1;1;2;1961.0;3;0;12;4;2021;18;1;40;40046;2;3;7;2;44,3861560000; -1,1675820000;4;2;2;0;1;1;1;0;1;50;0;Indemne
202100044335;122 421;1;0;0;4;1;5;162 054;1;1;3;2;1954.0;3;0;12;4;2021;18;1;40;40046;2;3;7;2;44,3861560000; -1,1675820000;4;2;2;0;1;1;1;0;1;50;0;Blessé hospitalisé
202100044365;122 369;7;0;2;1;1;1;161 986;1;1;1;1;1981.0;5;1;10;4;2021;17;1;31;31555;2;1;1;3;43,5899900000;1,3755200000;7;2;2;1;1;1;1;0;1;50;5;Indemne
202100044365;122 370;1;0;2;8;15;1;161 987;1;1;4;2;2007.0;5;2;10;4;2021;17;1;31;31555;2;1;1;3;43,5899900000;1,3755200000;7;2;2;1;1;1;1;0;1;50;5;Blessé léger
202100044377;122 347;1;0;2;1;1;5;161 959;1;1;3;1;1996.0;5;2;11;4;2021;13;1;93;93001;2;3;1;3;48,9124856990;2,3801741084;3;2;2;0;1;1;1;0;1;50;6;Blessé hospitalisé
202100044377;122 348;3;0;2;3;9;1;161 960;1;1;1;1;1994.0;5;1;11;4;2021;13;1;93;93001;2;3;1;3;48,9124856990;2,3801741084;3;2;2;0;1;1;1;0;1;50;6;Indemne
202100044393;122 327;1;0;0;9;1;5;161 919;1;1;3;1;1951.0;5;2;10;4;2021;15;1;32;32180;1;1;1;7;43,8778040000;0,2160790000;3;2;2;0;4;3;1;0;1;80;5;Blessé hospitalisé
202100044452;122 233;7;0;2;0;23;1;161 785;1;1;1;2;1976.0;1;1;10;4;2021;14;1;82;82121;2;1;1;3;43,9919800000;1,3895400000;3;2;2;0;1;1;1;0;1;80;5;Indemne
202100044452;122 234;1;1;0;7;1;5;161 786;1;1;3;1;1960.0;5;2;10;4;2021;14;1;82;82121;2;1;1;3;43,9919800000;1,3895400000;3;2;2;0;1;1;1;0;1;80;5;Blessé hospitalisé
202100044457;122 225;1;0;2;1;16;5;161 773;1;1;4;1;1977.0;0;2;10;4;2021;11;1;54;54547;2;4;1;3;48,6552500000;6,1629000000;4;2;2;0;3;1;1;0;1;30;5;Blessé léger
202100044457;122 226;7;0;9;8;1;1;161 774;1;1;1;2;1948.0;5;1;10;4;2021;11;1;54;54547;2;4;1;3;48,6552500000;6,1629000000;4;2;2;0;3;1;1;0;1;30;5;Indemne
202100044464;122 213;1;0;2;1;25;5;161 757;1;1;3;1;2002.0;0;8;8;4;2021;18;1;19;19031;2;2;1;3;45,1609038744;1,5329682827;3;1;2;0;1;1;1;5;1;50;3;Blessé hospitalisé
202100044464;122 214;37;0;2;2;1;2;161 758;1;1;1;1;1963.0;4;1;8;4;2021;18;1;19;19031;2;2;1;3;45,1609038744;1,5329682827;3;1;2;0;1;1;1;5;1;50;3;Indemne
202100044482;122 184;1;0;2;1;1;5;161 720;1;1;4;1;2003.0;4;2;10;4;2021;21;5;75;75114;2;4;3;6;48,8385553098;2,3226102324;4;2;4;0;1;1;2;0;1;50;5;Blessé léger
202100044482;122 185;7;0;2;3;9;2;161 721;1;1;1;1;1970.0;1;1;10;4;2021;21;5;75;75114;2;4;3;6;48,8385553098;2,3226102324;4;2;4;0;1;1;2;0;1;50;5;Indemne
202100044487;122 176;1;0;0;0;1;5;161 712;1;1;4;2;1993.0;9;2;10;4;2021;02;5;75;75109;2;1;2;7;48,8745000000;2,3408100000;4;1;1;0;1;1;2;0;1;50;5;Blessé léger
202100044489;122 172;7;0;9;7;16;1;161 708;1;1;1;1;1952.0;3;1;9;4;2021;16;1;94;94068;2;2;1;3;48,7999000000;2,4976000000;3;2;2;0;1;1;1;0;1;30;4;Indemne
202100044489;122 173;1;0;2;8;1;0;161 709;1;1;4;1;1958.0;5;8;9;4;2021;16;1;94;94068;2;2;1;3;48,7999000000;2,4976000000;3;2;2;0;1;1;1;0;1;30;4;Blessé léger
202100044493;122 166;1;14;2;3;1;5;161 702;1;1;4;1;1970.0;1;2;9;4;2021;10;1;92;92051;2;1;1;2;48,8814843116;2,2716245055;2;1;1;1;1;1;1;0;5;5;4;Blessé léger
202100044493;122 167;7;0;2;5;4;1;161 703;1;1;1;2;1990.0;5;1;9;4;2021;10;1;92;92051;2;1;1;2;48,8814843116;2,2716245055;2;1;1;1;1;1;1;0;5;5;4;Indemne
202100044506;122 150;1;0;2;7;2;5;161 669;1;1;4;1;2006.0;5;0;10;4;2021;17;1;12;12052;2;4;1;3;44,5805260000;2,0772260000;4;2;2;0;1;1;1;0;1;50;5;Blessé léger
202100044506;122 151;1;0;2;1;2;5;161 670;1;1;1;1;2006.0;5;0;10;4;2021;17;1;12;12052;2;4;1;3;44,5805260000;2,0772260000;4;2;2;0;1;1;1;0;1;50;5;Indemne
202100044537;122 112;1;0;1;1;1;5;161 604;10;3;4;2;1957.0;5;0;9;4;2021;10;1;69;69386;2;2;1;6;45,7714407660;4,8519980907;4;1;2;1;1;1;1;0;1;50;4;Blessé léger
202100044537;122 112;1;0;1;1;1;5;161 605;1;1;1;1;1949.0;5;0;9;4;2021;10;1;69;69386;2;2;1;6;45,7714407660;4,8519980907;4;1;2;1;1;1;1;0;1;50;4;Indemne
202100044555;122 074;7;0;2;8;22;1;161 554;1;1;1;2;1986.0;0;8;8;4;2021;08;1;72;72181;2;1;1;6;48,0078000000;0,1977000000;4;2;2;0;1;3;1;0;1;50;3;Indemne
202100044555;122 075;1;0;2;1;1;0;161 555;1;1;4;1;1988.0;0;8;8;4;2021;08;1;72;72181;2;1;1;6;48,0078000000;0,1977000000;4;2;2;0;1;3;1;0;1;50;3;Blessé léger
202100044559;122 068;7;0;2;6;1;1;161 545;1;1;1;2;1972.0;0;1;8;4;2021;17;1;67;67482;2;1;1;3;48,5973840000;7,7410900000;7;3;2;1;1;1;1;0;1;50;3;Indemne
202100044559;122 068;7;0;2;6;1;1;161 546;2;2;1;2;2001.0;0;1;8;4;2021;17;1;67;67482;2;1;1;3;48,5973840000;7,7410900000;7;3;2;1;1;1;1;0;1;50;3;Indemne
202100044559;122 069;1;0;2;1;19;5;161 547;1;1;4;1;1999.0;0;8;8;4;2021;17;1;67;67482;2;1;1;3;48,5973840000;7,7410900000;7;3;2;1;1;1;1;0;1;50;3;Blessé léger
202100044569;122 050;1;0;2;1;2;6;161 522;1;1;3;1;2005.0;5;2;9;4;2021;11;1;35;35281;2;2;1;2;48,0691010000; -1,7037250000;4;2;2;0;1;1;1;0;1;50;4;Blessé hospitalisé
202100044569;122 051;7;0;9;4;23;1;161 523;1;1;1;1;1960.0;5;1;9;4;2021;11;1;35;35281;2;2;1;2;48,0691010000; -1,7037250000;4;2;2;0;1;1;1;0;1;50;4;Indemne
202100044583;122 026;1;5;0;1;1;5;161 493;1;1;3;2;1970.0;0;2;5;4;2021;15;1;07;07316;1;1;1;7;44,9088000000;4,8659200000;3;2;6;1;1;3;1;2;5;90;0;Blessé hospitalisé
202100044592;122 011;60;0;2;8;16;5;161 469;1;1;4;1;2001.0;5;8;9;4;2021;11;1;75;75117;2;2;1;4;48,8915610000;2,3184860000;4;2;5;1;1;1;1;0;1;50;4;Blessé léger
202100044592;122 012;1;0;2;8;16;5;161 470;1;1;4;2;2000.0;5;8;9;4;2021;11;1;75;75117;2;2;1;4;48,8915610000;2,3184860000;4;2;5;1;1;1;1;0;1;50;4;Blessé léger
202100044592;122 013;14;0;2;2;16;1;161 471;1;1;1;1;1986.0;4;1;9;4;2021;11;1;75;75117;2;2;1;4;48,8915610000;2,3184860000;4;2;5;1;1;1;1;0;1;50;4;Indemne
202100044613;121 974;1;0;1;8;1;0;161 424;1;1;4;1;1975.0;1;2;8;4;2021;08;1;92;92062;2;1;1;6;48,8909400000;2,2304000000;3;1;4;1;1;1;1;0;5;20;3;Blessé léger
202100044613;121 974;1;0;1;8;1;0;161 425;10;3;4;2;1962.0;1;0;8;4;2021;08;1;92;92062;2;1;1;6;48,8909400000;2,2304000000;3;1;4;1;1;1;1;0;5;20;3;Blessé léger
202100044614;121 973;1;8;0;1;1;0;161 423;1;1;4;1;1990.0;4;8;8;4;2021;10;1;92;92049;2;1;1;6;48,8148609217;2,3039424419;3;2;4;2;1;1;1;0;5;50;3;Blessé léger
202100044616;121 969;32;0;2;3;1;1;161 417;1;1;1;1;1964.0;1;2;8;4;2021;13;1;92;92012;2;3;1;3;48,8355320216;2,2494426370;3;3;3;0;1;1;1;0;1;50;3;Indemne
202100044616;121 970;1;0;2;2;12;5;161 418;1;1;1;1;2005.0;5;8;8;4;2021;13;1;92;92012;2;3;1;3;48,8355320216;2,2494426370;3;3;3;0;1;1;1;0;1;50;3;Indemne
202100044616;121 970;1;0;2;2;12;5;161 419;2;2;4;2;2012.0;5;8;8;4;2021;13;1;92;92012;2;3;1;3;48,8355320216;2,2494426370;3;3;3;0;1;1;1;0;1;50;3;Blessé léger
202100044621;121 963;1;0;0;0;0;5;161 408;1;1;4;1;2003.0;1;0;9;3;2021;07;1;71;71230;2;1;1;7;46,6008210000;4,0504570000;4;2;2;0;1;1;1;0;1;50;1;Blessé léger
202100044623;121 959;7;0;2;5;19;1;161 403;1;1;1;1;1947.0;3;0;10;4;2021;11;1;39;39498;2;2;1;3;47,1661540000;5,7951330000;4;2;2;0;1;1;1;0;1;50;5;Indemne
202100044623;121 960;1;0;2;3;1;5;161 404;1;1;4;1;1967.0;5;2;10;4;2021;11;1;39;39498;2;2;1;3;47,1661540000;5,7951330000;4;2;2;0;1;1;1;0;1;50;5;Blessé léger
202100044627;121 952;1;0;0;8;15;5;161 396;1;1;3;1;1963.0;5;2;9;4;2021;17;1;84;84009;1;3;1;3;43,7865790000;5,6452240000;3;2;2;0;1;1;1;0;1;80;4;Blessé hospitalisé
202100044627;121 953;2;0;2;1;15;1;161 397;1;1;1;1;2005.0;5;2;9;4;2021;17;1;84;84009;1;3;1;3;43,7865790000;5,6452240000;3;2;2;0;1;1;1;0;1;80;4;Indemne
202100044640;121 929;7;0;9;8;1;1;161 365;1;1;1;2;1960.0;5;1;10;4;2021;14;1;64;64478;1;3;1;3;43,2883100000; -0,4381710000;3;2;2;0;1;2;1;2;1;70;5;Indemne
202100044640;121 930;1;0;2;3;1;5;161 366;1;1;4;1;1948.0;5;2;10;4;2021;14;1;64;64478;1;3;1;3;43,2883100000; -0,4381710000;3;2;2;0;1;2;1;2;1;70;5;Blessé léger
202100044656;121 891;1;0;2;1;19;5;161 312;1;1;4;1;2001.0;4;8;8;4;2021;14;1;69;69259;2;1;1;3;45,7179100000;4,8762900000;4;3;5;1;2;1;1;0;1;50;3;Blessé léger
202100044656;121 892;7;0;2;2;1;1;161 313;1;1;1;1;1991.0;4;1;8;4;2021;14;1;69;69259;2;1;1;3;45,7179100000;4,8762900000;4;3;5;1;2;1;1;0;1;50;3;Indemne
202100044661;121 883;1;0;0;0;1;5;161 302;1;1;4;2;1981.0;5;2;7;4;2021;16;1;87;87085;2;1;1;7;45,8264700000;1,2705000000;3;2;1;0;2;1;1;6;8;50;2;Blessé léger
202100044677;121 851;1;0;2;7;19;5;161 263;1;1;3;1;2012.0;5;8;7;4;2021;11;1;60;60175;2;1;1;3;49,2657300000;2,4821600000;4;2;1;0;1;1;1;0;1;30;2;Blessé hospitalisé
202100044677;121 852;7;0;2;1;1;1;161 264;1;1;1;1;2001.0;5;1;7;4;2021;11;1;60;60175;2;1;1;3;49,2657300000;2,4821600000;4;2;1;0;1;1;1;0;1;30;2;Indemne
202100044686;121 835;1;0;2;8;0;5;161 245;1;1;4;1;2002.0;0;8;4;4;2021;19;1;49;49007;2;1;1;1;47,4783550000; -0,5648880000;4;2;4;2;1;1;1;0;1;50;6;Blessé léger
202100044686;121 836;7;0;2;1;1;1;161 246;1;1;1;1;1994.0;0;1;4;4;2021;19;1;49;49007;2;1;1;1;47,4783550000; -0,5648880000;4;2;4;2;1;1;1;0;1;50;6;Indemne
202100044690;121 829;10;0;0;0;9;1;161 238;1;1;1;1;1945.0;0;1;8;4;2021;10;1;38;38185;2;1;1;6;45,1799400000;5,7316700000;4;1;1;1;1;1;1;0;1;50;3;Indemne
202100044690;121 830;80;8;0;1;0;3;161 239;1;1;3;1;1997.0;0;8;8;4;2021;10;1;38;38185;2;1;1;6;45,1799400000;5,7316700000;4;1;1;1;1;1;1;0;1;50;3;Blessé hospitalisé
202100044698;121 816;1;0;2;8;1;5;161 219;1;1;4;1;1993.0;5;2;30;3;2021;18;1;19;19272;2;1;1;3;45,2683500000;1,7699100000;4;2;2;0;1;1;1;0;1;30;1;Blessé léger
202100044698;121 817;7;0;2;2;21;1;161 220;1;1;1;1;1993.0;0;8;30;3;2021;18;1;19;19272;2;1;1;3;45,2683500000;1,7699100000;4;2;2;0;1;1;1;0;1;30;1;Indemne
202100044703;121 807;7;0;2;3;23;1;161 205;1;1;1;2;2002.0;5;1;7;4;2021;17;1;10;10321;2;3;1;3;48,2911718501;4,0295737982;3;2;2;1;1;1;1;0;1;50;2;Indemne
202100044703;121 808;1;0;2;1;1;5;161 206;1;1;4;1;1981.0;1;8;7;4;2021;17;1;10;10321;2;3;1;3;48,2911718501;4,0295737982;3;2;2;1;1;1;1;0;1;50;2;Blessé léger
202100044713;121 792;80;0;0;1;15;3;161 182;1;1;4;1;2000.0;9;8;8;4;2021;11;1;75;75115;2;2;1;7;48,8473975922;2,2788677706;4;1;1;0;1;1;1;0;1;30;3;Blessé léger
202100044717;121 785;1;0;2;5;19;5;161 170;1;1;4;2;1994.0;9;2;8;4;2021;13;1;75;75105;2;1;1;3;48,8447860000;2,3659390000;4;1;4;0;1;1;1;2;1;50;3;Blessé léger
202100044717;121 786;43;0;2;2;1;1;161 171;1;1;1;1;1991.0;9;2;8;4;2021;13;1;75;75105;2;1;1;3;48,8447860000;2,3659390000;4;1;4;0;1;1;1;2;1;50;3;Indemne
202100044722;121 774;7;0;2;7;16;1;161 157;1;1;1;2;1959.0;9;1;8;4;2021;15;1;94;94042;2;1;1;3;48,8200850000;2,4768830000;3;2;4;2;1;1;1;0;5;30;3;Indemne
202100044722;121 774;7;0;2;7;16;1;161 158;2;2;1;2;1990.0;9;1;8;4;2021;15;1;94;94042;2;1;1;3;48,8200850000;2,4768830000;3;2;4;2;1;1;1;0;5;30;3;Indemne
202100044722;121 775;1;0;2;4;1;5;161 159;1;1;4;1;1988.0;1;2;8;4;2021;15;1;94;94042;2;1;1;3;48,8200850000;2,4768830000;3;2;4;2;1;1;1;0;5;30;3;Blessé léger
202100044729;121 763;7;0;9;8;22;2;161 144;1;1;1;1;1986.0;0;8;7;4;2021;18;1;93;93006;2;1;1;3;48,8621500000;2,4160700000;3;1;1;0;1;1;1;0;1;30;2;Indemne
202100044729;121 764;1;1;0;1;1;5;161 145;1;1;4;1;1983.0;0;1;7;4;2021;18;1;93;93006;2;1;1;3;48,8621500000;2,4160700000;3;1;1;0;1;1;1;0;1;30;2;Blessé léger
202100044730;121 761;1;0;2;1;19;5;161 142;1;1;4;2;2014.0;5;2;8;4;2021;16;1;92;92047;2;1;1;3;48,8359583196;2,1600855142;4;2;2;0;1;1;1;0;1;30;3;Blessé léger
202100044730;121 762;10;0;2;7;1;1;161 143;1;1;1;1;1995.0;4;8;8;4;2021;16;1;92;92047;2;1;1;3;48,8359583196;2,1600855142;4;2;2;0;1;1;1;0;1;30;3;Indemne
202100044747;121 733;1;0;0;1;0;5;161 102;1;1;3;1;1942.0;5;2;8;4;2021;17;1;03;03195;2;1;1;7;46,2873530000;2,6617380000;3;2;2;0;1;1;9;8;1;30;3;Blessé hospitalisé
202100044753;121 720;1;0;2;8;1;5;161 086;1;1;3;1;2013.0;5;0;8;4;2021;15;1;07;07289;2;3;1;3;44,6288020000;4,4129690000;3;2;2;0;2;1;1;0;1;50;3;Blessé hospitalisé
202100044753;121 721;7;0;9;1;1;1;161 087;1;1;1;1;1974.0;5;1;8;4;2021;15;1;07;07289;2;3;1;3;44,6288020000;4,4129690000;3;2;2;0;2;1;1;0;1;50;3;Indemne
202100044766;121 693;1;0;2;1;19;0;161 050;1;1;3;1;2004.0;1;0;8;4;2021;16;1;06;06075;2;1;1;1;43,8497050000;7,2235180000;7;2;2;0;1;1;1;0;1;50;3;Blessé hospitalisé
202100044766;121 694;38;0;2;1;1;1;161 051;1;1;1;1;1971.0;4;1;8;4;2021;16;1;06;06075;2;1;1;1;43,8497050000;7,2235180000;7;2;2;0;1;1;1;0;1;50;3;Indemne
202100044797;121 637;1;0;2;1;26;2;160 981;2;2;4;1;2018.0;5;2;6;4;2021;18;1;91;91425;2;9;1;3;48,6418900000;2,2720400000;4;2;2;0;1;3;1;9;1;50;1;Blessé léger
202100044797;121 637;1;0;2;1;26;2;160 982;1;1;4;2;2007.0;0;8;6;4;2021;18;1;91;91425;2;9;1;3;48,6418900000;2,2720400000;4;2;2;0;1;3;1;9;1;50;1;Blessé léger
202100044797;121 638;7;0;2;1;26;1;160 983;1;1;1;2;1963.0;1;1;6;4;2021;18;1;91;91425;2;9;1;3;48,6418900000;2,2720400000;4;2;2;0;1;3;1;9;1;50;1;Indemne
202100044798;121 636;1;0;0;7;1;5;160 980;1;1;4;1;2009.0;5;2;4;4;2021;16;1;87;87085;2;1;1;7;45,8493500000;1,2257100000;3;2;2;0;2;1;1;0;4;50;6;Blessé léger
202100044799;121 635;1;0;0;0;1;5;160 979;1;1;4;1;1969.0;5;2;4;4;2021;09;1;87;87085;2;6;1;7;45,8568600000;1,2700400000;4;3;4;3;1;1;1;5;1;50;6;Blessé léger
202100044808;121 621;37;0;2;5;1;4;160 960;1;1;1;1;1967.0;4;1;7;4;2021;12;1;64;64445;2;6;1;3;43,3116000000; -0,3628100000;4;2;2;1;1;1;1;0;5;30;2;Indemne
202100044808;121 622;1;0;2;1;19;5;160 961;1;1;4;1;1999.0;0;2;7;4;2021;12;1;64;64445;2;6;1;3;43,3116000000; -0,3628100000;4;2;2;1;1;1;1;0;5;30;2;Blessé léger
202100044809;121 619;1;0;2;2;1;5;160 958;1;1;4;2;1961.0;0;2;7;4;2021;10;1;64;64445;2;1;1;3;43,3010100000; -0,3694500000;4;1;1;1;1;1;1;0;5;30;2;Blessé léger
202100044809;121 620;7;0;2;3;15;1;160 959;1;1;1;1;1969.0;0;1;7;4;2021;10;1;64;64445;2;1;1;3;43,3010100000; -0,3694500000;4;1;1;1;1;1;1;0;5;30;2;Indemne
202100044813;121 613;7;0;2;1;9;1;160 951;1;1;1;1;1943.0;9;1;6;4;2021;16;1;63;63113;2;6;1;3;45,7736700000;3,0753900000;4;1;2;0;1;1;1;0;1;50;1;Indemne
202100044813;121 614;1;0;2;7;0;5;160 952;1;1;4;1;1989.0;0;8;6;4;2021;16;1;63;63113;2;6;1;3;45,7736700000;3,0753900000;4;1;2;0;1;1;1;0;1;50;1;Blessé léger
202100044820;121 601;7;0;2;6;1;3;160 936;1;1;1;2;1987.0;0;1;6;4;2021;15;1;49;49007;2;1;1;3;47,4525200000; -0,5243600000;4;2;2;0;1;1;1;0;1;50;1;Indemne
202100044820;121 602;1;0;2;1;19;5;160 937;1;1;4;1;1975.0;0;8;6;4;2021;15;1;49;49007;2;1;1;3;47,4525200000; -0,5243600000;4;2;2;0;1;1;1;0;1;50;1;Blessé léger
202100044822;121 597;1;0;2;8;15;5;160 932;1;1;3;1;1953.0;5;2;7;4;2021;15;1;42;42187;2;3;1;2;46,0450600000;4,0602800000;4;2;5;0;1;1;1;5;1;50;2;Blessé hospitalisé
202100044822;121 598;7;0;2;3;15;1;160 933;1;1;1;2;1987.0;9;1;7;4;2021;15;1;42;42187;2;3;1;2;46,0450600000;4,0602800000;4;2;5;0;1;1;1;5;1;50;2;Indemne
202100044824;121 594;1;0;0;1;2;5;160 929;1;1;4;1;1960.0;0;8;7;4;2021;08;1;35;35238;2;9;1;7;48,1049400000; -1,6671000000;4;2;2;0;1;1;1;0;1;50;2;Blessé léger
202100044839;121 567;1;0;2;8;18;5;160 897;1;1;4;2;1981.0;9;8;7;4;2021;08;1;75;75103;2;3;1;3;48,8673377785;2,3633641762;4;2;6;0;1;1;1;0;1;50;2;Blessé léger
202100044839;121 568;13;0;2;8;15;1;160 898;1;1;1;1;1976.0;4;1;7;4;2021;08;1;75;75103;2;3;1;3;48,8673377785;2,3633641762;4;2;6;0;1;1;1;0;1;50;2;Indemne
202100044863;121 526;1;0;2;1;19;5;160 843;1;1;2;1;1951.0;5;2;8;4;2021;12;1;56;56033;1;2;1;3;47,8093900000; -2,1250340000;3;2;2;0;1;3;1;5;1;80;3;Tué
202100044863;121 527;7;0;2;2;1;1;160 844;1;1;1;1;1997.0;1;1;8;4;2021;12;1;56;56033;1;2;1;3;47,8093900000; -2,1250340000;3;2;2;0;1;3;1;5;1;80;3;Indemne
202100044866;121 520;1;0;2;8;15;5;160 836;1;1;3;1;2008.0;5;0;7;4;2021;16;1;82;82112;1;3;1;3;44,1258190000;1,0704050000;3;2;2;0;1;1;1;0;1;70;2;Blessé hospitalisé
202100044866;121 521;7;0;2;2;17;1;160 837;1;1;1;1;2000.0;5;1;7;4;2021;16;1;82;82112;1;3;1;3;44,1258190000;1,0704050000;3;2;2;0;1;1;1;0;1;70;2;Indemne
202100044868;121 517;7;0;2;2;1;1;160 832;1;1;1;2;1968.0;5;1;7;4;2021;16;1;61;61097;2;3;1;3;48,4851970000;0,6521040000;4;2;2;0;1;3;1;0;1;50;2;Indemne