Num_Acc;id_vehicule;catv;obs;obsm;choc;manv;motor;id_usager;place;catu;grav;sexe;an_nais;trajet;secu1;jour;mois;an;hrmn;lum;dep;com;agg;int;atm;col;lat;long;catr;circ;nbv;vosp;prof;plan;surf;infra;situ;vma;day_of_week;gravity
202100044868;121 518;1;0;2;1;19;5;160 833;1;1;3;1;2011.0;5;0;7;4;2021;16;1;61;61097;2;3;1;3;48,4851970000;0,6521040000;4;2;2;0;1;3;1;0;1;50;2;Blessé hospitalisé
202100044871;121 511;1;0;2;3;9;5;160 824;1;1;4;1;1995.0;3;0;7;4;2021;11;1;47;47203;1;3;1;3;44,3873390000;0,8036700000;3;2;2;0;1;1;1;0;1;70;2;Blessé léger
202100044871;121 512;10;0;9;7;1;1;160 825;1;1;1;1;1964.0;4;1;7;4;2021;11;1;47;47203;1;3;1;3;44,3873390000;0,8036700000;3;2;2;0;1;1;1;0;1;70;2;Indemne
202100044877;121 501;80;0;2;8;13;3;160 811;1;1;2;1;1943.0;5;2;8;4;2021;13;1;44;44217;1;1;1;2;47,2995760000; -1,6645900000;3;2;2;0;1;1;1;0;1;80;3;Tué
202100044877;121 502;7;0;9;2;17;1;160 812;1;1;1;1;1994.0;4;1;8;4;2021;13;1;44;44217;1;1;1;2;47,2995760000; -1,6645900000;3;2;2;0;1;1;1;0;1;80;3;Indemne
202100044881;121 495;7;0;2;3;1;1;160 803;1;1;1;2;1963.0;5;1;7;4;2021;18;1;03;03118;2;3;1;3;46,0961130000;3,1958250000;4;2;2;0;2;1;1;0;1;30;2;Indemne
202100044881;121 496;1;0;2;1;19;5;160 804;1;1;3;1;2008.0;5;0;7;4;2021;18;1;03;03118;2;3;1;3;46,0961130000;3,1958250000;4;2;2;0;2;1;1;0;1;30;2;Blessé hospitalisé
202100044896;121 470;2;0;2;1;1;1;160 771;2;2;4;1;2001.0;5;2;7;4;2021;09;1;978;97801;2;1;1;1;18,0660610000; -63,0739470000;9;2;2;0;2;1;1;0;1;50;2;Blessé léger
202100044896;121 470;2;0;2;1;1;1;160 772;1;1;3;1;1999.0;5;2;7;4;2021;09;1;978;97801;2;1;1;1;18,0660610000; -63,0739470000;9;2;2;0;2;1;1;0;1;50;2;Blessé hospitalisé
202100044896;121 471;1;0;2;1;2;5;160 773;1;1;4;1;2006.0;5;0;7;4;2021;09;1;978;97801;2;1;1;1;18,0660610000; -63,0739470000;9;2;2;0;2;1;1;0;1;50;2;Blessé léger
202100044899;121 465;1;0;0;4;2;5;160 766;1;1;3;1;1951.0;5;2;8;4;2021;08;1;50;50531;1;1;1;2;48,6835090000; -1,2593510000;3;2;2;0;1;1;1;0;1;80;3;Blessé hospitalisé
202100044899;121 466;10;0;2;2;1;1;160 767;1;1;1;1;1995.0;4;1;8;4;2021;08;1;50;50531;1;1;1;2;48,6835090000; -1,2593510000;3;2;2;0;1;1;1;0;1;80;3;Indemne
202100044905;121 456;1;0;2;8;26;5;160 755;1;1;4;1;1988.0;1;8;6;4;2021;06;1;974;97411;2;6;1;3; -20,8933500000;55,4706000000;2;2;7;1;2;1;1;0;1;70;1;Blessé léger
202100044905;121 457;7;0;2;2;15;0;160 756;1;1;1;2;2001.0;0;8;6;4;2021;06;1;974;97411;2;6;1;3; -20,8933500000;55,4706000000;2;2;7;1;2;1;1;0;1;70;1;Indemne
202100044909;121 450;7;0;2;3;1;2;160 747;1;1;1;1;1981.0;1;1;6;4;2021;18;1;69;69382;2;2;1;3;45,7527100000;4,8281100000;4;1;1;2;1;1;1;0;1;50;1;Indemne
202100044909;121 451;1;0;2;7;1;5;160 748;1;1;4;1;2004.0;5;0;6;4;2021;18;1;69;69382;2;2;1;3;45,7527100000;4,8281100000;4;1;1;2;1;1;1;0;1;50;1;Blessé léger
202100044912;121 445;1;0;2;0;0;5;160 740;1;1;4;1;2005.0;0;8;26;3;2021;21;5;971;97113;1;9;1;6;16,2135400000; -61,4775500000;2;3;6;0;1;2;1;5;1;50;4;Blessé léger
202100044912;121 446;7;0;2;3;9;1;160 741;1;1;1;2;1968.0;0;1;26;3;2021;21;5;971;97113;1;9;1;6;16,2135400000; -61,4775500000;2;3;6;0;1;2;1;5;1;50;4;Indemne
202100044920;121 431;37;1;2;1;1;1;160 718;1;1;1;1;1987.0;4;1;6;4;2021;15;1;78;78146;2;1;1;1;48,8982200000;2,1451900000;4;2;1;0;1;1;1;0;1;50;1;Indemne
202100044920;121 432;1;0;2;1;1;5;160 719;1;1;4;1;1961.0;0;8;6;4;2021;15;1;78;78146;2;1;1;1;48,8982200000;2,1451900000;4;2;1;0;1;1;1;0;1;50;1;Blessé léger
202100044942;121 399;1;0;2;8;1;5;160 676;1;1;4;1;1982.0;5;2;2;4;2021;15;1;56;56162;2;1;1;3;47,7385800000; -3,4532100000;3;2;2;0;1;1;1;0;1;30;4;Blessé léger
202100044942;121 400;10;0;2;5;17;1;160 677;1;1;1;1;1986.0;4;1;2;4;2021;15;1;56;56162;2;1;1;3;47,7385800000; -3,4532100000;3;2;2;0;1;1;1;0;1;30;4;Indemne
202100044949;121 386;1;0;2;1;1;5;160 660;1;1;4;1;1996.0;9;8;6;4;2021;12;1;35;35051;1;9;1;3;48,1076800000; -1,6180100000;4;2;2;2;1;1;1;0;5;50;1;Blessé léger
202100044949;121 387;7;0;2;2;9;2;160 661;1;1;1;1;1996.0;4;8;6;4;2021;12;1;35;35051;1;9;1;3;48,1076800000; -1,6180100000;4;2;2;2;1;1;1;0;5;50;1;Indemne
202100044965;121 358;1;0;2;1;1;5;160 627;1;1;4;2;1994.0;9;0;2;4;2021;17;1;11;11262;2;1;1;1;43,1882100000;3,0035900000;4;2;2;3;1;1;1;9;6;30;4;Blessé léger
202100044965;121 359;38;0;9;1;26;1;160 628;1;1;1;1;1977.0;4;1;2;4;2021;17;1;11;11262;2;1;1;1;43,1882100000;3,0035900000;4;2;2;3;1;1;1;9;6;30;4;Indemne
202100044971;121 345;1;12;0;0;15;5;160 609;1;1;4;2;1969.0;4;2;2;4;2021;14;1;05;05061;2;1;1;7;44,5623200000;6,0774200000;4;1;2;0;1;1;1;0;4;50;4;Blessé léger
202100044975;121 338;1;0;2;3;19;5;160 600;1;1;4;1;1997.0;4;8;5;4;2021;21;5;75;75109;2;4;1;3;48,8838520000;2,3286050000;4;3;3;3;1;1;1;0;1;50;0;Blessé léger
202100044975;121 339;34;0;2;1;1;1;160 601;1;1;4;1;1994.0;5;2;5;4;2021;21;5;75;75109;2;4;1;3;48,8838520000;2,3286050000;4;3;3;3;1;1;1;0;1;50;0;Blessé léger
202100044976;121 336;1;0;2;4;2;5;160 598;1;1;4;1;1998.0;1;8;5;4;2021;16;1;75;75109;2;1;2;2;48,8821210000;2,3280890000;4;1;2;0;3;1;2;0;1;50;0;Blessé léger
202100044976;121 337;7;0;2;1;2;1;160 599;1;1;1;2;1953.0;1;1;5;4;2021;16;1;75;75109;2;1;2;2;48,8821210000;2,3280890000;4;1;2;0;3;1;2;0;1;50;0;Indemne
202100044996;121 298;1;0;2;1;1;5;160 550;1;1;3;1;2004.0;2;2;6;4;2021;07;2;974;97414;2;2;1;3; -21,2705140000;55,4433900000;2;2;2;0;2;1;1;0;1;50;1;Blessé hospitalisé
202100044996;121 299;7;0;9;2;15;1;160 551;1;1;1;1;1978.0;2;1;6;4;2021;07;2;974;97414;2;2;1;3; -21,2705140000;55,4433900000;2;2;2;0;2;1;1;0;1;50;1;Indemne
202100044998;121 295;80;0;2;8;1;3;160 547;1;1;3;1;1957.0;5;2;6;4;2021;08;1;29;29079;1;6;1;3;48,6450070000; -3,9467150000;3;1;2;0;1;2;1;0;1;70;1;Blessé hospitalisé
202100044998;121 296;7;0;2;2;1;1;160 548;1;1;1;2;1959.0;1;1;6;4;2021;08;1;29;29079;1;6;1;3;48,6450070000; -3,9467150000;3;1;2;0;1;2;1;0;1;70;1;Indemne
202100045016;121 261;1;0;2;8;1;5;160 501;1;1;4;1;1975.0;0;8;5;4;2021;17;1;69;69383;2;2;1;3;45,7528900000;4,8533600000;4;2;3;2;1;1;1;0;1;50;0;Blessé léger
202100045016;121 262;7;0;2;1;15;1;160 502;1;1;1;1;2000.0;0;1;5;4;2021;17;1;69;69383;2;2;1;3;45,7528900000;4,8533600000;4;2;3;2;1;1;1;0;1;50;0;Indemne
202100045027;121 241;1;0;2;0;1;5;160 474;1;1;4;1;2000.0;5;0;5;4;2021;13;1;29;29019;2;6;1;3;48,4016354766; -4,4671051204;4;2;2;0;1;3;1;5;1;30;0;Blessé léger
202100045027;121 242;7;0;2;3;9;1;160 475;1;1;1;1;1991.0;5;1;5;4;2021;13;1;29;29019;2;6;1;3;48,4016354766; -4,4671051204;4;2;2;0;1;3;1;5;1;30;0;Indemne
202100045039;121 220;1;0;2;2;1;5;160 451;1;1;4;1;1986.0;5;2;4;4;2021;16;1;94;94080;2;2;1;6;48,8498700000;2,4345500000;4;2;2;0;1;1;1;0;1;30;6;Blessé léger
202100045065;121 177;1;0;0;0;0;5;160 384;1;1;2;1;1977.0;5;2;2;4;2021;16;1;31;31424;1;6;1;7;43,5920870000;1,2852980000;3;3;2;0;1;3;1;0;1;70;4;Tué
202100045067;121 173;1;0;2;1;2;5;160 380;1;1;4;1;1954.0;5;2;4;4;2021;09;1;70;70058;1;1;1;4;47,5004160000;5,6675610000;3;2;2;0;1;1;1;0;1;80;6;Blessé léger
202100045067;121 174;1;0;0;4;2;5;160 381;1;1;1;1;1954.0;5;2;4;4;2021;09;1;70;70058;1;1;1;4;47,5004160000;5,6675610000;3;2;2;0;1;1;1;0;1;80;6;Indemne
202100045067;121 175;1;0;2;1;2;5;160 382;1;1;4;1;1945.0;5;2;4;4;2021;09;1;70;70058;1;1;1;4;47,5004160000;5,6675610000;3;2;2;0;1;1;1;0;1;80;6;Blessé léger
202100045071;121 167;80;0;2;2;1;3;160 374;1;1;3;1;1958.0;5;6;5;4;2021;10;1;07;07204;2;6;1;3;45,0060030000;4,4022160000;3;1;1;0;1;2;1;0;1;50;0;Blessé hospitalisé
202100045071;121 168;7;0;2;3;9;1;160 375;1;1;1;1;1960.0;5;1;5;4;2021;10;1;07;07204;2;6;1;3;45,0060030000;4,4022160000;3;1;1;0;1;2;1;0;1;50;0;Indemne
202100045075;121 162;7;0;2;2;1;1;160 367;1;1;1;2;1958.0;1;1;6;4;2021;09;1;95;95394;2;1;1;3;49,0617650695;2,1758744631;4;1;1;0;1;1;1;0;1;30;1;Indemne
202100045075;121 163;1;0;2;1;16;5;160 368;1;1;4;1;1942.0;5;2;6;4;2021;09;1;95;95394;2;1;1;3;49,0617650695;2,1758744631;4;1;1;0;1;1;1;0;1;30;1;Blessé léger
202100045085;121 145;1;0;0;0;1;5;160 344;1;1;4;2;2005.0;5;0;6;4;2021;13;1;04;04086;1;1;1;7;44,4048910000;6,7107150000;3;2;2;0;1;1;1;0;1;80;1;Blessé léger
202100045089;121 138;1;0;0;1;1;5;160 334;1;1;3;1;1967.0;5;2;3;4;2021;12;1;65;65401;2;9;8;2;43,1858530000;0,1017090000;3;2;2;0;1;1;1;0;1;50;5;Blessé hospitalisé
202100045089;121 139;1;0;9;4;1;5;160 335;1;1;1;1;1963.0;5;2;3;4;2021;12;1;65;65401;2;9;8;2;43,1858530000;0,1017090000;3;2;2;0;1;1;1;0;1;50;5;Indemne
202100045090;121 136;1;0;2;3;15;5;160 332;1;1;3;1;1946.0;5;0;3;4;2021;17;1;17;17036;2;6;1;3;45,8760570000; -0,9962150000;3;2;2;0;1;1;1;5;1;50;5;Blessé hospitalisé
202100045090;121 137;2;0;9;2;1;1;160 333;1;1;1;1;2003.0;5;2;3;4;2021;17;1;17;17036;2;6;1;3;45,8760570000; -0,9962150000;3;2;2;0;1;1;1;5;1;50;5;Indemne
202100045127;121 070;1;0;2;8;15;5;160 247;1;1;4;2;1942.0;0;8;2;4;2021;16;1;35;35115;2;6;1;6;48,3545300000; -1,2110900000;4;2;2;0;4;1;1;5;1;30;4;Blessé léger
202100045127;121 071;7;0;2;1;1;1;160 248;1;1;1;2;2001.0;0;1;2;4;2021;16;1;35;35115;2;6;1;6;48,3545300000; -1,2110900000;4;2;2;0;4;1;1;5;1;30;4;Indemne
202100045128;121 068;80;0;2;8;1;3;160 245;1;1;4;1;1982.0;4;2;4;4;2021;11;1;33;33069;2;3;7;3;44,8606990000; -0,5926600000;4;1;1;2;1;1;1;0;1;50;6;Blessé léger
202100045128;121 069;7;0;9;3;9;1;160 246;1;1;1;2;1964.0;0;1;4;4;2021;11;1;33;33069;2;3;7;3;44,8606990000; -0,5926600000;4;1;1;2;1;1;1;0;1;50;6;Indemne
202100045131;121 061;7;0;2;2;1;1;160 236;1;1;1;2;1998.0;5;1;4;4;2021;16;1;25;25056;2;4;1;3;47,2393000000;6,0055100000;4;2;2;0;1;3;1;0;1;50;6;Indemne
202100045131;121 062;1;0;2;1;1;5;160 237;1;1;3;2;2009.0;0;0;4;4;2021;16;1;25;25056;2;4;1;3;47,2393000000;6,0055100000;4;2;2;0;1;3;1;0;1;50;6;Blessé hospitalisé
202100045147;121 033;1;0;2;1;1;5;160 199;1;1;4;2;1975.0;9;0;4;4;2021;17;1;94;94068;2;2;1;3;48,7917930000;2,4740730000;4;2;2;0;1;1;1;0;1;30;6;Blessé léger
202100045147;121 034;7;0;9;2;2;1;160 200;1;1;1;1;1958.0;5;1;4;4;2021;17;1;94;94068;2;2;1;3;48,7917930000;2,4740730000;4;2;2;0;1;1;1;0;1;30;6;Indemne
202100045156;121 015;7;0;9;2;1;1;160 176;1;1;1;2;1997.0;0;1;4;4;2021;08;1;93;93048;2;2;1;3;48,8526186322;2,4179277610;4;2;4;1;1;1;1;0;1;50;6;Indemne
202100045156;121 016;1;0;2;1;1;0;160 177;1;1;3;2;1970.0;5;2;4;4;2021;08;1;93;93048;2;2;1;3;48,8526186322;2,4179277610;4;2;4;1;1;1;1;0;1;50;6;Blessé hospitalisé
202100045184;120 972;1;0;2;1;1;5;160 118;1;1;3;1;1956.0;5;2;5;4;2021;08;1;978;97801;2;1;1;1;18,0802840000; -63,0706640000;2;2;2;0;2;3;1;0;1;50;0;Blessé hospitalisé
202100045184;120 973;7;0;2;1;1;1;160 119;1;1;1;1;1961.0;5;0;5;4;2021;08;1;978;97801;2;1;1;1;18,0802840000; -63,0706640000;2;2;2;0;2;3;1;0;1;50;0;Indemne
202100045188;120 966;7;0;2;3;1;1;160 106;4;2;1;1;2005.0;5;1;4;4;2021;10;1;987;98747;1;1;1;1; -17,7463241945; -149,2020235062;2;2;2;0;1;1;1;0;1;60;6;Indemne
202100045188;120 966;7;0;2;3;1;1;160 107;2;2;1;2;2000.0;5;1;4;4;2021;10;1;987;98747;1;1;1;1; -17,7463241945; -149,2020235062;2;2;2;0;1;1;1;0;1;60;6;Indemne
202100045188;120 966;7;0;2;3;1;1;160 108;3;2;1;1;2003.0;5;1;4;4;2021;10;1;987;98747;1;1;1;1; -17,7463241945; -149,2020235062;2;2;2;0;1;1;1;0;1;60;6;Indemne
202100045188;120 966;7;0;2;3;1;1;160 109;1;1;1;1;1996.0;5;1;4;4;2021;10;1;987;98747;1;1;1;1; -17,7463241945; -149,2020235062;2;2;2;0;1;1;1;0;1;60;6;Indemne
202100045188;120 967;1;0;2;1;13;5;160 110;1;1;3;1;1972.0;5;0;4;4;2021;10;1;987;98747;1;1;1;1; -17,7463241945; -149,2020235062;2;2;2;0;1;1;1;0;1;60;6;Blessé hospitalisé
202100045191;120 961;7;0;2;2;1;1;160 100;1;1;1;1;1954.0;1;8;5;4;2021;12;1;11;11192;1;1;1;1;43,2991190000;2,0515250000;3;2;2;0;1;1;1;0;1;80;0;Indemne
202100045191;120 962;1;0;2;1;5;5;160 101;1;1;3;1;1962.0;0;2;5;4;2021;12;1;11;11192;1;1;1;1;43,2991190000;2,0515250000;3;2;2;0;1;1;1;0;1;80;0;Blessé hospitalisé
202100045192;120 959;7;0;9;2;17;1;160 098;1;1;1;2;1996.0;5;8;2;4;2021;10;1;34;34299;1;1;7;3;43,2646130000;3,2842250000;3;2;2;0;1;1;1;0;1;90;4;Indemne
202100045192;120 960;1;0;2;3;2;0;160 099;1;1;4;2;1949.0;5;2;2;4;2021;10;1;34;34299;1;1;7;3;43,2646130000;3,2842250000;3;2;2;0;1;1;1;0;1;90;4;Blessé léger
202100045222;120 891;1;0;0;0;26;5;159 999;1;1;3;1;1938.0;5;8;3;4;2021;18;1;61;61077;2;9;1;7;48,4395600000;0,1236800000;4;2;2;0;1;1;1;0;1;50;5;Blessé hospitalisé
202100045239;120 860;7;0;2;2;1;1;159 954;2;2;1;1;1997.0;9;1;2;4;2021;20;5;75;75119;2;2;1;3;48,8788830000;2,4018750000;4;3;3;0;2;1;1;0;1;50;4;Indemne
202100045239;120 860;7;0;2;2;1;1;159 955;1;1;1;1;1999.0;9;1;2;4;2021;20;5;75;75119;2;2;1;3;48,8788830000;2,4018750000;4;3;3;0;2;1;1;0;1;50;4;Indemne
202100045239;120 861;1;0;2;1;9;5;159 956;1;1;4;1;2003.0;5;8;2;4;2021;20;5;75;75119;2;2;1;3;48,8788830000;2,4018750000;4;3;3;0;2;1;1;0;1;50;4;Blessé léger
202100045244;120 850;10;0;2;0;16;1;159 943;2;2;1;1;1998.0;9;1;3;4;2021;19;1;75;75114;2;2;1;6;48,8295913276;2,3284519812;4;2;4;0;1;1;1;0;1;50;5;Indemne
202100045244;120 850;10;0;2;0;16;1;159 944;1;1;1;1;1997.0;1;1;3;4;2021;19;1;75;75114;2;2;1;6;48,8295913276;2,3284519812;4;2;4;0;1;1;1;0;1;50;5;Indemne
202100045244;120 851;1;8;2;8;21;5;159 945;1;1;4;1;1978.0;1;8;3;4;2021;19;1;75;75114;2;2;1;6;48,8295913276;2,3284519812;4;2;4;0;1;1;1;0;1;50;5;Blessé léger
202100045249;120 840;7;0;2;5;22;2;159 929;1;1;1;1;1962.0;4;1;3;4;2021;12;1;75;75103;2;2;1;3;48,8618980000;2,3569200000;4;1;1;0;1;1;1;0;1;30;5;Indemne
202100045249;120 840;7;0;2;5;22;2;159 930;3;2;1;2;1994.0;9;1;3;4;2021;12;1;75;75103;2;2;1;3;48,8618980000;2,3569200000;4;1;1;0;1;1;1;0;1;30;5;Indemne
202100045249;120 841;1;0;2;0;16;5;159 931;1;1;4;2;1955.0;3;8;3;4;2021;12;1;75;75103;2;2;1;3;48,8618980000;2,3569200000;4;1;1;0;1;1;1;0;1;30;5;Blessé léger
202100045264;120 812;30;0;2;1;1;3;159 893;1;1;1;1;2002.0;4;2;3;4;2021;20;2;92;92026;2;1;1;3;48,8999680000;2,2466220000;3;2;2;0;1;1;1;0;1;50;5;Indemne
202100045264;120 813;1;0;2;8;10;5;159 894;1;1;4;1;1991.0;4;8;3;4;2021;20;2;92;92026;2;1;1;3;48,8999680000;2,2466220000;3;2;2;0;1;1;1;0;1;50;5;Blessé léger
202100045266;120 807;1;0;2;1;5;5;159 888;1;1;3;1;1965.0;5;2;4;4;2021;10;1;83;83043;1;1;1;5;43,2063180000;6,2950160000;3;2;2;0;2;2;1;0;1;80;6;Blessé hospitalisé
202100045266;120 808;1;0;2;1;5;5;159 889;1;1;3;1;1967.0;5;2;4;4;2021;10;1;83;83043;1;1;1;5;43,2063180000;6,2950160000;3;2;2;0;2;2;1;0;1;80;6;Blessé hospitalisé
202100045266;120 809;33;0;2;1;13;1;159 890;1;1;4;1;1996.0;5;2;4;4;2021;10;1;83;83043;1;1;1;5;43,2063180000;6,2950160000;3;2;2;0;2;2;1;0;1;80;6;Blessé léger
202100045275;120 792;1;0;2;3;15;5;159 867;1;1;4;2;2007.0;5;2;4;4;2021;18;1;42;42271;2;1;1;3;45,4875990000;4,5717370000;7;2;2;0;1;1;1;0;1;50;6;Blessé léger
202100045275;120 793;7;0;9;2;2;1;159 868;1;1;1;2;1945.0;9;1;4;4;2021;18;1;42;42271;2;1;1;3;45,4875990000;4,5717370000;7;2;2;0;1;1;1;0;1;50;6;Indemne
202100045278;120 787;7;0;2;3;1;1;159 858;1;1;1;2;1993.0;0;1;11;3;2021;12;1;56;56015;1;1;1;3;47,6320670000; -2,5588600000;4;2;2;0;1;1;1;0;1;80;3;Indemne
202100045278;120 788;1;0;2;1;1;6;159 859;1;1;3;1;1968.0;5;2;11;3;2021;12;1;56;56015;1;1;1;3;47,6320670000; -2,5588600000;4;2;2;0;1;1;1;0;1;80;3;Blessé hospitalisé
202100045280;120 783;7;0;2;4;17;1;159 851;1;1;1;1;1963.0;5;1;4;4;2021;11;1;74;74011;2;1;1;2;45,9242000000;6,1722620000;3;2;2;0;2;2;1;0;1;50;6;Indemne
202100045280;120 784;1;0;2;1;1;5;159 852;1;1;4;1;2003.0;5;0;4;4;2021;11;1;74;74011;2;1;1;2;45,9242000000;6,1722620000;3;2;2;0;2;2;1;0;1;50;6;Blessé léger
202100045300;120 750;1;0;0;0;1;5;159 805;1;1;4;1;2005.0;5;0;3;4;2021;18;1;14;14589;2;1;1;7;49,0031390000; -0,3004500000;3;2;2;0;1;1;1;0;1;50;5;Blessé léger
202100045311;120 736;7;0;2;3;21;1;159 784;1;1;1;1;1998.0;5;1;4;4;2021;15;1;17;17140;1;1;1;5;45,9173630000; -1,2270360000;4;2;2;0;1;1;1;0;1;80;6;Indemne
202100045311;120 737;1;0;2;4;13;5;159 785;1;1;1;1;1986.0;5;0;4;4;2021;15;1;17;17140;1;1;1;5;45,9173630000; -1,2270360000;4;2;2;0;1;1;1;0;1;80;6;Indemne
202100045311;120 738;1;0;2;1;13;5;159 786;1;1;3;1;2004.0;5;0;4;4;2021;15;1;17;17140;1;1;1;5;45,9173630000; -1,2270360000;4;2;2;0;1;1;1;0;1;80;6;Blessé hospitalisé
202100045360;120 662;34;0;2;1;26;1;159 676;1;1;4;1;1965.0;0;2;2;4;2021;17;1;83;83061;2;1;1;3;43,3883480000;6,7245510000;3;2;2;0;1;1;1;0;1;50;4;Blessé léger
202100045360;120 663;80;0;2;3;19;3;159 677;1;1;3;2;1948.0;0;2;2;4;2021;17;1;83;83061;2;1;1;3;43,3883480000;6,7245510000;3;2;2;0;1;1;1;0;1;50;4;Blessé hospitalisé
202100045363;120 648;1;0;2;8;1;5;159 658;1;1;4;1;1975.0;5;2;24;3;2021;10;1;78;78686;2;2;1;3;48,8041100000;2,1696400000;3;2;2;0;1;1;1;5;1;50;2;Blessé léger
202100045363;120 649;7;0;2;1;1;1;159 659;1;1;1;2;1977.0;5;1;24;3;2021;10;1;78;78686;2;2;1;3;48,8041100000;2,1696400000;3;2;2;0;1;1;1;5;1;50;2;Indemne
202100045368;120 635;7;0;2;7;1;1;159 643;1;1;1;2;1967.0;9;1;2;4;2021;18;1;71;71306;2;1;1;3;46,6736100000;4,3742300000;4;2;2;0;1;1;1;0;1;50;4;Indemne
202100045368;120 636;1;0;2;1;19;5;159 644;1;1;4;1;2001.0;5;8;2;4;2021;18;1;71;71306;2;1;1;3;46,6736100000;4,3742300000;4;2;2;0;1;1;1;0;1;50;4;Blessé léger
202100045379;120 618;7;0;2;1;17;1;159 620;1;1;1;1;1997.0;0;1;31;3;2021;13;1;59;59234;2;1;1;3;50,3991900000;3,0432200000;4;2;2;0;2;1;1;0;1;50;2;Indemne
202100045379;120 619;1;0;2;8;15;5;159 621;1;1;3;1;1984.0;1;8;31;3;2021;13;1;59;59234;2;1;1;3;50,3991900000;3,0432200000;4;2;2;0;2;1;1;0;1;50;2;Blessé hospitalisé
202100045382;120 612;7;0;0;7;2;1;159 612;2;2;1;1;1983.0;1;1;2;4;2021;13;1;51;51454;2;2;1;3;49,2491428808;4,0369553178;4;2;3;1;1;1;1;5;1;50;4;Indemne
202100045382;120 612;7;0;0;7;2;1;159 613;1;1;1;2;1999.0;9;1;2;4;2021;13;1;51;51454;2;2;1;3;49,2491428808;4,0369553178;4;2;3;1;1;1;1;5;1;50;4;Indemne
202100045382;120 613;1;0;2;7;15;5;159 614;1;1;4;2;2005.0;5;8;2;4;2021;13;1;51;51454;2;2;1;3;49,2491428808;4,0369553178;4;2;3;1;1;1;1;5;1;50;4;Blessé léger
202100045387;120 604;1;0;2;0;1;5;159 603;1;1;4;1;2008.0;0;8;31;3;2021;11;1;49;49007;2;1;1;6;47,4573800000; -0,5231700000;4;2;2;0;1;1;1;0;1;50;2;Blessé léger
202100045399;120 582;33;0;2;6;15;1;159 577;1;1;1;1;1987.0;1;2;2;4;2021;18;1;33;33063;2;4;1;2;44,8359570000; -0,5834200000;4;3;6;2;1;1;1;5;1;50;4;Indemne
202100045399;120 583;1;0;2;2;15;0;159 578;1;1;4;1;1958.0;5;8;2;4;2021;18;1;33;33063;2;4;1;2;44,8359570000; -0,5834200000;4;3;6;2;1;1;1;5;1;50;4;Blessé léger
202100045400;120 580;1;0;4;1;19;5;159 575;1;1;4;1;2006.0;0;8;2;4;2021;08;1;33;33063;2;1;1;3;44,8430400000; -0,5552700000;4;3;6;3;1;1;1;4;6;50;4;Blessé léger
202100045400;120 581;40;0;2;1;1;3;159 576;1;1;1;1;1991.0;4;8;2;4;2021;08;1;33;33063;2;1;1;3;44,8430400000; -0,5552700000;4;3;6;3;1;1;1;4;6;50;4;Indemne
202100045428;120 529;1;0;1;4;25;5;159 509;10;3;4;2;1934.0;5;0;2;4;2021;15;1;75;75111;2;2;1;6;48,8584220000;2,3800150000;4;2;2;0;1;1;1;0;4;30;4;Blessé léger
202100045428;120 529;1;0;1;4;25;5;159 510;1;1;1;1;1992.0;5;2;2;4;2021;15;1;75;75111;2;2;1;6;48,8584220000;2,3800150000;4;2;2;0;1;1;1;0;4;30;4;Indemne
202100045447;120 501;1;0;2;1;2;5;159 471;1;1;4;1;1989.0;0;2;1;4;2021;19;1;93;93006;2;1;1;3;48,8729683817;2,4291861285;3;2;2;3;1;1;1;0;1;50;3;Blessé léger
202100045447;120 502;7;0;9;3;2;1;159 472;1;1;1;1;1993.0;0;1;1;4;2021;19;1;93;93006;2;1;1;3;48,8729683817;2,4291861285;3;2;2;3;1;1;1;0;1;50;3;Indemne
202100045448;120 499;7;0;2;3;1;2;159 469;1;1;1;2;1977.0;9;1;2;4;2021;16;1;93;93032;2;3;1;3;48,8845500000;2,5320100000;3;2;4;0;1;1;1;0;1;50;4;Indemne
202100045448;120 500;1;0;2;7;0;5;159 470;1;1;4;2;2007.0;9;8;2;4;2021;16;1;93;93032;2;3;1;3;48,8845500000;2,5320100000;3;2;4;0;1;1;1;0;1;50;4;Blessé léger
202100045455;120 485;80;0;2;1;2;3;159 455;1;1;4;1;1997.0;4;2;30;3;2021;08;1;92;92063;2;1;1;2;48,8758800000;2,1864200000;4;2;2;0;2;1;1;0;1;50;1;Blessé léger
202100045455;120 486;7;0;2;4;23;1;159 456;1;1;1;2;1976.0;1;1;30;3;2021;08;1;92;92063;2;1;1;2;48,8758800000;2,1864200000;4;2;2;0;2;1;1;0;1;50;1;Indemne
202100045456;120 483;1;0;2;1;25;5;159 453;1;1;4;2;1985.0;1;8;2;4;2021;09;1;92;92051;2;1;1;3;48,8808100000;2,2668300000;4;1;1;0;1;1;1;0;1;50;4;Blessé léger
202100045456;120 484;7;0;2;7;1;1;159 454;1;1;1;1;1947.0;5;1;2;4;2021;09;1;92;92051;2;1;1;3;48,8808100000;2,2668300000;4;1;1;0;1;1;1;0;1;50;4;Indemne
202100045461;120 475;1;0;2;1;1;5;159 442;1;1;4;1;1988.0;5;2;2;4;2021;15;1;92;92026;2;3;1;1;48,8909017899;2,2476804256;3;4;3;1;3;3;1;0;5;50;4;Blessé léger
202100045461;120 476;7;0;2;1;16;1;159 443;1;1;1;1;1975.0;4;1;2;4;2021;15;1;92;92026;2;3;1;1;48,8909017899;2,2476804256;3;4;3;1;3;3;1;0;5;50;4;Indemne
202100045463;120 471;1;0;2;1;13;5;159 438;1;1;4;1;1978.0;5;0;2;4;2021;19;3;974;97415;2;1;1;1; -21,0779480000;55,2680970000;3;2;2;0;2;3;1;0;1;50;4;Blessé léger