Num_Acc;id_vehicule;catv;obs;obsm;choc;manv;motor;id_usager;place;catu;grav;sexe;an_nais;trajet;secu1;jour;mois;an;hrmn;lum;dep;com;agg;int;atm;col;lat;long;catr;circ;nbv;vosp;prof;plan;surf;infra;situ;vma;day_of_week;gravity
202100045463;120 472;7;0;2;3;1;1;159 439;1;1;1;1;1968.0;4;1;2;4;2021;19;3;974;97415;2;1;1;1; -21,0779480000;55,2680970000;3;2;2;0;2;3;1;0;1;50;4;Indemne
202100045502;120 405;1;0;2;1;1;5;159 350;1;1;3;1;1987.0;5;2;2;4;2021;12;1;13;13015;2;2;1;1;43,4573580000;5,4130790000;7;2;2;0;2;4;1;0;1;50;4;Blessé hospitalisé
202100045502;120 406;7;0;2;1;15;1;159 351;1;1;1;2;1952.0;5;1;2;4;2021;12;1;13;13015;2;2;1;1;43,4573580000;5,4130790000;7;2;2;0;2;4;1;0;1;50;4;Indemne
202100045533;120 353;7;0;2;7;1;1;159 270;1;1;1;1;1965.0;0;1;1;4;2021;11;1;973;97302;2;9;1;6;4,9320163056; -52,3239111944;4;2;1;0;1;1;1;0;1;50;3;Indemne
202100045533;120 354;1;0;0;0;0;1;159 271;1;1;4;1;1999.0;9;0;1;4;2021;11;1;973;97302;2;9;1;6;4,9320163056; -52,3239111944;4;2;1;0;1;1;1;0;1;50;3;Blessé léger
202100045535;120 349;1;0;2;1;1;5;159 265;1;1;4;1;1999.0;4;8;1;4;2021;16;1;69;69386;2;1;1;2;45,7688600000;4,8602000000;4;2;2;1;1;1;1;0;1;50;3;Blessé léger
202100045535;120 350;7;0;2;4;1;1;159 266;2;2;1;1;1989.0;9;1;1;4;2021;16;1;69;69386;2;1;1;2;45,7688600000;4,8602000000;4;2;2;1;1;1;1;0;1;50;3;Indemne
202100045535;120 350;7;0;2;4;1;1;159 267;1;1;1;2;1963.0;9;1;1;4;2021;16;1;69;69386;2;1;1;2;45,7688600000;4,8602000000;4;2;2;1;1;1;1;0;1;50;3;Indemne
202100045538;120 343;1;0;2;1;1;5;159 257;1;1;4;2;1972.0;9;8;1;4;2021;13;1;69;69383;2;2;1;1;45,7629350549;4,8638052866;4;2;3;1;1;1;1;0;1;50;3;Blessé léger
202100045538;120 344;7;0;2;2;1;1;159 258;1;1;1;2;1933.0;9;1;1;4;2021;13;1;69;69383;2;2;1;1;45,7629350549;4,8638052866;4;2;3;1;1;1;1;0;1;50;3;Indemne
202100045557;120 308;1;0;1;1;1;5;159 210;10;3;3;2;1974.0;2;0;29;3;2021;11;1;78;78646;2;1;1;6;48,7948500000;2,1288500000;4;1;1;0;2;1;1;0;1;30;0;Blessé hospitalisé
202100045557;120 308;1;0;1;1;1;5;159 211;10;3;4;2;2013.0;2;0;29;3;2021;11;1;78;78646;2;1;1;6;48,7948500000;2,1288500000;4;1;1;0;2;1;1;0;1;30;0;Blessé léger
202100045557;120 308;1;0;1;1;1;5;159 212;1;1;1;1;2006.0;2;8;29;3;2021;11;1;78;78646;2;1;1;6;48,7948500000;2,1288500000;4;1;1;0;2;1;1;0;1;30;0;Indemne
202100045563;120 289;7;0;2;1;9;1;159 188;1;1;1;1;1952.0;0;1;1;4;2021;10;1;72;72181;2;6;1;3;48,0039600000;0,2026400000;4;1;2;2;1;1;1;0;1;50;3;Indemne
202100045563;120 290;1;0;2;7;1;5;159 189;1;1;4;2;1984.0;0;8;1;4;2021;10;1;72;72181;2;6;1;3;48,0039600000;0,2026400000;4;1;2;2;1;1;1;0;1;50;3;Blessé léger
202100045564;120 287;1;1;0;1;1;5;159 186;1;1;4;1;1958.0;0;8;31;3;2021;10;1;72;72181;2;1;1;3;48,0125400000;0,2064500000;4;2;2;0;1;1;1;0;1;50;2;Blessé léger
202100045564;120 288;7;0;2;8;22;1;159 187;1;1;1;1;1961.0;0;8;31;3;2021;10;1;72;72181;2;1;1;3;48,0125400000;0,2064500000;4;2;2;0;1;1;1;0;1;50;2;Indemne
202100045566;120 283;1;0;2;1;16;5;159 181;1;1;4;1;2009.0;2;2;1;4;2021;13;1;69;69091;2;1;1;1;45,5739300000;4,7898100000;4;2;2;0;1;1;1;0;1;50;3;Blessé léger
202100045566;120 284;7;0;2;3;1;1;159 182;1;1;1;2;1978.0;2;1;1;4;2021;13;1;69;69091;2;1;1;1;45,5739300000;4,7898100000;4;2;2;0;1;1;1;0;1;50;3;Indemne
202100045579;120 260;7;0;2;1;16;1;159 149;1;1;1;1;2001.0;9;1;30;3;2021;17;1;57;57672;2;3;1;3;49,3597200000;6,1595700000;4;2;3;0;1;1;1;0;1;50;1;Indemne
202100045579;120 261;1;0;2;1;19;5;159 150;1;1;4;1;2007.0;2;2;30;3;2021;17;1;57;57672;2;3;1;3;49,3597200000;6,1595700000;4;2;3;0;1;1;1;0;1;50;1;Blessé léger
202100045587;120 244;7;0;2;1;1;1;159 126;1;1;1;2;1993.0;0;1;31;3;2021;08;1;49;49007;2;3;1;3;47,4753700000; -0,5485400000;4;2;2;0;1;1;1;0;1;50;2;Indemne
202100045587;120 245;1;0;2;1;1;5;159 127;1;1;4;2;1995.0;1;2;31;3;2021;08;1;49;49007;2;3;1;3;47,4753700000; -0,5485400000;4;2;2;0;1;1;1;0;1;50;2;Blessé léger
202100045595;120 228;1;0;2;1;1;5;159 108;1;1;4;1;2006.0;2;2;1;4;2021;07;1;35;35238;2;2;1;3;48,0973700000; -1,6749640000;4;2;2;0;1;1;1;5;1;50;3;Blessé léger
202100045595;120 229;7;0;2;7;16;1;159 109;1;1;1;2;1956.0;4;1;1;4;2021;07;1;35;35238;2;2;1;3;48,0973700000; -1,6749640000;4;2;2;0;1;1;1;5;1;50;3;Indemne
202100045597;120 224;7;0;2;2;17;1;159 104;1;1;1;2;1952.0;9;1;1;4;2021;07;2;32;32013;2;1;1;3;43,6401500000;0,5949400000;4;2;2;0;1;1;1;0;1;50;3;Indemne
202100045597;120 225;1;0;2;8;1;5;159 105;1;1;4;1;1956.0;1;2;1;4;2021;07;2;32;32013;2;1;1;3;43,6401500000;0,5949400000;4;2;2;0;1;1;1;0;1;50;3;Blessé léger
202100045614;120 199;1;0;2;8;16;5;159 071;1;1;2;1;1944.0;5;8;31;3;2021;14;1;11;11262;2;6;1;3;43,1695691266;2,9886607102;4;3;2;0;1;1;1;0;1;50;2;Tué
202100045614;120 200;15;0;2;5;16;1;159 072;1;1;1;1;1969.0;4;1;31;3;2021;14;1;11;11262;2;6;1;3;43,1695691266;2,9886607102;4;3;2;0;1;1;1;0;1;50;2;Indemne
202100045629;120 175;1;12;0;1;1;5;159 042;1;1;4;1;1991.0;1;8;1;4;2021;22;5;75;75113;2;2;1;6;48,8331720000;2,3567680000;4;1;2;3;3;1;1;0;1;50;3;Blessé léger
202100045634;120 167;1;0;1;2;5;5;159 032;1;1;1;1;1988.0;1;8;1;4;2021;12;1;75;75111;2;3;1;6;48,8659280000;2,3785540000;4;1;1;0;2;1;1;0;1;50;3;Indemne
202100045634;120 167;1;0;1;2;5;5;159 033;10;3;3;2;1939.0;3;0;1;4;2021;12;1;75;75111;2;3;1;6;48,8659280000;2,3785540000;4;1;1;0;2;1;1;0;1;50;3;Blessé hospitalisé
202100045636;120 164;1;0;0;1;16;5;159 029;1;1;4;1;1983.0;1;8;1;4;2021;09;1;75;75110;2;4;1;6;48,8824970000;2,3692310000;4;1;5;1;1;1;1;0;1;30;3;Blessé léger
202100045638;120 160;1;0;2;8;23;5;159 025;1;1;4;2;1979.0;3;8;1;4;2021;14;1;75;75108;2;2;1;2;48,8701120000;2,3065780000;4;1;2;0;1;1;1;0;1;50;3;Blessé léger
202100045638;120 161;7;0;2;7;1;1;159 026;1;1;1;2;2001.0;3;1;1;4;2021;14;1;75;75108;2;2;1;2;48,8701120000;2,3065780000;4;1;2;0;1;1;1;0;1;50;3;Indemne
202100045661;120 121;7;0;2;2;16;1;158 976;1;1;1;1;1990.0;1;1;1;4;2021;07;1;92;92026;2;3;1;3;48,8895357341;2,2503036261;3;3;2;1;1;1;1;0;5;50;3;Indemne
202100045661;120 122;1;0;2;1;1;5;158 977;1;1;4;1;1969.0;1;2;1;4;2021;07;1;92;92026;2;3;1;3;48,8895357341;2,2503036261;3;3;2;1;1;1;1;0;5;50;3;Blessé léger
202100045665;120 115;1;0;2;1;5;5;158 967;1;1;4;1;2007.0;2;2;1;4;2021;15;1;92;92036;2;1;1;1;48,9348616662;2,2912019491;4;1;1;0;1;1;1;0;1;50;3;Blessé léger
202100045665;120 116;7;0;2;3;1;1;158 968;1;1;1;2;1991.0;5;1;1;4;2021;15;1;92;92036;2;1;1;1;48,9348616662;2,2912019491;4;1;1;0;1;1;1;0;1;50;3;Indemne
202100045668;120 106;10;0;0;8;1;1;158 958;1;1;1;1;1965.0;4;0;2;4;2021;07;1;974;97415;2;1;1;3; -21,0066980000;55,2762830000;4;2;2;0;1;1;1;0;1;30;4;Indemne
202100045668;120 107;33;8;2;0;17;0;158 959;1;1;2;1;2001.0;1;2;2;4;2021;07;1;974;97415;2;1;1;3; -21,0066980000;55,2762830000;4;2;2;0;1;1;1;0;1;30;4;Tué
202100045668;120 108;1;0;0;0;1;6;158 960;1;1;1;1;2006.0;2;8;2;4;2021;07;1;974;97415;2;1;1;3; -21,0066980000;55,2762830000;4;2;2;0;1;1;1;0;1;30;4;Indemne
202100045674;120 096;80;0;2;2;1;3;158 945;1;1;3;2;1954.0;5;0;31;3;2021;17;1;62;62584;2;1;1;3;50,5859330000;2,5963730000;4;2;2;0;2;1;1;0;1;50;2;Blessé hospitalisé
202100045674;120 097;80;0;2;6;13;3;158 946;1;1;1;1;1948.0;5;2;31;3;2021;17;1;62;62584;2;1;1;3;50,5859330000;2,5963730000;4;2;2;0;2;1;1;0;1;50;2;Indemne
202100045693;120 066;7;0;0;2;15;1;158 906;1;1;1;1;1965.0;1;1;1;4;2021;15;1;68;68118;2;3;1;3;47,7392740000;7,4165270000;3;2;2;0;1;1;1;0;8;50;3;Indemne
202100045693;120 067;1;0;2;1;25;5;158 907;1;1;4;2;2008.0;5;0;1;4;2021;15;1;68;68118;2;3;1;3;47,7392740000;7,4165270000;3;2;2;0;1;1;1;0;8;50;3;Blessé léger
202100045695;120 063;7;0;9;1;2;1;158 903;1;1;1;1;1950.0;5;1;23;3;2021;14;1;91;91579;1;6;7;2;48,5405630000;2,3519330000;3;1;2;0;1;2;1;0;1;30;1;Indemne
202100045695;120 064;1;0;0;4;2;5;158 904;1;1;3;1;1942.0;5;2;23;3;2021;14;1;91;91579;1;6;7;2;48,5405630000;2,3519330000;3;1;2;0;1;2;1;0;1;30;1;Blessé hospitalisé
202100045699;120 055;1;0;2;5;1;5;158 895;1;1;4;1;1973.0;4;2;24;3;2021;14;1;73;73065;2;6;1;2;45,5945220000;5,9053230000;4;1;1;0;1;2;1;5;1;50;2;Blessé léger
202100045699;120 056;7;0;2;1;9;1;158 896;1;1;1;2;1941.0;5;8;24;3;2021;14;1;73;73065;2;6;1;2;45,5945220000;5,9053230000;4;1;1;0;1;2;1;5;1;50;2;Indemne
202100045709;120 040;10;0;9;2;1;1;158 876;1;1;1;1;1993.0;1;1;29;3;2021;07;1;27;27188;1;1;7;2;49,2971220000;1,0696810000;3;2;2;0;1;1;1;0;1;70;0;Indemne
202100045709;120 041;1;0;0;4;1;5;158 877;1;1;3;1;1966.0;1;4;29;3;2021;07;1;27;27188;1;1;7;2;49,2971220000;1,0696810000;3;2;2;0;1;1;1;0;1;70;0;Blessé hospitalisé
202100045729;120 011;7;0;9;2;15;1;158 838;1;1;1;1;1965.0;5;1;31;3;2021;09;1;972;97213;1;9;1;1;14,6174576623; -60,9595459700;2;2;2;0;1;4;1;0;1;50;2;Indemne
202100045729;120 012;1;0;2;2;15;5;158 839;1;1;3;1;1957.0;5;2;31;3;2021;09;1;972;97213;1;9;1;1;14,6174576623; -60,9595459700;2;2;2;0;1;4;1;0;1;50;2;Blessé hospitalisé
202100045735;120 001;80;0;2;1;9;3;158 820;1;1;3;2;1952.0;0;8;30;3;2021;17;1;86;86041;2;6;1;3;46,6030320000;0,3768850000;4;2;2;0;1;2;1;5;1;50;1;Blessé hospitalisé
202100045735;120 002;7;0;2;2;1;1;158 821;1;1;1;1;1998.0;0;1;30;3;2021;17;1;86;86041;2;6;1;3;46,6030320000;0,3768850000;4;2;2;0;1;2;1;5;1;50;1;Indemne
202100045737;119 999;1;0;1;1;1;5;158 816;1;1;1;1;2002.0;0;2;29;3;2021;11;1;80;80021;2;1;1;6;49,8898090199;2,2818701871;4;2;2;0;1;1;1;0;1;50;0;Indemne
202100045737;119 999;1;0;1;1;1;5;158 817;10;3;4;2;1961.0;0;0;29;3;2021;11;1;80;80021;2;1;1;6;49,8898090199;2,2818701871;4;2;2;0;1;1;1;0;1;50;0;Blessé léger
202100045742;119 989;7;0;2;1;1;1;158 805;1;1;1;1;1997.0;0;1;28;3;2021;18;1;68;68066;2;9;1;6;48,0645000000;7,3577100000;4;2;2;0;1;1;1;0;1;30;6;Indemne
202100045742;119 990;1;0;2;8;19;5;158 806;1;1;3;2;1981.0;0;8;28;3;2021;18;1;68;68066;2;9;1;6;48,0645000000;7,3577100000;4;2;2;0;1;1;1;0;1;30;6;Blessé hospitalisé
202100045743;119 987;1;0;2;6;19;5;158 803;1;1;4;1;1973.0;1;8;30;3;2021;17;1;67;67482;2;8;1;3;48,5628080000;7,7525740000;4;3;4;3;1;3;1;4;1;50;1;Blessé léger
202100045743;119 988;7;0;2;3;1;1;158 804;1;1;1;1;1971.0;9;1;30;3;2021;17;1;67;67482;2;8;1;3;48,5628080000;7,7525740000;4;3;4;3;1;3;1;4;1;50;1;Indemne
202100045756;119 963;1;12;0;1;14;5;158 772;1;1;4;1;1959.0;5;2;31;3;2021;17;1;51;51454;2;1;7;6;49,2302798631;4,0506988764;3;2;2;0;1;3;1;0;1;50;2;Blessé léger
202100045758;119 958;17;0;9;7;1;1;158 767;1;1;1;1;1967.0;1;1;31;3;2021;15;1;49;49007;2;1;1;3;47,4663500000; -0,5530700000;4;2;4;2;1;1;1;0;5;50;2;Indemne
202100045758;119 959;1;0;2;8;1;5;158 768;1;1;4;2;1963.0;0;8;31;3;2021;15;1;49;49007;2;1;1;3;47,4663500000; -0,5530700000;4;2;4;2;1;1;1;0;5;50;2;Blessé léger
202100045759;119 957;1;8;0;1;1;5;158 766;1;1;4;1;1973.0;9;8;31;3;2021;13;1;49;49267;2;1;1;7;47,4773100000; -0,5066300000;4;2;2;0;1;1;1;0;1;50;2;Blessé léger
202100045771;119 935;80;0;2;8;1;3;158 733;1;1;3;1;1996.0;0;8;31;3;2021;15;1;18;18033;2;3;1;3;47,0796100000;2,3893100000;4;2;2;0;1;1;1;0;1;50;2;Blessé hospitalisé
202100045771;119 936;7;0;2;3;15;1;158 734;1;1;1;2;1984.0;0;1;31;3;2021;15;1;18;18033;2;3;1;3;47,0796100000;2,3893100000;4;2;2;0;1;1;1;0;1;50;2;Indemne
202100045773;119 931;7;0;2;1;1;1;158 729;1;1;1;1;1974.0;5;1;30;3;2021;13;1;14;14327;2;2;1;3;49,2070000000; -0,3404100000;4;2;2;0;1;1;1;0;1;50;1;Indemne
202100045773;119 932;1;0;2;1;1;5;158 730;1;1;4;2;2000.0;5;8;30;3;2021;13;1;14;14327;2;2;1;3;49,2070000000; -0,3404100000;4;2;2;0;1;1;1;0;1;50;1;Blessé léger
202100045802;119 883;1;0;2;1;1;5;158 672;1;1;4;1;1998.0;0;0;31;3;2021;21;5;94;94041;2;9;1;1;48,8217300000;2,3934600000;3;2;7;1;1;1;1;0;5;50;2;Blessé léger
202100045806;119 877;10;0;9;1;1;1;158 665;1;1;1;1;1989.0;9;1;31;3;2021;09;1;94;94022;2;2;1;3;48,7629303844;2,4037076560;3;3;12;0;1;1;1;0;1;30;2;Indemne
202100045806;119 878;1;0;2;0;0;0;158 666;1;1;4;1;1943.0;5;2;31;3;2021;09;1;94;94022;2;2;1;3;48,7629303844;2,4037076560;3;3;12;0;1;1;1;0;1;30;2;Blessé léger
202100045824;119 845;7;0;2;2;15;1;158 625;1;1;1;2;1966.0;1;8;31;3;2021;13;1;39;39009;1;3;7;3;46,8433240000;5,9185050000;3;2;2;0;1;1;1;0;1;80;2;Indemne
202100045824;119 846;80;0;2;7;1;3;158 626;1;1;3;1;1952.0;5;8;31;3;2021;13;1;39;39009;1;3;7;3;46,8433240000;5,9185050000;3;2;2;0;1;1;1;0;1;80;2;Blessé hospitalisé
202100045830;119 832;7;0;2;1;1;1;158 604;1;1;1;1;1983.0;3;1;31;3;2021;19;1;31;31113;2;1;1;1;43,5172100000;1,5018170000;4;1;1;0;1;3;1;0;1;30;2;Indemne
202100045830;119 833;1;0;2;1;5;5;158 605;1;1;4;1;2011.0;5;0;31;3;2021;19;1;31;31113;2;1;1;1;43,5172100000;1,5018170000;4;1;1;0;1;3;1;0;1;30;2;Blessé léger
202100045845;119 808;7;0;9;1;5;1;158 573;1;1;1;1;1991.0;5;1;1;4;2021;18;1;55;55132;2;1;1;1;48,6116980000;5,0849110000;4;2;2;0;1;3;1;0;1;50;3;Indemne
202100045845;119 809;1;0;2;1;1;5;158 574;1;1;3;1;1975.0;1;0;1;4;2021;18;1;55;55132;2;1;1;1;48,6116980000;5,0849110000;4;2;2;0;1;3;1;0;1;50;3;Blessé hospitalisé
202100045852;119 796;1;0;2;1;1;5;158 559;1;1;4;1;1978.0;5;2;31;3;2021;12;1;31;31347;1;2;1;3;43,3982670000;0,7941540000;3;2;2;0;1;1;1;0;1;80;2;Blessé léger
202100045852;119 797;7;0;2;2;19;1;158 560;1;1;1;1;2000.0;1;1;31;3;2021;12;1;31;31347;1;2;1;3;43,3982670000;0,7941540000;3;2;2;0;1;1;1;0;1;80;2;Indemne
202100045856;119 786;1;0;2;4;2;5;158 547;1;1;4;1;1976.0;5;6;1;4;2021;09;1;90;90052;2;6;1;2;47,7373860000;6,8355940000;3;1;1;0;1;2;1;5;1;30;3;Blessé léger
202100045856;119 787;7;0;9;3;2;1;158 548;1;1;1;2;1946.0;3;1;1;4;2021;09;1;90;90052;2;6;1;2;47,7373860000;6,8355940000;3;1;1;0;1;2;1;5;1;30;3;Indemne
202100045858;119 783;7;0;2;8;9;1;158 544;1;1;1;2;1965.0;1;1;31;3;2021;18;1;43;43152;1;6;7;3;45,0662591493;3,8507992029;2;2;2;0;1;2;1;0;1;80;2;Indemne
202100045858;119 784;1;0;2;2;26;5;158 545;1;1;3;1;1995.0;5;2;31;3;2021;18;1;43;43152;1;6;7;3;45,0662591493;3,8507992029;2;2;2;0;1;2;1;0;1;80;2;Blessé hospitalisé
202100045862;119 776;1;0;2;4;2;5;158 533;1;1;4;2;1978.0;3;0;31;3;2021;17;1;08;08039;2;1;1;2;49,4588190000;4,0902430000;3;2;2;0;1;2;1;0;1;50;2;Blessé léger
202100045862;119 777;7;0;2;5;2;1;158 534;1;1;1;1;1963.0;0;8;31;3;2021;17;1;08;08039;2;1;1;2;49,4588190000;4,0902430000;3;2;2;0;1;2;1;0;1;50;2;Indemne
202100045876;119 754;7;0;0;7;15;1;158 504;1;1;1;2;1937.0;9;1;31;3;2021;17;1;69;69117;1;3;1;3;45,8565923895;4,7381329536;7;2;2;0;2;1;1;0;1;80;2;Indemne
202100045876;119 755;1;0;0;1;1;5;158 505;1;1;4;1;2003.0;5;2;31;3;2021;17;1;69;69117;1;3;1;3;45,8565923895;4,7381329536;7;2;2;0;2;1;1;0;1;80;2;Blessé léger
202100045924;119 669;1;0;2;0;0;5;158 393;1;1;3;2;2009.0;2;8;30;3;2021;13;1;77;77285;2;9;1;3;48,5388490000;2,6241550000;4;2;2;0;1;1;1;0;1;30;1;Blessé hospitalisé
202100045924;119 670;34;0;2;0;0;1;158 394;1;1;4;1;1987.0;5;0;30;3;2021;13;1;77;77285;2;9;1;3;48,5388490000;2,6241550000;4;2;2;0;1;1;1;0;1;30;1;Blessé léger
202100045926;119 663;7;0;2;3;9;2;158 387;1;1;1;1;1981.0;4;1;29;3;2021;16;1;72;72181;2;6;1;3;48,0077500000;0,1988300000;4;2;4;2;1;1;1;5;1;50;0;Indemne
202100045926;119 664;1;0;2;7;1;5;158 388;1;1;4;2;1965.0;1;8;29;3;2021;16;1;72;72181;2;6;1;3;48,0077500000;0,1988300000;4;2;4;2;1;1;1;5;1;50;0;Blessé léger
202100045927;119 661;1;0;2;1;1;5;158 385;1;1;4;2;1967.0;1;8;29;3;2021;12;1;72;72181;2;6;1;3;48,0078000000;0,1985000000;4;2;4;0;3;1;1;5;1;50;0;Blessé léger
202100045927;119 662;7;0;2;1;9;1;158 386;1;1;1;2;1978.0;0;1;29;3;2021;12;1;72;72181;2;6;1;3;48,0078000000;0,1985000000;4;2;4;0;3;1;1;5;1;50;0;Indemne
202100045930;119 655;1;0;2;1;19;5;158 379;1;1;4;2;2002.0;2;8;29;3;2021;18;1;67;67482;2;3;1;3;48,5789940000;7,7682020000;4;3;2;3;1;1;1;0;1;25;0;Blessé léger
202100045930;119 656;7;0;2;3;1;2;158 380;1;1;1;1;1959.0;0;1;29;3;2021;18;1;67;67482;2;3;1;3;48,5789940000;7,7682020000;4;3;2;3;1;1;1;0;1;25;0;Indemne
202100045942;119 633;1;0;2;1;1;5;158 349;1;1;3;2;1995.0;0;8;30;3;2021;18;1;44;44109;2;1;1;3;47,2470300000; -1,5554100000;4;2;2;1;1;1;1;0;5;50;1;Blessé hospitalisé
202100045942;119 634;7;0;2;2;16;1;158 350;1;1;1;1;2002.0;0;1;30;3;2021;18;1;44;44109;2;1;1;3;47,2470300000; -1,5554100000;4;2;2;1;1;1;1;0;5;50;1;Indemne
202100045944;119 630;1;0;2;7;19;5;158 346;1;1;4;2;1974.0;1;8;30;3;2021;08;1;37;37261;2;6;7;6;47,4300468536;0,7050969796;3;2;4;0;1;3;1;5;1;50;1;Blessé léger
202100045944;119 631;7;0;2;1;16;1;158 347;1;1;1;1;1974.0;1;1;30;3;2021;08;1;37;37261;2;6;7;6;47,4300468536;0,7050969796;3;2;4;0;1;3;1;5;1;50;1;Indemne
202100045946;119 627;1;0;2;1;1;5;158 343;1;1;4;1;1978.0;1;8;30;3;2021;09;1;35;35238;2;1;1;3;48,1081200000; -1,6827100000;4;3;4;2;1;1;1;0;5;30;1;Blessé léger
202100045946;119 628;7;0;2;5;16;1;158 344;1;1;1;2;1968.0;1;1;30;3;2021;09;1;35;35238;2;1;1;3;48,1081200000; -1,6827100000;4;3;4;2;1;1;1;0;5;30;1;Indemne
202100045954;119 612;7;0;9;0;1;1;158 320;1;1;1;1;2003.0;5;1;30;3;2021;17;1;27;27229;2;2;7;1;49,0224500000;1,1509200000;4;2;2;0;1;1;1;0;1;30;1;Indemne
202100045954;119 613;1;0;2;0;15;5;158 321;1;1;3;1;2003.0;0;8;30;3;2021;17;1;27;27229;2;2;7;1;49,0224500000;1,1509200000;4;2;2;0;1;1;1;0;1;30;1;Blessé hospitalisé
202100045978;119 568;1;0;2;3;15;5;158 261;1;1;4;1;1962.0;1;8;29;3;2021;17;1;75;75114;2;7;1;3;48,8335720000;2,3363210000;4;2;5;0;1;1;1;0;1;50;0;Blessé léger
202100045978;119 569;7;0;2;2;1;1;158 262;1;1;1;2;1930.0;5;1;29;3;2021;17;1;75;75114;2;7;1;3;48,8335720000;2,3363210000;4;2;5;0;1;1;1;0;1;50;0;Indemne
202100045979;119 566;1;0;2;3;15;5;158 259;1;1;4;2;1974.0;5;8;30;3;2021;16;1;75;75113;2;2;1;3;48,8349740000;2,3449930000;4;2;2;0;1;1;1;0;1;30;1;Blessé léger
202100045979;119 567;37;0;2;2;13;2;158 260;1;1;1;2;1995.0;4;1;30;3;2021;16;1;75;75113;2;2;1;3;48,8349740000;2,3449930000;4;2;2;0;1;1;1;0;1;30;1;Indemne
202100045994;119 543;10;0;2;1;19;1;158 229;1;1;1;1;1998.0;1;1;30;3;2021;19;1;93;93048;2;9;1;1;48,8491973896;2,4225370244;3;1;2;2;1;1;1;0;1;30;1;Indemne
202100045994;119 544;1;0;2;1;19;5;158 230;1;1;4;1;1966.0;0;2;30;3;2021;19;1;93;93048;2;9;1;1;48,8491973896;2,4225370244;3;1;2;2;1;1;1;0;1;30;1;Blessé léger
202100045997;119 537;1;1;0;1;1;5;158 223;1;1;4;1;1970.0;1;2;29;3;2021;18;1;92;92063;2;1;1;3;48,8774213787;2,1879006922;4;2;1;0;1;1;1;0;1;50;0;Blessé léger
202100045997;119 538;7;0;2;8;24;1;158 224;1;1;1;1;1987.0;9;8;29;3;2021;18;1;92;92063;2;1;1;3;48,8774213787;2,1879006922;4;2;1;0;1;1;1;0;1;50;0;Indemne
202100046009;119 517;1;14;0;0;1;5;158 196;1;1;3;1;1957.0;5;2;31;3;2021;15;1;84;84135;1;1;1;7;44,2329580000;4,7967610000;4;2;2;0;2;1;1;0;1;50;2;Blessé hospitalisé
202100046017;119 503;1;0;2;8;1;5;158 182;1;1;3;1;1951.0;5;2;31;3;2021;10;1;25;25623;2;9;7;3;47,2260090000;6,4417970000;3;2;2;0;2;1;1;0;1;50;2;Blessé hospitalisé
202100046017;119 504;7;0;9;1;15;1;158 183;1;1;1;2;1977.0;5;1;31;3;2021;10;1;25;25623;2;9;7;3;47,2260090000;6,4417970000;3;2;2;0;2;1;1;0;1;50;2;Indemne
202100046018;119 501;1;0;2;8;13;5;158 180;1;1;3;1;1949.0;5;8;14;3;2021;12;1;44;44069;2;1;6;3;47,2968230000; -2,3938750000;3;2;2;1;1;3;1;0;1;50;6;Blessé hospitalisé
202100046018;119 502;7;0;9;7;17;1;158 181;1;1;1;1;1987.0;5;1;14;3;2021;12;1;44;44069;2;1;6;3;47,2968230000; -2,3938750000;3;2;2;1;1;3;1;0;1;50;6;Indemne
202100046035;119 471;1;0;0;2;1;5;158 142;1;1;3;1;1968.0;5;2;30;3;2021;15;1;55;55258;1;1;1;2;48,7742670000;5,6937200000;3;2;2;0;1;1;1;0;1;80;1;Blessé hospitalisé
202100046035;119 472;1;0;0;4;1;5;158 143;1;1;1;1;1989.0;5;2;30;3;2021;15;1;55;55258;1;1;1;2;48,7742670000;5,6937200000;3;2;2;0;1;1;1;0;1;80;1;Indemne
202100046043;119 457;7;0;9;6;4;1;158 126;1;1;1;2;1965.0;0;1;30;3;2021;17;1;60;60439;2;9;1;1;49,3159310000;2,3155940000;5;1;1;0;1;1;1;9;8;50;1;Indemne
202100046043;119 458;1;0;0;1;2;5;158 127;1;1;4;1;2013.0;0;0;30;3;2021;17;1;60;60439;2;9;1;1;49,3159310000;2,3155940000;5;1;1;0;1;1;1;9;8;50;1;Blessé léger
202100046046;119 448;1;0;0;0;0;5;158 115;1;1;2;1;1950.0;5;0;27;3;2021;08;1;59;59497;1;1;1;7;50,7191590000;2,3605520000;4;2;2;0;1;1;1;0;3;80;5;Tué
202100046077;119 389;1;0;2;7;0;5;158 040;1;1;4;1;1970.0;5;2;28;3;2021;15;1;64;64237;2;3;1;3;43,2789400000; -0,3753000000;3;2;2;0;2;3;1;0;1;50;6;Blessé léger
202100046077;119 390;7;0;2;1;9;1;158 041;1;1;1;2;1980.0;5;1;28;3;2021;15;1;64;64237;2;3;1;3;43,2789400000; -0,3753000000;3;2;2;0;2;3;1;0;1;50;6;Indemne
202100046088;119 373;7;1;2;2;15;1;158 018;1;1;1;1;1991.0;1;1;23;3;2021;19;1;56;56260;2;2;1;3;47,6622900000; -2,7785300000;4;2;2;0;1;1;1;0;1;50;1;Indemne
202100046088;119 374;1;0;2;1;1;5;158 019;1;1;4;1;2002.0;9;2;23;3;2021;19;1;56;56260;2;2;1;3;47,6622900000; -2,7785300000;4;2;2;0;1;1;1;0;1;50;1;Blessé léger
202100046092;119 366;1;0;2;3;1;5;158 011;1;1;4;1;1975.0;0;2;29;3;2021;17;1;51;51454;2;2;1;3;49,2353177287;4,0699014642;4;2;3;2;1;1;1;0;1;50;0;Blessé léger