Num_Acc;id_vehicule;catv;obs;obsm;choc;manv;motor;id_usager;place;catu;grav;sexe;an_nais;trajet;secu1;jour;mois;an;hrmn;lum;dep;com;agg;int;atm;col;lat;long;catr;circ;nbv;vosp;prof;plan;surf;infra;situ;vma;day_of_week;gravity
202100046092;119 367;10;0;2;3;16;1;158 012;1;1;1;1;1994.0;1;1;29;3;2021;17;1;51;51454;2;2;1;3;49,2353177287;4,0699014642;4;2;3;2;1;1;1;0;1;50;0;Indemne
202100046095;119 362;7;0;2;8;1;1;158 007;1;1;1;1;1993.0;1;1;29;3;2021;08;1;51;51454;2;3;1;3;49,2502238437;4,0268394078;4;1;1;0;1;1;1;0;1;50;0;Indemne
202100046095;119 363;1;0;2;1;1;5;158 008;1;1;4;1;2002.0;2;8;29;3;2021;08;1;51;51454;2;3;1;3;49,2502238437;4,0268394078;4;1;1;0;1;1;1;0;1;50;0;Blessé léger
202100046102;119 352;1;0;9;0;1;5;157 997;1;1;3;2;1951.0;5;2;24;3;2021;16;1;38;38544;1;1;1;7;45,5033291578;4,8943018913;3;2;2;0;2;1;1;0;1;80;2;Blessé hospitalisé
202100046107;119 344;1;0;2;1;1;5;157 985;1;1;4;1;2000.0;5;8;29;3;2021;16;1;35;35238;2;3;1;3;48,0923800000; -1,6914800000;4;2;3;2;1;1;1;0;5;50;0;Blessé léger
202100046107;119 345;7;0;2;5;15;1;157 986;1;1;1;2;1956.0;2;8;29;3;2021;16;1;35;35238;2;3;1;3;48,0923800000; -1,6914800000;4;2;3;2;1;1;1;0;5;50;0;Indemne
202100046128;119 310;7;0;2;3;9;2;157 940;1;1;1;1;1956.0;3;1;29;3;2021;14;1;13;13005;2;6;1;3;43,2965100000;5,5828200000;7;1;2;2;1;2;1;5;1;30;0;Indemne
202100046128;119 311;1;0;2;5;15;0;157 941;1;1;3;2;1964.0;5;2;29;3;2021;14;1;13;13005;2;6;1;3;43,2965100000;5,5828200000;7;1;2;2;1;2;1;5;1;30;0;Blessé hospitalisé
202100046138;119 290;7;0;2;2;1;1;157 919;1;1;1;1;1955.0;4;8;28;3;2021;19;1;75;75118;2;2;1;3;48,8977990000;2,3374340000;4;1;1;0;1;1;1;0;1;50;6;Indemne
202100046138;119 291;1;0;2;1;19;5;157 920;1;1;3;2;2014.0;9;8;28;3;2021;19;1;75;75118;2;2;1;3;48,8977990000;2,3374340000;4;1;1;0;1;1;1;0;1;50;6;Blessé hospitalisé
202100046143;119 281;7;0;2;1;1;1;157 910;1;1;1;1;1985.0;0;1;28;3;2021;17;1;94;94046;2;9;1;3;48,8043900000;2,4325200000;3;2;4;0;1;1;1;0;1;50;6;Indemne
202100046143;119 282;1;0;2;8;19;5;157 911;1;1;4;1;2006.0;5;2;28;3;2021;17;1;94;94046;2;9;1;3;48,8043900000;2,4325200000;3;2;4;0;1;1;1;0;1;50;6;Blessé léger
202100046144;119 279;10;0;2;2;5;1;157 908;1;1;1;1;1991.0;0;8;29;3;2021;18;1;94;94041;2;1;1;3;48,8122700000;2,3740100000;4;1;1;3;1;1;1;6;1;20;0;Indemne
202100046144;119 280;1;0;2;8;26;5;157 909;1;1;4;1;2014.0;5;0;29;3;2021;18;1;94;94041;2;1;1;3;48,8122700000;2,3740100000;4;1;1;3;1;1;1;6;1;20;0;Blessé léger
202100046161;119 254;10;0;2;3;1;1;157 875;1;1;1;2;1966.0;4;1;30;3;2021;08;1;17;17171;1;2;7;3;45,8574490000; -0,7594760000;3;2;2;0;1;1;1;0;1;80;1;Indemne
202100046161;119 255;1;0;2;8;19;5;157 876;1;1;3;1;1994.0;5;0;30;3;2021;08;1;17;17171;1;2;7;3;45,8574490000; -0,7594760000;3;2;2;0;1;1;1;0;1;80;1;Blessé hospitalisé
202100046180;119 223;14;0;2;0;17;1;157 830;1;1;1;1;1998.0;4;1;29;3;2021;15;1;53;53243;1;2;1;3;48,1551410000; -0,8776080000;4;2;2;0;1;1;1;0;1;80;0;Indemne
202100046180;119 224;1;0;2;0;2;5;157 831;1;1;3;1;1968.0;5;2;29;3;2021;15;1;53;53243;1;2;1;3;48,1551410000; -0,8776080000;4;2;2;0;1;1;1;0;1;80;0;Blessé hospitalisé
202100046191;119 205;7;0;0;1;19;1;157 809;1;1;1;2;1991.0;5;1;26;3;2021;11;1;67;67067;2;1;1;3;48,7286600000;7,7168820000;3;2;2;2;1;1;1;0;4;50;4;Indemne
202100046191;119 206;1;0;0;7;1;5;157 810;1;1;3;1;1944.0;5;0;26;3;2021;11;1;67;67067;2;1;1;3;48,7286600000;7,7168820000;3;2;2;2;1;1;1;0;4;50;4;Blessé hospitalisé
202100046199;119 190;1;0;0;0;14;5;157 794;1;1;3;1;1967.0;5;0;30;3;2021;17;1;59;59011;2;4;1;7;50,5313460000;2,9384890000;4;2;2;0;1;1;1;5;1;30;1;Blessé hospitalisé
202100046199;119 191;7;0;0;0;21;1;157 795;1;1;1;1;2001.0;0;1;30;3;2021;17;1;59;59011;2;4;1;7;50,5313460000;2,9384890000;4;2;2;0;1;1;1;5;1;30;1;Indemne
202100046244;119 113;1;12;0;1;14;5;157 690;1;1;4;2;1989.0;5;8;28;3;2021;17;1;75;75115;2;3;1;7;48,8353990000;2,2810220000;4;1;3;0;1;1;1;0;1;50;6;Blessé léger
202100046277;119 057;33;0;2;1;17;1;157 613;1;1;4;2;1999.0;5;2;28;3;2021;16;1;15;15108;1;3;7;2;44,8986410000;3,2268960000;3;2;2;0;1;3;1;0;1;90;6;Blessé léger
202100046277;119 058;1;0;2;4;15;5;157 614;2;1;4;1;1969.0;5;2;28;3;2021;16;1;15;15108;1;3;7;2;44,8986410000;3,2268960000;3;2;2;0;1;3;1;0;1;90;6;Blessé léger
202100046279;119 052;7;0;9;2;2;1;157 606;1;1;1;1;1944.0;5;1;27;3;2021;10;1;50;50260;1;1;7;2;48,6872140000; -0,9803960000;3;2;2;0;2;1;1;0;1;80;5;Indemne
202100046279;119 053;1;0;0;4;1;5;157 607;1;1;3;1;1970.0;5;2;27;3;2021;10;1;50;50260;1;1;7;2;48,6872140000; -0,9803960000;3;2;2;0;2;1;1;0;1;80;5;Blessé hospitalisé
202100046309;119 001;7;0;2;3;1;1;157 530;1;1;1;1;1987.0;5;1;28;3;2021;17;1;68;68211;2;1;1;3;47,8719600000;7,0064260000;3;2;2;0;2;1;1;0;1;50;6;Indemne
202100046309;119 002;1;0;2;1;19;5;157 531;1;1;4;1;2013.0;5;0;28;3;2021;17;1;68;68211;2;1;1;3;47,8719600000;7,0064260000;3;2;2;0;2;1;1;0;1;50;6;Blessé léger
202100046312;118 995;1;0;2;1;15;5;157 523;1;1;3;1;1960.0;5;2;28;3;2021;17;1;65;65320;2;2;1;1;43,1209730000;0,1061300000;4;2;2;0;1;1;1;0;1;50;6;Blessé hospitalisé
202100046312;118 996;7;0;2;3;1;1;157 524;1;1;1;2;1973.0;5;1;28;3;2021;17;1;65;65320;2;2;1;1;43,1209730000;0,1061300000;4;2;2;0;1;1;1;0;1;50;6;Indemne
202100046379;118 867;1;0;2;7;1;5;157 350;1;1;4;2;2003.0;9;8;27;3;2021;15;1;75;75113;2;1;1;3;48,8279520000;2,3424400000;4;1;2;0;1;1;1;0;1;50;5;Blessé léger
202100046379;118 868;10;0;2;3;22;1;157 351;1;1;1;1;1953.0;9;1;27;3;2021;15;1;75;75113;2;1;1;3;48,8279520000;2,3424400000;4;1;2;0;1;1;1;0;1;50;5;Indemne
202100046383;118 861;1;0;2;1;1;5;157 342;1;1;4;2;1970.0;4;8;26;3;2021;09;1;75;75108;2;4;1;3;48,8726600560;2,3081980147;4;1;1;0;1;1;1;0;1;50;4;Blessé léger
202100046383;118 862;7;0;2;3;22;1;157 343;1;1;1;1;1961.0;9;1;26;3;2021;09;1;75;75108;2;4;1;3;48,8726600560;2,3081980147;4;1;1;0;1;1;1;0;1;50;4;Indemne
202100046389;118 851;3;0;2;3;1;1;157 331;1;1;1;2;2003.0;5;1;25;3;2021;16;1;94;94052;2;9;1;3;48,8310800000;2,4687600000;3;1;1;1;1;1;1;0;5;50;3;Indemne
202100046389;118 852;1;0;2;1;2;5;157 332;1;1;4;1;1966.0;1;0;25;3;2021;16;1;94;94052;2;9;1;3;48,8310800000;2,4687600000;3;1;1;1;1;1;1;0;5;50;3;Blessé léger
202100046393;118 845;1;0;2;7;15;5;157 323;1;1;4;2;1989.0;5;8;27;3;2021;17;1;94;94002;2;5;8;3;48,7982300000;2,4205100000;4;2;3;0;1;1;1;0;1;50;5;Blessé léger
202100046393;118 846;7;0;2;3;1;1;157 324;1;1;1;2;1983.0;5;1;27;3;2021;17;1;94;94002;2;5;8;3;48,7982300000;2,4205100000;4;2;3;0;1;1;1;0;1;50;5;Indemne
202100046424;118 795;1;0;2;4;2;5;157 263;1;1;3;2;1957.0;0;2;27;3;2021;16;1;67;67183;1;1;1;1;48,9358670000;7,0211520000;3;2;2;0;1;1;1;0;1;80;5;Blessé hospitalisé
202100046424;118 796;7;0;2;1;2;1;157 264;1;1;1;1;1978.0;5;1;27;3;2021;16;1;67;67183;1;1;1;1;48,9358670000;7,0211520000;3;2;2;0;1;1;1;0;1;80;5;Indemne
202100046432;118 783;7;0;2;7;2;1;157 246;1;1;1;1;1967.0;5;1;27;3;2021;16;1;63;63368;1;1;1;3;45,6998727392;3,3351786732;3;2;2;0;1;1;1;0;1;80;5;Indemne
202100046432;118 784;1;0;2;8;2;0;157 247;1;1;3;1;1970.0;5;2;27;3;2021;16;1;63;63368;1;1;1;3;45,6998727392;3,3351786732;3;2;2;0;1;1;1;0;1;80;5;Blessé hospitalisé
202100046438;118 774;1;0;2;1;1;5;157 235;1;1;3;1;1966.0;5;2;27;3;2021;17;1;39;39572;1;1;1;7;46,9327630000;5,7501630000;3;2;2;0;1;1;1;0;1;80;5;Blessé hospitalisé
202100046448;118 756;1;0;2;7;1;5;157 211;1;1;3;1;1970.0;5;2;27;3;2021;12;1;45;45272;2;1;1;4;47,8118470000;1,9526430000;4;2;2;0;1;1;1;0;1;50;5;Blessé hospitalisé
202100046448;118 757;1;0;2;2;1;5;157 212;1;1;4;1;1959.0;5;2;27;3;2021;12;1;45;45272;2;1;1;4;47,8118470000;1,9526430000;4;2;2;0;1;1;1;0;1;50;5;Blessé léger
202100046448;118 758;10;0;2;6;4;1;157 213;1;1;1;1;1998.0;1;8;27;3;2021;12;1;45;45272;2;1;1;4;47,8118470000;1,9526430000;4;2;2;0;1;1;1;0;1;50;5;Indemne
202100046449;118 754;1;0;2;1;1;5;157 209;1;1;3;1;1950.0;5;8;28;3;2021;09;1;45;45193;2;2;1;3;47,7645520000;2,0210710000;3;2;2;0;1;1;1;0;1;50;6;Blessé hospitalisé
202100046449;118 755;7;0;0;7;15;1;157 210;1;1;1;2;1999.0;0;8;28;3;2021;09;1;45;45193;2;2;1;3;47,7645520000;2,0210710000;3;2;2;0;1;1;1;0;1;50;6;Indemne
202100046462;118 733;1;0;2;1;17;5;157 183;1;1;2;1;1943.0;5;2;28;3;2021;10;1;66;66099;1;1;1;1;42,5483540000;2,7530840000;3;2;2;0;2;1;1;0;1;80;6;Tué
202100046462;118 734;33;0;9;1;0;1;157 184;1;1;3;1;1962.0;5;2;28;3;2021;10;1;66;66099;1;1;1;1;42,5483540000;2,7530840000;3;2;2;0;2;1;1;0;1;80;6;Blessé hospitalisé
202100046466;118 726;1;0;0;0;1;5;157 176;1;1;3;1;1986.0;5;0;28;3;2021;17;1;57;57499;2;1;1;7;49,0766700000;7,0609470000;3;2;2;0;2;1;1;0;1;50;6;Blessé hospitalisé
202100046472;118 718;1;13;0;1;1;5;157 166;1;1;2;1;1959.0;5;2;27;3;2021;17;1;16;16415;1;1;1;6;45,7281580000;0,1103140000;3;2;2;0;2;3;1;0;3;80;5;Tué
202100046495;118 678;1;0;0;0;1;5;157 117;1;1;3;1;1956.0;5;2;25;3;2021;15;1;87;87085;2;1;1;7;45,8400000000;1,2841500000;4;2;2;0;2;1;1;0;1;50;3;Blessé hospitalisé
202100046501;118 666;7;0;2;5;1;1;157 102;1;1;1;1;1989.0;1;1;26;3;2021;17;1;74;74012;2;1;1;6;46,1972600000;6,2524400000;4;2;3;0;2;1;1;0;1;50;4;Indemne
202100046501;118 667;1;0;2;1;1;5;157 103;1;1;4;1;2006.0;9;2;26;3;2021;17;1;74;74012;2;1;1;6;46,1972600000;6,2524400000;4;2;3;0;2;1;1;0;1;50;4;Blessé léger
202100046509;118 651;33;0;2;1;21;1;157 084;1;1;3;1;1958.0;1;2;26;3;2021;06;5;64;64102;2;3;1;3;43,4851885246; -1,4940104130;3;3;4;3;1;1;1;5;1;50;4;Blessé hospitalisé
202100046509;118 652;1;0;2;6;2;5;157 085;1;1;4;1;1999.0;1;8;26;3;2021;06;5;64;64102;2;3;1;3;43,4851885246; -1,4940104130;3;3;4;3;1;1;1;5;1;50;4;Blessé léger
202100046512;118 645;7;0;2;2;0;1;157 077;1;1;1;2;1987.0;9;1;25;3;2021;16;1;63;63113;2;2;1;3;45,7823100000;3,0728800000;7;1;2;0;1;1;1;0;1;50;3;Indemne
202100046512;118 646;1;0;2;7;26;5;157 078;1;1;4;2;2002.0;9;2;25;3;2021;16;1;63;63113;2;2;1;3;45,7823100000;3,0728800000;7;1;2;0;1;1;1;0;1;50;3;Blessé léger
202100046513;118 643;1;0;2;7;1;5;157 075;1;1;4;1;1997.0;0;8;25;3;2021;16;1;63;63113;2;3;1;3;45,7701200000;3,0761900000;4;1;2;1;1;1;1;0;1;50;3;Blessé léger
202100046513;118 644;7;0;2;1;26;1;157 076;1;1;1;2;1970.0;9;1;25;3;2021;16;1;63;63113;2;3;1;3;45,7701200000;3,0761900000;4;1;2;1;1;1;1;0;1;50;3;Indemne
202100046516;118 638;1;0;2;1;13;6;157 069;1;1;4;1;2004.0;5;8;26;3;2021;17;1;59;59350;2;2;1;3;50,6326523472;3,0521677985;4;2;3;1;1;1;1;5;1;50;4;Blessé léger
202100046516;118 639;7;0;2;3;0;1;157 070;1;1;1;1;1997.0;5;1;26;3;2021;17;1;59;59350;2;2;1;3;50,6326523472;3,0521677985;4;2;3;1;1;1;1;5;1;50;4;Indemne
202100046568;118 529;1;0;2;1;0;0;156 933;1;1;4;1;1981.0;0;2;25;3;2021;18;1;69;69381;2;9;1;1;45,7681600000;4,8317700000;4;2;2;0;2;1;1;0;1;50;3;Blessé léger
202100046568;118 530;7;0;2;3;26;1;156 934;1;1;1;1;1996.0;0;1;25;3;2021;18;1;69;69381;2;9;1;1;45,7681600000;4,8317700000;4;2;2;0;2;1;1;0;1;50;3;Indemne
202100046580;118 510;1;0;0;0;0;5;156 910;1;1;4;1;1997.0;0;2;23;3;2021;09;1;80;80021;2;1;1;3;49,8871500000;2,2834100000;4;2;4;0;1;1;1;0;1;50;1;Blessé léger
202100046580;118 511;7;0;2;7;22;1;156 911;1;1;1;2;1970.0;0;8;23;3;2021;09;1;80;80021;2;1;1;3;49,8871500000;2,2834100000;4;2;4;0;1;1;1;0;1;50;1;Indemne
202100046590;118 489;7;0;2;2;9;1;156 885;1;1;1;2;1994.0;2;1;25;3;2021;17;1;65;65440;2;3;1;3;43,2256690000;0,0822630000;4;2;2;0;1;1;1;0;1;50;3;Indemne
202100046590;118 490;1;0;2;1;1;6;156 886;1;1;4;1;1988.0;1;8;25;3;2021;17;1;65;65440;2;3;1;3;43,2256690000;0,0822630000;4;2;2;0;1;1;1;0;1;50;3;Blessé léger
202100046596;118 477;7;0;2;2;1;1;156 871;1;1;1;1;1974.0;5;8;24;3;2021;12;1;59;59291;2;1;1;3;50,2545620000;3,9079260000;4;1;1;0;1;4;1;0;1;50;2;Indemne
202100046596;118 478;1;0;0;0;0;5;156 872;1;1;3;1;2008.0;5;8;24;3;2021;12;1;59;59291;2;1;1;3;50,2545620000;3,9079260000;4;1;1;0;1;4;1;0;1;50;2;Blessé hospitalisé
202100046602;118 469;1;0;1;1;1;5;156 860;10;3;4;1;2014.0;5;0;23;3;2021;18;1;44;44184;2;1;1;6;47,2705270000; -2,2332140000;4;2;0;1;1;1;1;0;5;50;1;Blessé léger
202100046602;118 469;1;0;1;1;1;5;156 861;1;1;1;1;2001.0;5;8;23;3;2021;18;1;44;44184;2;1;1;6;47,2705270000; -2,2332140000;4;2;0;1;1;1;1;0;5;50;1;Indemne
202100046616;118 441;10;0;2;3;15;1;156 823;1;1;1;1;1970.0;5;1;24;3;2021;09;1;27;27299;2;3;1;3;49,0504000000;1,1646000000;3;2;2;0;1;1;1;0;1;30;2;Indemne
202100046616;118 442;1;0;2;2;1;5;156 824;1;1;4;1;1970.0;5;2;24;3;2021;09;1;27;27299;2;3;1;3;49,0504000000;1,1646000000;3;2;2;0;1;1;1;0;1;30;2;Blessé léger
202100046617;118 439;7;0;2;5;16;1;156 821;1;1;1;1;1949.0;5;1;25;3;2021;17;1;17;17300;2;3;1;3;46,1618660000; -1,1535190000;4;1;1;1;1;1;1;0;5;30;3;Indemne
202100046617;118 440;1;0;2;0;0;5;156 822;1;1;4;1;2001.0;0;8;25;3;2021;17;1;17;17300;2;3;1;3;46,1618660000; -1,1535190000;4;1;1;1;1;1;1;0;5;30;3;Blessé léger
202100046626;118 423;1;0;9;4;21;5;156 799;1;1;1;1;1987.0;5;2;25;3;2021;12;1;07;07281;2;1;1;2;44,9440400000;4,8573200000;3;1;2;2;1;1;1;0;1;50;3;Indemne
202100046626;118 424;1;0;9;1;1;5;156 800;1;1;4;1;1973.0;5;2;25;3;2021;12;1;07;07281;2;1;1;2;44,9440400000;4,8573200000;3;1;2;2;1;1;1;0;1;50;3;Blessé léger
202100046645;118 389;1;0;2;0;1;5;156 760;1;1;4;1;1967.0;1;2;25;3;2021;09;1;75;75110;2;1;2;3;48,8731560000;2,3621900000;4;2;2;0;1;1;2;0;1;30;3;Blessé léger
202100046645;118 390;10;0;2;0;22;1;156 761;1;1;1;1;1992.0;1;1;25;3;2021;09;1;75;75110;2;1;2;3;48,8731560000;2,3621900000;4;2;2;0;1;1;2;0;1;30;3;Indemne
202100046646;118 387;1;0;2;8;18;5;156 758;1;1;4;1;1987.0;1;2;25;3;2021;08;1;75;75110;2;1;2;3;48,8717970000;2,3762470000;4;1;2;0;1;1;2;0;1;50;3;Blessé léger
202100046646;118 388;15;0;2;7;1;1;156 759;1;1;1;1;1984.0;4;1;25;3;2021;08;1;75;75110;2;1;2;3;48,8717970000;2,3762470000;4;1;2;0;1;1;2;0;1;50;3;Indemne
202100046647;118 385;34;0;2;4;17;3;156 756;1;1;1;1;1964.0;9;2;25;3;2021;16;1;75;75109;2;3;1;3;48,8797250000;2,3328060000;4;1;1;0;1;1;1;0;1;30;3;Indemne
202100046647;118 386;1;0;2;1;15;5;156 757;1;1;4;1;2007.0;9;2;25;3;2021;16;1;75;75109;2;3;1;3;48,8797250000;2,3328060000;4;1;1;0;1;1;1;0;1;30;3;Blessé léger
202100046649;118 381;1;0;2;8;1;5;156 751;1;1;4;1;1936.0;5;0;24;3;2021;17;1;94;94068;2;1;1;3;48,7981000000;2,5091100000;4;2;2;0;1;1;1;0;1;30;2;Blessé léger
202100046649;118 382;7;0;2;7;17;1;156 752;1;1;1;1;1936.0;5;8;24;3;2021;17;1;94;94068;2;1;1;3;48,7981000000;2,5091100000;4;2;2;0;1;1;1;0;1;30;2;Indemne
202100046655;118 373;1;0;1;1;1;5;156 739;10;3;4;2;1965.0;9;0;25;3;2021;19;5;94;94002;2;1;1;6;48,8141800000;2,4154300000;4;1;2;3;1;1;1;0;4;50;3;Blessé léger
202100046655;118 373;1;0;1;1;1;5;156 740;1;1;4;1;1998.0;4;8;25;3;2021;19;5;94;94002;2;1;1;6;48,8141800000;2,4154300000;4;1;2;3;1;1;1;0;4;50;3;Blessé léger
202100046673;118 343;15;0;2;7;17;1;156 701;1;1;1;1;1998.0;4;8;25;3;2021;17;1;44;44024;2;4;1;3;47,1691570000; -1,7201920000;7;2;2;0;1;1;1;0;1;30;3;Indemne
202100046673;118 344;1;0;0;8;23;5;156 702;1;1;3;1;1974.0;1;2;25;3;2021;17;1;44;44024;2;4;1;3;47,1691570000; -1,7201920000;7;2;2;0;1;1;1;0;1;30;3;Blessé hospitalisé
202100046684;118 329;1;0;0;8;1;5;156 681;1;1;3;1;1934.0;5;0;26;3;2021;12;1;32;32053;1;1;1;7;43,3890200000;0,6070380000;3;2;2;0;1;1;1;0;1;80;4;Blessé hospitalisé
202100046687;118 322;1;0;2;8;1;5;156 673;1;1;4;1;1944.0;5;2;26;3;2021;11;1;39;39408;1;1;1;3;46,5894460000;5,7119070000;3;2;2;0;1;1;1;0;1;80;4;Blessé léger
202100046687;118 323;7;0;2;7;17;1;156 674;1;1;1;2;1988.0;5;8;26;3;2021;11;1;39;39408;1;1;1;3;46,5894460000;5,7119070000;3;2;2;0;1;1;1;0;1;80;4;Indemne
202100046697;118 307;7;0;0;2;1;0;156 654;1;1;1;1;1946.0;3;1;25;3;2021;14;1;34;34199;2;1;1;3;43,4671350000;3,4296980000;3;2;2;0;1;1;1;0;1;50;3;Indemne
202100046697;118 308;1;0;2;3;13;0;156 655;1;1;3;1;1946.0;5;2;25;3;2021;14;1;34;34199;2;1;1;3;43,4671350000;3,4296980000;3;2;2;0;1;1;1;0;1;50;3;Blessé hospitalisé
202100046727;118 248;1;0;2;1;1;5;156 579;1;1;3;1;1999.0;3;8;23;3;2021;10;1;69;69386;2;3;1;3;45,7700800000;4,8591500000;4;2;4;2;1;1;1;0;1;50;1;Blessé hospitalisé
202100046727;118 249;7;0;2;3;15;1;156 580;1;1;1;1;2002.0;5;1;23;3;2021;10;1;69;69386;2;3;1;3;45,7700800000;4,8591500000;4;2;4;2;1;1;1;0;1;50;1;Indemne
202100046732;118 239;10;0;2;0;1;1;156 570;1;1;1;1;1982.0;4;1;24;3;2021;15;1;91;91425;2;9;1;3;48,6399100000;2,2680700000;3;3;3;0;2;1;1;5;1;50;2;Indemne
202100046732;118 240;1;0;2;0;0;5;156 571;1;1;4;1;2007.0;5;8;24;3;2021;15;1;91;91425;2;9;1;3;48,6399100000;2,2680700000;3;3;3;0;2;1;1;5;1;50;2;Blessé léger
202100046736;118 231;80;0;2;2;15;3;156 559;1;1;4;2;2002.0;0;8;23;3;2021;10;1;91;91432;2;3;1;3;48,6959030000;2,3346160000;4;2;2;0;1;1;1;0;1;50;1;Blessé léger
202100046736;118 232;7;0;1;3;2;1;156 560;1;1;1;2;1977.0;0;1;23;3;2021;10;1;91;91432;2;3;1;3;48,6959030000;2,3346160000;4;2;2;0;1;1;1;0;1;50;1;Indemne
202100046738;118 227;80;0;2;1;1;3;156 555;1;1;4;1;1994.0;1;8;23;3;2021;17;1;87;87085;2;1;1;6;45,8439200000;1,2861000000;4;2;2;0;1;2;1;0;1;50;1;Blessé léger
202100046738;118 228;37;0;2;8;1;1;156 556;1;1;1;1;1983.0;4;1;23;3;2021;17;1;87;87085;2;1;1;6;45,8439200000;1,2861000000;4;2;2;0;1;2;1;0;1;50;1;Indemne
202100046761;118 187;1;0;2;0;26;0;156 507;1;1;4;1;2007.0;0;2;24;3;2021;15;1;28;28134;2;2;1;1;48,7343162063;1,3731864095;4;1;2;0;2;1;1;0;1;50;2;Blessé léger
202100046761;118 188;7;0;2;3;16;1;156 508;1;1;1;1;1956.0;0;1;24;3;2021;15;1;28;28134;2;2;1;1;48,7343162063;1,3731864095;4;1;2;0;2;1;1;0;1;50;2;Indemne
202100046765;118 180;10;0;2;1;1;1;156 499;1;1;1;1;1963.0;4;1;23;3;2021;08;1;14;14030;2;1;1;3;49,2036600000; -0,4220700000;3;2;2;0;1;1;1;0;1;50;1;Indemne
202100046765;118 181;1;0;2;4;23;5;156 500;1;1;4;2;1977.0;0;0;23;3;2021;08;1;14;14030;2;1;1;3;49,2036600000; -0,4220700000;3;2;2;0;1;1;1;0;1;50;1;Blessé léger
202100046766;118 178;1;0;2;8;15;5;156 497;1;1;4;1;1953.0;5;8;24;3;2021;13;1;13;13201;2;3;1;3;43,2970441863;5,3742201626;4;2;2;0;4;2;1;0;1;50;2;Blessé léger
202100046766;118 179;7;0;2;0;1;1;156 498;1;1;1;1;1992.0;5;1;24;3;2021;13;1;13;13201;2;3;1;3;43,2970441863;5,3742201626;4;2;2;0;4;2;1;0;1;50;2;Indemne
202100046805;118 110;7;0;9;3;1;0;156 415;1;1;1;2;1996.0;1;1;24;3;2021;12;1;93;93050;2;3;1;3;48,8715800000;2,5313100000;4;2;2;0;1;1;1;0;1;50;2;Indemne
202100046805;118 111;1;0;2;0;0;0;156 416;1;1;4;2;1974.0;5;8;24;3;2021;12;1;93;93050;2;3;1;3;48,8715800000;2,5313100000;4;2;2;0;1;1;1;0;1;50;2;Blessé léger
202100046810;118 103;7;0;2;4;1;1;156 403;5;2;4;1;1986.0;0;1;24;3;2021;17;1;92;92073;2;1;1;2;48,8669915941;2,2291007638;3;3;6;0;2;1;1;2;1;50;2;Blessé léger
202100046810;118 103;7;0;2;4;1;1;156 404;1;1;1;1;1992.0;0;1;24;3;2021;17;1;92;92073;2;1;1;2;48,8669915941;2,2291007638;3;3;6;0;2;1;1;2;1;50;2;Indemne
202100046810;118 104;1;0;2;1;2;5;156 405;1;1;4;1;2001.0;0;2;24;3;2021;17;1;92;92073;2;1;1;2;48,8669915941;2,2291007638;3;3;6;0;2;1;1;2;1;50;2;Blessé léger
202100046822;118 083;80;0;2;8;15;3;156 380;1;1;3;2;1954.0;5;2;24;3;2021;14;1;19;19135;1;3;7;5;45,5101400000;2,3068180000;3;2;2;0;2;1;1;0;1;90;2;Blessé hospitalisé
202100046822;118 084;80;0;2;1;15;3;156 381;1;1;1;1;1959.0;5;2;24;3;2021;14;1;19;19135;1;3;7;5;45,5101400000;2,3068180000;3;2;2;0;2;1;1;0;1;90;2;Indemne
202100046822;118 085;7;0;2;2;17;1;156 382;1;1;1;2;1957.0;5;1;24;3;2021;14;1;19;19135;1;3;7;5;45,5101400000;2,3068180000;3;2;2;0;2;1;1;0;1;90;2;Indemne
202100046841;118 054;7;0;2;1;1;1;156 342;1;1;1;1;1961.0;1;1;24;3;2021;17;1;37;37097;2;2;1;2;47,1634876241;0,8905484510;3;2;2;0;1;1;1;0;1;50;2;Indemne
202100046841;118 055;1;0;2;8;19;5;156 343;1;1;3;1;2008.0;0;0;24;3;2021;17;1;37;37097;2;2;1;2;47,1634876241;0,8905484510;3;2;2;0;1;1;1;0;1;50;2;Blessé hospitalisé
202100046842;118 052;1;0;2;4;2;5;156 340;1;1;3;1;2007.0;2;0;24;3;2021;15;1;973;97309;2;3;1;1;4,8934860000; -52,2738080000;3;2;2;0;1;1;1;0;1;50;2;Blessé hospitalisé
202100046842;118 053;7;0;0;2;2;1;156 341;1;1;1;1;1950.0;5;1;24;3;2021;15;1;973;97309;2;3;1;1;4,8934860000; -52,2738080000;3;2;2;0;1;1;1;0;1;50;2;Indemne
202100046844;118 044;1;0;2;8;1;5;156 331;1;1;3;1;1969.0;5;2;24;3;2021;12;1;34;34329;1;1;1;2;43,2506110000;3,2571890000;3;2;2;0;1;1;1;0;1;90;2;Blessé hospitalisé
202100046844;118 045;7;0;9;7;2;1;156 332;1;1;1;2;1972.0;1;1;24;3;2021;12;1;34;34329;1;1;1;2;43,2506110000;3,2571890000;3;2;2;0;1;1;1;0;1;90;2;Indemne
202100046850;118 034;7;0;2;3;9;1;156 317;1;1;1;2;1955.0;9;1;24;3;2021;15;1;33;33449;2;6;1;3;44,8811710000; -0,6971960000;4;2;2;0;1;2;1;9;1;30;2;Indemne
202100046850;118 035;1;0;2;2;15;5;156 318;1;1;3;1;2006.0;3;0;24;3;2021;15;1;33;33449;2;6;1;3;44,8811710000; -0,6971960000;4;2;2;0;1;2;1;9;1;30;2;Blessé hospitalisé
202100046852;118 030;7;0;9;7;17;1;156 313;1;1;1;2;1955.0;5;1;10;3;2021;07;2;85;85092;2;6;8;3;46,4674160000; -0,8250800000;3;2;2;0;1;2;1;0;1;50;2;Indemne