Num_Acc;id_vehicule;catv;obs;obsm;choc;manv;motor;id_usager;place;catu;grav;sexe;an_nais;trajet;secu1;jour;mois;an;hrmn;lum;dep;com;agg;int;atm;col;lat;long;catr;circ;nbv;vosp;prof;plan;surf;infra;situ;vma;day_of_week;gravity
202100047704;116 476;1;0;2;4;13;5;154 318;1;1;4;2;1985.0;9;8;8;3;2021;18;5;973;97302;2;1;1;2;4,9321800000; -52,2904900000;3;2;2;1;1;2;1;9;1;70;0;Blessé léger
202100047704;116 477;10;0;2;1;2;1;154 319;1;1;1;1;1999.0;9;1;8;3;2021;18;5;973;97302;2;1;1;2;4,9321800000; -52,2904900000;3;2;2;1;1;2;1;9;1;70;0;Indemne
202100047711;116 463;7;0;2;0;1;1;154 303;1;1;1;1;1971.0;4;1;1;3;2021;15;1;69;69386;2;9;1;6;45,7680500000;4,8590800000;4;2;4;3;1;1;1;0;1;50;0;Indemne
202100047711;116 464;1;0;2;0;7;0;154 304;1;1;4;2;1960.0;9;2;1;3;2021;15;1;69;69386;2;9;1;6;45,7680500000;4,8590800000;4;2;4;3;1;1;1;0;1;50;0;Blessé léger
202100047719;116 448;7;0;2;1;1;1;154 286;1;1;1;2;1977.0;0;1;5;3;2021;14;1;80;80021;2;1;1;1;49,8776900000;2,2864100000;4;2;2;0;1;1;1;0;1;50;4;Indemne
202100047719;116 449;1;0;2;1;15;5;154 287;1;1;4;1;1990.0;0;2;5;3;2021;14;1;80;80021;2;1;1;1;49,8776900000;2,2864100000;4;2;2;0;1;1;1;0;1;50;4;Blessé léger
202100047724;116 441;1;0;2;1;1;5;154 276;1;1;3;1;1956.0;3;2;5;3;2021;11;1;74;74012;2;9;1;3;46,1958270000;6,2314080000;4;1;1;0;1;2;1;9;1;50;4;Blessé hospitalisé
202100047724;116 442;7;0;2;7;16;1;154 277;1;1;1;2;1944.0;5;1;5;3;2021;11;1;74;74012;2;9;1;3;46,1958270000;6,2314080000;4;1;1;0;1;2;1;9;1;50;4;Indemne
202100047726;116 437;1;0;2;4;2;5;154 272;1;1;4;2;1971.0;1;2;8;3;2021;07;1;69;69290;2;6;1;3;45,6858900000;4,9471100000;7;4;2;0;1;2;1;0;1;50;0;Blessé léger
202100047726;116 438;7;0;2;2;9;1;154 273;1;1;1;1;1974.0;1;1;8;3;2021;07;1;69;69290;2;6;1;3;45,6858900000;4,9471100000;7;4;2;0;1;2;1;0;1;50;0;Indemne
202100047737;116 420;7;0;2;3;15;1;154 250;1;1;1;2;1939.0;5;1;30;1;2021;16;1;62;62528;2;3;2;3;50,4466390000;2,8021980000;4;2;2;0;1;1;2;0;1;50;5;Indemne
202100047737;116 421;80;0;2;1;0;3;154 251;1;1;3;2;1963.0;5;2;30;1;2021;16;1;62;62528;2;3;2;3;50,4466390000;2,8021980000;4;2;2;0;1;1;2;0;1;50;5;Blessé hospitalisé
202100047738;116 418;7;0;2;1;9;1;154 248;1;1;1;1;1971.0;1;1;24;2;2021;17;1;58;58194;2;3;1;3;46,9819000000;3,1602000000;4;2;2;0;1;1;1;0;1;50;2;Indemne
202100047738;116 419;1;0;0;0;0;5;154 249;1;1;4;1;1944.0;5;2;24;2;2021;17;1;58;58194;2;3;1;3;46,9819000000;3,1602000000;4;2;2;0;1;1;1;0;1;50;2;Blessé léger
202100047741;116 413;7;0;1;2;1;1;154 240;1;1;1;1;1969.0;0;1;8;2;2021;17;1;49;49007;2;1;1;3;47,4504100000; -0,5625800000;4;2;2;0;1;1;1;0;1;50;0;Indemne
202100047741;116 414;1;0;0;0;0;5;154 241;1;1;4;1;2016.0;0;8;8;2;2021;17;1;49;49007;2;1;1;3;47,4504100000; -0,5625800000;4;2;2;0;1;1;1;0;1;50;0;Blessé léger
202100047743;116 409;1;0;2;1;1;5;154 232;1;1;4;1;1991.0;5;2;6;3;2021;09;1;37;37261;2;1;1;6;47,4223848961;0,6967928412;4;2;3;1;1;1;1;0;5;50;5;Blessé léger
202100047743;116 410;7;0;2;7;16;1;154 233;1;1;1;1;1989.0;4;1;6;3;2021;09;1;37;37261;2;1;1;6;47,4223848961;0,6967928412;4;2;3;1;1;1;1;0;5;50;5;Indemne
202100047759;116 379;1;0;1;0;0;5;154 193;1;1;1;1;1993.0;1;8;16;3;2021;15;1;69;69386;2;1;1;6;45,7693758130;4,8512677517;4;1;2;1;1;1;1;0;1;50;1;Indemne
202100047759;116 379;1;0;1;0;0;5;154 194;10;3;4;2;1974.0;3;0;16;3;2021;15;1;69;69386;2;1;1;6;45,7693758130;4,8512677517;4;1;2;1;1;1;1;0;1;50;1;Blessé léger
202100047770;116 360;1;0;0;0;0;5;154 169;1;1;3;1;2008.0;0;8;15;3;2021;16;1;76;76351;2;2;1;7;49,4972000000;0,0983600000;4;1;1;0;2;1;1;0;1;50;0;Blessé hospitalisé
202100047779;116 346;7;0;2;1;16;1;154 151;1;1;1;2;1986.0;0;1;15;3;2021;07;1;67;67482;2;3;8;3;48,5791660000;7,7129350000;4;2;4;1;1;1;1;0;5;50;0;Indemne
202100047779;116 347;1;0;2;2;1;5;154 152;1;1;4;1;1973.0;0;8;15;3;2021;07;1;67;67482;2;3;8;3;48,5791660000;7,7129350000;4;2;4;1;1;1;1;0;5;50;0;Blessé léger
202100047797;116 318;1;12;0;0;0;5;154 115;1;1;4;2;1953.0;0;8;16;3;2021;14;1;35;35238;2;1;1;6;48,1083995175; -1,6961391270;4;2;3;1;1;1;1;0;5;50;1;Blessé léger
202100047804;116 306;1;0;2;8;1;0;154 100;1;1;3;1;1966.0;1;8;15;3;2021;17;1;21;21355;2;3;1;3;47,2846600000;5,0590420000;4;2;2;0;1;1;1;0;1;50;0;Blessé hospitalisé
202100047804;116 307;7;0;2;2;15;1;154 101;1;1;1;1;1995.0;1;1;15;3;2021;17;1;21;21355;2;3;1;3;47,2846600000;5,0590420000;4;2;2;0;1;1;1;0;1;50;0;Indemne
202100047844;116 238;1;0;2;1;1;5;154 008;1;1;4;1;2004.0;2;8;16;3;2021;18;1;93;93048;2;2;2;3;48,8533857900;2,4352321650;3;1;2;1;1;1;2;0;5;50;1;Blessé léger
202100047844;116 239;7;0;9;7;1;1;154 009;1;1;1;2;1987.0;1;1;16;3;2021;18;1;93;93048;2;2;2;3;48,8533857900;2,4352321650;3;1;2;1;1;1;2;0;5;50;1;Indemne
202100047845;116 236;80;0;2;1;1;3;154 006;1;1;4;1;1987.0;9;2;15;3;2021;18;1;93;93048;2;5;1;3;48,8682000000;2,4468000000;3;2;4;1;2;1;1;5;5;10;0;Blessé léger
202100047845;116 237;7;0;2;3;15;1;154 007;1;1;1;2;2002.0;2;1;15;3;2021;18;1;93;93048;2;5;1;3;48,8682000000;2,4468000000;3;2;4;1;2;1;1;5;5;10;0;Indemne
202100047869;116 195;1;0;2;1;1;5;153 952;1;1;2;1;1949.0;5;2;17;3;2021;10;1;85;85204;1;1;1;7;46,7889100000; -1,7780300000;3;2;2;0;1;1;1;0;1;80;2;Tué
202100047869;116 196;1;0;2;4;1;5;153 953;1;1;4;1;1954.0;5;2;17;3;2021;10;1;85;85204;1;1;1;7;46,7889100000; -1,7780300000;3;2;2;0;1;1;1;0;1;80;2;Blessé léger
202100047870;116 193;1;0;2;1;1;5;153 950;1;1;3;1;1965.0;5;2;16;3;2021;09;1;30;30036;1;3;7;3;43,7653910000;4,2985890000;3;2;2;0;1;3;1;0;1;80;1;Blessé hospitalisé
202100047870;116 194;7;0;0;7;15;1;153 951;1;1;1;2;1981.0;5;1;16;3;2021;09;1;30;30036;1;3;7;3;43,7653910000;4,2985890000;3;2;2;0;1;3;1;0;1;80;1;Indemne
202100047872;116 170;7;0;0;0;17;1;153 924;2;2;1;2;1988.0;5;1;17;3;2021;15;1;42;42279;1;1;2;5;45,5114610000;4,2384580000;3;2;2;0;3;1;2;2;1;80;2;Indemne
202100047872;116 170;7;0;0;0;17;1;153 925;1;1;1;2;1983.0;0;1;17;3;2021;15;1;42;42279;1;1;2;5;45,5114610000;4,2384580000;3;2;2;0;3;1;2;2;1;80;2;Indemne
202100047872;116 171;7;3;9;3;13;1;153 926;1;1;1;2;1964.0;0;1;17;3;2021;15;1;42;42279;1;1;2;5;45,5114610000;4,2384580000;3;2;2;0;3;1;2;2;1;80;2;Indemne
202100047872;116 172;1;0;2;0;1;5;153 927;1;1;4;1;2006.0;5;2;17;3;2021;15;1;42;42279;1;1;2;5;45,5114610000;4,2384580000;3;2;2;0;3;1;2;2;1;80;2;Blessé léger
202100047872;116 173;1;0;9;0;1;5;153 928;1;1;4;1;1995.0;5;2;17;3;2021;15;1;42;42279;1;1;2;5;45,5114610000;4,2384580000;3;2;2;0;3;1;2;2;1;80;2;Blessé léger
202100047872;116 174;1;0;9;0;1;5;153 929;1;1;4;1;2004.0;5;2;17;3;2021;15;1;42;42279;1;1;2;5;45,5114610000;4,2384580000;3;2;2;0;3;1;2;2;1;80;2;Blessé léger
202100047872;116 175;1;0;9;0;1;5;153 930;1;1;4;1;2006.0;5;2;17;3;2021;15;1;42;42279;1;1;2;5;45,5114610000;4,2384580000;3;2;2;0;3;1;2;2;1;80;2;Blessé léger
202100047872;116 176;1;0;0;0;1;5;153 931;1;1;4;1;2004.0;5;2;17;3;2021;15;1;42;42279;1;1;2;5;45,5114610000;4,2384580000;3;2;2;0;3;1;2;2;1;80;2;Blessé léger
202100047872;116 177;1;0;9;0;1;5;153 932;1;1;4;1;2004.0;5;2;17;3;2021;15;1;42;42279;1;1;2;5;45,5114610000;4,2384580000;3;2;2;0;3;1;2;2;1;80;2;Blessé léger
202100047872;116 178;1;0;0;0;1;5;153 933;1;1;1;1;2005.0;5;2;17;3;2021;15;1;42;42279;1;1;2;5;45,5114610000;4,2384580000;3;2;2;0;3;1;2;2;1;80;2;Indemne
202100047872;116 179;1;0;0;0;1;5;153 934;1;1;4;1;2006.0;5;2;17;3;2021;15;1;42;42279;1;1;2;5;45,5114610000;4,2384580000;3;2;2;0;3;1;2;2;1;80;2;Blessé léger
202100047872;116 180;1;0;0;0;1;5;153 935;1;1;1;1;1983.0;5;2;17;3;2021;15;1;42;42279;1;1;2;5;45,5114610000;4,2384580000;3;2;2;0;3;1;2;2;1;80;2;Indemne
202100047872;116 181;1;0;0;0;1;5;153 936;1;1;1;1;1959.0;5;2;17;3;2021;15;1;42;42279;1;1;2;5;45,5114610000;4,2384580000;3;2;2;0;3;1;2;2;1;80;2;Indemne
202100047872;116 182;1;0;2;0;1;5;153 937;1;1;4;1;2006.0;5;2;17;3;2021;15;1;42;42279;1;1;2;5;45,5114610000;4,2384580000;3;2;2;0;3;1;2;2;1;80;2;Blessé léger
202100047872;116 183;1;0;2;0;1;5;153 938;1;1;4;1;2005.0;5;2;17;3;2021;15;1;42;42279;1;1;2;5;45,5114610000;4,2384580000;3;2;2;0;3;1;2;2;1;80;2;Blessé léger
202100047872;116 184;1;0;2;0;1;5;153 939;1;1;3;1;2006.0;5;2;17;3;2021;15;1;42;42279;1;1;2;5;45,5114610000;4,2384580000;3;2;2;0;3;1;2;2;1;80;2;Blessé hospitalisé
202100047872;116 185;1;0;2;0;1;5;153 940;1;1;4;1;2007.0;5;2;17;3;2021;15;1;42;42279;1;1;2;5;45,5114610000;4,2384580000;3;2;2;0;3;1;2;2;1;80;2;Blessé léger
202100047872;116 186;1;0;2;1;1;5;153 941;1;1;4;1;2007.0;5;2;17;3;2021;15;1;42;42279;1;1;2;5;45,5114610000;4,2384580000;3;2;2;0;3;1;2;2;1;80;2;Blessé léger
202100047872;116 187;1;0;2;1;0;5;153 942;1;1;4;1;2005.0;5;2;17;3;2021;15;1;42;42279;1;1;2;5;45,5114610000;4,2384580000;3;2;2;0;3;1;2;2;1;80;2;Blessé léger
202100047872;116 188;1;0;2;1;0;5;153 943;1;1;4;1;1970.0;5;2;17;3;2021;15;1;42;42279;1;1;2;5;45,5114610000;4,2384580000;3;2;2;0;3;1;2;2;1;80;2;Blessé léger
202100047872;116 189;1;0;9;0;1;5;153 944;1;1;4;1;2005.0;5;2;17;3;2021;15;1;42;42279;1;1;2;5;45,5114610000;4,2384580000;3;2;2;0;3;1;2;2;1;80;2;Blessé léger
202100047930;116 061;1;0;2;1;1;5;153 780;1;1;4;1;2008.0;0;0;15;3;2021;17;1;53;53130;2;1;1;3;48,0712800000; -0,7829700000;4;1;2;1;2;1;1;0;1;50;0;Blessé léger
202100047930;116 062;7;0;9;3;15;1;153 781;1;1;1;2;1953.0;0;1;15;3;2021;17;1;53;53130;2;1;1;3;48,0712800000; -0,7829700000;4;1;2;1;2;1;1;0;1;50;0;Indemne
202100047957;116 015;1;0;2;1;5;5;153 719;1;1;3;2;1997.0;9;8;15;3;2021;01;5;75;75112;2;1;1;1;48,8448520000;2,3689150000;4;1;3;0;2;1;2;0;1;50;0;Blessé hospitalisé
202100047957;116 016;7;0;2;3;1;1;153 720;1;1;1;1;1961.0;1;1;15;3;2021;01;5;75;75112;2;1;1;1;48,8448520000;2,3689150000;4;1;3;0;2;1;2;0;1;50;0;Indemne
202100047959;116 012;1;0;2;5;1;5;153 715;1;1;4;1;1989.0;1;2;15;3;2021;09;1;75;75104;2;2;8;3;48,8559310000;2,3673150000;4;1;1;0;1;1;2;0;1;50;0;Blessé léger
202100047959;116 013;7;0;2;1;1;1;153 716;1;1;1;1;1972.0;4;1;15;3;2021;09;1;75;75104;2;2;8;3;48,8559310000;2,3673150000;4;1;1;0;1;1;2;0;1;50;0;Indemne
202100047975;115 986;1;0;2;1;1;0;153 683;2;1;4;1;2000.0;9;2;15;3;2021;11;1;92;92012;2;1;1;6;48,8247750571;2,2485645825;3;3;6;0;1;1;1;2;1;50;0;Blessé léger
202100047979;115 979;7;0;9;3;1;1;153 673;1;1;1;1;1982.0;1;1;15;3;2021;16;1;62;62038;2;2;1;3;50,8534980000;1,9849020000;3;2;2;0;1;1;1;5;1;50;0;Indemne
202100047979;115 980;1;0;2;7;1;5;153 674;1;1;3;1;1982.0;5;2;15;3;2021;16;1;62;62038;2;2;1;3;50,8534980000;1,9849020000;3;2;2;0;1;1;1;5;1;50;0;Blessé hospitalisé
202100047987;115 963;1;0;2;8;18;5;153 655;1;1;4;1;2006.0;2;0;16;3;2021;17;1;14;14431;2;2;1;5;49,0755250000; -0,0778620000;4;2;2;0;1;1;1;0;1;50;1;Blessé léger
202100047987;115 964;7;0;2;3;1;1;153 656;1;1;1;1;1960.0;5;1;16;3;2021;17;1;14;14431;2;2;1;5;49,0755250000; -0,0778620000;4;2;2;0;1;1;1;0;1;50;1;Indemne
202100047987;115 965;7;0;2;2;15;1;153 657;1;1;1;2;1961.0;5;1;16;3;2021;17;1;14;14431;2;2;1;5;49,0755250000; -0,0778620000;4;2;2;0;1;1;1;0;1;50;1;Indemne
202100047990;115 958;14;0;2;2;1;1;153 650;1;1;1;1;1967.0;4;1;15;3;2021;09;1;14;14098;1;2;1;3;49,1770490000; -0,5132960000;3;2;2;0;1;1;1;0;1;70;0;Indemne
202100047990;115 959;1;0;2;8;19;5;153 651;1;1;3;1;1940.0;5;2;15;3;2021;09;1;14;14098;1;2;1;3;49,1770490000; -0,5132960000;3;2;2;0;1;1;1;0;1;70;0;Blessé hospitalisé
202100048024;115 900;1;0;2;8;1;5;153 571;1;1;4;1;2002.0;5;8;14;3;2021;12;1;17;17300;2;3;1;3;46,1584500000; -1,1465300000;4;1;1;1;1;1;1;0;1;50;6;Blessé léger
202100048024;115 901;10;0;2;1;1;1;153 572;1;1;1;1;1981.0;5;1;14;3;2021;12;1;17;17300;2;3;1;3;46,1584500000; -1,1465300000;4;1;1;1;1;1;1;0;1;50;6;Indemne
202100048029;115 890;7;0;2;2;19;1;153 559;1;1;1;1;1943.0;5;1;13;3;2021;11;1;07;07102;2;2;1;4;44,9249900000;4,8702800000;4;2;1;0;1;1;1;0;1;50;5;Indemne
202100048029;115 891;1;0;2;1;1;5;153 560;1;1;4;2;1971.0;5;8;13;3;2021;11;1;07;07102;2;2;1;4;44,9249900000;4,8702800000;4;2;1;0;1;1;1;0;1;50;5;Blessé léger
202100048029;115 892;1;0;2;1;1;5;153 561;1;1;4;2;1968.0;5;8;13;3;2021;11;1;07;07102;2;2;1;4;44,9249900000;4,8702800000;4;2;1;0;1;1;1;0;1;50;5;Blessé léger
202100048088;115 793;1;0;0;4;19;5;153 428;1;1;4;2;1971.0;9;0;15;3;2021;08;1;13;13100;2;6;1;3;43,7922950000;4,8394720000;3;2;2;0;1;1;1;5;1;50;0;Blessé léger
202100048088;115 794;7;0;2;2;1;1;153 429;1;1;1;1;1980.0;1;1;15;3;2021;08;1;13;13100;2;6;1;3;43,7922950000;4,8394720000;3;2;2;0;1;1;1;5;1;50;0;Indemne
202100048120;115 731;7;0;9;2;16;1;153 347;1;1;1;1;1975.0;5;1;13;3;2021;13;1;69;69142;2;3;1;3;45,7253700000;4,8167200000;4;2;2;0;1;1;1;5;1;50;5;Indemne
202100048120;115 732;1;0;2;1;19;5;153 348;1;1;4;1;1985.0;0;8;13;3;2021;13;1;69;69142;2;3;1;3;45,7253700000;4,8167200000;4;2;2;0;1;1;1;5;1;50;5;Blessé léger
202100048122;115 727;1;0;2;3;9;5;153 343;2;1;4;1;2006.0;9;8;12;3;2021;14;1;971;97101;2;9;1;3;16,2893400000; -61,4807500000;3;2;2;0;1;3;1;0;1;50;4;Blessé léger
202100048122;115 728;7;0;2;2;26;1;153 344;1;1;1;2;1980.0;9;1;12;3;2021;14;1;971;97101;2;9;1;3;16,2893400000; -61,4807500000;3;2;2;0;1;3;1;0;1;50;4;Indemne
202100048146;115 687;7;0;2;2;9;1;153 288;1;1;1;1;1979.0;1;1;13;3;2021;09;1;06;06027;2;9;1;3;43,6602400000;7,1441500000;4;1;2;0;1;2;1;9;1;50;5;Indemne
202100048146;115 688;1;0;2;1;1;5;153 289;1;1;4;1;1973.0;5;2;13;3;2021;09;1;06;06027;2;9;1;3;43,6602400000;7,1441500000;4;1;2;0;1;2;1;9;1;50;5;Blessé léger
202100048150;115 679;1;0;2;1;1;5;153 280;1;1;4;2;1992.0;9;8;13;3;2021;10;1;75;75115;2;2;1;3;48,8311120000;2,2924450000;4;3;2;0;1;1;1;0;1;50;5;Blessé léger
202100048150;115 680;7;0;2;3;1;1;153 281;1;1;1;2;1989.0;3;8;13;3;2021;10;1;75;75115;2;2;1;3;48,8311120000;2,2924450000;4;3;2;0;1;1;1;0;1;50;5;Indemne
202100048196;115 607;7;0;2;2;1;1;153 177;1;1;1;2;1999.0;5;1;7;1;2021;17;2;88;88481;2;3;9;3;48,0990175406;6,3899713755;3;2;2;0;1;1;2;0;1;70;3;Indemne
202100048196;115 608;1;0;2;1;26;0;153 178;1;1;3;1;2006.0;5;0;7;1;2021;17;2;88;88481;2;3;9;3;48,0990175406;6,3899713755;3;2;2;0;1;1;2;0;1;70;3;Blessé hospitalisé
202100048220;115 561;7;0;2;5;2;1;153 119;1;1;1;2;1933.0;9;1;8;3;2021;11;1;988;98818;2;1;1;2; -22,3028000000;166,4432200000;4;3;4;0;1;1;1;8;1;50;0;Indemne
202100048220;115 562;1;0;2;1;2;5;153 120;1;1;4;1;2005.0;5;2;8;3;2021;11;1;988;98818;2;1;1;2; -22,3028000000;166,4432200000;4;3;4;0;1;1;1;8;1;50;0;Blessé léger
202100048238;115 529;1;0;2;1;15;0;153 078;1;1;4;1;1959.0;5;2;10;3;2021;10;1;83;83129;2;3;7;1;43,0715900000;5,8086700000;4;2;1;0;1;2;1;0;1;30;2;Blessé léger
202100048238;115 530;7;0;2;1;15;1;153 079;1;1;1;1;1948.0;0;1;10;3;2021;10;1;83;83129;2;3;7;1;43,0715900000;5,8086700000;4;2;1;0;1;2;1;0;1;30;2;Indemne
202100048256;115 492;7;0;2;1;9;1;153 022;1;1;1;2;1947.0;0;8;11;3;2021;09;1;56;56260;2;6;1;3;47,6640912781; -2,7553930879;4;2;2;0;2;3;2;5;1;30;3;Indemne
202100048256;115 493;1;0;2;7;1;5;153 023;1;1;4;2;1986.0;0;8;11;3;2021;09;1;56;56260;2;6;1;3;47,6640912781; -2,7553930879;4;2;2;0;2;3;2;5;1;30;3;Blessé léger
202100048260;115 485;7;0;9;7;0;1;153 015;1;1;1;2;1976.0;0;1;12;3;2021;15;1;49;49007;2;1;1;3;47,4737823441; -0,5744015589;4;2;2;0;1;1;1;0;1;50;4;Indemne
202100048260;115 486;1;0;2;1;1;5;153 016;1;1;4;1;1990.0;0;8;12;3;2021;15;1;49;49007;2;1;1;3;47,4737823441; -0,5744015589;4;2;2;0;1;1;1;0;1;50;4;Blessé léger
202100048261;115 483;10;0;9;4;1;1;153 013;1;1;1;1;1996.0;0;1;12;3;2021;13;1;49;49007;2;1;1;2;47,4667430000; -0,5939480000;4;2;2;0;1;1;2;0;1;50;4;Indemne
202100048261;115 484;1;0;2;1;1;5;153 014;1;1;4;1;1993.0;0;8;12;3;2021;13;1;49;49007;2;1;1;2;47,4667430000; -0,5939480000;4;2;2;0;1;1;2;0;1;50;4;Blessé léger
202100048283;115 447;1;0;1;0;1;6;152 962;1;1;1;1;1995.0;9;8;12;3;2021;21;5;06;06088;2;1;1;6;43,7174300000;7,2568980000;9;2;0;3;2;1;1;9;6;30;4;Indemne
202100048283;115 447;1;0;1;0;1;6;152 963;10;3;3;2;1935.0;0;0;12;3;2021;21;5;06;06088;2;1;1;6;43,7174300000;7,2568980000;9;2;0;3;2;1;1;9;6;30;4;Blessé hospitalisé
202100048284;115 446;1;0;1;1;8;5;152 960;1;1;4;1;1987.0;1;8;11;3;2021;17;1;06;06029;2;1;1;6;43,5559680000;7,0170380000;4;2;2;3;1;1;1;0;6;50;3;Blessé léger
202100048284;115 446;1;0;1;1;8;5;152 961;10;3;4;2;2009.0;2;0;11;3;2021;17;1;06;06029;2;1;1;6;43,5559680000;7,0170380000;4;2;2;3;1;1;1;0;6;50;3;Blessé léger
202100048285;115 444;1;0;2;8;14;5;152 958;1;1;3;1;1951.0;5;2;26;2;2021;17;1;01;01014;2;6;1;3;46,2849200000;5,6617600000;1;3;0;3;1;1;1;3;1;110;4;Blessé hospitalisé
202100048285;115 445;7;0;2;5;16;1;152 959;1;1;1;1;1999.0;0;1;26;2;2021;17;1;01;01014;2;6;1;3;46,2849200000;5,6617600000;1;3;0;3;1;1;1;3;1;110;4;Indemne
202100048294;115 428;1;0;0;0;1;5;152 941;1;1;4;2;2002.0;9;8;5;3;2021;17;1;75;75112;2;3;1;7;48,8408630358;2,3738380618;4;1;1;0;1;1;1;0;1;50;4;Blessé léger
202100048326;115 372;2;1;0;2;13;1;152 868;1;1;1;1;2003.0;5;2;13;3;2021;10;1;71;71135;2;2;1;3;46,4335260000;4,8307520000;3;2;2;0;1;1;1;0;3;50;5;Indemne
202100048326;115 373;1;0;0;8;23;5;152 869;1;1;3;2;1962.0;5;2;13;3;2021;10;1;71;71135;2;2;1;3;46,4335260000;4,8307520000;3;2;2;0;1;1;1;0;3;50;5;Blessé hospitalisé
202100048342;115 346;1;0;0;4;13;6;152 829;1;1;4;1;1982.0;5;2;13;3;2021;11;1;74;74158;1;1;6;2;46,2471820000;6,3311880000;3;2;2;0;2;1;1;0;1;70;5;Blessé léger
202100048342;115 347;7;0;0;1;17;1;152 830;1;1;1;2;1991.0;0;1;13;3;2021;11;1;74;74158;1;1;6;2;46,2471820000;6,3311880000;3;2;2;0;2;1;1;0;1;70;5;Indemne
202100048382;115 275;1;0;2;1;1;5;152 745;1;1;3;1;1965.0;5;0;10;3;2021;07;2;83;83123;1;1;1;1;43,1451200000;5,8102300000;4;2;1;0;2;4;1;0;1;30;2;Blessé hospitalisé
202100048382;115 276;14;0;9;3;16;1;152 746;1;1;1;1;1958.0;4;1;10;3;2021;07;2;83;83123;1;1;1;1;43,1451200000;5,8102300000;4;2;1;0;2;4;1;0;1;30;2;Indemne
202100048383;115 273;7;0;2;2;15;1;152 743;1;1;1;1;1968.0;0;1;10;3;2021;11;1;80;80021;2;1;1;3;49,8998800000;2,2686300000;4;2;2;0;1;1;1;0;1;30;2;Indemne
202100048383;115 274;1;0;2;1;25;5;152 744;1;1;4;1;2009.0;2;8;10;3;2021;11;1;80;80021;2;1;1;3;49,8998800000;2,2686300000;4;2;2;0;1;1;1;0;1;30;2;Blessé léger
202100048439;115 174;1;0;2;2;2;5;152 617;1;1;4;1;1990.0;5;2;11;3;2021;14;1;75;75108;2;1;2;3;48,8650250000;2,3180530000;4;3;4;0;1;1;2;0;1;50;3;Blessé léger
202100048439;115 175;7;0;2;8;22;1;152 618;1;1;1;1;1981.0;5;1;11;3;2021;14;1;75;75108;2;1;2;3;48,8650250000;2,3180530000;4;3;4;0;1;1;2;0;1;50;3;Indemne
202100048448;115 159;1;0;2;1;1;5;152 597;1;1;4;1;2005.0;2;8;11;3;2021;08;1;94;94018;2;3;8;3;48,8252700000;2,4097000000;3;2;2;0;1;1;2;0;1;30;3;Blessé léger
202100048448;115 160;10;0;2;3;13;1;152 598;1;1;1;1;1985.0;1;1;11;3;2021;08;1;94;94018;2;3;8;3;48,8252700000;2,4097000000;3;2;2;0;1;1;2;0;1;30;3;Indemne
202100048462;115 135;1;0;2;6;1;5;152 567;1;1;3;1;1952.0;0;0;11;3;2021;18;1;35;35226;1;1;1;2;48,4283530000; -1,9136380000;3;2;2;0;1;1;1;2;1;80;3;Blessé hospitalisé
202100048462;115 136;10;0;2;2;2;1;152 568;1;1;1;1;1974.0;0;1;11;3;2021;18;1;35;35226;1;1;1;2;48,4283530000; -1,9136380000;3;2;2;0;1;1;1;2;1;80;3;Indemne
202100048478;115 109;1;0;2;3;21;5;152 534;1;1;3;1;1976.0;0;2;12;3;2021;11;1;06;06010;1;1;1;5;43,6849470000;6,9748540000;3;2;2;0;2;3;1;0;1;50;4;Blessé hospitalisé
202100048478;115 110;15;0;0;0;1;1;152 535;1;1;1;1;1962.0;4;1;12;3;2021;11;1;06;06010;1;1;1;5;43,6849470000;6,9748540000;3;2;2;0;2;3;1;0;1;50;4;Indemne
202100048478;115 111;15;0;2;3;1;1;152 536;1;1;1;1;1964.0;4;1;12;3;2021;11;1;06;06010;1;1;1;5;43,6849470000;6,9748540000;3;2;2;0;2;3;1;0;1;50;4;Indemne
202100048506;115 056;1;0;0;4;15;0;152 467;1;1;4;1;1999.0;5;2;10;3;2021;10;1;69;69259;2;6;1;2;45,6988300000;4,8860000000;4;1;1;0;1;3;1;9;1;50;2;Blessé léger
202100048506;115 057;7;0;9;1;16;1;152 468;1;1;1;1;1958.0;5;1;10;3;2021;10;1;69;69259;2;6;1;2;45,6988300000;4,8860000000;4;1;1;0;1;3;1;9;1;50;2;Indemne
202100048508;115 052;7;0;2;3;9;1;152 463;1;1;1;2;1973.0;1;1;9;3;2021;18;2;69;69381;2;3;1;3;45,7706900000;4,8358200000;4;2;0;0;2;1;1;0;1;30;1;Indemne
202100048508;115 053;1;0;2;0;0;5;152 464;1;1;4;1;2000.0;0;8;9;3;2021;18;2;69;69381;2;3;1;3;45,7706900000;4,8358200000;4;2;0;0;2;1;1;0;1;30;1;Blessé léger
202100048520;115 030;7;1;2;3;23;1;152 434;1;1;1;1;1962.0;0;8;9;3;2021;15;1;74;74010;2;2;1;3;45,9033000000;6,1260300000;4;2;1;1;1;1;1;0;4;50;1;Indemne
202100048520;115 031;1;14;0;2;25;0;152 435;1;1;3;1;1971.0;0;0;9;3;2021;15;1;74;74010;2;2;1;3;45,9033000000;6,1260300000;4;2;1;1;1;1;1;0;4;50;1;Blessé hospitalisé
202100048524;115 021;1;0;2;7;19;5;152 423;1;1;3;1;2008.0;5;8;10;3;2021;14;1;68;68166;2;1;1;3;47,7804400000;7,3293000000;3;2;4;2;1;1;1;0;1;50;2;Blessé hospitalisé