Num_Acc;id_vehicule;catv;obs;obsm;choc;manv;motor;id_usager;place;catu;grav;sexe;an_nais;trajet;secu1;jour;mois;an;hrmn;lum;dep;com;agg;int;atm;col;lat;long;catr;circ;nbv;vosp;prof;plan;surf;infra;situ;vma;day_of_week;gravity
202100048524;115 022;7;0;2;1;1;1;152 424;2;2;1;1;1991.0;3;1;10;3;2021;14;1;68;68166;2;1;1;3;47,7804400000;7,3293000000;3;2;4;2;1;1;1;0;1;50;2;Indemne
202100048524;115 022;7;0;2;1;1;1;152 425;1;1;1;1;1989.0;4;1;10;3;2021;14;1;68;68166;2;1;1;3;47,7804400000;7,3293000000;3;2;4;2;1;1;1;0;1;50;2;Indemne
202100048525;115 019;10;0;2;1;1;1;152 421;1;1;1;1;1982.0;1;1;10;3;2021;12;1;67;67267;2;3;1;3;48,5570400000;7,6894800000;4;2;2;0;1;3;1;0;1;30;2;Indemne
202100048525;115 020;1;0;2;0;0;5;152 422;1;1;3;2;1974.0;0;8;10;3;2021;12;1;67;67267;2;3;1;3;48,5570400000;7,6894800000;4;2;2;0;1;3;1;0;1;30;2;Blessé hospitalisé
202100048529;115 010;80;0;2;3;15;3;152 412;1;1;4;1;1936.0;5;8;10;3;2021;11;1;64;64445;2;2;1;3;43,3001400000; -0,3670200000;4;2;2;0;1;1;1;0;1;50;2;Blessé léger
202100048529;115 011;7;0;2;2;23;1;152 413;1;1;1;1;1955.0;9;1;10;3;2021;11;1;64;64445;2;2;1;3;43,3001400000; -0,3670200000;4;2;2;0;1;1;1;0;1;50;2;Indemne
202100048530;115 008;10;0;2;1;1;1;152 410;1;1;1;1;1988.0;0;1;7;3;2021;17;1;64;64284;2;3;1;3;43,2778500000; -0,3871800000;4;2;2;0;1;1;1;0;1;30;6;Indemne
202100048530;115 009;1;0;2;3;15;5;152 411;1;1;4;1;2009.0;5;2;7;3;2021;17;1;64;64284;2;3;1;3;43,2778500000; -0,3871800000;4;2;2;0;1;1;1;0;1;30;6;Blessé léger
202100048533;115 002;7;0;2;4;1;1;152 400;1;1;1;1;1961.0;5;1;8;3;2021;18;1;64;64024;2;6;1;2;43,4803700000; -1,5091200000;4;2;2;0;1;2;1;0;1;50;0;Indemne
202100048533;115 003;1;0;2;1;2;5;152 401;1;1;4;1;1995.0;4;8;8;3;2021;18;1;64;64024;2;6;1;2;43,4803700000; -1,5091200000;4;2;2;0;1;2;1;0;1;50;0;Blessé léger
202100048535;114 998;7;0;2;7;12;1;152 396;1;1;1;1;1959.0;1;1;9;3;2021;11;1;63;63113;2;1;1;3;45,7924900000;3,1467500000;7;3;4;0;1;1;1;0;1;50;1;Indemne
202100048535;114 999;1;0;2;8;0;5;152 397;1;1;4;1;1998.0;0;8;9;3;2021;11;1;63;63113;2;1;1;3;45,7924900000;3,1467500000;7;3;4;0;1;1;1;0;1;50;1;Blessé léger
202100048541;114 985;7;0;2;2;1;1;152 377;1;1;1;1;1989.0;1;1;10;3;2021;07;1;56;56260;2;1;1;3;47,6656800000; -2,7703200000;4;2;4;1;1;1;1;5;5;50;2;Indemne
202100048541;114 986;80;0;2;3;19;3;152 378;1;1;4;1;1961.0;1;2;10;3;2021;07;1;56;56260;2;1;1;3;47,6656800000; -2,7703200000;4;2;4;1;1;1;1;5;5;50;2;Blessé léger
202100048553;114 962;80;0;2;4;1;3;152 347;1;1;4;1;1935.0;5;2;10;3;2021;11;1;26;26198;2;1;1;2;44,5693000000;4,7841100000;4;2;2;0;1;1;1;0;1;50;2;Blessé léger
202100048553;114 963;13;0;2;4;4;1;152 348;1;1;1;1;1980.0;4;1;10;3;2021;11;1;26;26198;2;1;1;2;44,5693000000;4,7841100000;4;2;2;0;1;1;1;0;1;50;2;Indemne
202100048568;114 938;1;0;0;0;1;5;152 313;1;1;4;1;1982.0;9;2;10;3;2021;08;1;75;75114;2;2;1;7;48,8292940000;2,3226490000;4;1;1;0;1;1;1;0;1;50;2;Blessé léger
202100048579;114 919;80;0;1;1;21;3;152 290;10;3;4;1;1950.0;0;0;10;3;2021;17;1;94;94044;2;1;2;6;48,7518100000;2,4875300000;3;2;0;0;1;1;2;6;1;50;2;Blessé léger
202100048579;114 919;80;0;1;1;21;3;152 291;1;1;1;1;2000.0;0;8;10;3;2021;17;1;94;94044;2;1;2;6;48,7518100000;2,4875300000;3;2;0;0;1;1;2;6;1;50;2;Indemne
202100048603;114 881;7;0;2;2;1;1;152 238;1;1;1;2;1989.0;1;1;10;3;2021;07;1;01;01419;1;6;1;3;46,2354800000;6,0078750000;3;2;1;0;1;2;1;9;1;50;2;Indemne
202100048603;114 882;80;0;2;1;1;3;152 239;1;1;4;1;1978.0;1;2;10;3;2021;07;1;01;01419;1;6;1;3;46,2354800000;6,0078750000;3;2;1;0;1;2;1;9;1;50;2;Blessé léger
202100048607;114 873;1;1;0;1;2;5;152 229;1;1;3;1;2001.0;5;0;11;3;2021;11;1;74;74256;2;1;1;2;45,9329160000;6,6327490000;3;2;2;0;1;1;1;0;1;30;3;Blessé hospitalisé
202100048607;114 874;14;0;0;6;0;0;152 230;1;1;1;1;1962.0;4;0;11;3;2021;11;1;74;74256;2;1;1;2;45,9329160000;6,6327490000;3;2;2;0;1;1;1;0;1;30;3;Indemne
202100048622;114 852;7;0;2;1;1;1;152 202;1;1;1;2;1999.0;0;1;8;3;2021;13;1;06;06152;1;1;1;2;43,6133350000;7,0449560000;3;1;2;0;1;1;1;0;1;80;0;Indemne
202100048622;114 853;1;0;2;4;14;5;152 203;1;1;4;2;1974.0;1;2;8;3;2021;13;1;06;06152;1;1;1;2;43,6133350000;7,0449560000;3;1;2;0;1;1;1;0;1;80;0;Blessé léger
202100048650;114 795;7;0;2;8;15;1;152 133;1;1;1;1;1975.0;9;1;9;3;2021;08;1;69;69034;2;3;1;3;45,8138300000;4,8493100000;7;2;2;0;1;1;1;0;1;50;1;Indemne
202100048650;114 796;1;0;2;1;17;5;152 134;1;1;4;2;1994.0;1;2;9;3;2021;08;1;69;69034;2;3;1;3;45,8138300000;4,8493100000;7;2;2;0;1;1;1;0;1;50;1;Blessé léger
202100048666;114 764;1;0;2;1;15;5;152 092;1;1;4;2;2004.0;2;8;9;3;2021;13;1;65;65440;2;2;1;3;43,2280800000;0,0565000000;3;2;3;0;1;1;1;0;1;50;1;Blessé léger
202100048666;114 765;7;0;2;1;1;1;152 093;1;1;1;1;2002.0;9;1;9;3;2021;13;1;65;65440;2;2;1;3;43,2280800000;0,0565000000;3;2;3;0;1;1;1;0;1;50;1;Indemne
202100048678;114 743;15;0;2;5;14;1;152 068;1;1;1;1;1976.0;4;1;9;3;2021;08;1;33;33063;2;1;1;2;44,8583700000; -0,5455300000;4;2;4;3;1;1;6;8;6;50;1;Indemne
202100048678;114 744;80;0;2;1;7;3;152 069;1;1;4;1;1987.0;0;8;9;3;2021;08;1;33;33063;2;1;1;2;44,8583700000; -0,5455300000;4;2;4;3;1;1;6;8;6;50;1;Blessé léger
202100048685;114 730;7;0;2;3;15;1;152 053;1;1;1;1;1989.0;4;1;9;3;2021;14;1;13;13208;2;2;1;3;43,2573637921;5,3942857122;4;1;2;0;1;1;1;0;1;50;1;Indemne
202100048685;114 731;1;0;2;1;1;5;152 054;1;1;4;2;1995.0;2;2;9;3;2021;14;1;13;13208;2;2;1;3;43,2573637921;5,3942857122;4;1;2;0;1;1;1;0;1;50;1;Blessé léger
202100048700;114 705;1;0;1;1;21;5;152 019;1;1;4;2;1989.0;1;8;9;3;2021;15;1;75;75109;2;3;1;6;48,8800510000;2,3306560000;4;1;1;0;1;1;1;0;1;30;1;Blessé léger
202100048700;114 705;1;0;1;1;21;5;152 020;10;3;4;2;2008.0;2;8;9;3;2021;15;1;75;75109;2;3;1;6;48,8800510000;2,3306560000;4;1;1;0;1;1;1;0;1;30;1;Blessé léger
202100048701;114 703;1;0;2;1;19;5;152 014;1;1;4;2;1995.0;5;2;8;3;2021;22;3;75;75103;2;2;1;3;48,8627250000;2,3543040000;4;1;2;3;1;1;1;0;1;50;0;Blessé léger
202100048701;114 704;7;0;2;6;15;1;152 015;1;1;1;1;1991.0;4;1;8;3;2021;22;3;75;75103;2;2;1;3;48,8627250000;2,3543040000;4;1;2;3;1;1;1;0;1;50;0;Indemne
202100048701;114 704;7;0;2;6;15;1;152 016;2;2;1;1;1987.0;4;1;8;3;2021;22;3;75;75103;2;2;1;3;48,8627250000;2,3543040000;4;1;2;3;1;1;1;0;1;50;0;Indemne
202100048701;114 704;7;0;2;6;15;1;152 017;4;2;1;2;1997.0;4;1;8;3;2021;22;3;75;75103;2;2;1;3;48,8627250000;2,3543040000;4;1;2;3;1;1;1;0;1;50;0;Indemne
202100048701;114 704;7;0;2;6;15;1;152 018;3;2;1;1;1995.0;4;1;8;3;2021;22;3;75;75103;2;2;1;3;48,8627250000;2,3543040000;4;1;2;3;1;1;1;0;1;50;0;Indemne
202100048718;114 677;7;0;2;1;15;1;151 975;1;1;1;2;1995.0;1;1;9;3;2021;13;1;92;92050;2;2;1;3;48,8922580650;2,1892793477;4;1;1;1;1;1;1;0;5;50;1;Indemne
202100048718;114 678;1;0;2;1;1;5;151 976;1;1;4;1;1999.0;1;8;9;3;2021;13;1;92;92050;2;2;1;3;48,8922580650;2,1892793477;4;1;1;1;1;1;1;0;5;50;1;Blessé léger
202100048726;114 663;1;0;2;8;2;5;151 959;1;1;4;2;1948.0;5;0;9;3;2021;17;1;42;42338;1;1;7;3;46,0901760000;4,1203450000;3;2;2;0;1;1;1;0;1;80;1;Blessé léger
202100048726;114 664;7;0;2;7;2;1;151 960;1;1;1;1;1964.0;1;8;9;3;2021;17;1;42;42338;1;1;7;3;46,0901760000;4,1203450000;3;2;2;0;1;1;1;0;1;80;1;Indemne
202100048729;114 657;1;0;2;8;1;5;151 952;1;1;4;1;1980.0;9;2;9;3;2021;16;1;972;97210;1;1;1;3;14,6185200000; -60,9282880000;3;2;2;0;1;1;1;0;1;80;1;Blessé léger
202100048729;114 658;7;0;9;1;15;1;151 953;1;1;1;1;1992.0;9;1;9;3;2021;16;1;972;97210;1;1;1;3;14,6185200000; -60,9282880000;3;2;2;0;1;1;1;0;1;80;1;Indemne
202100048729;114 658;7;0;9;1;15;1;151 954;2;2;1;2;1995.0;9;1;9;3;2021;16;1;972;97210;1;1;1;3;14,6185200000; -60,9282880000;3;2;2;0;1;1;1;0;1;80;1;Indemne
202100048747;114 628;1;0;2;3;2;0;151 917;1;1;4;1;2000.0;5;0;9;3;2021;21;3;971;97116;2;1;9;3;16,3238670000; -61,4581150000;3;2;2;0;4;3;9;0;1;50;1;Blessé léger
202100048747;114 629;7;0;9;2;0;1;151 918;1;1;1;2;1977.0;9;1;9;3;2021;21;3;971;97116;2;1;9;3;16,3238670000; -61,4581150000;3;2;2;0;4;3;9;0;1;50;1;Indemne
202100048750;114 623;1;0;0;0;0;5;151 911;1;1;3;1;2005.0;5;0;10;3;2021;14;1;01;01262;2;1;1;7;45,8533260000;5,0530850000;4;2;1;0;2;1;1;0;6;30;2;Blessé hospitalisé
202100048786;114 564;1;0;2;1;1;5;151 844;1;1;4;2;2007.0;5;2;7;3;2021;10;1;75;75104;2;1;1;1;48,8559310000;2,3506050000;4;2;2;0;1;1;1;6;1;30;6;Blessé léger
202100048786;114 565;50;0;2;1;13;3;151 845;1;1;1;1;1973.0;5;2;7;3;2021;10;1;75;75104;2;1;1;1;48,8559310000;2,3506050000;4;2;2;0;1;1;1;6;1;30;6;Indemne
202100048798;114 545;1;0;2;8;26;0;151 820;1;1;4;2;1982.0;5;2;8;3;2021;16;1;92;92073;2;1;1;3;48,8666344599;2,2209334373;3;1;8;3;1;1;1;0;5;50;0;Blessé léger
202100048798;114 546;7;0;2;2;13;0;151 821;1;1;1;1;1958.0;5;8;8;3;2021;16;1;92;92073;2;1;1;3;48,8666344599;2,2209334373;3;1;8;3;1;1;1;0;5;50;0;Indemne
202100048802;114 539;7;0;0;0;0;1;151 814;1;1;1;2;1953.0;5;9;8;3;2021;10;1;37;37147;2;1;1;7;47,0511415993;0,5412504913;3;2;2;2;1;1;1;0;1;50;0;Indemne
202100048802;114 540;80;0;0;0;13;2;151 815;1;1;4;1;1980.0;5;0;8;3;2021;10;1;37;37147;2;1;1;7;47,0511415993;0,5412504913;3;2;2;2;1;1;1;0;1;50;0;Blessé léger
202100048804;114 532;7;0;9;3;26;1;151 807;1;1;1;1;1985.0;5;1;6;3;2021;16;1;91;91553;2;3;7;3;48,6239850000;2,4917570000;3;2;2;0;1;1;1;0;1;50;5;Indemne
202100048804;114 533;1;0;2;7;1;0;151 808;1;1;4;1;1974.0;5;2;6;3;2021;16;1;91;91553;2;3;7;3;48,6239850000;2,4917570000;3;2;2;0;1;1;1;0;1;50;5;Blessé léger
202100048812;114 517;1;3;9;1;16;5;151 791;1;1;3;1;1979.0;5;0;8;3;2021;17;1;46;46144;1;1;1;6;44,8401800000;1,5512570000;3;2;2;0;2;3;1;0;3;80;0;Blessé hospitalisé
202100048818;114 504;80;0;2;8;15;3;151 776;1;1;2;1;1949.0;5;0;9;3;2021;12;1;26;26276;1;3;1;3;44,4916070000;5,0380900000;3;2;2;0;2;1;1;0;1;80;1;Tué
202100048818;114 505;7;0;2;2;17;1;151 777;1;1;1;1;1994.0;5;1;9;3;2021;12;1;26;26276;1;3;1;3;44,4916070000;5,0380900000;3;2;2;0;2;1;1;0;1;80;1;Indemne
202100048819;114 502;10;0;2;2;2;1;151 774;1;1;1;1;1989.0;4;1;9;3;2021;14;1;14;14204;1;1;1;2;49,3603100000; -1,0179900000;3;2;2;0;1;1;1;0;1;80;1;Indemne
202100048819;114 503;80;0;2;4;1;3;151 775;1;1;2;1;1961.0;5;0;9;3;2021;14;1;14;14204;1;1;1;2;49,3603100000; -1,0179900000;3;2;2;0;1;1;1;0;1;80;1;Tué
202100048828;114 486;1;0;0;7;1;5;151 754;1;1;3;2;1970.0;1;0;9;3;2021;13;1;68;68154;2;2;1;3;47,7708230000;7,3469620000;3;2;2;2;1;1;1;0;5;50;1;Blessé hospitalisé
202100048828;114 487;7;0;2;1;15;1;151 755;1;1;1;2;1979.0;1;8;9;3;2021;13;1;68;68154;2;2;1;3;47,7708230000;7,3469620000;3;2;2;2;1;1;1;0;5;50;1;Indemne
202100048829;114 483;7;0;2;7;17;1;151 751;1;1;1;1;1947.0;5;1;6;3;2021;16;1;69;69059;1;1;1;5;45,8649008210;4,7186493874;3;2;2;0;1;1;1;0;1;80;5;Indemne
202100048829;114 484;1;0;2;8;1;5;151 752;1;1;3;1;1972.0;5;2;6;3;2021;16;1;69;69059;1;1;1;5;45,8649008210;4,7186493874;3;2;2;0;1;1;1;0;1;80;5;Blessé hospitalisé
202100048829;114 485;1;0;2;8;1;5;151 753;1;1;4;1;1978.0;5;2;6;3;2021;16;1;69;69059;1;1;1;5;45,8649008210;4,7186493874;3;2;2;0;1;1;1;0;1;80;5;Blessé léger
202100048847;114 449;1;0;1;1;1;5;151 709;1;1;4;1;1960.0;5;2;7;3;2021;10;1;64;64445;2;6;1;6;43,2962800000; -0,3758900000;4;1;1;0;2;1;1;0;1;30;6;Blessé léger
202100048857;114 429;1;1;0;1;1;5;151 687;1;1;4;1;1945.0;5;2;6;3;2021;09;1;17;17306;2;1;1;6;45,6265430000; -1,0272450000;4;2;2;0;2;1;1;0;1;50;5;Blessé léger
202100048857;114 430;7;0;2;8;22;1;151 688;1;1;1;1;1986.0;0;1;6;3;2021;09;1;17;17306;2;1;1;6;45,6265430000; -1,0272450000;4;2;2;0;2;1;1;0;1;50;5;Indemne
202100048863;114 419;1;0;0;0;1;5;151 675;1;1;4;1;1957.0;5;2;7;3;2021;12;1;07;07281;1;1;8;7;44,9521300000;4,8235600000;3;2;2;0;2;3;2;0;1;50;6;Blessé léger
202100048899;114 352;1;0;2;1;1;5;151 587;1;1;4;1;1956.0;5;0;7;3;2021;16;1;13;13011;1;3;1;3;43,7347820000;4,8211690000;3;2;2;0;2;1;1;0;1;80;6;Blessé léger
202100048899;114 353;7;0;2;1;15;1;151 588;1;1;1;1;1989.0;5;1;7;3;2021;16;1;13;13011;1;3;1;3;43,7347820000;4,8211690000;3;2;2;0;2;1;1;0;1;80;6;Indemne
202100048924;114 304;7;0;2;3;1;1;151 522;1;1;1;1;1988.0;5;1;6;3;2021;15;1;69;69386;2;2;1;3;45,7693100000;4,8503900000;4;1;3;0;1;1;1;0;1;50;5;Indemne
202100048924;114 305;1;0;2;7;1;5;151 523;1;1;4;2;1984.0;0;8;6;3;2021;15;1;69;69386;2;2;1;3;45,7693100000;4,8503900000;4;1;3;0;1;1;1;0;1;50;5;Blessé léger
202100048934;114 280;7;0;2;2;21;1;151 492;1;1;1;2;1987.0;5;1;6;3;2021;14;1;59;59650;2;3;1;3;50,7090726239;3,2046443224;4;2;2;0;1;3;1;0;1;50;5;Indemne
202100048934;114 281;80;0;2;1;15;3;151 493;1;1;4;1;2005.0;5;8;6;3;2021;14;1;59;59650;2;3;1;3;50,7090726239;3,2046443224;4;2;2;0;1;3;1;0;1;50;5;Blessé léger
202100048951;114 251;7;0;2;2;17;1;151 459;1;1;1;2;2003.0;0;1;5;3;2021;11;1;12;12089;2;2;1;3;44,5752400000;2,2636300000;3;2;2;0;2;1;1;0;1;50;4;Indemne
202100048951;114 252;1;0;2;8;1;5;151 460;1;1;4;1;1982.0;0;0;5;3;2021;11;1;12;12089;2;2;1;3;44,5752400000;2,2636300000;3;2;2;0;2;1;1;0;1;50;4;Blessé léger
202100048956;114 240;37;0;2;1;9;2;151 446;1;1;1;2;1982.0;4;1;6;3;2021;09;1;75;75120;2;3;1;3;48,8719810000;2,3918730000;4;2;2;1;2;1;1;0;1;50;5;Indemne
202100048956;114 241;1;0;2;1;1;5;151 447;1;1;4;1;1995.0;5;8;6;3;2021;09;1;75;75120;2;3;1;3;48,8719810000;2,3918730000;4;2;2;1;2;1;1;0;1;50;5;Blessé léger
202100048972;114 211;7;0;2;1;15;1;151 410;1;1;1;2;2000.0;0;8;6;3;2021;17;1;93;93072;2;3;1;1;48,9510700000;2,3737600000;4;4;2;0;1;2;1;9;1;30;5;Indemne
202100048972;114 212;1;0;2;1;16;0;151 411;1;1;4;1;1957.0;0;8;6;3;2021;17;1;93;93072;2;3;1;1;48,9510700000;2,3737600000;4;4;2;0;1;2;1;9;1;30;5;Blessé léger
202100048978;114 201;1;0;2;4;19;5;151 397;1;1;4;1;1966.0;9;8;6;3;2021;18;1;93;93048;2;5;1;3;48,8643800000;2,4390100000;4;1;8;3;1;1;1;0;1;30;5;Blessé léger
202100048978;114 202;10;0;2;3;1;1;151 398;1;1;1;1;1995.0;1;1;6;3;2021;18;1;93;93048;2;5;1;3;48,8643800000;2,4390100000;4;1;8;3;1;1;1;0;1;30;5;Indemne
202100048982;114 193;7;0;2;3;15;1;151 387;1;1;1;1;1985.0;1;1;6;3;2021;19;5;92;92012;2;3;1;3;48,8347522864;2,2428363562;4;2;2;0;1;1;1;0;1;50;5;Indemne
202100048982;114 193;7;0;2;3;15;1;151 388;2;2;1;2;1982.0;1;1;6;3;2021;19;5;92;92012;2;3;1;3;48,8347522864;2,2428363562;4;2;2;0;1;1;1;0;1;50;5;Indemne
202100048982;114 194;1;0;2;1;1;5;151 389;1;1;4;1;1991.0;0;2;6;3;2021;19;5;92;92012;2;3;1;3;48,8347522864;2,2428363562;4;2;2;0;1;1;1;0;1;50;5;Blessé léger
202100048995;114 175;1;0;0;1;13;5;151 367;1;1;4;1;1978.0;5;2;6;3;2021;10;1;2B;2B201;1;1;1;7;42,1997840000;9,4000050000;3;2;2;0;2;3;1;0;3;80;5;Blessé léger
202100049000;114 166;7;0;0;5;15;1;151 353;1;1;1;1;1989.0;1;1;7;3;2021;10;1;49;49307;2;3;7;3;47,4086430000; -0,3133460000;3;2;2;0;1;1;1;5;1;50;6;Indemne
202100049000;114 167;1;0;2;1;1;5;151 354;1;1;3;1;1951.0;5;2;7;3;2021;10;1;49;49307;2;3;7;3;47,4086430000; -0,3133460000;3;2;2;0;1;1;1;5;1;50;6;Blessé hospitalisé
202100049013;114 148;1;0;0;1;1;5;151 307;1;1;4;1;1956.0;5;2;6;3;2021;13;1;21;21673;1;1;1;7;47,1708107561;4,7218036652;4;2;2;0;2;1;1;0;1;80;5;Blessé léger
202100049056;114 070;80;0;2;8;19;3;151 199;1;1;4;2;1993.0;1;0;5;3;2021;08;1;69;69034;2;3;1;3;45,7880538509;4,8530269557;4;1;1;0;1;1;1;0;1;50;4;Blessé léger
202100049056;114 071;7;0;2;2;1;1;151 200;1;1;1;2;1976.0;2;1;5;3;2021;08;1;69;69034;2;3;1;3;45,7880538509;4,8530269557;4;1;1;0;1;1;1;0;1;50;4;Indemne
202100049065;114 056;1;0;2;8;19;5;151 181;1;1;4;1;2007.0;5;8;3;3;2021;15;1;87;87085;2;1;1;3;45,8484100000;1,2621500000;4;4;3;0;1;1;1;0;1;50;2;Blessé léger
202100049065;114 057;7;0;2;1;1;1;151 182;1;1;1;2;1997.0;1;1;3;3;2021;15;1;87;87085;2;1;1;3;45,8484100000;1,2621500000;4;4;3;0;1;1;1;0;1;50;2;Indemne
202100049084;114 021;7;0;2;2;16;1;151 139;1;1;1;2;1961.0;0;1;5;3;2021;14;1;59;59512;2;3;1;3;50,6909355977;3,2004439831;7;2;2;1;1;1;1;0;5;50;4;Indemne
202100049084;114 022;1;0;2;1;1;5;151 140;1;1;4;1;1943.0;0;0;5;3;2021;14;1;59;59512;2;3;1;3;50,6909355977;3,2004439831;7;2;2;1;1;1;1;0;5;50;4;Blessé léger
202100049086;114 015;1;0;2;7;1;5;151 132;1;1;4;1;1999.0;0;0;5;3;2021;12;1;51;51454;2;3;1;3;49,2350880000;4,0419330000;1;2;4;0;1;1;1;0;1;50;4;Blessé léger
202100049086;114 016;7;0;2;1;1;1;151 133;1;1;1;1;2001.0;0;1;5;3;2021;12;1;51;51454;2;3;1;3;49,2350880000;4,0419330000;1;2;4;0;1;1;1;0;1;50;4;Indemne
202100049105;113 981;7;0;9;3;15;1;151 090;1;1;1;2;2002.0;1;1;5;3;2021;18;1;31;31344;2;3;2;3;43,0974800000;0,7480700000;4;2;1;0;1;1;2;0;1;30;4;Indemne
202100049105;113 982;1;0;2;1;1;5;151 091;1;1;4;1;1964.0;5;8;5;3;2021;18;1;31;31344;2;3;2;3;43,0974800000;0,7480700000;4;2;1;0;1;1;2;0;1;30;4;Blessé léger
202100049107;113 977;1;0;2;7;26;5;151 086;1;1;4;1;1944.0;5;8;5;3;2021;13;1;31;31483;2;3;1;3;43,0977200000;0,7127400000;4;2;2;0;1;1;2;0;1;50;4;Blessé léger
202100049107;113 978;7;0;9;2;9;1;151 087;1;1;1;2;1980.0;0;8;5;3;2021;13;1;31;31483;2;3;1;3;43,0977200000;0,7127400000;4;2;2;0;1;1;2;0;1;50;4;Indemne
202100049112;113 967;80;0;2;8;19;3;151 073;1;1;2;1;1978.0;1;0;5;3;2021;18;1;25;25614;2;2;1;3;47,5213600000;6,8446200000;3;2;2;0;1;1;1;0;1;30;4;Tué
202100049112;113 968;7;0;2;2;26;1;151 074;1;1;1;1;2002.0;5;1;5;3;2021;18;1;25;25614;2;2;1;3;47,5213600000;6,8446200000;3;2;2;0;1;1;1;0;1;30;4;Indemne
202100049112;113 968;7;0;2;2;26;1;151 075;2;2;1;1;2002.0;5;1;5;3;2021;18;1;25;25614;2;2;1;3;47,5213600000;6,8446200000;3;2;2;0;1;1;1;0;1;30;4;Indemne
202100049112;113 968;7;0;2;2;26;1;151 076;3;2;1;2;2004.0;5;1;5;3;2021;18;1;25;25614;2;2;1;3;47,5213600000;6,8446200000;3;2;2;0;1;1;1;0;1;30;4;Indemne
202100049113;113 965;1;0;2;1;1;0;151 071;1;1;4;2;1982.0;1;2;4;3;2021;17;1;25;25056;2;9;1;3;47,2313600000;6,0265000000;4;1;1;2;1;1;1;0;5;20;3;Blessé léger
202100049113;113 966;10;0;2;3;15;1;151 072;1;1;1;1;1960.0;1;1;4;3;2021;17;1;25;25056;2;9;1;3;47,2313600000;6,0265000000;4;1;1;2;1;1;1;0;5;20;3;Indemne
202100049135;113 926;1;1;0;1;14;5;151 024;1;1;4;1;1996.0;1;8;5;3;2021;01;5;75;75111;2;1;1;6;48,8671510000;2,3682290000;4;1;1;0;1;1;2;0;1;50;4;Blessé léger
202100049167;113 869;7;0;2;1;1;1;150 948;1;1;1;1;1951.0;3;1;6;3;2021;14;1;74;74171;1;2;1;3;46,3259160000;6,2925000000;3;2;2;0;1;1;1;0;1;80;5;Indemne
202100049167;113 870;1;0;2;7;19;5;150 949;1;1;2;1;1945.0;5;2;6;3;2021;14;1;74;74171;1;2;1;3;46,3259160000;6,2925000000;3;2;2;0;1;1;1;0;1;80;5;Tué
202100049180;113 844;1;0;9;4;0;5;150 913;1;1;1;1;1946.0;5;2;6;3;2021;14;1;53;53202;1;1;1;6;48,4127880000; -0,9276260000;3;2;2;0;1;1;1;0;1;90;5;Indemne
202100049180;113 845;1;0;2;1;0;5;150 914;1;1;2;1;1946.0;5;2;6;3;2021;14;1;53;53202;1;1;1;6;48,4127880000; -0,9276260000;3;2;2;0;1;1;1;0;1;90;5;Tué
202100049211;113 790;80;0;2;3;1;3;150 842;1;1;4;2;1969.0;5;0;5;3;2021;09;1;988;98818;2;2;1;3; -22,2773000000;166,4489000000;4;2;2;0;3;1;1;0;1;50;4;Blessé léger
202100049211;113 791;7;0;2;7;19;1;150 843;1;1;1;2;1970.0;1;1;5;3;2021;09;1;988;98818;2;2;1;3; -22,2773000000;166,4489000000;4;2;2;0;3;1;1;0;1;50;4;Indemne
202100049220;113 773;10;0;2;2;16;1;150 821;1;1;1;1;1962.0;9;1;4;3;2021;09;1;69;69387;2;2;1;3;45,7519800000;4,8368300000;4;1;4;0;1;1;1;0;1;50;3;Indemne
202100049220;113 774;1;0;2;8;1;5;150 822;1;1;4;1;1993.0;0;0;4;3;2021;09;1;69;69387;2;2;1;3;45,7519800000;4,8368300000;4;1;4;0;1;1;1;0;1;50;3;Blessé léger
202100049245;113 731;7;0;2;2;15;1;150 762;1;1;1;1;2002.0;5;1;27;2;2021;16;1;59;59350;2;7;1;3;50,6352100000;3,0620100000;4;1;1;1;1;1;1;0;8;30;5;Indemne
202100049245;113 732;80;0;2;1;0;3;150 763;1;1;4;1;1994.0;4;8;27;2;2021;16;1;59;59350;2;7;1;3;50,6352100000;3,0620100000;4;1;1;1;1;1;1;0;8;30;5;Blessé léger
202100049278;113 675;10;0;2;8;22;1;150 694;1;1;1;1;1972.0;9;8;4;3;2021;15;1;75;75116;2;1;2;2;48,8720661479;2,2837346792;4;1;1;0;1;1;2;0;1;50;3;Indemne
202100049278;113 676;1;0;2;1;1;5;150 695;1;1;4;2;1962.0;5;8;4;3;2021;15;1;75;75116;2;1;2;2;48,8720661479;2,2837346792;4;1;1;0;1;1;2;0;1;50;3;Blessé léger
202100049283;113 668;1;0;1;4;1;5;150 684;10;3;4;2;1970.0;1;0;3;3;2021;13;1;75;75109;2;1;1;6;48,8757820000;2,3371240000;4;1;1;0;1;1;1;0;1;50;2;Blessé léger
202100049283;113 668;1;0;1;4;1;5;150 685;1;1;1;1;1998.0;4;8;3;3;2021;13;1;75;75109;2;1;1;6;48,8757820000;2,3371240000;4;1;1;0;1;1;1;0;1;50;2;Indemne
202100049287;113 660;2;0;0;1;1;1;150 676;1;1;1;1;2000.0;4;2;3;3;2021;19;5;75;75104;2;7;1;1;48,8558280000;2,3541460000;4;1;1;0;1;2;1;0;1;50;2;Indemne
202100049287;113 661;1;0;2;1;5;5;150 677;1;1;4;1;1990.0;9;8;3;3;2021;19;5;75;75104;2;7;1;1;48,8558280000;2,3541460000;4;1;1;0;1;2;1;0;1;50;2;Blessé léger
202100049288;113 659;1;0;0;0;13;5;150 675;1;1;3;1;1974.0;1;2;4;3;2021;18;5;94;94046;2;1;2;7;48,7895700000;2,4353570000;3;2;2;1;1;1;2;0;4;50;3;Blessé hospitalisé
202100049292;113 650;7;0;2;3;15;1;150 664;1;1;1;1;1991.0;0;1;4;3;2021;16;1;93;93074;2;1;2;3;48,9329841226;2,5670927741;3;2;2;0;1;1;2;0;1;50;3;Indemne