Num_Acc;id_vehicule;catv;obs;obsm;choc;manv;motor;id_usager;place;catu;grav;sexe;an_nais;trajet;secu1;jour;mois;an;hrmn;lum;dep;com;agg;int;atm;col;lat;long;catr;circ;nbv;vosp;prof;plan;surf;infra;situ;vma;day_of_week;gravity
202100050108;112 170;1;0;2;2;19;5;148 781;1;1;4;1;2009.0;5;2;26;2;2021;18;1;60;60513;2;1;1;1;49,2099427328;2,3709797501;3;2;2;0;1;1;1;0;1;50;4;Blessé léger
202100050108;112 171;7;0;2;1;1;1;148 782;1;1;1;2;1998.0;1;1;26;2;2021;18;1;60;60513;2;1;1;1;49,2099427328;2,3709797501;3;2;2;0;1;1;1;0;1;50;4;Indemne
202100050143;112 092;1;0;2;2;0;5;148 649;1;1;4;1;1971.0;5;8;24;2;2021;14;1;974;97407;2;6;1;3; -20,9422700000;55,2918700000;4;1;2;0;1;1;1;0;1;50;2;Blessé léger
202100050143;112 093;7;0;9;3;9;3;148 650;1;1;1;1;1968.0;4;8;24;2;2021;14;1;974;97407;2;6;1;3; -20,9422700000;55,2918700000;4;1;2;0;1;1;1;0;1;50;2;Indemne
202100050145;112 088;50;0;2;1;1;3;148 645;1;1;1;1;1991.0;5;8;25;2;2021;23;5;69;69388;2;2;1;1;45,7413200000;4,8741700000;4;1;3;1;1;1;1;0;1;50;3;Indemne
202100050145;112 089;1;0;2;1;15;5;148 646;1;1;4;1;1981.0;5;8;25;2;2021;23;5;69;69388;2;2;1;1;45,7413200000;4,8741700000;4;1;3;1;1;1;1;0;1;50;3;Blessé léger
202100050189;112 004;7;0;2;1;15;1;148 539;1;1;1;1;1977.0;1;8;24;2;2021;10;1;37;37261;2;2;1;6;47,3835975546;0,6961987280;4;2;2;0;1;1;1;0;1;50;2;Indemne
202100050189;112 005;1;0;2;1;15;0;148 540;1;1;4;1;1955.0;5;2;24;2;2021;10;1;37;37261;2;2;1;6;47,3835975546;0,6961987280;4;2;2;0;1;1;1;0;1;50;2;Blessé léger
202100050202;111 977;1;0;2;4;2;5;148 505;1;1;4;1;2004.0;5;1;25;2;2021;18;5;13;13001;2;1;1;2;43,5143430961;5,4388183355;4;2;2;0;1;1;1;0;1;50;3;Blessé léger
202100050202;111 978;7;0;2;1;2;1;148 506;1;1;1;1;1966.0;5;8;25;2;2021;18;5;13;13001;2;1;1;2;43,5143430961;5,4388183355;4;2;2;0;1;1;1;0;1;50;3;Indemne
202100050216;111 952;10;0;2;3;1;1;148 475;1;1;1;1;1993.0;4;1;22;2;2021;13;1;75;75116;2;2;8;3;48,8749250000;2,2711040000;4;2;4;0;1;1;1;0;1;50;0;Indemne
202100050216;111 953;1;0;2;8;1;5;148 476;1;1;4;1;1938.0;9;8;22;2;2021;13;1;75;75116;2;2;8;3;48,8749250000;2,2711040000;4;2;4;0;1;1;1;0;1;50;0;Blessé léger
202100050217;111 951;1;0;0;0;1;5;148 474;1;1;4;2;1992.0;1;8;25;2;2021;08;1;75;75115;2;2;1;7;48,8372350000;2,2964330000;4;2;3;3;1;1;1;0;1;50;3;Blessé léger
202100050227;111 932;1;0;0;0;0;6;148 452;1;1;4;2;1965.0;5;8;25;2;2021;14;1;94;94077;2;1;1;7;48,7288800000;2,4283500000;4;2;2;0;1;1;1;0;1;30;3;Blessé léger
202100050248;111 900;1;0;0;0;1;5;148 408;1;1;2;1;1946.0;5;8;26;2;2021;12;1;56;56224;1;1;1;7;47,7940610000; -2,3145480000;3;2;2;0;3;1;1;0;1;80;4;Tué
202100050254;111 890;1;6;0;8;16;5;148 394;1;1;3;1;2008.0;5;0;25;2;2021;15;1;55;55359;2;9;1;6;48,5763990000;5,2469020000;4;2;2;0;2;3;1;0;4;50;3;Blessé hospitalisé
202100050278;111 846;1;0;2;1;1;5;148 338;1;1;3;1;1964.0;5;2;24;2;2021;17;1;63;63200;2;6;1;3;45,8392960000;3,2154460000;3;2;2;0;1;1;1;5;1;30;2;Blessé hospitalisé
202100050278;111 847;7;0;9;3;1;1;148 339;1;1;1;1;1962.0;1;8;24;2;2021;17;1;63;63200;2;6;1;3;45,8392960000;3,2154460000;3;2;2;0;1;1;1;5;1;30;2;Indemne
202100050303;111 783;1;0;2;1;15;5;148 264;1;1;4;1;1995.0;1;8;24;2;2021;07;1;69;69386;2;5;1;3;45,7699200000;4,8571400000;4;1;2;3;1;1;1;0;1;50;2;Blessé léger
202100050303;111 784;7;0;2;6;15;1;148 265;1;1;1;1;1990.0;1;8;24;2;2021;07;1;69;69386;2;5;1;3;45,7699200000;4,8571400000;4;1;2;3;1;1;1;0;1;50;2;Indemne
202100050305;111 780;1;0;0;7;15;5;148 261;1;1;3;2;1965.0;1;8;24;2;2021;09;1;69;69384;2;3;1;7;45,7719800000;4,8158800000;4;2;2;2;2;3;2;0;1;50;2;Blessé hospitalisé
202100050314;111 767;7;0;2;4;1;1;148 244;1;1;4;1;2001.0;0;1;20;2;2021;09;1;80;80131;1;1;1;4;49,8639600000;2,3497800000;3;2;2;0;1;1;1;0;1;80;5;Blessé léger
202100050314;111 768;7;0;2;1;1;1;148 245;1;1;1;1;2000.0;0;1;20;2;2021;09;1;80;80131;1;1;1;4;49,8639600000;2,3497800000;3;2;2;0;1;1;1;0;1;80;5;Indemne
202100050314;111 769;1;0;2;8;0;0;148 246;1;1;4;1;1955.0;5;2;20;2;2021;09;1;80;80131;1;1;1;4;49,8639600000;2,3497800000;3;2;2;0;1;1;1;0;1;80;5;Blessé léger
202100050315;111 765;38;0;2;3;2;1;148 242;1;1;1;1;1966.0;4;1;24;2;2021;12;1;79;79191;2;3;1;3;46,3222300000; -0,4568500000;3;2;2;0;1;1;1;0;1;50;2;Indemne
202100050315;111 766;1;0;2;7;19;6;148 243;1;1;3;1;1973.0;1;8;24;2;2021;12;1;79;79191;2;3;1;3;46,3222300000; -0,4568500000;3;2;2;0;1;1;1;0;1;50;2;Blessé hospitalisé
202100050322;111 750;7;0;2;5;15;1;148 219;1;1;1;1;1977.0;9;1;24;2;2021;17;1;64;64348;1;3;1;3;43,3483100000; -0,3799800000;3;2;2;0;1;1;1;0;5;50;2;Indemne
202100050322;111 751;1;0;2;1;1;5;148 220;1;1;4;1;1978.0;1;8;24;2;2021;17;1;64;64348;1;3;1;3;43,3483100000; -0,3799800000;3;2;2;0;1;1;1;0;5;50;2;Blessé léger
202100050331;111 736;10;0;2;3;15;1;148 201;1;1;1;1;1999.0;4;1;23;2;2021;07;1;50;50602;2;3;1;3;49,6254700000; -1,5871900000;4;2;2;0;2;1;1;0;1;50;1;Indemne
202100050331;111 737;1;0;2;1;1;5;148 202;1;1;4;1;1975.0;1;2;23;2;2021;07;1;50;50602;2;3;1;3;49,6254700000; -1,5871900000;4;2;2;0;2;1;1;0;1;50;1;Blessé léger
202100050344;111 713;37;0;2;6;2;1;148 172;1;1;1;2;1977.0;4;1;22;2;2021;17;2;25;25056;2;1;1;2;47,2238000000;5,9789000000;2;3;4;0;1;1;1;0;1;50;0;Indemne
202100050344;111 714;1;0;2;1;2;0;148 173;1;1;4;1;1960.0;9;2;22;2;2021;17;2;25;25056;2;1;1;2;47,2238000000;5,9789000000;2;3;4;0;1;1;1;0;1;50;0;Blessé léger
202100050352;111 697;7;0;2;3;15;1;148 155;1;1;1;2;1937.0;9;1;23;2;2021;16;1;13;13209;2;3;1;3;43,2455400000;5,4120800000;7;2;2;1;1;1;1;0;1;50;1;Indemne
202100050352;111 698;1;0;2;1;1;5;148 156;1;1;4;1;2002.0;0;8;23;2;2021;16;1;13;13209;2;3;1;3;43,2455400000;5,4120800000;7;2;2;1;1;1;1;0;1;50;1;Blessé léger
202100050359;111 682;7;0;2;1;1;1;148 138;1;1;1;2;1996.0;9;1;24;2;2021;08;1;75;75118;2;1;1;2;48,8896730000;2,3314960000;4;2;2;0;2;1;1;0;1;50;2;Indemne
202100050359;111 683;1;0;2;4;23;5;148 139;1;1;4;2;1989.0;9;2;24;2;2021;08;1;75;75118;2;1;1;2;48,8896730000;2,3314960000;4;2;2;0;2;1;1;0;1;50;2;Blessé léger
202100050360;111 680;1;0;2;2;1;5;148 136;1;1;4;2;1969.0;1;2;24;2;2021;17;2;75;75117;2;4;1;3;48,8821916483;2,3011690378;4;2;2;0;1;1;1;0;1;50;2;Blessé léger
202100050360;111 681;7;0;2;3;22;1;148 137;1;1;1;1;1999.0;5;8;24;2;2021;17;2;75;75117;2;4;1;3;48,8821916483;2,3011690378;4;2;2;0;1;1;1;0;1;50;2;Indemne
202100050381;111 643;17;0;2;2;9;1;148 091;1;1;1;1;1995.0;0;1;24;2;2021;10;1;93;93057;2;2;1;3;48,9111120963;2,5164974127;3;3;4;0;1;1;1;5;1;50;2;Indemne
202100050381;111 644;1;0;2;8;18;0;148 092;1;1;4;1;1950.0;0;1;24;2;2021;10;1;93;93057;2;2;1;3;48,9111120963;2,5164974127;3;3;4;0;1;1;1;5;1;50;2;Blessé léger
202100050385;111 635;7;0;2;0;23;1;148 081;2;2;1;1;1979.0;9;1;24;2;2021;18;2;92;92009;2;1;1;7;48,9195608106;2,2801211039;3;2;0;0;1;1;1;0;1;50;2;Indemne
202100050385;111 635;7;0;2;0;23;1;148 082;1;1;1;2;1990.0;0;1;24;2;2021;18;2;92;92009;2;1;1;7;48,9195608106;2,2801211039;3;2;0;0;1;1;1;0;1;50;2;Indemne
202100050385;111 636;1;0;2;0;1;5;148 083;1;1;4;1;1968.0;9;2;24;2;2021;18;2;92;92009;2;1;1;7;48,9195608106;2,2801211039;3;2;0;0;1;1;1;0;1;50;2;Blessé léger
202100050394;111 616;1;0;2;3;1;5;148 057;1;1;4;1;1944.0;5;0;24;2;2021;14;1;46;46089;1;2;7;3;44,5055730000;1,0804260000;3;2;2;0;1;1;1;0;1;70;2;Blessé léger
202100050394;111 617;10;0;2;2;1;1;148 058;1;1;1;1;1995.0;4;1;24;2;2021;14;1;46;46089;1;2;7;3;44,5055730000;1,0804260000;3;2;2;0;1;1;1;0;1;70;2;Indemne
202100050397;111 610;32;0;2;1;1;1;148 051;1;1;4;1;1956.0;0;2;24;2;2021;15;1;38;38511;1;2;1;2;45,3554930000;5,9531210000;3;3;2;0;1;1;1;5;1;70;2;Blessé léger
202100050397;111 611;1;0;0;4;11;5;148 052;1;1;4;1;1968.0;5;2;24;2;2021;15;1;38;38511;1;2;1;2;45,3554930000;5,9531210000;3;3;2;0;1;1;1;5;1;70;2;Blessé léger
202100050401;111 604;1;0;2;8;1;5;148 045;1;1;4;1;2004.0;5;2;24;2;2021;17;1;43;43224;1;9;1;1;45,2206220000;4,2074630000;3;2;2;0;4;2;1;0;1;80;2;Blessé léger
202100050401;111 605;3;0;9;1;1;1;148 046;1;1;1;1;1953.0;5;1;24;2;2021;17;1;43;43224;1;9;1;1;45,2206220000;4,2074630000;3;2;2;0;4;2;1;0;1;80;2;Indemne
202100050415;111 583;1;0;2;3;15;5;148 020;1;1;2;1;1956.0;5;2;25;2;2021;14;1;52;52366;1;3;1;1;47,9171400000;5,1895060000;3;2;2;0;2;1;1;0;1;90;3;Tué
202100050415;111 584;7;0;2;2;1;1;148 021;2;2;1;2;1939.0;5;1;25;2;2021;14;1;52;52366;1;3;1;1;47,9171400000;5,1895060000;3;2;2;0;2;1;1;0;1;90;3;Indemne
202100050415;111 584;7;0;2;2;1;1;148 022;1;1;1;1;1934.0;5;1;25;2;2021;14;1;52;52366;1;3;1;1;47,9171400000;5,1895060000;3;2;2;0;2;1;1;0;1;90;3;Indemne
202100050427;111 559;1;0;2;1;19;5;147 993;1;1;4;1;1955.0;0;8;23;2;2021;12;1;974;97411;2;1;1;3; -20,8859500000;55,4813500000;2;1;3;0;1;1;1;0;1;70;1;Blessé léger
202100050427;111 560;7;0;2;1;1;1;147 994;1;1;1;1;1967.0;0;1;23;2;2021;12;1;974;97411;2;1;1;3; -20,8859500000;55,4813500000;2;1;3;0;1;1;1;0;1;70;1;Indemne
202100050431;111 552;10;0;2;7;16;6;147 984;1;1;1;1;1973.0;0;8;23;2;2021;19;5;69;69259;2;9;1;3;45,6957618897;4,8812180109;4;3;1;1;2;1;1;0;5;50;1;Indemne
202100050431;111 553;1;0;2;1;1;0;147 985;1;1;4;1;1984.0;9;0;23;2;2021;19;5;69;69259;2;9;1;3;45,6957618897;4,8812180109;4;3;1;1;2;1;1;0;5;50;1;Blessé léger
202100050432;111 550;1;0;2;0;1;5;147 981;1;1;4;1;1993.0;1;0;23;2;2021;16;1;69;69259;2;6;7;2;45,6861270500;4,8922385400;7;2;1;0;3;2;1;9;1;30;1;Blessé léger
202100050432;111 551;7;0;2;3;9;1;147 982;1;1;1;1;1978.0;0;8;23;2;2021;16;1;69;69259;2;6;7;2;45,6861270500;4,8922385400;7;2;1;0;3;2;1;9;1;30;1;Indemne
202100050432;111 551;7;0;2;3;9;1;147 983;2;2;1;1;1967.0;0;8;23;2;2021;16;1;69;69259;2;6;7;2;45,6861270500;4,8922385400;7;2;1;0;3;2;1;9;1;30;1;Indemne
202100050448;111 526;1;14;0;1;1;5;147 951;1;1;3;1;1951.0;0;8;23;2;2021;10;1;72;72181;2;1;1;6;48,0067800000;0,1902500000;4;2;2;3;1;1;1;4;6;50;1;Blessé hospitalisé
202100050449;111 524;1;0;2;1;1;5;147 949;1;1;3;1;1984.0;5;0;23;2;2021;15;1;69;69264;2;1;1;3;45,9808811540;4,7404709233;3;2;2;3;1;1;1;0;4;50;1;Blessé hospitalisé
202100050449;111 525;7;0;2;2;9;1;147 950;1;1;1;1;1982.0;2;1;23;2;2021;15;1;69;69264;2;1;1;3;45,9808811540;4,7404709233;3;2;2;3;1;1;1;0;4;50;1;Indemne
202100050455;111 513;7;0;2;2;16;1;147 937;1;1;1;1;1991.0;4;1;22;2;2021;17;1;56;56121;2;6;1;3;47,7571500000; -3,3877200000;4;1;2;0;1;1;1;5;5;30;0;Indemne
202100050455;111 514;1;0;2;8;1;5;147 938;1;1;4;2;1973.0;0;2;22;2;2021;17;1;56;56121;2;6;1;3;47,7571500000; -3,3877200000;4;1;2;0;1;1;1;5;5;30;0;Blessé léger
202100050460;111 501;1;0;2;7;1;0;147 921;1;1;3;1;1982.0;1;8;22;2;2021;08;1;45;45235;1;6;1;3;47,9435500000;1,8341600000;4;2;2;0;1;1;1;0;1;50;0;Blessé hospitalisé
202100050460;111 502;7;0;2;1;9;1;147 922;1;1;1;1;1963.0;1;1;22;2;2021;08;1;45;45235;1;6;1;3;47,9435500000;1,8341600000;4;2;2;0;1;1;1;0;1;50;0;Indemne
202100050464;111 492;1;0;2;0;2;5;147 911;1;1;4;1;1994.0;4;8;23;2;2021;18;2;33;33063;2;1;1;3;44,8320700000; -0,5781200000;4;2;3;3;1;1;1;0;1;50;1;Blessé léger
202100050464;111 493;38;0;2;5;2;1;147 912;1;1;1;1;1962.0;4;1;23;2;2021;18;2;33;33063;2;1;1;3;44,8320700000; -0,5781200000;4;2;3;3;1;1;1;0;1;50;1;Indemne
202100050469;111 484;1;0;2;5;1;5;147 899;1;1;4;1;1955.0;5;2;23;2;2021;11;1;29;29232;2;1;1;2;47,9795000000; -4,0748200000;4;1;1;0;1;2;1;0;1;50;1;Blessé léger
202100050469;111 485;7;0;9;3;9;1;147 900;1;1;1;1;1968.0;1;1;23;2;2021;11;1;29;29232;2;1;1;2;47,9795000000; -4,0748200000;4;1;1;0;1;2;1;0;1;50;1;Indemne
202100050497;111 435;7;0;2;1;9;1;147 832;1;1;1;1;1960.0;1;1;23;2;2021;06;5;92;92062;2;3;1;3;48,8818673788;2,2467014194;3;2;6;1;1;1;1;9;5;50;1;Indemne
202100050497;111 436;1;0;2;8;1;5;147 833;1;1;4;1;1993.0;1;8;23;2;2021;06;5;92;92062;2;3;1;3;48,8818673788;2,2467014194;3;2;6;1;1;1;1;9;5;50;1;Blessé léger
202100050508;111 418;1;0;2;1;5;5;147 809;1;1;4;1;1996.0;5;0;23;2;2021;21;3;38;38115;1;1;1;3;44,9847290000;5,6475090000;3;2;2;0;2;1;1;0;1;80;1;Blessé léger
202100050508;111 419;7;0;9;1;1;1;147 810;1;1;1;1;1987.0;1;1;23;2;2021;21;3;38;38115;1;1;1;3;44,9847290000;5,6475090000;3;2;2;0;2;1;1;0;1;80;1;Indemne
202100050513;111 408;1;0;2;1;1;5;147 796;1;1;3;1;2009.0;5;2;23;2;2021;13;1;68;68073;2;3;1;1;47,8054090000;6,9359830000;4;2;2;0;2;1;1;0;1;50;1;Blessé hospitalisé
202100050513;111 409;7;0;0;1;15;1;147 797;1;1;1;2;1954.0;5;1;23;2;2021;13;1;68;68073;2;3;1;1;47,8054090000;6,9359830000;4;2;2;0;2;1;1;0;1;50;1;Indemne
202100050516;111 402;1;0;2;1;1;0;147 790;1;1;3;1;1951.0;5;2;23;2;2021;15;1;44;44211;1;2;1;3;47,3765000000; -2,4597790000;3;2;2;0;1;1;1;5;1;80;1;Blessé hospitalisé
202100050516;111 403;7;0;9;7;1;1;147 791;1;1;1;2;1946.0;5;1;23;2;2021;15;1;44;44211;1;2;1;3;47,3765000000; -2,4597790000;3;2;2;0;1;1;1;5;1;80;1;Indemne
202100050518;111 397;1;0;0;0;16;5;147 785;1;1;3;1;1952.0;5;2;24;2;2021;15;1;14;14103;1;1;1;7;49,2561320000; -0,8692700000;3;2;2;0;1;1;1;0;1;80;2;Blessé hospitalisé
202100050524;111 386;1;0;0;0;1;5;147 773;1;1;3;1;1992.0;5;0;24;2;2021;17;1;53;53109;1;1;1;7;48,2942510000; -0,4806630000;3;2;2;0;1;1;1;0;1;80;2;Blessé hospitalisé
202100050531;111 374;1;0;2;7;26;6;147 755;1;1;3;1;1949.0;5;2;23;2;2021;15;1;06;06157;2;6;1;3;43,7231030000;7,0827380000;7;4;5;0;1;1;1;0;1;50;1;Blessé hospitalisé
202100050531;111 375;7;0;9;3;9;1;147 756;1;1;1;2;1952.0;9;8;23;2;2021;15;1;06;06157;2;6;1;3;43,7231030000;7,0827380000;7;4;5;0;1;1;1;0;1;50;1;Indemne
202100050564;111 310;80;0;2;8;19;3;147 675;1;1;4;2;1994.0;9;8;21;2;2021;16;1;83;83137;2;1;1;1;43,1319900000;5,8818900000;4;2;2;0;2;1;1;6;1;50;6;Blessé léger
202100050564;111 311;30;0;2;1;0;1;147 676;1;1;1;1;2000.0;5;8;21;2;2021;16;1;83;83137;2;1;1;1;43,1319900000;5,8818900000;4;2;2;0;2;1;1;6;1;50;6;Indemne
202100050569;111 297;7;0;2;1;2;1;147 659;1;1;1;1;1964.0;0;1;20;2;2021;17;1;76;76351;2;1;1;2;49,4993200000;0,1395600000;4;1;1;0;1;1;1;0;1;50;5;Indemne
202100050569;111 298;1;0;2;4;2;5;147 660;1;1;4;1;2006.0;5;8;20;2;2021;17;1;76;76351;2;1;1;2;49,4993200000;0,1395600000;4;1;1;0;1;1;1;0;1;50;5;Blessé léger
202100050571;111 291;1;0;2;1;1;5;147 653;1;1;3;1;1954.0;5;2;21;2;2021;16;1;71;71076;2;2;1;1;46,7790462131;4,8499806043;4;2;2;0;1;1;1;5;1;50;6;Blessé hospitalisé
202100050571;111 292;7;0;2;2;15;1;147 654;1;1;1;1;1970.0;5;1;21;2;2021;16;1;71;71076;2;2;1;1;46,7790462131;4,8499806043;4;2;2;0;1;1;1;5;1;50;6;Indemne
202100050572;111 289;1;0;2;7;1;5;147 651;1;1;4;1;1986.0;5;2;21;2;2021;12;1;69;69266;2;1;1;3;45,7724900000;4,8637000000;4;1;2;3;1;1;1;0;1;50;6;Blessé léger
202100050572;111 290;37;0;2;6;1;1;147 652;1;1;1;1;1960.0;4;1;21;2;2021;12;1;69;69266;2;1;1;3;45,7724900000;4,8637000000;4;1;2;3;1;1;1;0;1;50;6;Indemne
202100050574;111 285;7;0;2;3;16;1;147 646;1;1;1;2;2000.0;5;1;21;2;2021;14;1;62;62193;2;6;1;3;50,9549180000;1,8503430000;4;1;1;0;1;3;1;0;1;50;6;Indemne
202100050574;111 286;1;0;2;7;16;5;147 647;1;1;4;2;1971.0;5;8;21;2;2021;14;1;62;62193;2;6;1;3;50,9549180000;1,8503430000;4;1;1;0;1;3;1;0;1;50;6;Blessé léger
202100050578;111 279;1;0;2;1;19;5;147 638;1;1;4;1;2007.0;5;8;22;2;2021;13;1;51;51454;2;2;1;3;49,2491529193;4,0369893307;4;2;2;0;1;1;1;0;8;50;0;Blessé léger
202100050578;111 280;7;0;2;5;15;0;147 639;1;1;1;2;1956.0;0;1;22;2;2021;13;1;51;51454;2;2;1;3;49,2491529193;4,0369893307;4;2;2;0;1;1;1;0;8;50;0;Indemne
202100050578;111 280;7;0;2;5;15;0;147 640;2;2;1;2;1957.0;0;1;22;2;2021;13;1;51;51454;2;2;1;3;49,2491529193;4,0369893307;4;2;2;0;1;1;1;0;8;50;0;Indemne
202100050583;111 270;7;0;2;2;17;1;147 622;1;1;1;2;1982.0;4;1;22;2;2021;09;1;29;29039;1;2;1;6;47,8779918281; -3,8791138112;3;2;2;0;1;1;1;5;1;70;0;Indemne
202100050583;111 271;1;0;2;4;15;5;147 623;1;1;4;1;1994.0;1;2;22;2;2021;09;1;29;29039;1;2;1;6;47,8779918281; -3,8791138112;3;2;2;0;1;1;1;5;1;70;0;Blessé léger
202100050616;111 216;1;0;0;0;16;5;147 549;1;1;4;1;1954.0;5;2;23;2;2021;09;1;42;42320;1;1;1;7;45,5513530000;4,5178480000;7;2;2;0;2;3;8;0;1;90;1;Blessé léger
202100050621;111 207;7;0;2;2;1;1;147 539;1;1;1;1;1944.0;5;1;21;2;2021;15;1;89;89404;1;1;7;2;48,1717670000;3,2167200000;3;2;2;0;2;1;1;0;1;80;6;Indemne
202100050621;111 208;1;0;0;4;1;5;147 540;1;1;4;1;1969.0;5;2;21;2;2021;15;1;89;89404;1;1;7;2;48,1717670000;3,2167200000;3;2;2;0;2;1;1;0;1;80;6;Blessé léger
202100050631;111 187;7;0;9;1;16;1;147 516;1;1;1;1;1933.0;5;1;21;2;2021;16;1;07;07055;2;9;7;3;44,8546440000;4,8382120000;3;2;2;1;1;1;1;0;1;50;6;Indemne
202100050631;111 188;1;0;2;0;19;5;147 517;1;1;4;2;1983.0;5;0;21;2;2021;16;1;07;07055;2;9;7;3;44,8546440000;4,8382120000;3;2;2;1;1;1;1;0;1;50;6;Blessé léger
202100050640;111 168;1;0;2;1;1;6;147 492;1;1;4;1;2003.0;0;0;20;2;2021;17;5;67;67230;2;2;1;3;48,7911836909;7,8289377391;4;2;2;0;1;1;1;0;1;50;5;Blessé léger
202100050640;111 169;7;0;0;2;1;1;147 493;1;1;1;1;1989.0;5;1;20;2;2021;17;5;67;67230;2;2;1;3;48,7911836909;7,8289377391;4;2;2;0;1;1;1;0;1;50;5;Indemne
202100050643;111 162;7;0;2;1;1;1;147 486;1;1;1;1;1964.0;5;1;21;2;2021;16;1;69;69208;1;2;1;3;45,8743520000;4,6038270000;3;2;2;0;1;2;1;0;1;50;6;Indemne
202100050643;111 163;1;0;2;7;26;5;147 487;1;1;3;1;2011.0;5;0;21;2;2021;16;1;69;69208;1;2;1;3;45,8743520000;4,6038270000;3;2;2;0;1;2;1;0;1;50;6;Blessé hospitalisé
202100050645;111 159;7;0;2;2;1;1;147 483;1;1;1;1;1972.0;3;1;22;2;2021;12;1;29;29058;2;6;1;3;47,8979779797; -4,0144985187;3;1;2;0;4;2;1;5;1;50;0;Indemne
202100050645;111 160;1;0;2;3;9;5;147 484;1;1;4;1;1999.0;0;0;22;2;2021;12;1;29;29058;2;6;1;3;47,8979779797; -4,0144985187;3;1;2;0;4;2;1;5;1;50;0;Blessé léger
202100050667;111 120;1;0;2;4;2;5;147 428;1;1;3;1;1957.0;1;0;22;2;2021;10;1;01;01419;1;1;1;2;46,2361100000;6,0090280000;4;2;2;0;1;1;1;0;1;70;0;Blessé hospitalisé
202100050667;111 121;7;0;9;2;2;1;147 429;1;1;1;1;1934.0;0;1;22;2;2021;10;1;01;01419;1;1;1;2;46,2361100000;6,0090280000;4;2;2;0;1;1;1;0;1;70;0;Indemne
202100050674;111 109;7;0;2;2;1;1;147 409;1;1;1;2;1998.0;5;1;20;2;2021;14;1;56;56122;1;1;1;7;47,9986070000; -2,3838020000;3;2;2;0;1;3;1;0;1;80;5;Indemne
202100050674;111 110;1;0;0;1;2;5;147 410;1;1;3;1;1969.0;5;0;20;2;2021;14;1;56;56122;1;1;1;7;47,9986070000; -2,3838020000;3;2;2;0;1;3;1;0;1;80;5;Blessé hospitalisé
202100050680;111 100;1;15;0;0;21;5;147 396;1;1;3;1;1976.0;0;0;21;2;2021;17;1;89;89351;2;1;1;6;47,4484540000;4,0800150000;4;2;2;0;1;3;1;0;3;50;6;Blessé hospitalisé
202100050746;110 976;1;0;2;1;1;0;147 243;1;1;4;2;1981.0;0;2;20;2;2021;16;1;35;35238;2;4;1;3;48,1205800000; -1,6720200000;4;2;2;0;1;3;1;0;1;50;5;Blessé léger
202100050746;110 977;7;0;2;3;15;1;147 244;1;1;1;1;1965.0;5;8;20;2;2021;16;1;35;35238;2;4;1;3;48,1205800000; -1,6720200000;4;2;2;0;1;3;1;0;1;50;5;Indemne
202100050753;110 962;7;0;2;3;9;1;147 225;1;1;1;2;1943.0;0;1;20;2;2021;12;1;13;13075;2;1;1;3;43,3438870000;5,4651600000;7;2;2;1;2;1;1;0;1;50;5;Indemne
202100050753;110 963;1;0;2;1;1;0;147 226;1;1;4;1;1958.0;0;2;20;2;2021;12;1;13;13075;2;1;1;3;43,3438870000;5,4651600000;7;2;2;1;2;1;1;0;1;50;5;Blessé léger
202100050765;110 938;1;0;0;0;21;5;147 195;1;1;4;1;1961.0;5;2;20;2;2021;17;1;75;75118;2;1;1;7;48,8984530000;2,3368740000;4;2;2;0;1;1;1;0;1;50;5;Blessé léger
202100050768;110 932;7;0;2;2;15;1;147 189;1;1;1;1;1971.0;5;1;20;2;2021;11;1;75;75112;2;2;1;3;48,8349860000;2,4198020000;4;2;2;0;1;1;1;0;1;50;5;Indemne
202100050768;110 933;1;0;2;8;1;5;147 190;1;1;4;1;1975.0;5;8;20;2;2021;11;1;75;75112;2;2;1;3;48,8349860000;2,4198020000;4;2;2;0;1;1;1;0;1;50;5;Blessé léger
202100050773;110 924;7;0;2;3;22;1;147 178;1;1;1;1;1954.0;1;1;20;2;2021;19;5;75;75103;2;1;1;3;48,8573780000;2,3614540000;4;1;1;3;1;1;1;0;1;50;5;Indemne
202100050773;110 925;80;0;2;0;1;3;147 179;1;1;4;1;1981.0;1;2;20;2;2021;19;5;75;75103;2;1;1;3;48,8573780000;2,3614540000;4;1;1;3;1;1;1;0;1;50;5;Blessé léger
202100050795;110 886;7;0;0;1;1;1;147 125;1;1;1;1;1960.0;0;1;21;2;2021;11;1;74;74150;2;1;1;1;46,2728170000;6,3132870000;3;2;2;0;2;1;1;0;1;50;6;Indemne
202100050795;110 887;1;0;2;1;1;5;147 126;1;1;4;1;1954.0;5;2;21;2;2021;11;1;74;74150;2;1;1;1;46,2728170000;6,3132870000;3;2;2;0;2;1;1;0;1;50;6;Blessé léger
202100050797;110 882;1;0;2;4;2;5;147 120;1;1;4;1;1997.0;5;2;20;2;2021;13;1;95;95594;1;1;1;2;49,1254065456;2,3975953962;3;2;2;0;3;2;1;0;3;80;5;Blessé léger
202100050797;110 883;7;0;2;1;1;1;147 121;1;1;1;1;1983.0;9;8;20;2;2021;13;1;95;95594;1;1;1;2;49,1254065456;2,3975953962;3;2;2;0;3;2;1;0;3;80;5;Indemne
202100050802;110 871;1;0;2;8;1;5;147 104;1;1;4;1;1993.0;5;2;21;2;2021;10;1;11;11390;1;3;1;3;43,1103590000;2,7574290000;3;2;2;0;1;2;1;0;1;80;6;Blessé léger