Num_Acc;id_vehicule;catv;obs;obsm;choc;manv;motor;id_usager;place;catu;grav;sexe;an_nais;trajet;secu1;jour;mois;an;hrmn;lum;dep;com;agg;int;atm;col;lat;long;catr;circ;nbv;vosp;prof;plan;surf;infra;situ;vma;day_of_week;gravity
202100050802;110 872;7;0;2;1;15;1;147 105;1;1;1;1;1932.0;0;0;21;2;2021;10;1;11;11390;1;3;1;3;43,1103590000;2,7574290000;3;2;2;0;1;2;1;0;1;80;6;Indemne
202100050809;110 858;7;0;2;1;9;0;147 089;1;1;1;1;1994.0;5;8;19;2;2021;10;1;31;31232;2;6;1;3;43,7703270000;1,2864950000;3;2;2;0;1;1;1;0;1;50;4;Indemne
202100050809;110 859;1;0;2;7;1;5;147 090;1;1;3;1;1962.0;5;2;19;2;2021;10;1;31;31232;2;6;1;3;43,7703270000;1,2864950000;3;2;2;0;1;1;1;0;1;50;4;Blessé hospitalisé
202100050818;110 844;7;0;9;2;13;1;147 070;1;1;1;1;1990.0;9;1;20;2;2021;19;3;43;43216;1;1;6;2;45,1397386423;3,7883602655;3;3;2;0;1;1;1;0;1;90;5;Indemne
202100050818;110 845;80;0;0;4;13;3;147 071;1;1;4;1;1990.0;5;0;20;2;2021;19;3;43;43216;1;1;6;2;45,1397386423;3,7883602655;3;3;2;0;1;1;1;0;1;90;5;Blessé léger
202100050821;110 839;1;12;2;7;2;5;147 064;1;1;4;1;1986.0;5;2;21;2;2021;09;1;53;53229;2;6;1;3;48,1302200000; -0,7510320000;3;1;1;0;1;2;1;5;1;50;6;Blessé léger
202100050821;110 840;1;12;2;8;2;5;147 065;1;1;3;1;1972.0;5;2;21;2;2021;09;1;53;53229;2;6;1;3;48,1302200000; -0,7510320000;3;1;1;0;1;2;1;5;1;50;6;Blessé hospitalisé
202100050822;110 837;1;0;2;8;1;5;147 062;1;1;3;1;1975.0;1;2;20;2;2021;07;2;40;40046;2;1;1;3;44,3907660000; -1,1608490000;3;2;2;0;1;1;1;0;1;50;5;Blessé hospitalisé
202100050822;110 838;7;0;2;3;15;1;147 063;1;1;1;1;1960.0;5;1;20;2;2021;07;2;40;40046;2;1;1;3;44,3907660000; -1,1608490000;3;2;2;0;1;1;1;0;1;50;5;Indemne
202100050831;110 821;1;0;2;4;2;5;147 044;1;1;2;1;1967.0;0;0;20;2;2021;21;3;973;97305;1;1;1;2;4,9406024639; -52,4118833543;2;2;2;0;1;1;1;0;1;80;5;Tué
202100050831;110 822;7;0;9;2;1;1;147 045;1;1;1;1;1989.0;1;1;20;2;2021;21;3;973;97305;1;1;1;2;4,9406024639; -52,4118833543;2;2;2;0;1;1;1;0;1;80;5;Indemne
202100050856;110 774;7;0;2;2;1;1;146 989;1;1;1;1;1960.0;4;8;19;2;2021;16;1;69;69386;2;2;1;3;45,7694762856;4,8437240124;4;2;3;3;1;1;1;0;1;50;4;Indemne
202100050856;110 775;1;0;2;7;19;5;146 990;1;1;4;1;1999.0;1;8;19;2;2021;16;1;69;69386;2;2;1;3;45,7694762856;4,8437240124;4;2;3;3;1;1;1;0;1;50;4;Blessé léger
202100050883;110 723;7;0;2;2;1;1;146 928;1;1;1;2;1956.0;5;1;18;2;2021;14;1;56;56098;2;1;1;6;47,7727200000; -3,3477800000;3;2;2;0;1;1;1;0;1;30;3;Indemne
202100050883;110 724;1;0;2;8;13;5;146 929;1;1;4;1;2009.0;5;2;18;2;2021;14;1;56;56098;2;1;1;6;47,7727200000; -3,3477800000;3;2;2;0;1;1;1;0;1;30;3;Blessé léger
202100050892;110 709;7;0;2;1;16;2;146 909;1;1;1;1;1953.0;0;1;18;2;2021;17;1;49;49099;2;2;1;3;47,0568500000; -0,8728800000;4;2;2;0;2;1;1;0;1;50;3;Indemne
202100050892;110 710;1;0;2;4;15;5;146 910;1;1;4;1;1973.0;1;8;18;2;2021;17;1;49;49099;2;2;1;3;47,0568500000; -0,8728800000;4;2;2;0;2;1;1;0;1;50;3;Blessé léger
202100050897;110 701;1;0;2;7;19;5;146 898;1;1;3;2;1978.0;3;8;18;2;2021;17;1;37;37214;2;6;1;6;47,4198470865;0,6632995606;4;2;4;0;1;1;2;0;1;50;3;Blessé hospitalisé
202100050897;110 702;7;0;2;4;23;1;146 899;1;1;1;2;1983.0;1;1;18;2;2021;17;1;37;37214;2;6;1;6;47,4198470865;0,6632995606;4;2;4;0;1;1;2;0;1;50;3;Indemne
202100050897;110 703;7;0;2;1;2;1;146 900;1;1;1;1;1953.0;5;1;18;2;2021;17;1;37;37214;2;6;1;6;47,4198470865;0,6632995606;4;2;4;0;1;1;2;0;1;50;3;Indemne
202100050899;110 698;1;0;2;1;26;5;146 894;1;1;4;1;1976.0;0;8;15;2;2021;16;1;36;36044;2;6;1;3;46,7931492969;1,7113346233;4;2;2;0;1;1;1;0;1;50;0;Blessé léger
202100050899;110 699;7;0;2;3;9;1;146 895;1;1;1;2;1989.0;0;1;15;2;2021;16;1;36;36044;2;6;1;3;46,7931492969;1,7113346233;4;2;2;0;1;1;1;0;1;50;0;Indemne
202100050909;110 679;1;0;2;8;1;0;146 873;1;1;4;2;1976.0;0;2;18;2;2021;08;1;25;25056;2;1;1;3;47,2280930000;5,9764980000;4;2;2;0;1;1;1;0;1;50;3;Blessé léger
202100050909;110 680;7;0;2;2;15;0;146 874;1;1;1;1;1964.0;0;8;18;2;2021;08;1;25;25056;2;1;1;3;47,2280930000;5,9764980000;4;2;2;0;1;1;1;0;1;50;3;Indemne
202100050910;110 677;1;0;2;4;1;5;146 871;1;1;3;1;1973.0;3;0;19;2;2021;10;1;16;16102;2;6;1;2;45,6938340000; -0,3478620000;2;1;2;0;1;2;1;0;1;50;4;Blessé hospitalisé
202100050910;110 678;7;0;2;1;1;1;146 872;1;1;1;2;1974.0;3;1;19;2;2021;10;1;16;16102;2;6;1;2;45,6938340000; -0,3478620000;2;1;2;0;1;2;1;0;1;50;4;Indemne
202100050933;110 633;7;0;2;3;22;1;146 820;1;1;1;1;1971.0;9;1;19;2;2021;19;5;75;75113;2;1;1;3;48,8293520000;2,3759060000;4;1;1;0;1;1;1;0;1;30;4;Indemne
202100050933;110 634;1;0;2;0;1;5;146 821;1;1;4;1;1972.0;9;8;19;2;2021;19;5;75;75113;2;1;1;3;48,8293520000;2,3759060000;4;1;1;0;1;1;1;0;1;30;4;Blessé léger
202100050961;110 585;7;0;2;2;2;1;146 761;1;1;1;2;1935.0;0;8;20;2;2021;10;1;57;57708;1;1;7;2;49,0221950000;6,1987780000;3;2;3;0;3;1;1;0;1;90;5;Indemne
202100050961;110 586;1;0;2;4;2;5;146 762;1;1;4;1;1980.0;5;2;20;2;2021;10;1;57;57708;1;1;7;2;49,0221950000;6,1987780000;3;2;3;0;3;1;1;0;1;90;5;Blessé léger
202100050973;110 569;1;0;1;1;1;5;146 739;10;3;3;2;1932.0;5;0;19;2;2021;15;1;25;25074;1;1;1;6;47,2005310000;6,7116920000;4;2;2;0;2;1;1;0;1;50;4;Blessé hospitalisé
202100050973;110 569;1;0;1;1;1;5;146 740;1;1;3;1;1938.0;5;0;19;2;2021;15;1;25;25074;1;1;1;6;47,2005310000;6,7116920000;4;2;2;0;2;1;1;0;1;50;4;Blessé hospitalisé
202100050979;110 560;1;0;2;8;1;5;146 726;1;1;4;1;1966.0;5;0;19;2;2021;17;1;21;21127;1;1;7;3;47,4788920000;5,0769170000;3;2;2;0;1;1;1;0;3;80;4;Blessé léger
202100050979;110 561;7;0;2;7;1;1;146 727;1;1;1;1;2001.0;0;1;19;2;2021;17;1;21;21127;1;1;7;3;47,4788920000;5,0769170000;3;2;2;0;1;1;1;0;3;80;4;Indemne
202100050993;110 525;1;0;2;4;12;5;146 685;1;1;3;1;1953.0;0;4;20;2;2021;17;2;74;74040;1;1;1;1;46,1735450000;6,3096610000;3;1;2;0;1;1;1;2;1;80;5;Blessé hospitalisé
202100050993;110 526;7;0;2;1;1;2;146 686;1;1;1;2;1966.0;0;1;20;2;2021;17;2;74;74040;1;1;1;1;46,1735450000;6,3096610000;3;1;2;0;1;1;1;2;1;80;5;Indemne
202100050997;110 518;1;0;0;0;1;5;146 675;1;1;4;1;1961.0;5;0;20;2;2021;12;1;38;38236;1;1;1;7;45,4089200000;5,6983800000;4;2;2;0;2;1;1;0;1;70;5;Blessé léger
202100050997;110 519;7;0;0;0;15;1;146 676;1;1;1;2;1960.0;5;1;20;2;2021;12;1;38;38236;1;1;1;7;45,4089200000;5,6983800000;4;2;2;0;2;1;1;0;1;70;5;Indemne
202100051019;110 474;1;0;2;8;1;5;146 621;1;1;4;1;1991.0;1;8;18;2;2021;08;1;69;69384;2;2;1;3;45,7809477486;4,8366073966;4;1;1;0;1;1;1;0;1;20;3;Blessé léger
202100051019;110 475;7;0;2;2;1;1;146 622;1;1;1;1;1949.0;5;1;18;2;2021;08;1;69;69384;2;2;1;3;45,7809477486;4,8366073966;4;1;1;0;1;1;1;0;1;20;3;Indemne
202100051056;110 412;1;0;2;1;25;5;146 535;1;1;4;1;2011.0;2;8;18;2;2021;13;1;37;37261;2;3;2;6;47,3953441487;0,6744202673;4;2;2;2;1;1;3;9;4;50;3;Blessé léger
202100051056;110 413;7;0;2;7;9;1;146 536;1;1;1;1;1968.0;2;1;18;2;2021;13;1;37;37261;2;3;2;6;47,3953441487;0,6744202673;4;2;2;2;1;1;3;9;4;50;3;Indemne
202100051065;110 395;7;0;2;1;1;1;146 513;1;1;1;2;1946.0;5;1;18;2;2021;11;1;26;26198;1;9;1;6;44,5429100000;4,7731000000;3;2;2;0;1;1;1;0;1;50;3;Indemne
202100051065;110 396;1;0;2;7;1;5;146 514;1;1;4;1;1945.0;5;2;18;2;2021;11;1;26;26198;1;9;1;6;44,5429100000;4,7731000000;3;2;2;0;1;1;1;0;1;50;3;Blessé léger
202100051087;110 360;7;0;2;1;1;2;146 468;1;1;1;1;1974.0;1;1;17;2;2021;12;1;75;75103;2;4;1;1;48,8668096515;2,3620036436;4;1;3;0;1;3;1;0;1;50;2;Indemne
202100051087;110 361;1;8;2;3;15;5;146 469;1;1;4;1;1983.0;1;8;17;2;2021;12;1;75;75103;2;4;1;1;48,8668096515;2,3620036436;4;1;3;0;1;3;1;0;1;50;2;Blessé léger
202100051092;110 351;7;0;2;2;15;1;146 457;1;1;1;2;2001.0;0;8;18;2;2021;13;1;93;93071;2;3;2;3;48,9364629115;2,5148877095;3;3;2;1;1;1;2;0;5;50;3;Indemne
202100051092;110 352;1;0;2;6;19;5;146 458;1;1;4;1;1962.0;5;8;18;2;2021;13;1;93;93071;2;3;2;3;48,9364629115;2,5148877095;3;3;2;1;1;1;2;0;5;50;3;Blessé léger
202100051109;110 317;0;0;9;2;21;1;146 417;1;1;1;2;1987.0;1;8;18;2;2021;09;1;10;10115;1;1;1;2;48,3186550000;4,1290520000;3;2;2;0;1;1;1;0;1;80;3;Indemne
202100051109;110 318;1;0;2;4;2;5;146 418;1;1;3;1;1953.0;5;2;18;2;2021;09;1;10;10115;1;1;1;2;48,3186550000;4,1290520000;3;2;2;0;1;1;1;0;1;80;3;Blessé hospitalisé
202100051136;110 271;80;0;0;2;16;3;146 358;1;1;3;1;1961.0;1;6;19;2;2021;08;2;62;62148;2;6;9;7;50,3797590000;2,9061070000;3;2;2;0;1;3;1;0;4;50;4;Blessé hospitalisé
202100051162;110 222;7;0;0;0;24;1;146 298;1;1;1;1;1980.0;0;1;16;2;2021;14;1;66;66136;2;1;1;7;42,7310700000;2,8893400000;4;2;2;0;1;1;1;0;1;50;1;Indemne
202100051162;110 223;1;1;0;8;21;0;146 299;1;1;4;1;1955.0;0;8;16;2;2021;14;1;66;66136;2;1;1;7;42,7310700000;2,8893400000;4;2;2;0;1;1;1;0;1;50;1;Blessé léger
202100051165;110 218;7;0;2;2;16;1;146 292;1;1;1;1;1953.0;0;1;16;2;2021;10;1;63;63113;2;1;1;3;45,7793900000;3,1224400000;7;3;6;0;1;1;1;0;1;50;1;Indemne
202100051165;110 219;1;0;2;4;1;5;146 293;1;1;4;1;1955.0;0;2;16;2;2021;10;1;63;63113;2;1;1;3;45,7793900000;3,1224400000;7;3;6;0;1;1;1;0;1;50;1;Blessé léger
202100051167;110 214;7;0;2;0;9;1;146 287;2;2;1;1;1976.0;5;1;17;2;2021;18;2;35;35051;2;9;1;7;48,1146000000; -1,5919400000;4;2;2;0;1;1;1;5;1;50;2;Indemne
202100051167;110 214;7;0;2;0;9;1;146 288;1;1;1;1;1961.0;5;1;17;2;2021;18;2;35;35051;2;9;1;7;48,1146000000; -1,5919400000;4;2;2;0;1;1;1;5;1;50;2;Indemne
202100051167;110 215;1;0;2;0;0;0;146 289;1;1;4;1;1992.0;0;2;17;2;2021;18;2;35;35051;2;9;1;7;48,1146000000; -1,5919400000;4;2;2;0;1;1;1;5;1;50;2;Blessé léger
202100051191;110 169;1;0;2;7;15;5;146 234;1;1;4;1;1983.0;1;2;17;2;2021;10;1;75;75107;2;3;1;3;48,8628990000;2,3152160000;4;2;3;1;1;1;1;0;1;50;2;Blessé léger
202100051191;110 170;32;0;2;1;1;1;146 235;1;1;1;1;1974.0;1;2;17;2;2021;10;1;75;75107;2;3;1;3;48,8628990000;2,3152160000;4;2;3;1;1;1;1;0;1;50;2;Indemne
202100051236;110 100;80;12;2;0;2;3;146 143;1;1;3;2;1953.0;5;2;17;2;2021;15;1;69;69044;2;1;1;7;45,7706472189;4,7411875150;7;2;2;0;1;1;1;0;4;50;2;Blessé hospitalisé
202100051236;110 101;37;0;9;0;2;1;146 144;1;1;1;2;1981.0;4;0;17;2;2021;15;1;69;69044;2;1;1;7;45,7706472189;4,7411875150;7;2;2;0;1;1;1;0;4;50;2;Indemne
202100051242;110 089;7;0;2;0;26;1;146 131;1;1;1;1;1970.0;5;1;17;2;2021;10;1;83;83035;1;1;1;3;43,2495870000;5,7862810000;3;2;2;0;1;1;1;5;1;70;2;Indemne
202100051242;110 090;1;0;2;0;1;5;146 132;1;1;3;1;1948.0;5;2;17;2;2021;10;1;83;83035;1;1;1;3;43,2495870000;5,7862810000;3;2;2;0;1;1;1;5;1;70;2;Blessé hospitalisé
202100051248;110 079;1;0;2;5;1;5;146 120;1;1;4;1;1948.0;5;0;18;2;2021;15;1;14;14488;2;6;7;3;49,2716760000; -0,2647980000;3;2;2;0;1;1;1;5;1;50;3;Blessé léger
202100051248;110 080;10;0;2;1;9;1;146 121;1;1;1;1;1971.0;0;1;18;2;2021;15;1;14;14488;2;6;7;3;49,2716760000; -0,2647980000;3;2;2;0;1;1;1;5;1;50;3;Indemne
202100051268;110 039;1;1;0;1;9;5;146 070;1;1;4;1;1955.0;9;2;15;2;2021;12;1;83;83069;1;1;1;6;43,0808000000;6,1275000000;7;2;2;0;1;1;1;9;1;50;0;Blessé léger
202100051293;109 991;1;0;2;7;1;6;146 011;1;1;4;1;1988.0;0;0;16;2;2021;17;1;33;33522;2;6;1;3;44,8018400000; -0,5850900000;4;2;2;0;1;3;1;5;5;50;1;Blessé léger
202100051293;109 992;7;0;2;3;9;1;146 012;1;1;1;2;1988.0;0;1;16;2;2021;17;1;33;33522;2;6;1;3;44,8018400000; -0,5850900000;4;2;2;0;1;3;1;5;5;50;1;Indemne
202100051306;109 964;1;0;2;1;1;6;145 977;1;1;4;1;1971.0;5;2;16;2;2021;15;1;06;06069;2;1;1;2;43,6541400000;6,9367800000;3;2;2;0;4;2;1;0;1;50;1;Blessé léger
202100051306;109 965;7;0;2;4;1;1;145 978;1;1;1;1;1981.0;9;1;16;2;2021;15;1;06;06069;2;1;1;2;43,6541400000;6,9367800000;3;2;2;0;4;2;1;0;1;50;1;Indemne
202100051317;109 941;1;0;2;7;1;5;145 940;1;1;4;1;1985.0;1;8;16;2;2021;17;5;75;75118;2;2;2;3;48,8844770000;2,3648000000;4;1;2;0;1;1;2;0;1;30;1;Blessé léger
202100051317;109 942;32;0;2;1;1;1;145 941;1;1;1;1;1998.0;9;2;16;2;2021;17;5;75;75118;2;2;2;3;48,8844770000;2,3648000000;4;1;2;0;1;1;2;0;1;30;1;Indemne
202100051352;109 884;1;0;1;1;1;5;145 865;1;1;1;1;1956.0;5;2;17;2;2021;14;1;14;14198;1;1;1;6;49,2280590000;0,0254810000;3;2;2;0;2;3;1;0;1;80;2;Indemne
202100051352;109 884;1;0;1;1;1;5;145 866;10;3;3;1;1946.0;5;0;17;2;2021;14;1;14;14198;1;1;1;6;49,2280590000;0,0254810000;3;2;2;0;2;3;1;0;1;80;2;Blessé hospitalisé
202100051399;109 810;80;12;0;7;1;3;145 755;1;1;4;2;1990.0;1;8;12;2;2021;22;5;87;87085;1;1;1;7;45,8295700000;1,2508600000;4;2;2;0;1;1;1;0;1;50;4;Blessé léger
202100051401;109 807;1;0;9;1;26;5;145 751;1;1;3;1;2003.0;0;8;15;2;2021;09;1;83;83069;1;9;1;1;43,0958000000;6,1315000000;7;2;2;2;1;3;1;9;5;70;0;Blessé hospitalisé
202100051401;109 808;30;0;9;1;26;1;145 752;1;1;3;1;1963.0;0;2;15;2;2021;09;1;83;83069;1;9;1;1;43,0958000000;6,1315000000;7;2;2;2;1;3;1;9;5;70;0;Blessé hospitalisé
202100051422;109 774;80;0;2;7;1;3;145 709;1;1;4;1;1988.0;9;2;15;2;2021;13;1;64;64445;2;3;1;3;43,2904280458; -0,3829765320;4;2;2;0;1;1;1;0;1;50;0;Blessé léger
202100051422;109 775;7;0;2;1;16;1;145 710;1;1;1;2;1990.0;9;1;15;2;2021;13;1;64;64445;2;3;1;3;43,2904280458; -0,3829765320;4;2;2;0;1;1;1;0;1;50;0;Indemne
202100051443;109 743;7;0;9;1;1;1;145 660;1;1;1;1;2001.0;3;1;11;2;2021;18;2;13;13005;2;1;1;1;43,3077738403;5,5503831321;7;2;2;1;2;1;1;0;1;50;3;Indemne
202100051443;109 744;1;0;2;1;0;0;145 661;2;1;4;1;2005.0;2;0;11;2;2021;18;2;13;13005;2;1;1;1;43,3077738403;5,5503831321;7;2;2;1;2;1;1;0;1;50;3;Blessé léger
202100051473;109 695;1;0;0;0;0;5;145 593;1;1;2;1;1960.0;5;2;16;2;2021;11;1;05;05162;1;1;1;7;44,4272830000;6,0222240000;3;2;2;0;2;1;1;0;1;90;1;Tué
202100051480;109 686;1;0;2;4;2;0;145 583;1;1;2;1;2003.0;5;2;16;2;2021;12;1;971;97103;1;1;1;2;16,2463100000; -61,5937450000;2;3;2;1;1;1;1;0;1;90;1;Tué
202100051480;109 687;7;4;2;1;1;1;145 584;1;1;1;1;1997.0;1;1;16;2;2021;12;1;971;97103;1;1;1;2;16,2463100000; -61,5937450000;2;3;2;1;1;1;1;0;1;90;1;Indemne
202100051494;109 663;1;2;0;1;11;5;145 549;1;1;3;1;2004.0;5;0;15;2;2021;15;1;09;09185;2;2;1;6;43,2538010000;1,6809320000;3;2;2;0;2;1;1;0;3;50;0;Blessé hospitalisé
202100051514;109 616;2;0;2;1;1;1;145 489;1;1;4;1;2002.0;1;2;13;2;2021;10;1;13;13002;1;1;1;3;43,3663100000;5,5036900000;7;2;2;1;4;3;8;0;1;70;5;Blessé léger
202100051514;109 617;1;0;2;1;1;0;145 490;1;1;4;1;1972.0;5;8;13;2;2021;10;1;13;13002;1;1;1;3;43,3663100000;5,5036900000;7;2;2;1;4;3;8;0;1;70;5;Blessé léger
202100051521;109 601;7;0;2;3;1;2;145 472;2;2;1;2;1997.0;9;1;13;2;2021;13;1;75;75108;2;2;1;3;48,8711620000;2,3216420000;4;1;1;0;1;1;1;0;1;30;5;Indemne
202100051521;109 601;7;0;2;3;1;2;145 473;1;1;1;1;1953.0;9;1;13;2;2021;13;1;75;75108;2;2;1;3;48,8711620000;2,3216420000;4;1;1;0;1;1;1;0;1;30;5;Indemne
202100051521;109 602;1;0;2;1;5;5;145 474;1;1;4;1;1987.0;1;8;13;2;2021;13;1;75;75108;2;2;1;3;48,8711620000;2,3216420000;4;1;1;0;1;1;1;0;1;30;5;Blessé léger
202100051598;109 463;1;0;2;2;1;5;145 284;1;1;4;1;1982.0;4;8;13;2;2021;12;1;75;75103;2;3;1;3;48,8684260000;2,3552810000;4;1;3;0;1;1;1;0;1;50;5;Blessé léger
202100051598;109 464;7;0;2;3;1;2;145 285;1;1;1;1;1982.0;4;1;13;2;2021;12;1;75;75103;2;3;1;3;48,8684260000;2,3552810000;4;1;3;0;1;1;1;0;1;50;5;Indemne
202100051611;109 435;1;0;2;4;1;5;145 250;1;1;4;1;1988.0;5;2;14;2;2021;15;1;54;54089;1;1;7;2;48,7592442681;6,2541818620;3;2;2;0;1;1;1;0;1;80;6;Blessé léger
202100051611;109 436;3;0;9;2;17;1;145 251;1;1;4;2;1947.0;5;1;14;2;2021;15;1;54;54089;1;1;7;2;48,7592442681;6,2541818620;3;2;2;0;1;1;1;0;1;80;6;Blessé léger
202100051656;109 357;1;0;2;4;0;5;145 142;1;1;3;1;2000.0;0;8;12;2;2021;17;1;90;90099;2;3;9;3;47,6634600000;6,8411900000;4;1;0;0;1;1;7;0;1;20;4;Blessé hospitalisé
202100051656;109 358;7;0;2;0;26;1;145 143;2;2;1;1;2019.0;0;3;12;2;2021;17;1;90;90099;2;3;9;3;47,6634600000;6,8411900000;4;1;0;0;1;1;7;0;1;20;4;Indemne
202100051656;109 358;7;0;2;0;26;1;145 144;4;2;1;1;2018.0;0;3;12;2;2021;17;1;90;90099;2;3;9;3;47,6634600000;6,8411900000;4;1;0;0;1;1;7;0;1;20;4;Indemne
202100051656;109 358;7;0;2;0;26;1;145 145;3;2;1;1;2011.0;0;1;12;2;2021;17;1;90;90099;2;3;9;3;47,6634600000;6,8411900000;4;1;0;0;1;1;7;0;1;20;4;Indemne
202100051656;109 358;7;0;2;0;26;1;145 146;1;1;1;2;1989.0;0;1;12;2;2021;17;1;90;90099;2;3;9;3;47,6634600000;6,8411900000;4;1;0;0;1;1;7;0;1;20;4;Indemne
202100051663;109 345;1;0;2;8;18;5;145 128;1;1;4;1;1998.0;1;8;12;2;2021;08;1;78;78481;2;1;9;3;48,8979710000;2,1113720000;3;1;4;0;1;1;1;0;1;50;4;Blessé léger
202100051663;109 346;14;0;9;7;1;1;145 129;1;1;1;1;1967.0;4;1;12;2;2021;08;1;78;78481;2;1;9;3;48,8979710000;2,1113720000;3;1;4;0;1;1;1;0;1;50;4;Indemne
202100051673;109 330;1;0;0;0;1;5;145 107;1;1;4;1;2004.0;1;8;12;2;2021;10;1;49;49267;2;1;1;7;47,4699900000; -0,5191900000;4;2;2;1;1;1;2;0;5;50;4;Blessé léger
202100051679;109 320;10;0;2;8;17;1;145 093;1;1;1;1;1980.0;0;1;12;2;2021;13;1;33;33063;2;1;8;3;44,8377450000; -0,5715490000;4;1;1;3;1;1;2;4;6;50;4;Indemne
202100051679;109 321;1;0;2;1;1;0;145 094;1;1;4;2;1987.0;0;8;12;2;2021;13;1;33;33063;2;1;8;3;44,8377450000; -0,5715490000;4;1;1;3;1;1;2;4;6;50;4;Blessé léger
202100051696;109 286;7;0;2;2;17;1;145 047;1;1;1;2;1974.0;1;1;12;2;2021;22;5;13;13210;2;1;2;3;43,2802900000;5,4001200000;4;2;2;0;1;1;2;0;1;50;4;Indemne
202100051696;109 287;1;0;2;8;15;5;145 048;1;1;4;1;2006.0;5;8;12;2;2021;22;5;13;13210;2;1;2;3;43,2802900000;5,4001200000;4;2;2;0;1;1;2;0;1;50;4;Blessé léger
202100051711;109 259;1;0;2;1;1;5;145 016;1;1;4;1;1995.0;4;8;11;2;2021;21;5;75;75103;2;2;1;3;48,8564670000;2,3643080000;4;1;1;0;2;1;1;0;1;50;3;Blessé léger
202100051711;109 260;7;0;2;3;1;1;145 017;1;1;1;1;1964.0;9;1;11;2;2021;21;5;75;75103;2;2;1;3;48,8564670000;2,3643080000;4;1;1;0;2;1;1;0;1;50;3;Indemne
202100051717;109 248;1;0;2;8;1;5;145 004;1;1;4;2;1996.0;0;8;11;2;2021;12;1;94;94069;2;2;1;3;48,8240920000;2,4199190000;3;2;8;0;1;1;1;0;1;50;3;Blessé léger
202100051717;109 249;7;0;2;2;15;3;145 005;1;1;1;1;1962.0;4;1;11;2;2021;12;1;94;94069;2;2;1;3;48,8240920000;2,4199190000;3;2;8;0;1;1;1;0;1;50;3;Indemne
202100051725;109 234;15;0;2;0;16;1;144 984;1;1;1;1;1970.0;4;1;12;2;2021;13;1;93;93055;2;3;1;3;48,8988600000;2,4072800000;3;1;3;1;1;1;1;0;1;50;4;Indemne
202100051725;109 235;1;0;2;2;1;6;144 985;1;1;2;1;1965.0;0;2;12;2;2021;13;1;93;93055;2;3;1;3;48,8988600000;2,4072800000;3;1;3;1;1;1;1;0;1;50;4;Tué
202100051732;109 224;1;0;0;0;1;5;144 971;1;1;4;1;1968.0;1;2;12;2;2021;09;1;92;92048;2;1;1;7;48,8201400000;2,2396800000;3;2;2;1;1;1;7;0;5;30;4;Blessé léger
202100051736;109 215;7;0;9;3;5;1;144 956;1;1;1;1;1988.0;5;8;12;2;2021;21;3;974;97413;2;1;1;3; -21,1738120000;55,2878430000;2;2;2;0;1;1;1;0;1;50;4;Indemne
202100051736;109 216;80;0;2;1;1;3;144 957;1;1;4;1;2005.0;0;8;12;2;2021;21;3;974;97413;2;1;1;3; -21,1738120000;55,2878430000;2;2;2;0;1;1;1;0;1;50;4;Blessé léger
202100051763;109 177;7;0;9;3;20;1;144 903;1;1;1;2;1995.0;0;8;12;2;2021;14;1;38;38382;2;1;2;3;45,2230000000;5,6888300000;7;3;2;1;1;1;2;0;5;50;4;Indemne
202100051763;109 178;80;0;2;2;1;3;144 904;1;1;4;1;1977.0;3;2;12;2;2021;14;1;38;38382;2;1;2;3;45,2230000000;5,6888300000;7;3;2;1;1;1;2;0;5;50;4;Blessé léger
202100051788;109 128;7;0;2;1;1;1;144 832;1;1;1;1;1942.0;5;1;11;2;2021;15;1;69;69264;2;1;1;3;45,9791200000;4,7186600000;4;2;4;0;1;1;1;0;1;50;3;Indemne
202100051788;109 129;80;0;2;8;19;3;144 833;1;1;4;1;1959.0;4;8;11;2;2021;15;1;69;69264;2;1;1;3;45,9791200000;4,7186600000;4;2;4;0;1;1;1;0;1;50;3;Blessé léger
202100051843;109 035;7;0;2;1;1;1;144 710;1;1;1;1;1975.0;3;1;11;2;2021;12;1;33;33108;2;2;1;3;44,8529940000; -0,0476120000;4;2;2;0;1;1;1;0;1;50;3;Indemne
202100051843;109 036;1;0;2;1;1;5;144 711;1;1;3;1;2002.0;5;0;11;2;2021;12;1;33;33108;2;2;1;3;44,8529940000; -0,0476120000;4;2;2;0;1;1;1;0;1;50;3;Blessé hospitalisé
202100051859;109 006;1;0;2;7;19;5;144 662;1;1;3;1;2008.0;2;0;12;2;2021;08;2;66;66108;2;1;2;3;42,6912040000;2,6997760000;3;1;1;0;1;1;2;0;1;50;4;Blessé hospitalisé
202100051859;109 007;7;0;9;3;1;1;144 663;1;1;1;2;1977.0;1;1;12;2;2021;08;2;66;66108;2;1;2;3;42,6912040000;2,6997760000;3;1;1;0;1;1;2;0;1;50;4;Indemne
202100051865;108 993;7;0;9;1;15;1;144 647;1;1;1;1;1943.0;0;1;12;2;2021;07;5;07;07323;2;3;1;3;44,8977940000;4,8192160000;3;2;2;0;2;1;1;5;1;50;4;Indemne
202100051865;108 994;1;0;2;8;1;5;144 648;1;1;3;1;1973.0;1;2;12;2;2021;07;5;07;07323;2;3;1;3;44,8977940000;4,8192160000;3;2;2;0;2;1;1;5;1;50;4;Blessé hospitalisé
202100051878;108 968;32;0;2;1;1;1;144 618;1;1;3;1;1984.0;3;2;9;2;2021;08;1;972;97209;2;9;2;1;14,6017900000; -61,0793500000;4;2;2;0;1;1;2;0;1;50;1;Blessé hospitalisé
202100051878;108 969;1;0;2;1;15;5;144 619;1;1;4;1;2003.0;5;8;9;2;2021;08;1;972;97209;2;9;2;1;14,6017900000; -61,0793500000;4;2;2;0;1;1;2;0;1;50;1;Blessé léger