Num_Acc;id_vehicule;catv;obs;obsm;choc;manv;motor;id_usager;place;catu;grav;sexe;an_nais;trajet;secu1;jour;mois;an;hrmn;lum;dep;com;agg;int;atm;col;lat;long;catr;circ;nbv;vosp;prof;plan;surf;infra;situ;vma;day_of_week;gravity
202100052681;107 564;1;6;0;1;17;5;142 798;1;1;3;1;1953.0;0;2;2;2;2021;13;1;27;27229;2;3;2;6;49,0292429000;1,1428976000;4;2;2;0;2;2;2;0;1;50;1;Blessé hospitalisé
202100052696;107 535;1;0;2;1;1;5;142 765;1;1;4;1;1998.0;1;0;3;2;2021;06;5;94;94054;2;2;2;3;48,7451400000;2,3889500000;4;2;2;0;1;1;2;0;1;50;2;Blessé léger
202100052696;107 536;7;0;9;3;1;1;142 766;1;1;1;1;1965.0;1;1;3;2;2021;06;5;94;94054;2;2;2;3;48,7451400000;2,3889500000;4;2;2;0;1;1;2;0;1;50;2;Indemne
202100052718;107 501;7;0;9;3;17;1;142 722;1;1;1;2;1958.0;1;1;29;1;2021;16;1;42;42315;1;1;1;1;45,6002250000;4,2263760000;3;2;2;0;1;1;1;0;1;80;4;Indemne
202100052718;107 502;1;0;2;1;1;5;142 723;1;1;4;1;1947.0;5;2;29;1;2021;16;1;42;42315;1;1;1;1;45,6002250000;4,2263760000;3;2;2;0;1;1;1;0;1;80;4;Blessé léger
202100052718;107 503;1;0;2;1;1;5;142 724;1;1;4;1;1949.0;5;2;29;1;2021;16;1;42;42315;1;1;1;1;45,6002250000;4,2263760000;3;2;2;0;1;1;1;0;1;80;4;Blessé léger
202100052745;107 447;7;0;2;5;22;1;142 655;3;2;1;1;1971.0;1;0;2;2;2021;11;1;69;69386;2;2;8;6;45,7730742742;4,8489206214;4;3;4;3;1;1;2;0;1;50;1;Indemne
202100052745;107 447;7;0;2;5;22;1;142 656;1;1;1;1;1979.0;4;1;2;2;2021;11;1;69;69386;2;2;8;6;45,7730742742;4,8489206214;4;3;4;3;1;1;2;0;1;50;1;Indemne
202100052745;107 448;80;1;0;1;18;3;142 657;1;1;3;1;1972.0;1;0;2;2;2021;11;1;69;69386;2;2;8;6;45,7730742742;4,8489206214;4;3;4;3;1;1;2;0;1;50;1;Blessé hospitalisé
202100052763;107 414;7;0;2;3;19;1;142 607;1;1;1;2;1999.0;0;1;2;2;2021;17;1;64;64445;1;1;1;3;43,3013400000; -0,3559900000;4;2;2;0;1;1;1;0;1;30;1;Indemne
202100052763;107 415;1;0;2;7;1;0;142 608;1;1;4;2;1970.0;0;2;2;2;2021;17;1;64;64445;1;1;1;3;43,3013400000; -0,3559900000;4;2;2;0;1;1;1;0;1;30;1;Blessé léger
202100052771;107 400;32;0;2;7;1;1;142 588;1;1;1;1;1990.0;0;8;29;1;2021;17;2;44;44109;2;1;2;6;47,2126300000; -1,5862700000;4;2;2;2;1;1;2;0;1;50;4;Indemne
202100052771;107 401;80;0;2;6;1;3;142 589;1;1;4;1;1965.0;0;8;29;1;2021;17;2;44;44109;2;1;2;6;47,2126300000; -1,5862700000;4;2;2;2;1;1;2;0;1;50;4;Blessé léger
202100052777;107 390;1;0;2;2;1;5;142 571;1;1;4;1;1992.0;0;8;2;2;2021;11;1;33;33063;2;2;1;3;44,8341000000; -0,5820500000;4;1;1;0;1;1;1;0;1;50;1;Blessé léger
202100052777;107 391;7;0;2;1;1;1;142 572;1;1;1;1;1967.0;0;1;2;2;2021;11;1;33;33063;2;2;1;3;44,8341000000; -0,5820500000;4;1;1;0;1;1;1;0;1;50;1;Indemne
202100052799;107 347;7;0;9;8;1;1;142 519;1;1;1;2;1953.0;0;1;2;2;2021;15;1;06;06123;2;9;1;3;43,6565990000;7,1797800000;4;1;1;1;1;1;1;0;1;50;1;Indemne
202100052799;107 348;1;0;2;3;19;5;142 520;1;1;4;1;1949.0;0;2;2;2;2021;15;1;06;06123;2;9;1;3;43,6565990000;7,1797800000;4;1;1;1;1;1;1;0;1;50;1;Blessé léger
202100052805;107 334;33;0;2;3;2;1;142 505;1;1;1;1;1955.0;1;2;2;2;2021;16;1;75;75110;2;4;1;3;48,8824340000;2,3691670000;4;2;2;1;1;1;1;0;1;50;1;Indemne
202100052805;107 335;1;0;2;3;15;5;142 506;1;1;4;1;1957.0;9;8;2;2;2021;16;1;75;75110;2;4;1;3;48,8824340000;2,3691670000;4;2;2;1;1;1;1;0;1;50;1;Blessé léger
202100052806;107 332;1;0;2;8;15;5;142 503;1;1;4;1;1988.0;1;8;2;2;2021;07;5;75;75104;2;3;2;3;48,8537020000;2,3656510000;4;3;4;0;1;1;2;0;1;50;1;Blessé léger
202100052806;107 333;1;0;2;7;17;5;142 504;1;1;1;1;1994.0;1;2;2;2;2021;07;5;75;75104;2;3;2;3;48,8537020000;2,3656510000;4;3;4;0;1;1;2;0;1;50;1;Indemne
202100052811;107 323;1;0;2;2;1;5;142 492;1;1;1;1;1970.0;0;1;2;2;2021;19;3;93;93048;2;1;1;3;48,8692438138;2,4595393538;4;2;1;1;1;1;1;0;1;30;1;Indemne
202100052811;107 324;7;0;0;3;9;1;142 493;2;1;4;1;1973.0;1;8;2;2;2021;19;3;93;93048;2;1;1;3;48,8692438138;2,4595393538;4;2;1;1;1;1;1;0;1;30;1;Blessé léger
202100052842;107 267;1;0;2;8;1;5;142 421;1;1;3;1;1962.0;5;2;10;1;2021;10;1;67;67473;1;3;7;3;48,5777290000;7,4832880000;4;2;2;1;1;3;1;0;1;50;6;Blessé hospitalisé
202100052842;107 268;7;0;2;8;15;1;142 422;1;1;1;1;1940.0;3;1;10;1;2021;10;1;67;67473;1;3;7;3;48,5777290000;7,4832880000;4;2;2;1;1;3;1;0;1;50;6;Indemne
202100052864;107 223;7;0;2;3;16;1;142 367;1;1;1;2;1985.0;5;1;29;1;2021;15;1;87;87114;2;2;1;3;45,8321300000;1,2876000000;4;2;2;0;1;1;1;0;1;50;4;Indemne
202100052864;107 224;1;0;2;1;15;5;142 368;1;1;4;1;1962.0;5;2;29;1;2021;15;1;87;87114;2;2;1;3;45,8321300000;1,2876000000;4;2;2;0;1;1;1;0;1;50;4;Blessé léger
202100052868;107 214;1;0;2;1;1;5;142 349;1;1;4;1;2002.0;2;0;1;2;2021;07;2;79;79329;2;3;2;3;46,9937900000; -0,2081600000;3;2;2;0;1;1;2;0;1;50;0;Blessé léger
202100052868;107 215;10;0;2;1;15;1;142 350;1;1;1;1;1972.0;4;1;1;2;2021;07;2;79;79329;2;3;2;3;46,9937900000; -0,2081600000;3;2;2;0;1;1;2;0;1;50;0;Indemne
202100052877;107 196;7;0;2;1;19;1;142 328;1;1;1;1;1994.0;5;1;1;2;2021;19;5;64;64445;2;2;2;1;43,3069300000; -0,3770500000;4;1;1;0;1;1;2;0;1;50;0;Indemne
202100052877;107 197;1;0;2;8;1;5;142 329;1;1;4;1;2000.0;0;8;1;2;2021;19;5;64;64445;2;2;2;1;43,3069300000; -0,3770500000;4;1;1;0;1;1;2;0;1;50;0;Blessé léger
202100052883;107 189;1;0;2;7;1;0;142 318;1;1;4;2;1964.0;0;2;31;1;2021;12;1;37;37122;1;3;2;6;47,3207569486;0,6605705840;3;2;2;1;1;3;2;0;1;70;6;Blessé léger
202100052893;107 172;1;0;2;4;1;5;142 298;1;1;4;2;1991.0;0;2;30;1;2021;22;5;31;31555;2;1;2;2;43,5978800000;1,4579800000;4;2;2;0;1;1;2;0;1;50;5;Blessé léger
202100052893;107 173;7;0;2;1;1;1;142 299;1;1;1;1;1979.0;0;1;30;1;2021;22;5;31;31555;2;1;2;2;43,5978800000;1,4579800000;4;2;2;0;1;1;2;0;1;50;5;Indemne
202100052915;107 134;7;0;2;3;22;1;142 255;1;1;1;1;1949.0;3;1;1;2;2021;12;1;75;75111;2;3;1;3;48,8606600000;2,3783450000;4;2;2;0;1;1;1;0;1;50;0;Indemne
202100052915;107 135;1;0;2;1;1;5;142 256;1;1;4;2;2000.0;3;8;1;2;2021;12;1;75;75111;2;3;1;3;48,8606600000;2,3783450000;4;2;2;0;1;1;1;0;1;50;0;Blessé léger
202100052928;107 112;7;0;9;3;1;1;142 227;1;1;1;1;1998.0;5;1;2;2;2021;14;1;49;49063;2;1;1;1;47,3491790000; -0,7475530000;4;2;2;2;1;1;1;0;1;50;1;Indemne
202100052928;107 113;1;0;2;1;15;5;142 228;1;1;3;1;2005.0;5;0;2;2;2021;14;1;49;49063;2;1;1;1;47,3491790000; -0,7475530000;4;2;2;2;1;1;1;0;1;50;1;Blessé hospitalisé
202100052949;107 074;7;0;2;2;1;1;142 172;1;1;1;2;1977.0;1;8;1;2;2021;18;1;987;98753;2;1;1;2; -23,3717310000; -149,4813160000;4;2;2;0;1;1;1;0;1;30;0;Indemne
202100052949;107 075;1;0;2;6;1;5;142 173;1;1;4;1;1992.0;3;0;1;2;2021;18;1;987;98753;2;1;1;2; -23,3717310000; -149,4813160000;4;2;2;0;1;1;1;0;1;30;0;Blessé léger
202100052952;107 067;1;0;0;4;2;5;142 165;1;1;1;1;1948.0;5;2;31;1;2021;11;1;34;34027;1;1;1;6;43,7325770000;4,0089370000;7;2;2;0;1;1;1;0;3;80;6;Indemne
202100052952;107 068;1;0;9;1;2;5;142 166;1;1;3;1;1958.0;5;2;31;1;2021;11;1;34;34027;1;1;1;6;43,7325770000;4,0089370000;7;2;2;0;1;1;1;0;3;80;6;Blessé hospitalisé
202100052966;107 041;1;0;2;8;19;5;142 134;1;1;4;1;1969.0;9;8;31;1;2021;17;1;973;97302;2;2;1;5;4,9243272354; -52,3240613937;3;2;2;0;1;1;1;0;1;50;6;Blessé léger
202100052966;107 042;7;0;2;1;2;1;142 135;1;1;1;1;1971.0;9;1;31;1;2021;17;1;973;97302;2;2;1;5;4,9243272354; -52,3240613937;3;2;2;0;1;1;1;0;1;50;6;Indemne
202100052966;107 043;7;0;0;0;0;1;142 136;1;1;1;2;1998.0;9;1;31;1;2021;17;1;973;97302;2;2;1;5;4,9243272354; -52,3240613937;3;2;2;0;1;1;1;0;1;50;6;Indemne
202100052969;107 034;7;0;2;5;15;1;142 127;1;1;1;1;1963.0;1;1;29;1;2021;16;1;69;69029;2;1;1;3;45,7505605458;4,9099726557;7;2;4;0;1;1;1;0;1;50;4;Indemne
202100052969;107 035;1;0;2;1;1;6;142 128;1;1;3;1;1994.0;5;8;29;1;2021;16;1;69;69029;2;1;1;3;45,7505605458;4,9099726557;7;2;4;0;1;1;1;0;1;50;4;Blessé hospitalisé
202100052990;106 999;1;0;2;4;1;5;142 071;1;1;4;2;1973.0;9;8;31;1;2021;17;2;75;75107;2;2;2;7;48,8469440000;2,3168710000;4;2;2;0;1;1;2;0;1;50;6;Blessé léger
202100053041;106 912;1;0;2;4;1;5;141 955;1;1;3;1;1967.0;5;0;29;1;2021;21;5;988;98818;2;3;1;2; -22,2704400000;166,4639200000;4;2;2;0;2;1;1;5;1;50;4;Blessé hospitalisé
202100053041;106 913;7;0;2;2;1;1;141 956;1;1;1;1;1937.0;5;1;29;1;2021;21;5;988;98818;2;3;1;2; -22,2704400000;166,4639200000;4;2;2;0;2;1;1;5;1;50;4;Indemne
202100053041;106 913;7;0;2;2;1;1;141 957;2;2;1;2;1941.0;5;1;29;1;2021;21;5;988;98818;2;3;1;2; -22,2704400000;166,4639200000;4;2;2;0;2;1;1;5;1;50;4;Indemne
202100053043;106 908;7;0;2;5;23;1;141 950;1;1;1;2;1990.0;5;1;30;1;2021;14;1;69;69383;2;1;2;2;45,7568451207;4,8500080576;4;1;1;0;1;1;2;0;1;50;5;Indemne
202100053043;106 908;7;0;2;5;23;1;141 951;2;2;1;1;1968.0;5;1;30;1;2021;14;1;69;69383;2;1;2;2;45,7568451207;4,8500080576;4;1;1;0;1;1;2;0;1;50;5;Indemne
202100053043;106 909;1;0;2;1;1;5;141 952;1;1;4;1;1990.0;4;8;30;1;2021;14;1;69;69383;2;1;2;2;45,7568451207;4,8500080576;4;1;1;0;1;1;2;0;1;50;5;Blessé léger
202100053054;106 890;80;0;2;1;1;3;141 930;1;1;4;1;1992.0;1;8;30;1;2021;20;5;35;35238;2;5;3;1;48,1056200000; -1,6659600000;4;2;4;2;1;1;2;5;1;50;5;Blessé léger
202100053054;106 891;7;0;2;3;1;1;141 931;1;1;1;1;1976.0;1;1;30;1;2021;20;5;35;35238;2;5;3;1;48,1056200000; -1,6659600000;4;2;4;2;1;1;2;5;1;50;5;Indemne
202100053055;106 888;1;0;2;4;1;5;141 928;1;1;4;1;1956.0;5;2;30;1;2021;11;1;34;34172;2;6;8;3;43,5961400000;3,8365800000;4;2;2;0;1;2;1;5;1;50;5;Blessé léger
202100053055;106 889;10;0;2;1;9;1;141 929;1;1;1;1;1989.0;4;1;30;1;2021;11;1;34;34172;2;6;8;3;43,5961400000;3,8365800000;4;2;2;0;1;2;1;5;1;50;5;Indemne
202100053064;106 869;1;0;2;1;2;5;141 899;1;1;4;1;1950.0;9;8;29;1;2021;14;1;26;26198;2;1;1;3;44,5422500000;4,7535900000;4;2;2;1;1;3;1;0;5;50;4;Blessé léger
202100053064;106 870;14;0;2;0;1;1;141 900;1;1;1;1;1988.0;4;1;29;1;2021;14;1;26;26198;2;1;1;3;44,5422500000;4,7535900000;4;2;2;1;1;3;1;0;5;50;4;Indemne
202100053090;106 831;1;12;0;1;1;5;141 850;1;1;4;1;1973.0;5;8;30;1;2021;13;1;94;94016;2;1;8;7;48,7919200000;2,3369300000;4;2;2;0;2;2;2;0;1;30;5;Blessé léger
202100053124;106 778;32;0;2;7;17;1;141 775;1;1;4;1;1987.0;5;2;30;1;2021;10;1;987;98758;2;1;1;3; -16,7274390000; -151,4755600000;3;2;2;0;1;1;1;0;1;60;5;Blessé léger
202100053124;106 779;1;0;2;8;1;1;141 776;1;1;4;1;1958.0;5;0;30;1;2021;10;1;987;98758;2;1;1;3; -16,7274390000; -151,4755600000;3;2;2;0;1;1;1;0;1;60;5;Blessé léger
202100053127;106 774;7;0;9;1;19;1;141 771;1;1;1;1;1992.0;5;1;31;1;2021;16;1;11;11178;2;3;1;6;43,3489468205;1,8451023104;3;2;2;0;1;1;1;0;1;50;6;Indemne
202100053127;106 775;1;0;2;7;19;5;141 772;1;1;3;1;1995.0;5;2;31;1;2021;16;1;11;11178;2;3;1;6;43,3489468205;1,8451023104;3;2;2;0;1;1;1;0;1;50;6;Blessé hospitalisé
202100053204;106 635;1;0;2;7;1;5;141 586;1;1;3;1;1950.0;5;2;27;1;2021;11;1;40;40192;2;6;2;3;43,8849700000; -0,4787100000;4;2;1;0;1;1;2;5;1;50;2;Blessé hospitalisé
202100053204;106 636;7;0;2;8;15;1;141 587;1;1;1;2;1961.0;0;1;27;1;2021;11;1;40;40192;2;6;2;3;43,8849700000; -0,4787100000;4;2;1;0;1;1;2;5;1;50;2;Indemne
202100053220;106 606;1;0;2;7;1;5;141 550;2;2;1;2;2017.0;9;3;28;1;2021;08;1;17;17300;2;2;2;3;46,1612100000; -1,1672800000;4;1;1;0;2;1;2;0;1;50;3;Indemne
202100053220;106 606;1;0;2;7;1;5;141 551;1;1;4;1;1978.0;9;8;28;1;2021;08;1;17;17300;2;2;2;3;46,1612100000; -1,1672800000;4;1;1;0;2;1;2;0;1;50;3;Blessé léger
202100053220;106 607;7;0;2;1;1;1;141 552;1;1;1;2;1967.0;5;1;28;1;2021;08;1;17;17300;2;2;2;3;46,1612100000; -1,1672800000;4;1;1;0;2;1;2;0;1;50;3;Indemne
202100053239;106 564;1;0;2;1;1;5;141 498;1;1;4;1;1987.0;9;2;29;1;2021;17;1;75;75119;2;2;2;3;48,8819910000;2,4025260000;4;2;2;0;2;1;2;0;1;50;4;Blessé léger
202100053239;106 565;7;0;2;8;1;1;141 499;1;1;1;2;1990.0;2;1;29;1;2021;17;1;75;75119;2;2;2;3;48,8819910000;2,4025260000;4;2;2;0;2;1;2;0;1;50;4;Indemne
202100053243;106 557;7;0;2;7;22;1;141 490;1;1;1;1;1996.0;1;1;29;1;2021;09;1;75;75117;2;1;1;3;48,8765350000;2,2888010000;4;1;1;0;2;1;1;0;1;30;4;Indemne
202100053243;106 558;1;1;2;7;18;5;141 491;1;1;4;1;1973.0;2;2;29;1;2021;09;1;75;75117;2;1;1;3;48,8765350000;2,2888010000;4;1;1;0;2;1;1;0;1;30;4;Blessé léger
202100053257;106 534;1;0;2;1;19;0;141 460;1;1;4;2;1978.0;0;0;29;1;2021;13;1;94;94043;2;2;2;3;48,8145600000;2,3607900000;3;2;1;1;1;1;2;0;1;50;4;Blessé léger
202100053257;106 535;32;0;2;2;0;1;141 461;1;1;1;1;1981.0;0;2;29;1;2021;13;1;94;94043;2;2;2;3;48,8145600000;2,3607900000;3;2;1;1;1;1;2;0;1;50;4;Indemne
202100053262;106 528;1;0;2;1;25;5;141 452;1;1;4;1;1993.0;0;8;28;1;2021;11;1;94;94022;2;2;2;3;48,7662400000;2,4045100000;3;1;2;1;1;1;2;9;1;50;3;Blessé léger
202100053262;106 529;7;0;2;2;9;1;141 453;1;1;1;1;1971.0;0;1;28;1;2021;11;1;94;94022;2;2;2;3;48,7662400000;2,4045100000;3;1;2;1;1;1;2;9;1;50;3;Indemne
202100053275;106 505;33;0;2;1;1;1;141 421;1;1;4;1;1981.0;1;2;29;1;2021;10;1;92;92002;2;3;8;3;48,7438797859;2,2841907755;3;2;2;0;1;1;1;0;1;50;4;Blessé léger
202100053275;106 506;1;0;2;4;15;5;141 422;1;1;4;1;1952.0;5;2;29;1;2021;10;1;92;92002;2;3;8;3;48,7438797859;2,2841907755;3;2;2;0;1;1;1;0;1;50;4;Blessé léger
202100053277;106 502;1;0;2;2;1;5;141 417;1;1;4;1;1999.0;5;0;27;1;2021;16;1;33;33327;2;6;3;3;44,6568940000; -0,3663900000;3;2;2;0;1;2;2;0;1;50;2;Blessé léger
202100053277;106 503;7;0;9;3;9;1;141 418;1;1;1;1;1950.0;5;1;27;1;2021;16;1;33;33327;2;6;3;3;44,6568940000; -0,3663900000;3;2;2;0;1;2;2;0;1;50;2;Indemne
202100053294;106 470;10;0;9;7;2;1;141 380;1;1;1;1;1975.0;1;8;30;1;2021;19;3;91;91338;1;1;2;3;48,6343410000;2,0639280000;3;2;2;0;1;1;2;0;1;90;5;Indemne
202100053294;106 471;1;0;0;4;2;5;141 381;1;1;4;1;2004.0;5;0;30;1;2021;19;3;91;91338;1;1;2;3;48,6343410000;2,0639280000;3;2;2;0;1;1;2;0;1;90;5;Blessé léger
202100053297;106 466;7;0;2;2;15;1;141 373;1;1;1;1;2000.0;1;1;28;1;2021;12;1;33;33268;1;4;1;1;45,0189120000; -0,6801760000;3;2;2;0;1;2;1;0;1;80;3;Indemne
202100053297;106 467;1;0;2;1;0;5;141 374;1;1;4;1;1952.0;5;2;28;1;2021;12;1;33;33268;1;4;1;1;45,0189120000; -0,6801760000;3;2;2;0;1;2;1;0;1;80;3;Blessé léger
202100053319;106 416;7;0;9;1;1;1;141 316;1;1;1;2;1972.0;0;1;28;1;2021;14;1;973;97302;2;1;1;3;4,9335500000; -52,3092500000;3;2;2;0;1;1;1;0;1;50;3;Indemne
202100053319;106 417;1;0;2;1;19;0;141 317;1;1;4;2;1997.0;0;8;28;1;2021;14;1;973;97302;2;1;1;3;4,9335500000; -52,3092500000;3;2;2;0;1;1;1;0;1;50;3;Blessé léger
202100053327;106 401;1;0;2;1;26;0;141 295;1;1;2;1;1942.0;9;8;27;1;2021;19;5;77;77307;1;3;2;3;48,8543600000;2,7586800000;3;1;2;0;1;1;2;0;1;70;2;Tué
202100053327;106 402;7;0;9;3;9;1;141 296;1;1;1;1;1982.0;1;1;27;1;2021;19;5;77;77307;1;3;2;3;48,8543600000;2,7586800000;3;1;2;0;1;1;2;0;1;70;2;Indemne
202100053332;106 390;1;0;2;7;1;5;141 283;1;1;4;1;1965.0;0;8;25;1;2021;15;1;59;59574;2;3;1;3;50,3592400000;3,2896900000;3;2;2;0;1;2;1;0;1;50;0;Blessé léger
202100053332;106 391;7;0;2;1;16;1;141 284;1;1;1;2;1967.0;0;1;25;1;2021;15;1;59;59574;2;3;1;3;50,3592400000;3,2896900000;3;2;2;0;1;2;1;0;1;50;0;Indemne
202100053335;106 386;1;0;1;1;1;5;141 277;10;3;1;2;2000.0;2;0;28;1;2021;08;1;35;35238;2;1;2;6;48,1111140000; -1,6971100000;4;2;2;0;2;1;2;0;1;30;3;Indemne
202100053335;106 386;1;0;1;1;1;5;141 278;1;1;4;1;1993.0;1;2;28;1;2021;08;1;35;35238;2;1;2;6;48,1111140000; -1,6971100000;4;2;2;0;2;1;2;0;1;30;3;Blessé léger
202100053351;106 358;7;0;2;3;1;1;141 241;1;1;1;1;1972.0;1;1;27;1;2021;21;5;75;75115;2;5;2;3;48,8499660000;2,2884250000;4;1;1;0;1;1;2;0;1;50;2;Indemne
202100053351;106 359;1;0;2;1;5;5;141 242;1;1;4;1;2002.0;4;8;27;1;2021;21;5;75;75115;2;5;2;3;48,8499660000;2,2884250000;4;1;1;0;1;1;2;0;1;50;2;Blessé léger
202100053422;106 224;7;0;0;8;16;1;141 085;1;1;1;2;2000.0;9;1;27;1;2021;12;1;973;97302;2;1;1;3;4,9412700000; -52,3028300000;3;2;2;1;1;3;1;9;1;30;2;Indemne
202100053422;106 225;1;0;2;3;19;5;141 086;1;1;4;1;2004.0;2;8;27;1;2021;12;1;973;97302;2;1;1;3;4,9412700000; -52,3028300000;3;2;2;1;1;3;1;9;1;30;2;Blessé léger
202100053443;106 190;1;0;2;1;1;5;141 032;1;1;4;1;1973.0;1;2;26;1;2021;08;2;67;67482;2;1;1;3;48,5542640000;7,7632140000;4;2;2;1;1;1;1;0;1;50;1;Blessé léger
202100053443;106 191;7;0;2;3;9;1;141 033;1;1;1;1;1984.0;1;1;26;1;2021;08;2;67;67482;2;1;1;3;48,5542640000;7,7632140000;4;2;2;1;1;1;1;0;1;50;1;Indemne
202100053449;106 177;7;0;2;3;9;1;141 019;1;1;1;2;1970.0;1;1;27;1;2021;07;5;56;56121;2;6;2;3;47,7549600000; -3,3546100000;4;2;2;0;1;1;2;5;1;30;2;Indemne
202100053449;106 178;1;0;2;1;1;5;141 020;1;1;4;1;1985.0;1;2;27;1;2021;07;5;56;56121;2;6;2;3;47,7549600000; -3,3546100000;4;2;2;0;1;1;2;5;1;30;2;Blessé léger
202100053458;106 164;7;0;2;1;1;1;140 996;3;2;1;2;2007.0;2;1;27;1;2021;07;5;37;37261;2;2;2;6;47,4356261967;0,6985006034;4;2;4;1;1;1;2;5;1;50;2;Indemne
202100053458;106 164;7;0;2;1;1;1;140 997;2;2;1;1;2003.0;2;1;27;1;2021;07;5;37;37261;2;2;2;6;47,4356261967;0,6985006034;4;2;4;1;1;1;2;5;1;50;2;Indemne
202100053458;106 164;7;0;2;1;1;1;140 998;1;1;1;2;1971.0;1;1;27;1;2021;07;5;37;37261;2;2;2;6;47,4356261967;0,6985006034;4;2;4;1;1;1;2;5;1;50;2;Indemne
202100053458;106 165;1;0;2;7;15;5;140 999;1;1;4;1;2008.0;2;2;27;1;2021;07;5;37;37261;2;2;2;6;47,4356261967;0,6985006034;4;2;4;1;1;1;2;5;1;50;2;Blessé léger
202100053460;106 159;14;0;2;8;22;0;140 991;1;1;1;1;1966.0;4;1;27;1;2021;12;1;35;35238;2;1;2;3;48,1054570000; -1,7177370000;4;2;2;0;1;1;2;0;3;50;2;Indemne
202100053460;106 160;80;1;0;1;1;3;140 992;1;1;4;2;1970.0;5;2;27;1;2021;12;1;35;35238;2;1;2;3;48,1054570000; -1,7177370000;4;2;2;0;1;1;2;0;3;50;2;Blessé léger
202100053466;106 146;10;0;9;1;16;1;140 976;1;1;1;1;1986.0;0;1;27;1;2021;14;1;26;26281;2;1;1;3;45,0538090000;5,0461350000;4;2;1;0;1;1;1;0;1;50;2;Indemne
202100053466;106 147;1;0;2;8;1;5;140 977;1;1;3;2;1959.0;0;0;27;1;2021;14;1;26;26281;2;1;1;3;45,0538090000;5,0461350000;4;2;1;0;1;1;1;0;1;50;2;Blessé hospitalisé
202100053476;106 126;80;0;0;0;1;3;140 949;1;1;3;2;1985.0;1;8;26;1;2021;08;2;75;75119;2;1;1;7;48,8803500000;2,4074860000;4;2;2;1;2;3;1;0;1;50;1;Blessé hospitalisé
202100053492;106 101;1;0;2;1;1;0;140 914;1;1;4;1;1975.0;0;2;27;1;2021;17;1;94;94046;2;1;1;1;48,7895700000;2,4353570000;4;1;1;1;1;1;1;0;5;30;2;Blessé léger
202100053492;106 102;30;0;9;1;25;0;140 915;1;1;1;1;1991.0;0;2;27;1;2021;17;1;94;94046;2;1;1;1;48,7895700000;2,4353570000;4;1;1;1;1;1;1;0;5;30;2;Indemne
202100053493;106 099;7;0;2;3;22;1;140 912;1;1;1;2;1984.0;1;8;27;1;2021;18;5;94;94043;2;1;2;3;48,8055600000;2,3479100000;3;2;2;1;1;1;2;0;5;50;2;Indemne
202100053493;106 100;1;0;2;1;1;5;140 913;1;1;4;2;2000.0;1;8;27;1;2021;18;5;94;94043;2;1;2;3;48,8055600000;2,3479100000;3;2;2;1;1;1;2;0;5;50;2;Blessé léger
202100053502;106 079;7;0;2;2;1;1;140 890;1;1;1;1;1992.0;1;1;26;1;2021;22;5;93;93001;2;9;1;3;48,9049000000;2,3894000000;3;1;1;0;1;1;1;0;1;50;1;Indemne
202100053502;106 080;1;0;2;0;1;5;140 891;1;1;4;1;1998.0;1;8;26;1;2021;22;5;93;93001;2;9;1;3;48,9049000000;2,3894000000;3;1;1;0;1;1;1;0;1;50;1;Blessé léger
202100053506;106 072;80;0;1;7;1;3;140 882;10;3;4;1;1982.0;0;0;26;1;2021;08;1;92;92048;2;1;8;6;48,8138491825;2,2466484457;4;2;2;0;2;1;2;0;1;50;1;Blessé léger
202100053506;106 072;80;0;1;7;1;3;140 883;2;1;1;1;1994.0;1;8;26;1;2021;08;1;92;92048;2;1;8;6;48,8138491825;2,2466484457;4;2;2;0;2;1;2;0;1;50;1;Indemne
202100053521;106 048;1;0;2;0;1;5;140 845;1;1;3;2;1948.0;5;2;28;1;2021;15;1;47;47217;1;1;1;6;44,2083110000;0,7999960000;3;2;2;0;2;1;1;0;1;80;3;Blessé hospitalisé
202100053521;106 049;1;0;2;0;1;5;140 846;1;1;3;1;1952.0;5;2;28;1;2021;15;1;47;47217;1;1;1;6;44,2083110000;0,7999960000;3;2;2;0;2;1;1;0;1;80;3;Blessé hospitalisé
202100053533;106 028;10;0;9;3;0;1;140 818;1;1;1;1;1950.0;0;1;22;1;2021;13;1;974;97422;2;1;3;7; -21,2219660000;55,5527010000;2;2;2;0;2;4;2;0;1;50;4;Indemne
202100053533;106 029;1;0;2;0;0;5;140 819;1;1;3;1;1988.0;5;2;22;1;2021;13;1;974;97422;2;1;3;7; -21,2219660000;55,5527010000;2;2;2;0;2;4;2;0;1;50;4;Blessé hospitalisé
202100053541;106 015;7;0;9;3;15;1;140 797;1;1;1;2;1977.0;2;1;28;1;2021;08;2;59;59258;1;1;3;1;50,5401970000;3,2204750000;3;2;2;0;1;4;2;0;1;50;3;Indemne
202100053541;106 016;1;0;2;1;16;5;140 798;1;1;4;1;1998.0;1;9;28;1;2021;08;2;59;59258;1;1;3;1;50,5401970000;3,2204750000;3;2;2;0;1;4;2;0;1;50;3;Blessé léger
202100053554;105 992;1;0;2;2;11;5;140 767;1;1;3;1;1974.0;0;2;26;1;2021;06;1;974;97411;2;3;1;3; -20,8802690000;55,4439930000;3;2;2;0;2;1;1;0;1;50;1;Blessé hospitalisé
202100053554;105 993;7;0;2;3;15;1;140 768;1;1;1;1;1961.0;4;1;26;1;2021;06;1;974;97411;2;3;1;3; -20,8802690000;55,4439930000;3;2;2;0;2;1;1;0;1;50;1;Indemne
202100053558;105 984;1;0;2;1;2;5;140 759;1;1;4;1;1987.0;5;0;26;1;2021;12;1;69;69386;2;1;1;3;45,7702370154;4,8603862524;4;1;2;2;1;1;1;0;1;50;1;Blessé léger