Num_Acc;id_vehicule;catv;obs;obsm;choc;manv;motor;id_usager;place;catu;grav;sexe;an_nais;trajet;secu1;jour;mois;an;hrmn;lum;dep;com;agg;int;atm;col;lat;long;catr;circ;nbv;vosp;prof;plan;surf;infra;situ;vma;day_of_week;gravity
202100054592;104 199;1;1;0;1;1;0;138 292;1;1;4;1;1979.0;1;8;15;1;2021;08;5;38;38544;2;1;2;2;45,5253900000;4,8770400000;4;1;1;0;2;1;2;0;1;50;4;Blessé léger
202100054606;104 175;1;0;2;2;19;5;138 260;1;1;4;1;1989.0;9;8;17;1;2021;20;5;75;75111;2;2;8;3;48,8646170000;2,3780380000;4;2;2;1;1;1;2;0;1;50;6;Blessé léger
202100054606;104 176;34;0;2;3;1;1;138 261;1;1;4;1;1986.0;1;2;17;1;2021;20;5;75;75111;2;2;8;3;48,8646170000;2,3780380000;4;2;2;1;1;1;2;0;1;50;6;Blessé léger
202100054615;104 161;1;0;0;0;1;5;138 242;1;1;4;2;2000.0;9;8;18;1;2021;14;1;93;93029;2;9;1;7;48,9182990618;2,4434806282;4;2;1;0;1;1;1;0;1;50;0;Blessé léger
202100054651;104 104;7;0;2;1;17;1;138 166;1;1;1;1;2001.0;2;1;18;1;2021;17;2;44;44047;1;3;1;3;47,2285890000; -1,7107880000;7;2;2;0;1;1;1;0;1;70;0;Indemne
202100054651;104 105;1;0;2;8;15;5;138 167;1;1;4;2;1962.0;5;0;18;1;2021;17;2;44;44047;1;3;1;3;47,2285890000; -1,7107880000;7;2;2;0;1;1;1;0;1;70;0;Blessé léger
202100054667;104 065;7;0;2;2;1;1;138 125;1;1;1;1;1985.0;0;1;17;1;2021;14;1;69;69389;2;1;7;2;45,7928555890;4,8199432944;4;2;2;3;1;1;2;0;1;50;6;Indemne
202100054667;104 066;1;0;2;4;2;5;138 126;1;1;4;1;2008.0;5;2;17;1;2021;14;1;69;69389;2;1;7;2;45,7928555890;4,8199432944;4;2;2;3;1;1;2;0;1;50;6;Blessé léger
202100054716;103 987;1;0;0;0;1;2;138 004;1;1;3;1;1962.0;1;0;15;1;2021;06;3;61;61272;1;1;2;7;48,7473990000;0,2967970000;4;2;2;0;2;1;2;0;1;80;4;Blessé hospitalisé
202100054757;103 919;14;0;2;2;12;1;137 901;1;1;1;1;1991.0;4;1;15;1;2021;13;1;72;72181;2;1;1;3;48,0079000000;0,1980800000;4;2;4;2;2;1;1;5;1;50;4;Indemne
202100054757;103 920;1;0;2;8;1;5;137 902;1;1;3;1;1977.0;1;8;15;1;2021;13;1;72;72181;2;1;1;3;48,0079000000;0,1980800000;4;2;4;2;2;1;1;5;1;50;4;Blessé hospitalisé
202100054767;103 905;37;0;0;6;1;1;137 883;1;1;1;1;1970.0;4;8;16;1;2021;19;5;35;35238;2;9;2;3;48,1099000000; -1,6739100000;4;2;2;0;1;1;2;0;1;50;5;Indemne
202100054767;103 906;1;0;2;1;1;5;137 884;1;1;4;1;1988.0;5;8;16;1;2021;19;5;35;35238;2;9;2;3;48,1099000000; -1,6739100000;4;2;2;0;1;1;2;0;1;50;5;Blessé léger
202100054773;103 889;1;0;2;1;1;5;137 861;1;1;4;1;1969.0;9;8;16;1;2021;18;3;26;26198;2;6;1;3;44,5551800000;4,7593300000;3;2;2;0;1;4;1;0;1;30;5;Blessé léger
202100054773;103 890;7;0;2;3;9;1;137 862;1;1;1;1;1949.0;9;1;16;1;2021;18;3;26;26198;2;6;1;3;44,5551800000;4,7593300000;3;2;2;0;1;4;1;0;1;30;5;Indemne
202100054782;103 874;1;0;1;1;1;5;137 838;1;1;1;1;1999.0;1;8;16;1;2021;12;1;75;75116;2;4;4;6;48,8555580000;2,2750510000;4;1;1;0;2;1;5;0;1;30;5;Indemne
202100054782;103 874;1;0;1;1;1;5;137 839;10;3;4;2;1932.0;5;0;16;1;2021;12;1;75;75116;2;4;4;6;48,8555580000;2,2750510000;4;1;1;0;2;1;5;0;1;30;5;Blessé léger
202100054787;103 866;7;0;2;3;22;1;137 828;1;1;1;1;1978.0;4;8;16;1;2021;14;1;75;75111;2;1;4;3;48,8542990000;2,3778770000;4;2;2;0;1;1;5;0;1;30;5;Indemne
202100054787;103 867;1;0;2;3;1;5;137 829;1;1;4;1;1992.0;4;2;16;1;2021;14;1;75;75111;2;1;4;3;48,8542990000;2,3778770000;4;2;2;0;1;1;5;0;1;30;5;Blessé léger
202100054790;103 860;7;1;2;8;22;1;137 821;1;1;1;2;1980.0;9;1;16;1;2021;11;1;94;94068;2;1;4;3;48,8019900000;2,4880400000;4;2;1;0;1;1;2;0;1;30;5;Indemne
202100054790;103 861;1;1;0;0;1;5;137 822;1;1;4;2;1961.0;3;8;16;1;2021;11;1;94;94068;2;1;4;3;48,8019900000;2,4880400000;4;2;1;0;1;1;2;0;1;30;5;Blessé léger
202100054806;103 830;1;0;2;1;1;5;137 783;1;1;4;1;1997.0;5;2;15;1;2021;15;1;51;51662;2;3;1;3;49,2947566128;4,1249895544;4;2;2;0;2;1;1;0;1;50;4;Blessé léger
202100054806;103 831;7;0;9;2;15;1;137 784;1;1;1;2;1990.0;5;1;15;1;2021;15;1;51;51662;2;3;1;3;49,2947566128;4,1249895544;4;2;2;0;2;1;1;0;1;50;4;Indemne
202100054875;103 719;1;0;2;1;1;5;137 627;1;1;4;1;1981.0;5;8;14;1;2021;13;1;71;71309;1;2;1;1;46,7828837030;4,4120223724;3;2;2;0;1;1;1;0;1;80;3;Blessé léger
202100054875;103 720;7;0;2;3;15;1;137 628;1;1;1;1;1942.0;5;1;14;1;2021;13;1;71;71309;1;2;1;1;46,7828837030;4,4120223724;3;2;2;0;1;1;1;0;1;80;3;Indemne
202100054878;103 714;1;0;2;1;21;5;137 621;1;1;3;1;1947.0;5;8;8;1;2021;13;1;68;68066;2;2;1;3;48,0834200000;7,3659800000;3;2;2;0;1;1;1;0;5;50;4;Blessé hospitalisé
202100054878;103 715;7;0;2;2;16;1;137 622;1;1;1;2;1942.0;5;1;8;1;2021;13;1;68;68066;2;2;1;3;48,0834200000;7,3659800000;3;2;2;0;1;1;1;0;5;50;4;Indemne
202100054891;103 692;1;0;2;1;1;5;137 596;1;1;4;2;1998.0;1;0;14;1;2021;16;1;56;56121;2;6;1;3;47,7581500000; -3,3619900000;4;1;1;0;1;2;1;5;1;30;3;Blessé léger
202100054891;103 693;7;0;2;3;9;1;137 597;1;1;1;2;1953.0;0;1;14;1;2021;16;1;56;56121;2;6;1;3;47,7581500000; -3,3619900000;4;1;1;0;1;2;1;5;1;30;3;Indemne
202100054911;103 657;7;0;2;3;15;1;137 550;1;1;1;1;1974.0;4;1;14;1;2021;10;1;13;13001;2;9;1;3;43,5127760000;5,4637360000;4;2;3;0;1;1;1;0;1;50;3;Indemne
202100054911;103 658;1;0;2;3;1;5;137 551;1;1;4;1;1957.0;0;0;14;1;2021;10;1;13;13001;2;9;1;3;43,5127760000;5,4637360000;4;2;3;0;1;1;1;0;1;50;3;Blessé léger
202100054919;103 642;7;0;2;3;22;1;137 532;1;1;1;1;1969.0;4;1;14;1;2021;13;1;75;75105;2;2;8;3;48,8474056904;2,3528152528;4;2;5;0;1;1;2;0;1;30;3;Indemne
202100054919;103 643;1;0;2;1;1;5;137 533;1;1;4;2;1958.0;9;2;14;1;2021;13;1;75;75105;2;2;8;3;48,8474056904;2,3528152528;4;2;5;0;1;1;2;0;1;30;3;Blessé léger
202100054924;103 634;1;0;2;3;18;5;137 523;1;1;4;1;1991.0;4;2;15;1;2021;21;5;75;75110;2;2;1;3;48,8712360000;2,3701450000;4;2;3;0;2;1;1;0;1;30;4;Blessé léger
202100054924;103 635;7;0;2;2;16;1;137 524;1;1;1;1;1989.0;1;1;15;1;2021;21;5;75;75110;2;2;1;3;48,8712360000;2,3701450000;4;2;3;0;2;1;1;0;1;30;4;Indemne
202100054925;103 633;1;0;1;1;1;5;137 521;1;1;1;1;1983.0;1;2;14;1;2021;19;5;75;75108;2;7;2;6;48,8752520000;2,3242730000;4;2;4;3;1;1;2;0;1;50;3;Indemne
202100054925;103 633;1;0;1;1;1;5;137 522;10;3;4;2;1959.0;9;0;14;1;2021;19;5;75;75108;2;7;2;6;48,8752520000;2,3242730000;4;2;4;3;1;1;2;0;1;50;3;Blessé léger
202100054930;103 625;1;0;1;8;1;0;137 512;10;3;4;2;1947.0;5;0;15;1;2021;13;1;94;94046;2;3;1;6;48,8065430000;2,4433120000;3;2;2;0;1;1;1;0;1;50;4;Blessé léger
202100054930;103 625;1;0;1;8;1;0;137 513;1;1;1;1;1959.0;0;2;15;1;2021;13;1;94;94046;2;3;1;6;48,8065430000;2,4433120000;3;2;2;0;1;1;1;0;1;50;4;Indemne
202100054931;103 623;7;0;2;4;4;1;137 509;1;1;1;2;1998.0;4;1;15;1;2021;13;1;94;94054;2;1;1;2;48,7438400000;2,4080500000;4;2;2;0;1;1;1;0;1;50;4;Indemne
202100054931;103 623;7;0;2;4;4;1;137 510;2;2;1;2;2000.0;0;1;15;1;2021;13;1;94;94054;2;1;1;2;48,7438400000;2,4080500000;4;2;2;0;1;1;1;0;1;50;4;Indemne
202100054931;103 624;1;0;2;8;19;0;137 511;1;1;4;2;1972.0;5;8;15;1;2021;13;1;94;94054;2;1;1;2;48,7438400000;2,4080500000;4;2;2;0;1;1;1;0;1;50;4;Blessé léger
202100054948;103 592;34;0;2;1;26;1;137 469;1;1;1;1;1986.0;0;2;15;1;2021;08;1;92;92026;2;1;1;3;48,9030020000;2,2582470000;3;2;4;3;1;1;1;0;1;50;4;Indemne
202100054948;103 593;1;0;2;7;19;5;137 470;1;1;4;1;2006.0;2;8;15;1;2021;08;1;92;92026;2;1;1;3;48,9030020000;2,2582470000;3;2;4;3;1;1;1;0;1;50;4;Blessé léger
202100055008;103 484;37;0;9;5;1;1;137 316;1;1;1;1;1966.0;4;1;14;1;2021;11;1;974;97416;2;1;1;3; -21,3416400000;55,4821600000;4;2;2;0;4;1;1;0;1;50;3;Indemne
202100055008;103 485;1;0;2;1;15;5;137 317;1;1;3;1;1976.0;0;8;14;1;2021;11;1;974;97416;2;1;1;3; -21,3416400000;55,4821600000;4;2;2;0;4;1;1;0;1;50;3;Blessé hospitalisé
202100055012;103 475;1;0;0;0;26;5;137 307;1;1;4;1;2002.0;0;8;13;1;2021;19;5;972;97209;2;1;1;6;14,6098900000; -61,0706900000;3;1;1;0;1;1;1;9;1;30;2;Blessé léger
202100055015;103 471;7;0;9;2;9;1;137 302;1;1;1;1;1952.0;5;1;13;1;2021;12;1;2B;2B120;1;6;1;3;42,6544300000;9,4412900000;2;4;2;0;1;3;1;5;1;30;2;Indemne
202100055015;103 472;1;0;2;4;18;5;137 303;2;1;4;1;1973.0;5;8;13;1;2021;12;1;2B;2B120;1;6;1;3;42,6544300000;9,4412900000;2;4;2;0;1;3;1;5;1;30;2;Blessé léger
202100055035;103 438;1;0;2;1;0;5;137 257;1;1;4;2;1985.0;1;8;14;1;2021;08;1;49;49007;2;3;1;3;47,4754300000; -0,5483700000;4;2;2;2;1;1;2;0;1;50;3;Blessé léger
202100055035;103 439;7;0;9;2;15;1;137 258;1;1;1;1;1984.0;5;1;14;1;2021;08;1;49;49007;2;3;1;3;47,4754300000; -0,5483700000;4;2;2;2;1;1;2;0;1;50;3;Indemne
202100055061;103 390;7;0;9;8;1;1;137 186;1;1;1;1;1935.0;9;1;14;1;2021;08;1;13;13028;2;1;1;3;43,1838600000;5,5986000000;4;2;2;0;2;1;1;0;1;30;3;Indemne
202100055061;103 391;80;0;2;3;17;3;137 187;2;1;4;1;1971.0;1;8;14;1;2021;08;1;13;13028;2;1;1;3;43,1838600000;5,5986000000;4;2;2;0;2;1;1;0;1;30;3;Blessé léger
202100055063;103 386;13;0;2;5;1;1;137 182;1;1;1;1;1978.0;4;1;13;1;2021;09;1;06;06030;2;1;1;2;43,5672000000;6,9701900000;3;2;2;0;1;1;2;0;1;50;2;Indemne
202100055063;103 387;1;0;2;1;2;6;137 183;1;1;3;1;1953.0;5;2;13;1;2021;09;1;06;06030;2;1;1;2;43,5672000000;6,9701900000;3;2;2;0;1;1;2;0;1;50;2;Blessé hospitalisé
202100055066;103 380;60;0;2;8;19;5;137 175;1;1;4;1;1967.0;1;8;13;1;2021;22;5;75;75120;2;4;2;5;48,8664900000;2,4126720000;4;1;2;0;1;1;2;0;1;50;2;Blessé léger
202100055066;103 381;1;0;2;8;19;5;137 176;1;1;4;2;1960.0;1;2;13;1;2021;22;5;75;75120;2;4;2;5;48,8664900000;2,4126720000;4;1;2;0;1;1;2;0;1;50;2;Blessé léger
202100055066;103 382;7;0;2;3;1;2;137 177;1;1;1;2;1983.0;4;1;13;1;2021;22;5;75;75120;2;4;2;5;48,8664900000;2,4126720000;4;1;2;0;1;1;2;0;1;50;2;Indemne
202100055070;103 373;1;0;2;1;1;5;137 165;1;1;4;1;1966.0;4;8;14;1;2021;09;1;75;75114;2;1;1;3;48,8249070000;2,3306670000;4;2;2;2;2;1;1;0;1;50;3;Blessé léger
202100055070;103 374;10;0;2;8;22;1;137 166;1;1;1;1;1956.0;4;1;14;1;2021;09;1;75;75114;2;1;1;3;48,8249070000;2,3306670000;4;2;2;2;2;1;1;0;1;50;3;Indemne
202100055092;103 338;1;0;2;1;2;5;137 117;1;1;1;1;1972.0;4;1;14;1;2021;07;5;92;92036;2;6;2;3;48,9379605635;2,2777695679;4;1;2;1;1;3;2;5;1;50;3;Indemne
202100055092;103 339;10;0;2;1;9;1;137 118;1;1;4;2;1993.0;1;8;14;1;2021;07;5;92;92036;2;6;2;3;48,9379605635;2,2777695679;4;1;2;1;1;3;2;5;1;50;3;Blessé léger
202100055097;103 329;10;0;2;2;2;1;137 106;1;1;1;1;1972.0;4;1;14;1;2021;14;1;972;97221;1;1;1;2;14,5071920000; -60,9814170000;2;2;4;0;1;1;1;0;1;70;3;Indemne
202100055097;103 330;1;0;2;4;2;5;137 107;1;1;3;1;1951.0;5;2;14;1;2021;14;1;972;97221;1;1;1;2;14,5071920000; -60,9814170000;2;2;4;0;1;1;1;0;1;70;3;Blessé hospitalisé
202100055108;103 309;1;0;0;0;0;5;137 080;1;1;2;1;1948.0;5;2;13;1;2021;16;1;22;22220;1;1;2;7;48,2092420000; -3,2644040000;3;2;2;0;1;1;2;0;8;80;2;Tué
202100055110;103 305;7;0;2;2;1;1;137 076;1;1;1;2;1990.0;0;1;13;1;2021;15;1;44;44158;2;6;1;2;47,2700500000; -1,7625010000;4;2;1;0;1;1;1;0;1;50;2;Indemne
202100055110;103 306;1;0;2;5;1;5;137 077;1;1;3;1;1955.0;5;2;13;1;2021;15;1;44;44158;2;6;1;2;47,2700500000; -1,7625010000;4;2;1;0;1;1;1;0;1;50;2;Blessé hospitalisé
202100055165;103 208;1;0;2;7;1;0;136 956;1;1;3;2;1978.0;1;2;13;1;2021;21;3;69;69266;2;3;2;3;45,7671100000;4,9037400000;7;1;1;3;2;3;2;3;1;50;2;Blessé hospitalisé
202100055165;103 209;10;0;2;1;9;1;136 957;1;1;1;1;1996.0;5;1;13;1;2021;21;3;69;69266;2;3;2;3;45,7671100000;4,9037400000;7;1;1;3;2;3;2;3;1;50;2;Indemne
202100055172;103 196;1;0;2;1;1;0;136 938;1;1;4;1;1964.0;1;2;13;1;2021;08;1;59;59378;2;3;1;3;50,6768490000;3,0913120000;7;1;1;0;1;1;1;0;1;30;2;Blessé léger
202100055172;103 197;7;0;9;3;16;1;136 939;1;1;1;1;1962.0;0;1;13;1;2021;08;1;59;59378;2;3;1;3;50,6768490000;3,0913120000;7;1;1;0;1;1;1;0;1;30;2;Indemne
202100055186;103 173;7;0;2;1;15;1;136 907;1;1;1;1;1998.0;3;8;13;1;2021;17;1;35;35238;2;3;2;1;48,1079200000; -1,7027700000;4;1;1;2;1;2;2;0;5;50;2;Indemne
202100055186;103 174;80;0;2;8;1;3;136 908;1;1;3;2;1955.0;5;2;13;1;2021;17;1;35;35238;2;3;2;1;48,1079200000; -1,7027700000;4;1;1;2;1;2;2;0;5;50;2;Blessé hospitalisé
202100055203;103 141;7;0;2;1;1;1;136 868;1;1;1;1;1997.0;5;1;13;1;2021;21;5;75;75105;2;3;2;3;48,8468450000;2,3609770000;4;2;3;0;1;1;2;0;1;50;2;Indemne
202100055203;103 142;1;0;2;1;11;5;136 869;1;1;4;1;1971.0;9;8;13;1;2021;21;5;75;75105;2;3;2;3;48,8468450000;2,3609770000;4;2;3;0;1;1;2;0;1;50;2;Blessé léger
202100055221;103 112;1;0;0;0;15;5;136 832;1;1;1;2;1975.0;5;2;13;1;2021;13;1;94;94037;2;3;2;7;48,8151200000;2,3456200000;3;2;2;0;1;1;2;0;1;50;2;Indemne
202100055221;103 113;34;0;2;3;17;1;136 833;1;1;4;1;1973.0;1;2;13;1;2021;13;1;94;94037;2;3;2;7;48,8151200000;2,3456200000;3;2;2;0;1;1;2;0;1;50;2;Blessé léger
202100055239;103 083;7;0;2;3;1;1;136 796;1;1;1;2;1982.0;2;1;14;1;2021;08;2;56;56120;2;1;2;3;47,7602500000; -2,7676000000;3;2;2;0;1;1;2;0;1;50;3;Indemne
202100055239;103 084;1;0;2;1;19;5;136 797;1;1;4;1;2010.0;2;2;14;1;2021;08;2;56;56120;2;1;2;3;47,7602500000; -2,7676000000;3;2;2;0;1;1;2;0;1;50;3;Blessé léger
202100055240;103 081;7;0;2;1;1;1;136 794;1;1;1;2;1984.0;3;1;13;1;2021;14;1;11;11102;1;1;1;1;43,1328850000;2,3078210000;3;2;2;0;1;2;1;0;1;80;2;Indemne
202100055240;103 082;1;0;0;1;1;5;136 795;1;1;4;1;1970.0;5;2;13;1;2021;14;1;11;11102;1;1;1;1;43,1328850000;2,3078210000;3;2;2;0;1;2;1;0;1;80;2;Blessé léger
202100055270;103 023;1;0;2;7;19;0;136 724;1;1;3;1;2007.0;0;2;12;1;2021;14;1;973;97302;2;1;2;3;4,9263000000; -52,3230500000;4;2;1;0;1;1;2;0;1;50;1;Blessé hospitalisé
202100055270;103 024;7;0;2;1;1;1;136 725;1;1;1;1;1932.0;9;1;12;1;2021;14;1;973;97302;2;1;2;3;4,9263000000; -52,3230500000;4;2;1;0;1;1;2;0;1;50;1;Indemne
202100055277;103 013;7;0;2;3;15;1;136 708;1;1;1;2;1956.0;1;1;12;1;2021;08;5;91;91103;2;3;2;3;48,5989700000;2,3044200000;4;2;2;0;1;1;2;0;1;50;1;Indemne
202100055277;103 014;1;0;2;8;16;5;136 709;1;1;4;1;2008.0;2;8;12;1;2021;08;5;91;91103;2;3;2;3;48,5989700000;2,3044200000;4;2;2;0;1;1;2;0;1;50;1;Blessé léger
202100055312;102 959;1;0;2;0;1;5;136 624;1;1;3;2;1949.0;5;8;11;1;2021;08;3;44;44184;2;3;1;1;47,2707130000; -2,2569330000;4;2;2;0;1;1;1;0;1;50;0;Blessé hospitalisé
202100055312;102 960;7;0;2;1;17;1;136 625;1;1;1;1;1963.0;1;1;11;1;2021;08;3;44;44184;2;3;1;1;47,2707130000; -2,2569330000;4;2;2;0;1;1;1;0;1;50;0;Indemne
202100055330;102 929;1;0;2;3;1;5;136 586;1;1;4;1;1966.0;1;2;12;1;2021;18;3;29;29051;1;1;2;2;48,0030988069; -4,0401881754;3;2;2;0;1;1;2;0;1;70;1;Blessé léger
202100055330;102 930;7;0;2;2;21;1;136 587;1;1;1;1;1977.0;1;1;12;1;2021;18;3;29;29051;1;1;2;2;48,0030988069; -4,0401881754;3;2;2;0;1;1;2;0;1;70;1;Indemne
202100055333;102 924;1;0;0;0;0;5;136 579;1;1;4;1;1989.0;5;2;11;1;2021;14;1;27;27229;2;1;8;2;49,0213200000;1,1364500000;3;2;2;0;1;1;1;0;1;50;0;Blessé léger
202100055333;102 925;7;0;2;4;4;1;136 580;1;1;1;1;1989.0;5;1;11;1;2021;14;1;27;27229;2;1;8;2;49,0213200000;1,1364500000;3;2;2;0;1;1;1;0;1;50;0;Indemne
202100055363;102 879;1;0;0;0;1;5;136 516;1;1;4;1;1996.0;4;8;11;1;2021;19;5;75;75104;2;1;1;7;48,8592600000;2,3508320000;4;2;0;3;1;1;1;6;1;15;0;Blessé léger
202100055457;102 722;7;0;2;1;2;1;136 320;1;1;1;1;1938.0;9;8;11;1;2021;13;1;83;83137;2;1;1;2;43,1330500000;5,9176800000;7;2;1;0;4;1;1;0;1;50;0;Indemne
202100055457;102 723;80;0;2;4;1;3;136 321;1;1;4;1;1945.0;5;8;11;1;2021;13;1;83;83137;2;1;1;2;43,1330500000;5,9176800000;7;2;1;0;4;1;1;0;1;50;0;Blessé léger
202100055459;102 718;7;0;2;8;1;1;136 316;1;1;1;2;2002.0;1;1;11;1;2021;21;5;81;81004;2;9;1;3;43,9218921473;2,1381551027;4;2;2;0;1;1;1;0;1;50;0;Indemne
202100055459;102 719;80;0;2;1;1;3;136 317;1;1;4;1;1996.0;4;2;11;1;2021;21;5;81;81004;2;9;1;3;43,9218921473;2,1381551027;4;2;2;0;1;1;1;0;1;50;0;Blessé léger
202100055462;102 712;1;0;2;0;1;5;136 310;1;1;2;1;2004.0;2;2;11;1;2021;08;5;78;78650;2;2;1;3;48,8878800000;2,1274500000;3;2;2;0;1;1;2;5;1;50;0;Tué
202100055462;102 713;15;0;2;0;16;1;136 311;1;1;1;1;1967.0;4;8;11;1;2021;08;5;78;78650;2;2;1;3;48,8878800000;2,1274500000;3;2;2;0;1;1;2;5;1;50;0;Indemne
202100055490;102 663;1;0;2;1;5;5;136 231;1;1;4;1;1983.0;5;8;10;1;2021;11;1;37;37261;2;2;1;6;47,3874575015;0,6849817336;4;1;1;0;1;1;1;0;1;50;6;Blessé léger
202100055490;102 664;7;0;2;0;1;1;136 232;1;1;1;2;1966.0;4;1;10;1;2021;11;1;37;37261;2;2;1;6;47,3874575015;0,6849817336;4;1;1;0;1;1;1;0;1;50;6;Indemne
202100055493;102 656;7;0;2;3;9;1;136 224;1;1;1;1;2000.0;2;1;11;1;2021;07;5;33;33550;2;6;1;3;44,7849400000; -0,5862000000;4;1;2;0;1;2;1;0;1;50;0;Indemne
202100055493;102 657;1;0;2;7;1;5;136 225;1;1;4;1;1999.0;1;8;11;1;2021;07;5;33;33550;2;6;1;3;44,7849400000; -0,5862000000;4;1;2;0;1;2;1;0;1;50;0;Blessé léger
202100055529;102 592;1;0;1;1;1;5;136 132;10;3;4;2;1954.0;3;0;10;1;2021;19;5;75;75111;2;4;1;6;48,8545127779;2,3780304193;4;2;2;0;1;1;1;0;1;50;6;Blessé léger
202100055529;102 592;1;0;1;1;1;5;136 133;1;1;4;1;1999.0;4;8;10;1;2021;19;5;75;75111;2;4;1;6;48,8545127779;2,3780304193;4;2;2;0;1;1;1;0;1;50;6;Blessé léger
202100055533;102 585;1;0;2;8;1;5;136 125;1;1;4;1;1985.0;4;8;11;1;2021;11;1;75;75117;2;4;8;3;48,8820390000;2,3010560000;4;2;2;0;1;1;1;0;1;50;0;Blessé léger
202100055533;102 586;14;0;2;2;2;1;136 126;1;1;1;1;1998.0;4;1;11;1;2021;11;1;75;75117;2;4;8;3;48,8820390000;2,3010560000;4;2;2;0;1;1;1;0;1;50;0;Indemne
202100055534;102 584;1;9;0;1;19;5;136 124;1;1;4;1;1973.0;1;8;11;1;2021;08;2;75;75108;2;1;1;6;48,8747930000;2,2999320000;4;1;1;0;1;1;1;0;1;50;0;Blessé léger
202100055536;102 582;1;0;1;1;1;5;136 121;1;1;1;1;1973.0;9;8;10;1;2021;15;1;75;75101;2;2;1;6;48,8595394521;2,3487913769;4;1;5;0;1;1;1;0;1;50;6;Indemne
202100055536;102 582;1;0;1;1;1;5;136 122;10;3;4;2;1993.0;5;8;10;1;2021;15;1;75;75101;2;2;1;6;48,8595394521;2,3487913769;4;1;5;0;1;1;1;0;1;50;6;Blessé léger
202100055594;102 482;7;0;2;1;0;1;135 993;1;1;1;1;1979.0;1;1;11;1;2021;06;5;53;53097;2;1;2;2;48,1495810000; -0,4087900000;4;2;2;0;1;1;2;0;1;50;0;Indemne
202100055594;102 483;1;0;0;4;0;0;135 994;1;1;3;1;2004.0;1;2;11;1;2021;06;5;53;53097;2;1;2;2;48,1495810000; -0,4087900000;4;2;2;0;1;1;2;0;1;50;0;Blessé hospitalisé
202100055637;102 403;7;0;2;3;1;1;135 879;1;1;1;1;1984.0;0;1;8;1;2021;15;1;77;77470;2;1;8;1;48,7468340000;2,7882370000;4;2;2;0;1;1;1;0;1;30;4;Indemne
202100055637;102 404;1;0;2;1;5;5;135 880;1;1;3;1;1950.0;5;2;8;1;2021;15;1;77;77470;2;1;8;1;48,7468340000;2,7882370000;4;2;2;0;1;1;1;0;1;30;4;Blessé hospitalisé
202100055669;102 347;7;0;2;2;9;1;135 806;1;1;1;2;1967.0;4;1;8;1;2021;16;1;26;26198;2;1;1;3;44,5326000000;4,7392000000;2;2;3;0;1;1;1;0;1;70;4;Indemne
202100055669;102 348;1;0;2;1;5;5;135 807;1;1;4;1;2004.0;9;2;8;1;2021;16;1;26;26198;2;1;1;3;44,5326000000;4,7392000000;2;2;3;0;1;1;1;0;1;70;4;Blessé léger
202100055683;102 326;1;0;2;1;1;5;135 775;1;1;4;1;1992.0;5;2;9;1;2021;11;1;75;75110;2;2;1;2;48,8838690000;2,3685920000;4;1;3;1;1;1;1;0;1;50;5;Blessé léger
202100055683;102 327;7;0;2;6;14;1;135 776;1;1;1;1;1977.0;1;8;9;1;2021;11;1;75;75110;2;2;1;2;48,8838690000;2,3685920000;4;1;3;1;1;1;1;0;1;50;5;Indemne
202100055697;102 303;7;0;2;1;19;1;135 744;1;1;1;1;1987.0;0;1;9;1;2021;19;5;92;92073;2;2;1;3;48,8827467088;2,2236063555;3;2;0;0;1;1;1;0;1;50;5;Indemne
202100055697;102 304;1;0;2;8;19;0;135 745;1;1;4;1;2005.0;0;0;9;1;2021;19;5;92;92073;2;2;1;3;48,8827467088;2,2236063555;3;2;0;0;1;1;1;0;1;50;5;Blessé léger
202100055703;102 293;1;0;2;7;1;5;135 730;1;1;3;1;1970.0;5;2;10;1;2021;15;1;33;33205;1;3;1;3;44,6121260000; -0,3722070000;3;2;2;0;1;1;1;0;1;80;6;Blessé hospitalisé
202100055703;102 294;7;0;2;3;15;1;135 731;2;2;1;2;1957.0;5;1;10;1;2021;15;1;33;33205;1;3;1;3;44,6121260000; -0,3722070000;3;2;2;0;1;1;1;0;1;80;6;Indemne
202100055703;102 294;7;0;2;3;15;1;135 732;1;1;1;2;1970.0;5;1;10;1;2021;15;1;33;33205;1;3;1;3;44,6121260000; -0,3722070000;3;2;2;0;1;1;1;0;1;80;6;Indemne
202100055708;102 286;1;0;2;8;15;5;135 718;1;1;3;1;1959.0;5;0;9;1;2021;15;1;29;29174;1;1;1;3;47,8778176242; -4,2468126814;3;2;2;0;1;1;1;0;1;80;5;Blessé hospitalisé
202100055708;102 287;10;0;2;7;17;1;135 719;1;1;1;1;1991.0;3;1;9;1;2021;15;1;29;29174;1;1;1;3;47,8778176242; -4,2468126814;3;2;2;0;1;1;1;0;1;80;5;Indemne
202100055723;102 259;7;0;9;2;15;1;135 683;1;1;1;2;1939.0;0;1;8;1;2021;13;1;67;67120;1;2;7;1;48,3756850000;7,4384800000;3;2;2;0;2;3;1;5;1;80;4;Indemne
202100055723;102 260;1;0;2;1;1;5;135 684;1;1;3;1;1954.0;0;0;8;1;2021;13;1;67;67120;1;2;7;1;48,3756850000;7,4384800000;3;2;2;0;2;3;1;5;1;80;4;Blessé hospitalisé
202100055731;102 246;7;0;9;1;1;1;135 663;1;1;1;1;1947.0;5;1;9;1;2021;16;1;22;22174;1;3;1;3;48,6142540000; -2,3368690000;3;2;2;0;3;3;1;5;1;70;5;Indemne