Num_Acc;id_vehicule;catv;obs;obsm;choc;manv;motor;id_usager;place;catu;grav;sexe;an_nais;trajet;secu1;jour;mois;an;hrmn;lum;dep;com;agg;int;atm;col;lat;long;catr;circ;nbv;vosp;prof;plan;surf;infra;situ;vma;day_of_week;gravity
202100055731;102 247;1;0;2;8;9;5;135 664;1;1;4;1;2005.0;5;0;9;1;2021;16;1;22;22174;1;3;1;3;48,6142540000; -2,3368690000;3;2;2;0;3;3;1;5;1;70;5;Blessé léger
202100055762;102 191;1;0;2;7;1;5;135 590;1;1;4;1;1992.0;0;2;7;1;2021;17;5;80;80021;2;3;2;3;49,9100700000;2,3004900000;4;2;2;0;1;1;2;0;1;50;3;Blessé léger
202100055762;102 192;7;0;2;1;15;1;135 591;1;1;1;1;1983.0;0;1;7;1;2021;17;5;80;80021;2;3;2;3;49,9100700000;2,3004900000;4;2;2;0;1;1;2;0;1;50;3;Indemne
202100055767;102 180;1;0;2;7;19;5;135 575;1;1;2;1;1986.0;1;2;8;1;2021;19;5;69;69256;2;2;1;3;45,7637700000;4,9333700000;4;2;4;2;1;1;1;0;1;50;4;Tué
202100055767;102 181;7;0;2;2;1;1;135 576;1;1;1;1;2000.0;1;1;8;1;2021;19;5;69;69256;2;2;1;3;45,7637700000;4,9333700000;4;2;4;2;1;1;1;0;1;50;4;Indemne
202100055770;102 175;1;0;2;5;19;5;135 569;1;1;4;1;1974.0;1;2;7;1;2021;18;5;69;69275;2;6;1;3;45,7585300000;4,9599600000;4;1;3;0;1;1;1;0;1;50;3;Blessé léger
202100055770;102 176;7;0;2;2;26;1;135 570;1;1;1;1;1997.0;1;1;7;1;2021;18;5;69;69275;2;6;1;3;45,7585300000;4,9599600000;4;1;3;0;1;1;1;0;1;50;3;Indemne
202100055776;102 166;7;0;2;3;9;1;135 555;1;1;1;2;1967.0;5;1;8;1;2021;14;1;64;64102;2;1;1;3;43,4868500000; -1,4700000000;4;2;4;1;2;1;1;0;5;50;4;Indemne
202100055776;102 167;1;0;2;1;1;5;135 556;1;1;4;2;1992.0;5;8;8;1;2021;14;1;64;64102;2;1;1;3;43,4868500000; -1,4700000000;4;2;4;1;2;1;1;0;5;50;4;Blessé léger
202100055794;102 134;7;0;2;3;16;1;135 518;1;1;1;2;1977.0;0;1;8;1;2021;08;1;38;38151;2;2;1;3;45,1492600000;5,7204700000;4;2;2;0;1;1;1;0;1;50;4;Indemne
202100055794;102 135;1;0;2;1;19;5;135 519;1;1;4;2;1991.0;0;8;8;1;2021;08;1;38;38151;2;2;1;3;45,1492600000;5,7204700000;4;2;2;0;1;1;1;0;1;50;4;Blessé léger
202100055803;102 119;1;0;2;0;1;5;135 502;1;1;4;1;1992.0;0;2;8;1;2021;08;2;31;31149;2;1;1;2;43,6085900000;1,3268000000;7;1;2;0;1;2;1;0;1;50;4;Blessé léger
202100055803;102 120;7;0;2;6;9;1;135 503;1;1;1;2;1962.0;4;1;8;1;2021;08;2;31;31149;2;1;1;2;43,6085900000;1,3268000000;7;1;2;0;1;2;1;0;1;50;4;Indemne
202100055808;102 112;7;0;2;2;2;1;135 493;1;1;1;2;1991.0;1;1;8;1;2021;13;1;24;24037;2;1;1;2;44,8453000000;0,4888100000;3;2;2;0;2;1;1;2;1;50;4;Indemne
202100055808;102 113;1;0;2;4;2;5;135 494;1;1;3;1;1946.0;5;2;8;1;2021;13;1;24;24037;2;1;1;2;44,8453000000;0,4888100000;3;2;2;0;2;1;1;2;1;50;4;Blessé hospitalisé
202100055819;102 095;7;0;2;2;1;1;135 468;1;1;1;1;1987.0;1;1;8;1;2021;07;2;10;10387;2;2;8;3;48,3032600000;4,0852900000;4;2;2;0;1;1;2;0;1;50;4;Indemne
202100055819;102 096;1;0;2;3;19;5;135 469;1;1;4;1;2003.0;2;8;8;1;2021;07;2;10;10387;2;2;8;3;48,3032600000;4,0852900000;4;2;2;0;1;1;2;0;1;50;4;Blessé léger
202100055852;102 043;1;0;2;7;1;0;135 393;1;1;4;1;1967.0;0;8;8;1;2021;13;1;93;93001;2;3;1;3;48,9080300000;2,3945800000;4;2;2;0;1;1;1;0;1;50;4;Blessé léger
202100055852;102 044;7;0;2;2;1;1;135 394;1;1;1;2;1970.0;0;8;8;1;2021;13;1;93;93001;2;3;1;3;48,9080300000;2,3945800000;4;2;2;0;1;1;1;0;1;50;4;Indemne
202100055872;102 011;7;0;9;2;1;1;135 353;1;1;1;1;1969.0;3;1;8;1;2021;19;5;973;97309;2;9;3;1;4,8870640000; -52,2768010000;4;2;2;0;1;1;2;0;1;50;4;Indemne
202100055872;102 012;1;0;2;2;11;5;135 354;1;1;4;1;1966.0;0;0;8;1;2021;19;5;973;97309;2;9;3;1;4,8870640000; -52,2768010000;4;2;2;0;1;1;2;0;1;50;4;Blessé léger
202100055876;102 003;7;0;2;2;19;1;135 342;1;1;1;1;1984.0;3;1;9;1;2021;10;1;95;95409;2;1;1;3;49,0430577885;2,3387010399;3;1;1;1;3;3;1;0;1;30;5;Indemne
202100055876;102 004;1;0;2;8;19;5;135 343;1;1;4;1;1957.0;5;2;9;1;2021;10;1;95;95409;2;1;1;3;49,0430577885;2,3387010399;3;1;1;1;3;3;1;0;1;30;5;Blessé léger
202100055923;101 915;14;0;2;1;1;1;135 234;1;1;1;1;1992.0;4;1;7;1;2021;09;1;33;33063;2;2;1;3;44,8365700000; -0,5990300000;4;3;4;3;1;1;1;5;1;50;3;Indemne
202100055923;101 916;1;0;2;1;19;5;135 235;1;1;2;2;1971.0;5;8;7;1;2021;09;1;33;33063;2;2;1;3;44,8365700000; -0,5990300000;4;3;4;3;1;1;1;5;1;50;3;Tué
202100055943;101 886;1;0;2;1;1;5;135 191;1;1;4;1;1997.0;1;2;7;1;2021;18;5;75;75112;2;1;2;3;48,8489260000;2,3800250000;4;2;2;0;1;1;2;0;1;50;3;Blessé léger
202100055943;101 887;7;0;2;3;9;1;135 192;1;1;1;1;1961.0;9;1;7;1;2021;18;5;75;75112;2;1;2;3;48,8489260000;2,3800250000;4;2;2;0;1;1;2;0;1;50;3;Indemne
202100055977;101 833;1;0;2;8;0;5;135 118;1;1;3;1;2007.0;2;0;8;1;2021;07;2;89;89460;2;2;2;1;48,3352420000;3,0641560000;3;2;2;0;2;1;2;5;1;50;4;Blessé hospitalisé
202100055977;101 834;7;0;2;1;1;1;135 119;1;1;1;1;1977.0;1;1;8;1;2021;07;2;89;89460;2;2;2;1;48,3352420000;3,0641560000;3;2;2;0;2;1;2;5;1;50;4;Indemne
202100055978;101 831;7;0;2;3;13;1;135 116;1;1;1;2;1972.0;5;1;6;1;2021;12;1;76;76711;2;1;1;1;50,0604450000;1,3726960000;3;2;2;0;2;1;1;0;1;50;2;Indemne
202100055978;101 832;1;0;2;1;1;5;135 117;1;1;4;1;1999.0;1;0;6;1;2021;12;1;76;76711;2;1;1;1;50,0604450000;1,3726960000;3;2;2;0;2;1;1;0;1;50;2;Blessé léger
202100056049;101 698;7;0;2;3;9;1;134 954;1;1;1;1;1970.0;0;8;6;1;2021;14;1;35;35238;2;6;1;3;48,1277900000; -1,6521100000;4;1;4;1;1;3;1;5;5;50;2;Indemne
202100056049;101 699;1;0;2;1;1;5;134 955;1;1;4;1;1997.0;9;8;6;1;2021;14;1;35;35238;2;6;1;3;48,1277900000; -1,6521100000;4;1;4;1;1;3;1;5;5;50;2;Blessé léger
202100056051;101 695;7;0;2;3;15;1;134 951;1;1;1;1;1994.0;5;1;6;1;2021;22;5;29;29232;2;3;1;1;47,9856180380; -4,0778160095;4;2;0;0;1;1;1;5;1;50;2;Indemne
202100056051;101 696;1;0;2;3;1;5;134 952;1;1;3;2;1991.0;1;8;6;1;2021;22;5;29;29232;2;3;1;1;47,9856180380; -4,0778160095;4;2;0;0;1;1;1;5;1;50;2;Blessé hospitalisé
202100056074;101 650;7;0;2;1;15;1;134 898;1;1;1;2;1986.0;2;8;6;1;2021;12;1;94;94034;2;3;1;1;48,7550300000;2,3186400000;4;2;2;0;2;2;1;0;1;50;2;Indemne
202100056074;101 651;1;0;2;1;1;5;134 899;1;1;4;2;1979.0;4;8;6;1;2021;12;1;94;94034;2;3;1;1;48,7550300000;2,3186400000;4;2;2;0;2;2;1;0;1;50;2;Blessé léger
202100056075;101 648;1;0;2;1;19;5;134 896;1;1;4;1;2001.0;2;2;6;1;2021;09;1;94;94021;2;3;1;3;48,7716000000;2,3465900000;3;4;3;1;1;3;1;5;5;50;2;Blessé léger
202100056075;101 649;7;0;2;2;16;1;134 897;1;1;1;1;1964.0;3;8;6;1;2021;09;1;94;94021;2;3;1;3;48,7716000000;2,3465900000;3;4;3;1;1;3;1;5;5;50;2;Indemne
202100056088;101 623;7;0;0;0;15;1;134 867;1;1;1;1;1938.0;3;1;6;1;2021;16;1;64;64410;2;3;1;7;43,3726210000; -0,6287100000;3;2;2;0;2;1;1;0;1;50;2;Indemne
202100056088;101 624;1;12;0;0;1;5;134 868;1;1;4;1;1953.0;5;2;6;1;2021;16;1;64;64410;2;3;1;7;43,3726210000; -0,6287100000;3;2;2;0;2;1;1;0;1;50;2;Blessé léger
202100056135;101 542;1;0;1;0;1;5;134 751;10;3;4;1;1995.0;5;0;5;1;2021;20;5;69;69387;2;2;1;6;45,7534407318;4,8413438341;4;1;3;3;1;1;1;0;1;50;1;Blessé léger
202100056135;101 542;1;0;1;0;1;5;134 752;1;1;4;1;1988.0;4;8;5;1;2021;20;5;69;69387;2;2;1;6;45,7534407318;4,8413438341;4;1;3;3;1;1;1;0;1;50;1;Blessé léger
202100056151;101 514;7;0;2;3;0;1;134 716;1;1;1;1;2000.0;4;1;5;1;2021;17;5;58;58194;2;3;2;3;46,9880600000;3,1267400000;4;2;2;0;1;1;2;0;1;50;1;Indemne
202100056151;101 515;1;0;2;1;1;5;134 717;1;1;4;1;1975.0;0;8;5;1;2021;17;5;58;58194;2;3;2;3;46,9880600000;3,1267400000;4;2;2;0;1;1;2;0;1;50;1;Blessé léger
202100056183;101 463;10;0;2;8;22;1;134 649;1;1;1;2;1986.0;1;1;5;1;2021;19;3;75;75112;2;1;1;3;48,8301720000;2,4183100000;4;2;2;0;1;1;1;0;1;50;1;Indemne
202100056183;101 464;80;0;2;1;1;3;134 650;1;1;4;2;1962.0;1;2;5;1;2021;19;3;75;75112;2;1;1;3;48,8301720000;2,4183100000;4;2;2;0;1;1;1;0;1;50;1;Blessé léger
202100056184;101 462;1;0;0;1;21;5;134 648;1;1;4;1;1963.0;9;2;4;1;2021;17;5;75;75103;2;1;1;7;48,8623960000;2,3555220000;4;1;1;0;1;1;9;0;1;50;0;Blessé léger
202100056185;101 460;7;0;2;1;1;1;134 646;1;1;1;2;1964.0;1;1;5;1;2021;08;2;94;94046;2;1;1;3;48,8099830000;2,4337490000;3;1;2;0;1;1;2;6;8;50;1;Indemne
202100056185;101 461;1;0;2;8;19;5;134 647;1;1;4;2;2008.0;2;2;5;1;2021;08;2;94;94046;2;1;1;3;48,8099830000;2,4337490000;3;1;2;0;1;1;2;6;8;50;1;Blessé léger
202100056189;101 454;1;0;4;8;19;5;134 638;1;1;4;1;1996.0;5;8;5;1;2021;18;5;93;93046;2;1;1;3;48,9134113791;2,5160032511;9;2;2;3;1;1;1;9;6;50;1;Blessé léger
202100056189;101 455;40;0;9;1;1;3;134 639;1;1;1;1;1985.0;4;8;5;1;2021;18;5;93;93046;2;1;1;3;48,9134113791;2,5160032511;9;2;2;3;1;1;1;9;6;50;1;Indemne
202100056248;101 349;1;0;2;7;1;5;134 499;1;1;4;1;2001.0;9;0;4;1;2021;07;5;64;64445;2;6;8;3;43,3037324938; -0,3561113025;4;1;1;0;1;2;2;0;1;50;0;Blessé léger
202100056248;101 350;7;0;2;3;9;1;134 500;1;1;1;2;1958.0;9;1;4;1;2021;07;5;64;64445;2;6;8;3;43,3037324938; -0,3561113025;4;1;1;0;1;2;2;0;1;50;0;Indemne
202100056276;101 303;1;0;2;3;1;5;134 432;1;1;4;2;1970.0;9;2;4;1;2021;18;5;75;75119;2;3;2;3;48,8816830000;2,3810550000;4;2;2;0;1;1;2;0;1;50;0;Blessé léger
202100056276;101 304;7;0;2;2;17;2;134 433;1;1;1;1;1945.0;5;1;4;1;2021;18;5;75;75119;2;3;2;3;48,8816830000;2,3810550000;4;2;2;0;1;1;2;0;1;50;0;Indemne
202100056283;101 292;1;0;1;1;1;5;134 417;1;1;1;1;1994.0;5;8;4;1;2021;19;5;75;75101;2;4;1;6;48,8649640000;2,3347680000;4;2;4;0;1;1;1;0;1;50;0;Indemne
202100056283;101 292;1;0;1;1;1;5;134 418;10;3;4;2;1976.0;9;0;4;1;2021;19;5;75;75101;2;4;1;6;48,8649640000;2,3347680000;4;2;4;0;1;1;1;0;1;50;0;Blessé léger
202100056284;101 291;1;0;1;1;5;5;134 415;1;1;1;1;2003.0;2;8;4;1;2021;18;5;94;94052;2;1;1;6;48,8419964227;2,4915860965;4;1;1;0;2;1;1;0;1;30;0;Indemne
202100056284;101 291;1;0;1;1;5;5;134 416;10;3;4;1;1947.0;5;0;4;1;2021;18;5;94;94052;2;1;1;6;48,8419964227;2,4915860965;4;1;1;0;2;1;1;0;1;30;0;Blessé léger
202100056290;101 278;10;0;2;3;15;1;134 400;1;1;1;1;1960.0;4;1;4;1;2021;08;2;93;93055;2;3;1;3;48,8874996701;2,4103069848;3;2;2;0;2;1;1;0;1;50;0;Indemne
202100056290;101 279;1;0;2;1;1;5;134 401;1;1;4;1;2003.0;2;8;4;1;2021;08;2;93;93055;2;3;1;3;48,8874996701;2,4103069848;3;2;2;0;2;1;1;0;1;50;0;Blessé léger
202100056300;101 259;1;0;2;1;25;5;134 375;1;1;4;1;2008.0;2;0;4;1;2021;17;2;34;34111;2;6;1;3;43,9322540000;3,7112870000;3;4;2;0;1;1;1;5;1;50;0;Blessé léger
202100056300;101 260;7;0;2;7;9;1;134 376;1;1;1;2;1951.0;3;1;4;1;2021;17;2;34;34111;2;6;1;3;43,9322540000;3,7112870000;3;4;2;0;1;1;1;5;1;50;0;Indemne
202100056307;101 250;1;9;0;4;1;5;134 362;1;1;4;1;1953.0;5;2;4;1;2021;14;1;47;47283;2;1;1;2;44,4731980000;0,9397440000;3;2;2;0;1;1;1;9;1;30;0;Blessé léger
202100056307;101 251;7;0;9;2;1;1;134 363;1;1;1;1;1946.0;5;1;4;1;2021;14;1;47;47283;2;1;1;2;44,4731980000;0,9397440000;3;2;2;0;1;1;1;9;1;30;0;Indemne
202100056312;101 243;17;0;2;5;1;1;134 352;1;1;1;1;1960.0;4;1;4;1;2021;16;1;24;24520;2;1;1;3;44,8750500000;1,2246860000;3;2;2;0;1;1;1;0;1;50;0;Indemne
202100056312;101 244;1;0;2;3;25;5;134 353;1;1;3;2;2005.0;5;0;4;1;2021;16;1;24;24520;2;1;1;3;44,8750500000;1,2246860000;3;2;2;0;1;1;1;0;1;50;0;Blessé hospitalisé
202100056346;101 181;1;0;1;1;13;0;134 253;1;1;1;1;1999.0;1;2;3;1;2021;18;5;94;94043;2;1;1;7;48,8104900000;2,3619400000;3;1;1;1;1;1;1;0;1;30;6;Indemne
202100056346;101 181;1;0;1;1;13;0;134 254;10;3;4;1;1972.0;0;0;3;1;2021;18;5;94;94043;2;1;1;7;48,8104900000;2,3619400000;3;1;1;1;1;1;1;0;1;30;6;Blessé léger
202100056362;101 157;1;0;2;0;1;5;134 224;1;1;4;1;1968.0;1;2;4;1;2021;08;1;64;64138;2;3;1;1;43,2309460000; -0,2765840000;3;2;2;0;1;1;1;0;1;50;0;Blessé léger
202100056362;101 158;7;0;2;1;15;1;134 225;1;1;1;1;1958.0;0;1;4;1;2021;08;1;64;64138;2;3;1;1;43,2309460000; -0,2765840000;3;2;2;0;1;1;1;0;1;50;0;Indemne
202100056508;100 898;1;0;0;8;1;5;133 837;1;1;3;1;1975.0;5;2;1;1;2021;12;1;64;64400;1;1;1;7;43,1465730000; -0,1955440000;4;2;2;0;2;2;2;0;1;50;4;Blessé hospitalisé
202300000017;155 680 527;1;0;2;1;13;5;203 851 138;1;1;4;1;1958.0;5;8;7;5;2023;21;5;92;92007;2;9;2;3;48,80202300;2,31800600;3;2;2;0;1;1;2;0;1;30;6;Blessé léger
202300000017;155 680 528;7;0;9;1;15;1;203 851 139;1;1;1;1;2003.0;5;1;7;5;2023;21;5;92;92007;2;9;2;3;48,80202300;2,31800600;3;2;2;0;1;1;2;0;1;30;6;Indemne
202300000025;155 680 513;1;0;0;0;2;5;203 851 119;1;1;4;1;1955.0;5;0;6;5;2023;10;1;67;67465;2;1;1;3;48,79991000;7,98321400;3;2;2;0;1;1;1;0;1;50;5;Blessé léger
202300000025;155 680 514;15;0;0;0;2;1;203 851 120;1;1;1;1;1998.0;3;1;6;5;2023;10;1;67;67465;2;1;1;3;48,79991000;7,98321400;3;2;2;0;1;1;1;0;1;50;5;Indemne
202300000026;155 680 511;7;0;2;2;17;1;203 851 117;1;1;1;2;1969.0;5;1;7;5;2023;16;1;56;56234;1;1;1;7;47,54181300; -3,13490700;3;2;2;0;1;1;1;0;1;50;6;Indemne
202300000026;155 680 512;80;0;2;0;1;3;203 851 118;1;1;4;2;1962.0;5;0;7;5;2023;16;1;56;56234;1;1;1;7;47,54181300; -3,13490700;3;2;2;0;1;1;1;0;1;50;6;Blessé léger
202300000033;155 680 500;1;0;2;0;2;5;203 851 102;1;1;4;1;2009.0;5;0;7;5;2023;12;1;29;29105;2;1;1;3;48,50973500; -4,07505900;4;2;2;0;2;1;1;0;1;30;6;Blessé léger
202300000033;155 680 501;1;0;2;0;26;5;203 851 103;1;1;3;1;2003.0;5;0;7;5;2023;12;1;29;29105;2;1;1;3;48,50973500; -4,07505900;4;2;2;0;2;1;1;0;1;30;6;Blessé hospitalisé
202300000042;155 680 487;1;0;1;1;2;5;203 851 080;1;1;1;1;2006.0;5;9;5;5;2023;12;1;17;17218;2;1;1;6;46,30733800; -0,99866400;4;2;2;0;1;1;1;0;4;50;4;Indemne
202300000042;155 680 487;1;0;1;1;2;5;203 851 081;10;3;3;2;1932.0;5;0;5;5;2023;12;1;17;17218;2;1;1;6;46,30733800; -0,99866400;4;2;2;0;1;1;1;0;4;50;4;Blessé hospitalisé
202300000047;155 680 476;1;0;0;7;0;5;203 851 067;1;1;4;1;1978.0;5;2;8;5;2023;07;2;34;34333;1;6;1;3;43,50098500;3,78650400;3;1;1;0;1;3;1;0;1;80;0;Blessé léger
202300000047;155 680 477;7;0;0;8;1;1;203 851 068;1;1;1;1;1988.0;1;1;8;5;2023;07;2;34;34333;1;6;1;3;43,50098500;3,78650400;3;1;1;0;1;3;1;0;1;80;0;Indemne
202300000049;155 680 471;1;0;0;4;0;5;203 851 062;1;1;2;1;2004.0;5;0;8;5;2023;02;3;34;34172;1;1;1;4;43,60185300;3,92244100;1;3;3;0;1;1;1;0;1;90;0;Tué
202300000049;155 680 472;1;0;0;6;0;5;203 851 063;1;1;3;1;2004.0;5;0;8;5;2023;02;3;34;34172;1;1;1;4;43,60185300;3,92244100;1;3;3;0;1;1;1;0;1;90;0;Blessé hospitalisé
202300000049;155 680 473;7;0;9;1;1;1;203 851 064;1;1;1;2;1981.0;5;8;8;5;2023;02;3;34;34172;1;1;1;4;43,60185300;3,92244100;1;3;3;0;1;1;1;0;1;90;0;Indemne
202300000118;155 680 349;10;0;2;2;1;1;203 850 905;2;2;1;1;1953.0;0;1;30;11;2023;14;1;61;61369;1;1;3;2;48,62203000; -0,63851500;3;2;2;0;1;1;2;0;1;90;3;Indemne
202300000118;155 680 349;10;0;2;2;1;1;203 850 906;1;1;1;1;1951.0;0;1;30;11;2023;14;1;61;61369;1;1;3;2;48,62203000; -0,63851500;3;2;2;0;1;1;2;0;1;90;3;Indemne
202300000118;155 680 351;1;0;2;4;2;5;203 850 910;1;1;3;1;1960.0;5;2;30;11;2023;14;1;61;61369;1;1;3;2;48,62203000; -0,63851500;3;2;2;0;1;1;2;0;1;90;3;Blessé hospitalisé
202300000137;155 680 310;7;0;9;2;1;0;203 850 854;1;1;1;2;1937.0;0;1;30;11;2023;18;3;53;53084;1;1;8;2;47,84766900; -0,97859900;3;2;2;0;1;1;2;0;1;80;3;Indemne
202300000137;155 680 311;80;0;2;4;1;3;203 850 855;1;1;3;1;1980.0;1;0;30;11;2023;18;3;53;53084;1;1;8;2;47,84766900; -0,97859900;3;2;2;0;1;1;2;0;1;80;3;Blessé hospitalisé
202300000142;155 680 301;1;0;2;7;1;5;203 850 843;1;1;4;1;2010.0;2;2;28;3;2023;07;2;56;56162;2;6;1;3;47,73655000; -3,43250000;3;2;2;0;1;2;1;5;1;50;1;Blessé léger
202300000142;155 680 301;1;0;2;7;1;5;203 850 843;1;1;4;1;2010.0;2;2;28;3;2023;07;2;56;56162;2;6;1;3;47,73655000; -3,43250000;3;2;2;0;1;2;1;5;1;50;1;Blessé léger
202300000142;155 680 304;7;0;2;1;1;1;203 850 846;1;1;1;1;1960.0;0;1;28;3;2023;07;2;56;56162;2;6;1;3;47,73655000; -3,43250000;3;2;2;0;1;2;1;5;1;50;1;Indemne
202300000142;155 680 304;7;0;2;1;1;1;203 850 846;1;1;1;1;1960.0;0;1;28;3;2023;07;2;56;56162;2;6;1;3;47,73655000; -3,43250000;3;2;2;0;1;2;1;5;1;50;1;Indemne
202300000146;155 680 294;1;0;2;8;15;5;203 850 836;1;1;3;2;1999.0;0;2;28;3;2023;17;1;51;51108;2;3;1;3;48,94682000;4,36500000;4;2;2;1;1;1;1;0;1;50;1;Blessé hospitalisé
202300000146;155 680 296;7;0;2;2;1;1;203 850 838;1;1;1;1;1981.0;5;1;28;3;2023;17;1;51;51108;2;3;1;3;48,94682000;4,36500000;4;2;2;1;1;1;1;0;1;50;1;Indemne
202300000187;155 680 227;80;0;2;1;2;3;203 850 747;1;1;4;1;1944.0;0;2;27;3;2023;09;1;974;97411;1;1;1;2; -20,88864000;55,43690000;3;2;2;0;2;4;1;0;1;50;0;Blessé léger
202300000187;155 680 228;7;0;2;4;2;1;203 850 748;1;1;1;1;1992.0;1;1;27;3;2023;09;1;974;97411;1;1;1;2; -20,88864000;55,43690000;3;2;2;0;2;4;1;0;1;50;0;Indemne
202300000203;155 680 200;99;0;9;3;1;1;203 850 714;1;1;1;2;1994.0;0;1;8;8;2023;13;1;93;93048;2;3;1;3;48,85742000;2,44007000;4;1;1;2;1;1;1;0;5;30;1;Indemne
202300000203;155 680 202;1;0;2;2;1;0;203 850 716;1;1;3;2;1954.0;0;2;8;8;2023;13;1;93;93048;2;3;1;3;48,85742000;2,44007000;4;1;1;2;1;1;1;0;5;30;1;Blessé hospitalisé
202300000217;155 680 172;7;0;2;0;1;1;203 850 679;1;1;1;1;1992.0;0;1;27;3;2023;03;5;67;67482;2;3;1;3;48,57160000;7,77026000;4;1;4;1;1;1;1;0;1;30;0;Indemne
202300000217;155 680 172;7;0;2;0;1;1;203 850 679;1;1;1;1;1992.0;0;1;27;3;2023;03;5;67;67482;2;3;1;3;48,57160000;7,77026000;4;3;6;0;1;1;1;0;1;50;0;Indemne
202300000217;155 680 175;80;0;2;0;1;3;203 850 683;1;1;4;1;1993.0;0;8;27;3;2023;03;5;67;67482;2;3;1;3;48,57160000;7,77026000;4;1;4;1;1;1;1;0;1;30;0;Blessé léger
202300000217;155 680 175;80;0;2;0;1;3;203 850 683;1;1;4;1;1993.0;0;8;27;3;2023;03;5;67;67482;2;3;1;3;48,57160000;7,77026000;4;3;6;0;1;1;1;0;1;50;0;Blessé léger
202300000221;155 680 164;7;0;2;2;2;1;203 850 670;1;1;1;1;1977.0;5;1;31;8;2023;12;1;14;14724;1;1;1;2;49,26880100; -0,15799200;3;2;2;0;1;3;2;0;1;80;3;Indemne
202300000221;155 680 165;1;0;0;6;2;5;203 850 671;1;1;4;1;1961.0;5;2;31;8;2023;12;1;14;14724;1;1;1;2;49,26880100; -0,15799200;3;2;2;0;1;3;2;0;1;80;3;Blessé léger
202300000261;155 680 094;1;0;2;4;1;5;203 850 575;1;1;3;1;1999.0;0;8;26;3;2023;03;3;49;49007;2;1;2;2;47,46300000; -0,54774000;4;2;2;0;1;1;2;0;1;50;6;Blessé hospitalisé
202300000261;155 680 097;7;0;2;1;1;1;203 850 578;2;2;1;1;1989.0;0;1;26;3;2023;03;3;49;49007;2;1;2;2;47,46300000; -0,54774000;4;2;2;0;1;1;2;0;1;50;6;Indemne
202300000261;155 680 097;7;0;2;1;1;1;203 850 580;1;1;1;1;1990.0;5;1;26;3;2023;03;3;49;49007;2;1;2;2;47,46300000; -0,54774000;4;2;2;0;1;1;2;0;1;50;6;Indemne
202300000264;155 680 088;80;0;1;3;1;3;203 850 566;1;1;1;1;1983.0;0;2;21;3;2023;17;1;42;42218;2;1;1;6;45,44269000;4,38616700;4;1;1;3;1;1;1;6;4;50;1;Indemne
202300000264;155 680 088;80;0;1;3;1;3;203 850 567;10;3;4;1;1957.0;0;0;21;3;2023;17;1;42;42218;2;1;1;6;45,44269000;4,38616700;4;1;1;3;1;1;1;6;4;50;1;Blessé léger
202300000279;155 680 061;1;0;2;4;19;5;203 850 523;1;1;4;1;2002.0;1;8;21;12;2023;19;4;67;67482;2;3;2;3;48,59879000;7,75289000;4;2;2;1;1;1;2;0;5;20;3;Blessé léger
202300000279;155 680 061;1;0;2;4;19;5;203 850 523;1;1;4;1;2002.0;1;8;21;12;2023;19;4;67;67482;2;3;2;3;48,59879000;7,75289000;4;2;8;1;1;1;2;0;1;50;3;Blessé léger
202300000279;155 680 062;7;0;2;3;16;1;203 850 524;1;1;1;2;1962.0;3;1;21;12;2023;19;4;67;67482;2;3;2;3;48,59879000;7,75289000;4;2;2;1;1;1;2;0;5;20;3;Indemne
202300000279;155 680 062;7;0;2;3;16;1;203 850 524;1;1;1;2;1962.0;3;1;21;12;2023;19;4;67;67482;2;3;2;3;48,59879000;7,75289000;4;2;8;1;1;1;2;0;1;50;3;Indemne
202300000285;155 680 049;1;0;2;1;1;5;203 850 506;1;1;4;1;2010.0;5;2;29;11;2023;13;1;69;69115;2;1;1;2;45,97500000;4,70644000;4;1;1;0;1;1;1;0;1;50;2;Blessé léger
202300000285;155 680 051;7;0;2;4;1;3;203 850 509;1;1;1;2;1971.0;0;8;29;11;2023;13;1;69;69115;2;1;1;2;45,97500000;4,70644000;4;1;1;0;1;1;1;0;1;50;2;Indemne
202300000286;155 680 047;1;0;2;1;1;5;203 850 504;1;1;3;2;2003.0;0;2;16;5;2023;09;1;63;63113;2;1;1;3;45,78180000;3,10540000;4;2;2;3;1;1;1;1;1;30;1;Blessé hospitalisé
202300000286;155 680 048;7;0;2;8;22;1;203 850 505;1;1;1;1;1996.0;0;1;16;5;2023;09;1;63;63113;2;1;1;3;45,78180000;3,10540000;4;2;2;3;1;1;1;1;1;30;1;Indemne
202300000291;155 680 035;7;0;2;2;1;1;203 850 492;1;1;1;1;1969.0;0;1;29;11;2023;06;5;69;69290;2;4;1;1;45,70340000;4,89543000;4;2;2;0;2;2;1;0;1;50;2;Indemne
202300000291;155 680 035;7;0;2;2;1;1;203 850 492;1;1;1;1;1969.0;0;1;29;11;2023;06;5;69;69290;2;4;1;1;45,70340000;4,89543000;4;2;2;0;1;1;1;2;1;50;2;Indemne
202300000291;155 680 037;1;0;2;4;0;5;203 850 495;1;1;4;1;1989.0;0;8;29;11;2023;06;5;69;69290;2;4;1;1;45,70340000;4,89543000;4;2;2;0;2;2;1;0;1;50;2;Blessé léger
202300000291;155 680 037;1;0;2;4;0;5;203 850 495;1;1;4;1;1989.0;0;8;29;11;2023;06;5;69;69290;2;4;1;1;45,70340000;4,89543000;4;2;2;0;1;1;1;2;1;50;2;Blessé léger
202300000294;155 680 027;7;0;0;3;15;1;203 850 483;1;1;1;2;1975.0;0;1;29;11;2023;10;1;64;64122;2;4;1;3;43,46101000; -1,54889000;4;2;2;0;2;1;1;0;1;50;2;Indemne