Num_Acc;id_vehicule;catv;obs;obsm;choc;manv;motor;id_usager;place;catu;grav;sexe;an_nais;trajet;secu1;jour;mois;an;hrmn;lum;dep;com;agg;int;atm;col;lat;long;catr;circ;nbv;vosp;prof;plan;surf;infra;situ;vma;day_of_week;gravity
202300001175;155 678 490;1;1;0;6;1;5;203 848 404;1;1;4;1;2003.0;5;8;9;6;2023;18;1;75;75106;2;1;1;2;48,84790400;2,33253000;4;2;3;1;1;1;1;0;1;30;4;Blessé léger
202300001175;155 678 492;13;0;2;6;24;1;203 848 406;1;1;1;1;1977.0;4;1;9;6;2023;18;1;75;75106;2;1;1;2;48,84790400;2,33253000;4;2;3;1;1;1;1;0;1;30;4;Indemne
202300001184;155 678 472;1;0;1;1;1;5;203 848 383;1;1;1;1;1997.0;9;2;9;6;2023;20;1;75;75117;2;3;1;6;48,88146300;2,31600700;4;1;1;0;1;1;1;0;1;30;4;Indemne
202300001184;155 678 472;1;0;1;1;1;5;203 848 385;10;3;4;2;1987.0;5;0;9;6;2023;20;1;75;75117;2;3;1;6;48,88146300;2,31600700;4;1;1;0;1;1;1;0;1;30;4;Blessé léger
202300001186;155 678 466;7;0;2;4;23;2;203 848 374;1;1;1;1;1976.0;4;1;9;6;2023;03;5;75;75117;2;2;1;2;48,89058000;2,32019600;4;2;2;3;2;1;1;0;6;30;4;Indemne
202300001186;155 678 468;80;0;2;1;1;3;203 848 377;1;1;4;1;2001.0;9;8;9;6;2023;03;5;75;75117;2;2;1;2;48,89058000;2,32019600;4;2;2;3;2;1;1;0;6;30;4;Blessé léger
202300001191;155 678 455;1;0;2;8;1;5;203 848 361;1;1;3;2;1970.0;5;2;11;7;2023;16;1;91;91044;2;1;1;1;48,68311300;2,28495800;3;3;2;1;2;3;1;9;5;50;1;Blessé hospitalisé
202300001191;155 678 459;7;0;2;3;9;0;203 848 367;1;1;1;1;1952.0;3;1;11;7;2023;16;1;91;91044;2;1;1;1;48,68311300;2,28495800;3;3;2;1;2;3;1;9;5;50;1;Indemne
202300001198;155 678 447;1;0;2;1;1;5;203 848 353;1;1;4;1;1995.0;1;8;9;6;2023;11;1;75;75116;2;2;1;3;48,84147500;2,26387700;4;1;2;1;1;1;1;0;5;50;4;Blessé léger
202300001198;155 678 449;10;0;2;8;22;1;203 848 356;1;1;1;1;1980.0;1;1;9;6;2023;11;1;75;75116;2;2;1;3;48,84147500;2,26387700;4;1;2;1;1;1;1;0;5;50;4;Indemne
202300001204;155 678 437;1;0;2;1;1;5;203 848 339;1;1;4;1;1944.0;5;2;28;3;2023;17;1;72;72241;2;1;1;2;48,05235300;0,39227800;3;2;2;0;2;1;1;0;1;50;1;Blessé léger
202300001204;155 678 439;7;0;0;4;1;1;203 848 341;1;1;1;1;1947.0;5;8;28;3;2023;17;1;72;72241;2;1;1;2;48,05235300;0,39227800;3;2;2;0;2;1;1;0;1;50;1;Indemne
202300001204;155 678 439;7;0;0;4;1;1;203 848 342;2;2;1;1;1931.0;5;8;28;3;2023;17;1;72;72241;2;1;1;2;48,05235300;0,39227800;3;2;2;0;2;1;1;0;1;50;1;Indemne
202300001216;155 678 419;1;0;2;8;19;5;203 848 317;1;1;4;2;1975.0;1;2;28;11;2023;10;1;33;33119;2;3;1;3;44,85527526; -0,53574510;4;2;2;0;1;3;1;5;1;50;1;Blessé léger
202300001216;155 678 419;1;0;2;8;19;5;203 848 317;1;1;4;2;1975.0;1;2;28;11;2023;10;1;33;33119;2;3;1;3;44,85527526; -0,53574510;4;2;4;3;1;1;1;5;1;50;1;Blessé léger
202300001216;155 678 420;10;0;2;2;16;1;203 848 318;1;1;1;1;1964.0;4;1;28;11;2023;10;1;33;33119;2;3;1;3;44,85527526; -0,53574510;4;2;2;0;1;3;1;5;1;50;1;Indemne
202300001216;155 678 420;10;0;2;2;16;1;203 848 318;1;1;1;1;1964.0;4;1;28;11;2023;10;1;33;33119;2;3;1;3;44,85527526; -0,53574510;4;2;4;3;1;1;1;5;1;50;1;Indemne
202300001221;155 678 408;32;0;2;2;1;1;203 848 304;1;1;1;1;1994.0;9;2;9;6;2023;15;1;75;75111;2;3;1;3;48,86135400;2,36716800;4;2;6;1;1;1;1;0;1;30;4;Indemne
202300001221;155 678 408;32;0;2;2;1;1;203 848 305;2;2;1;1;1994.0;5;2;9;6;2023;15;1;75;75111;2;3;1;3;48,86135400;2,36716800;4;2;6;1;1;1;1;0;1;30;4;Indemne
202300001221;155 678 411;1;0;0;4;15;5;203 848 307;1;1;4;1;1974.0;4;8;9;6;2023;15;1;75;75111;2;3;1;3;48,86135400;2,36716800;4;2;6;1;1;1;1;0;1;30;4;Blessé léger
202300001225;155 678 399;10;0;2;2;16;1;203 848 292;1;1;1;1;1981.0;4;1;9;6;2023;12;1;75;75111;2;2;1;3;48,86893100;2,38046000;4;1;1;0;1;1;1;0;1;30;4;Indemne
202300001225;155 678 403;1;0;2;2;1;5;203 848 297;1;1;4;1;1990.0;9;8;9;6;2023;12;1;75;75111;2;2;1;3;48,86893100;2,38046000;4;1;1;0;1;1;1;0;1;30;4;Blessé léger
202300001235;155 678 383;1;0;2;1;1;5;203 848 273;1;1;3;1;1999.0;0;8;27;11;2023;17;5;28;28209;2;9;2;3;48,47237500;1,46876400;4;2;2;0;2;1;2;0;1;50;0;Blessé hospitalisé
202300001235;155 678 384;7;0;2;3;15;1;203 848 275;1;1;1;1;1979.0;0;1;27;11;2023;17;5;28;28209;2;9;2;3;48,47237500;1,46876400;4;2;2;0;2;1;2;0;1;50;0;Indemne
202300001312;155 678 252;1;0;2;5;14;5;203 848 087;1;1;1;2;1990.0;1;2;27;11;2023;08;1;75;75116;2;1;1;3;48,84877900;2,27624600;4;2;3;1;1;1;1;0;1;30;0;Indemne
202300001312;155 678 254;1;0;2;6;1;5;203 848 092;1;1;4;1;1981.0;1;2;27;11;2023;08;1;75;75116;2;1;1;3;48,84877900;2,27624600;4;2;3;1;1;1;1;0;1;30;0;Blessé léger
202300001316;155 678 241;1;0;2;1;13;5;203 848 071;1;1;4;1;1987.0;1;2;9;6;2023;08;1;92;92046;2;1;1;1;48,82216627;2,29837149;3;2;2;1;1;4;1;6;5;30;4;Blessé léger
202300001316;155 678 242;1;0;2;1;16;5;203 848 074;1;1;1;1;1990.0;1;2;9;6;2023;08;1;92;92046;2;1;1;1;48,82216627;2,29837149;3;2;2;1;1;4;1;6;5;30;4;Indemne
202300001317;155 678 244;7;0;2;7;22;1;203 848 076;1;1;1;1;1999.0;1;1;28;11;2023;18;5;75;75114;2;4;1;3;48,82412600;2,32121500;4;1;8;1;1;1;1;0;5;50;1;Indemne
202300001317;155 678 244;7;0;2;7;22;1;203 848 078;2;2;1;1;1959.0;1;8;28;11;2023;18;5;75;75114;2;4;1;3;48,82412600;2,32121500;4;1;8;1;1;1;1;0;5;50;1;Indemne
202300001317;155 678 246;1;0;2;1;1;5;203 848 079;1;1;4;1;1988.0;9;2;28;11;2023;18;5;75;75114;2;4;1;3;48,82412600;2,32121500;4;1;8;1;1;1;1;0;5;50;1;Blessé léger
202300001318;155 678 239;7;0;2;1;1;1;203 848 068;1;1;1;2;1946.0;3;1;26;12;2023;08;3;29;29069;1;3;8;3;48,41621439; -4,54530549;3;2;0;0;2;1;2;5;5;90;1;Indemne
202300001318;155 678 239;7;0;2;1;1;1;203 848 068;1;1;1;2;1946.0;3;1;26;12;2023;08;3;29;29069;1;3;8;3;48,41621439; -4,54530549;3;2;0;1;2;1;1;5;5;25;1;Indemne
202300001318;155 678 243;80;0;2;8;9;3;203 848 075;1;1;4;2;1980.0;1;2;26;12;2023;08;3;29;29069;1;3;8;3;48,41621439; -4,54530549;3;2;0;0;2;1;2;5;5;90;1;Blessé léger
202300001318;155 678 243;80;0;2;8;9;3;203 848 075;1;1;4;2;1980.0;1;2;26;12;2023;08;3;29;29069;1;3;8;3;48,41621439; -4,54530549;3;2;0;1;2;1;1;5;5;25;1;Blessé léger
202300001344;155 678 204;1;0;2;1;2;5;203 848 016;1;1;3;1;1971.0;5;2;28;10;2023;09;1;13;13041;1;4;7;3;43,44575100;5,52351900;3;2;2;0;1;3;1;0;1;70;5;Blessé hospitalisé
202300001344;155 678 206;7;0;9;7;15;1;203 848 018;1;1;1;2;2001.0;0;1;28;10;2023;09;1;13;13041;1;4;7;3;43,44575100;5,52351900;3;2;2;0;1;3;1;0;1;70;5;Indemne
202300001351;155 678 189;7;0;2;3;1;1;203 847 998;1;1;1;2;1977.0;5;1;29;3;2023;08;1;69;69256;2;1;6;3;45,75548143;4,92779002;4;2;2;0;1;1;1;0;1;50;2;Indemne
202300001351;155 678 191;1;0;2;1;14;5;203 848 001;1;1;4;1;2014.0;2;8;29;3;2023;08;1;69;69256;2;1;6;3;45,75548143;4,92779002;4;2;2;0;1;1;1;0;1;50;2;Blessé léger
202300001352;155 678 187;1;1;0;1;1;5;203 847 996;1;1;4;1;1994.0;5;8;27;11;2023;19;5;75;75102;2;3;2;6;48,87070900;2,34788000;4;2;6;1;1;1;2;0;5;30;0;Blessé léger
202300001352;155 678 187;1;1;0;1;1;5;203 847 996;1;1;4;1;1994.0;5;8;27;11;2023;19;5;75;75102;2;3;2;6;48,87070900;2,34788000;4;1;1;0;1;1;2;0;5;30;0;Blessé léger
202300001353;155 678 182;7;0;2;7;16;1;203 847 990;1;1;1;1;1974.0;0;1;9;6;2023;16;1;92;92002;2;2;1;3;48,76145000;2,29128000;3;2;0;2;1;1;1;5;5;50;4;Indemne
202300001353;155 678 182;7;0;2;7;16;1;203 847 990;1;1;1;1;1974.0;0;1;9;6;2023;16;1;92;92002;2;2;1;3;48,76145000;2,29128000;3;1;0;0;1;1;1;0;1;50;4;Indemne
202300001353;155 678 182;7;0;2;7;16;1;203 847 992;2;2;1;1;1980.0;0;1;9;6;2023;16;1;92;92002;2;2;1;3;48,76145000;2,29128000;3;2;0;2;1;1;1;5;5;50;4;Indemne
202300001353;155 678 182;7;0;2;7;16;1;203 847 992;2;2;1;1;1980.0;0;1;9;6;2023;16;1;92;92002;2;2;1;3;48,76145000;2,29128000;3;1;0;0;1;1;1;0;1;50;4;Indemne
202300001353;155 678 186;1;0;2;8;2;5;203 847 995;1;1;4;1;2008.0;2;8;9;6;2023;16;1;92;92002;2;2;1;3;48,76145000;2,29128000;3;2;0;2;1;1;1;5;5;50;4;Blessé léger
202300001353;155 678 186;1;0;2;8;2;5;203 847 995;1;1;4;1;2008.0;2;8;9;6;2023;16;1;92;92002;2;2;1;3;48,76145000;2,29128000;3;1;0;0;1;1;1;0;1;50;4;Blessé léger
202300001359;155 678 169;7;0;2;4;2;1;203 847 973;4;2;1;1;2022.0;5;1;6;12;2023;10;1;974;97409;2;1;1;2; -20,97330000;55,68399000;3;2;2;0;1;1;1;0;3;50;2;Indemne
202300001359;155 678 169;7;0;2;4;2;1;203 847 975;2;2;1;2;2006.0;5;1;6;12;2023;10;1;974;97409;2;1;1;2; -20,97330000;55,68399000;3;2;2;0;1;1;1;0;3;50;2;Indemne
202300001359;155 678 169;7;0;2;4;2;1;203 847 976;1;1;4;1;2002.0;5;1;6;12;2023;10;1;974;97409;2;1;1;2; -20,97330000;55,68399000;3;2;2;0;1;1;1;0;3;50;2;Blessé léger
202300001359;155 678 169;7;0;2;4;2;1;203 847 978;3;2;3;2;2021.0;0;1;6;12;2023;10;1;974;97409;2;1;1;2; -20,97330000;55,68399000;3;2;2;0;1;1;1;0;3;50;2;Blessé hospitalisé
202300001359;155 678 174;1;0;2;4;1;5;203 847 981;1;1;3;1;1976.0;5;2;6;12;2023;10;1;974;97409;2;1;1;2; -20,97330000;55,68399000;3;2;2;0;1;1;1;0;3;50;2;Blessé hospitalisé
202300001360;155 678 170;1;0;2;3;1;5;203 847 974;1;1;4;1;1976.0;0;8;28;11;2023;19;5;94;94041;2;2;1;3;48,81574000;2,38297000;3;2;2;0;1;1;1;5;1;50;1;Blessé léger
202300001360;155 678 171;43;0;2;2;15;1;203 847 977;1;1;4;1;1984.0;0;2;28;11;2023;19;5;94;94041;2;2;1;3;48,81574000;2,38297000;3;2;2;0;1;1;1;5;1;50;1;Blessé léger
202300001365;155 678 160;7;0;2;1;0;1;203 847 963;1;1;1;1;1997.0;3;1;10;6;2023;10;1;69;69279;2;3;1;3;45,79106400;5,03983300;4;2;2;0;1;1;1;0;1;50;5;Indemne
202300001365;155 678 160;7;0;2;1;0;1;203 847 963;1;1;1;1;1997.0;3;1;10;6;2023;10;1;69;69279;2;3;1;3;45,79106400;5,03983300;4;2;2;2;1;1;1;0;1;50;5;Indemne
202300001365;155 678 162;1;0;2;8;9;5;203 847 965;1;1;3;2;2011.0;5;2;10;6;2023;10;1;69;69279;2;3;1;3;45,79106400;5,03983300;4;2;2;0;1;1;1;0;1;50;5;Blessé hospitalisé
202300001365;155 678 162;1;0;2;8;9;5;203 847 965;1;1;3;2;2011.0;5;2;10;6;2023;10;1;69;69279;2;3;1;3;45,79106400;5,03983300;4;2;2;2;1;1;1;0;1;50;5;Blessé hospitalisé
202300001387;155 678 124;1;0;2;8;1;5;203 847 916;1;1;4;2;1990.0;5;2;8;6;2023;19;1;77;77524;1;2;1;3;48,44530500;3,16340800;3;2;2;0;1;1;1;0;1;80;3;Blessé léger
202300001387;155 678 124;1;0;2;8;1;5;203 847 916;1;1;4;2;1990.0;5;2;8;6;2023;19;1;77;77524;1;2;1;3;48,44530500;3,16340800;3;2;2;0;1;1;1;0;1;80;3;Blessé léger
202300001387;155 678 126;7;0;2;1;19;1;203 847 919;2;2;1;1;2015.0;5;1;8;6;2023;19;1;77;77524;1;2;1;3;48,44530500;3,16340800;3;2;2;0;1;1;1;0;1;80;3;Indemne
202300001387;155 678 126;7;0;2;1;19;1;203 847 919;2;2;1;1;2015.0;5;1;8;6;2023;19;1;77;77524;1;2;1;3;48,44530500;3,16340800;3;2;2;0;1;1;1;0;1;80;3;Indemne
202300001387;155 678 126;7;0;2;1;19;1;203 847 921;1;1;1;2;1981.0;5;1;8;6;2023;19;1;77;77524;1;2;1;3;48,44530500;3,16340800;3;2;2;0;1;1;1;0;1;80;3;Indemne
202300001387;155 678 126;7;0;2;1;19;1;203 847 921;1;1;1;2;1981.0;5;1;8;6;2023;19;1;77;77524;1;2;1;3;48,44530500;3,16340800;3;2;2;0;1;1;1;0;1;80;3;Indemne
202300001393;155 678 115;1;0;2;1;26;5;203 847 907;1;1;4;2;1979.0;5;2;26;3;2023;13;1;06;06069;2;6;1;3;43,65055000;6,92230000;4;1;2;0;1;2;1;9;1;50;6;Blessé léger
202300001393;155 678 115;1;0;2;1;26;5;203 847 907;1;1;4;2;1979.0;5;2;26;3;2023;13;1;06;06069;2;6;1;3;43,65055000;6,92230000;4;2;2;0;3;1;1;9;8;50;6;Blessé léger
202300001393;155 678 118;7;0;2;3;9;1;203 847 910;1;1;1;2;1983.0;4;1;26;3;2023;13;1;06;06069;2;6;1;3;43,65055000;6,92230000;4;1;2;0;1;2;1;9;1;50;6;Indemne
202300001393;155 678 118;7;0;2;3;9;1;203 847 910;1;1;1;2;1983.0;4;1;26;3;2023;13;1;06;06069;2;6;1;3;43,65055000;6,92230000;4;2;2;0;3;1;1;9;8;50;6;Indemne
202300001408;155 678 090;1;0;2;3;1;5;203 847 877;1;1;3;1;1953.0;0;2;9;6;2023;12;1;12;12209;1;1;2;3;44,69287400;2,69904800;3;2;2;0;2;4;2;0;1;90;4;Blessé hospitalisé
202300001408;155 678 092;7;0;2;8;13;1;203 847 879;1;1;1;2;1995.0;1;1;9;6;2023;12;1;12;12209;1;1;2;3;44,69287400;2,69904800;3;2;2;0;2;4;2;0;1;90;4;Indemne
202300001411;155 678 086;80;0;2;7;1;3;203 847 870;1;1;4;2;1975.0;9;8;26;3;2023;18;1;75;75106;2;3;1;3;48,85042000;2,32462300;4;2;3;0;1;1;1;0;1;30;6;Blessé léger
202300001411;155 678 086;80;0;2;7;1;3;203 847 870;1;1;4;2;1975.0;9;8;26;3;2023;18;1;75;75106;2;3;1;3;48,85042000;2,32462300;4;1;1;0;1;1;1;0;1;30;6;Blessé léger
202300001411;155 678 088;7;0;2;2;15;1;203 847 873;1;1;1;1;1969.0;9;1;26;3;2023;18;1;75;75106;2;3;1;3;48,85042000;2,32462300;4;2;3;0;1;1;1;0;1;30;6;Indemne
202300001411;155 678 088;7;0;2;2;15;1;203 847 873;1;1;1;1;1969.0;9;1;26;3;2023;18;1;75;75106;2;3;1;3;48,85042000;2,32462300;4;1;1;0;1;1;1;0;1;30;6;Indemne
202300001416;155 678 077;7;0;2;2;5;2;203 847 858;3;2;1;1;1995.0;4;1;26;3;2023;07;1;75;75110;2;2;1;1;48,86850700;2,36288100;4;2;6;0;1;1;2;0;1;30;6;Indemne
202300001416;155 678 077;7;0;2;2;5;2;203 847 860;2;2;1;1;1985.0;4;1;26;3;2023;07;1;75;75110;2;2;1;1;48,86850700;2,36288100;4;2;6;0;1;1;2;0;1;30;6;Indemne
202300001416;155 678 077;7;0;2;2;5;2;203 847 862;1;1;1;1;2000.0;4;1;26;3;2023;07;1;75;75110;2;2;1;1;48,86850700;2,36288100;4;2;6;0;1;1;2;0;1;30;6;Indemne
202300001416;155 678 081;1;0;2;1;1;5;203 847 863;1;1;4;1;1973.0;1;2;26;3;2023;07;1;75;75110;2;2;1;1;48,86850700;2,36288100;4;2;6;0;1;1;2;0;1;30;6;Blessé léger
202300001423;155 678 065;7;0;9;2;2;1;203 847 838;1;1;1;1;1934.0;0;1;10;6;2023;10;1;38;38134;1;1;1;3;45,43817000;5,00552600;3;2;2;0;2;1;1;0;1;80;5;Indemne
202300001423;155 678 068;1;0;0;8;1;5;203 847 842;1;1;3;1;1961.0;5;2;10;6;2023;10;1;38;38134;1;1;1;3;45,43817000;5,00552600;3;2;2;0;2;1;1;0;1;80;5;Blessé hospitalisé
202300001460;155 678 009;1;14;0;1;1;5;203 847 761;1;1;3;1;2013.0;2;2;9;6;2023;08;1;87;87187;2;1;1;7;45,50054100;1,20384700;4;2;2;0;2;1;1;0;1;30;4;Blessé hospitalisé
202300001464;155 678 003;7;0;2;3;15;1;203 847 755;1;1;4;1;1971.0;9;1;18;10;2023;20;5;63;63113;2;2;2;3;45,79027498;3,08345139;7;3;6;0;2;1;2;0;8;50;2;Blessé léger
202300001464;155 678 004;1;0;2;1;1;5;203 847 756;1;1;4;2;1971.0;1;0;18;10;2023;20;5;63;63113;2;2;2;3;45,79027498;3,08345139;7;3;6;0;2;1;2;0;8;50;2;Blessé léger
202300001484;155 677 963;1;0;0;0;25;5;203 847 697;1;1;2;1;1945.0;0;8;28;11;2023;15;1;974;97409;2;1;1;7; -20,93927000;55,64701000;4;2;2;0;2;1;1;0;4;50;1;Tué
202300001485;155 677 962;10;0;2;8;1;1;203 847 696;2;2;1;2;1975.0;5;1;26;5;2023;15;1;45;45273;2;1;1;3;47,87023100;2,12580900;3;2;2;0;1;1;1;2;6;50;4;Indemne
202300001485;155 677 962;10;0;2;8;1;1;203 847 698;1;1;1;1;1968.0;5;1;26;5;2023;15;1;45;45273;2;1;1;3;47,87023100;2,12580900;3;2;2;0;1;1;1;2;6;50;4;Indemne
202300001485;155 677 964;1;0;2;1;19;5;203 847 699;1;1;3;1;1959.0;5;0;26;5;2023;15;1;45;45273;2;1;1;3;47,87023100;2,12580900;3;2;2;0;1;1;1;2;6;50;4;Blessé hospitalisé
202300001488;155 677 957;7;0;9;1;15;1;203 847 688;1;1;1;1;1942.0;5;1;7;6;2023;10;1;66;66008;2;3;1;3;42,54811200;3,02008200;3;2;2;0;1;1;1;0;5;50;2;Indemne
202300001488;155 677 957;7;0;9;1;15;1;203 847 688;1;1;1;1;1942.0;5;1;7;6;2023;10;1;66;66008;2;3;1;3;42,54811200;3,02008200;3;2;3;0;2;1;1;0;5;50;2;Indemne
202300001488;155 677 958;80;0;2;8;1;3;203 847 690;1;1;4;2;1953.0;3;0;7;6;2023;10;1;66;66008;2;3;1;3;42,54811200;3,02008200;3;2;2;0;1;1;1;0;5;50;2;Blessé léger
202300001488;155 677 958;80;0;2;8;1;3;203 847 690;1;1;4;2;1953.0;3;0;7;6;2023;10;1;66;66008;2;3;1;3;42,54811200;3,02008200;3;2;3;0;2;1;1;0;5;50;2;Blessé léger
202300001490;155 677 950;7;0;2;6;1;1;203 847 681;1;1;1;2;1986.0;0;1;14;12;2023;18;5;33;33318;2;2;8;4;44,80591000; -0,63315000;4;2;2;2;1;1;1;0;1;30;3;Indemne
202300001490;155 677 950;7;0;2;6;1;1;203 847 681;1;1;1;2;1986.0;0;1;14;12;2023;18;5;33;33318;2;2;8;4;44,80591000; -0,63315000;4;1;2;1;1;1;1;0;1;30;3;Indemne
202300001490;155 677 951;1;0;2;0;0;5;203 847 682;1;1;3;2;1984.0;1;2;14;12;2023;18;5;33;33318;2;2;8;4;44,80591000; -0,63315000;4;2;2;2;1;1;1;0;1;30;3;Blessé hospitalisé
202300001490;155 677 951;1;0;2;0;0;5;203 847 682;1;1;3;2;1984.0;1;2;14;12;2023;18;5;33;33318;2;2;8;4;44,80591000; -0,63315000;4;1;2;1;1;1;1;0;1;30;3;Blessé hospitalisé
202300001490;155 677 953;33;0;2;1;2;1;203 847 684;1;1;1;1;1997.0;0;2;14;12;2023;18;5;33;33318;2;2;8;4;44,80591000; -0,63315000;4;2;2;2;1;1;1;0;1;30;3;Indemne
202300001490;155 677 953;33;0;2;1;2;1;203 847 684;1;1;1;1;1997.0;0;2;14;12;2023;18;5;33;33318;2;2;8;4;44,80591000; -0,63315000;4;1;2;1;1;1;1;0;1;30;3;Indemne
202300001504;155 677 926;7;0;2;8;15;0;203 847 649;1;1;4;1;1980.0;1;8;9;11;2023;07;2;09;09225;2;2;2;3;43,12138000;1,62114000;4;4;2;0;1;1;2;0;1;50;3;Blessé léger
202300001504;155 677 927;1;0;2;1;23;5;203 847 651;1;1;1;1;1977.0;0;0;9;11;2023;07;2;09;09225;2;2;2;3;43,12138000;1,62114000;4;4;2;0;1;1;2;0;1;50;3;Indemne
202300001510;155 677 912;40;0;2;1;2;3;203 847 637;1;1;1;1;1982.0;4;8;19;12;2023;16;5;69;69256;2;8;1;3;45,76276000;4,92942000;4;2;3;1;1;1;2;4;6;30;1;Indemne
202300001510;155 677 912;40;0;2;1;2;3;203 847 637;1;1;1;1;1982.0;4;8;19;12;2023;16;5;69;69256;2;8;1;3;45,76276000;4,92942000;4;2;3;3;1;1;1;4;6;50;1;Indemne
202300001510;155 677 913;1;0;4;8;26;5;203 847 638;1;1;3;2;1971.0;9;8;19;12;2023;16;5;69;69256;2;8;1;3;45,76276000;4,92942000;4;2;3;1;1;1;2;4;6;30;1;Blessé hospitalisé
202300001510;155 677 913;1;0;4;8;26;5;203 847 638;1;1;3;2;1971.0;9;8;19;12;2023;16;5;69;69256;2;8;1;3;45,76276000;4,92942000;4;2;3;3;1;1;1;4;6;50;1;Blessé hospitalisé
202300001546;155 677 845;1;0;0;0;0;5;203 847 550;10;3;4;1;1949.0;5;0;4;6;2023;10;1;83;83069;2;1;1;6;43,10665000;6,12169000;4;2;2;0;2;1;1;0;1;50;6;Blessé léger
202300001546;155 677 845;1;0;0;0;0;5;203 847 551;1;1;4;1;1974.0;0;2;4;6;2023;10;1;83;83069;2;1;1;6;43,10665000;6,12169000;4;2;2;0;2;1;1;0;1;50;6;Blessé léger
202300001566;155 677 797;80;12;2;1;1;3;203 847 490;1;1;4;1;1967.0;1;2;8;6;2023;08;1;69;69384;2;1;1;1;45,77470014;4,81118266;4;2;4;1;1;1;1;0;5;30;3;Blessé léger
202300001566;155 677 798;80;0;2;1;1;3;203 847 492;1;1;4;2;1980.0;1;2;8;6;2023;08;1;69;69384;2;1;1;1;45,77470014;4,81118266;4;2;4;1;1;1;1;0;5;30;3;Blessé léger
202300001568;155 677 793;1;0;2;1;1;0;203 847 483;1;1;3;1;1975.0;1;2;7;6;2023;08;1;69;69034;2;1;1;1;45,79000000;4,86000000;7;2;7;0;2;2;1;0;1;50;2;Blessé hospitalisé
202300001568;155 677 794;10;0;2;1;26;1;203 847 484;1;1;1;1;1982.0;4;1;7;6;2023;08;1;69;69034;2;1;1;1;45,79000000;4,86000000;7;2;7;0;2;2;1;0;1;50;2;Indemne
202300001571;155 677 788;1;0;0;3;1;5;203 847 477;1;1;4;2;1987.0;1;2;19;12;2023;14;1;93;93027;2;2;1;3;48,92310000;2,38397000;3;2;2;0;1;1;1;0;1;50;1;Blessé léger
202300001571;155 677 789;10;0;2;3;15;1;203 847 478;1;1;1;1;1992.0;1;8;19;12;2023;14;1;93;93027;2;2;1;3;48,92310000;2,38397000;3;2;2;0;1;1;1;0;1;50;1;Indemne
202300001583;155 677 770;1;3;0;4;2;5;203 847 452;1;1;2;1;1995.0;1;8;22;12;2023;19;3;38;38544;1;1;2;6;45,51882000;4,91731000;3;2;2;0;1;1;2;0;3;70;4;Tué
202300001606;155 677 725;7;0;2;2;16;0;203 847 391;1;1;1;2;1999.0;0;1;8;6;2023;09;1;78;78133;2;9;1;3;48,90578000;2,04994300;3;1;1;1;1;3;1;9;5;30;3;Indemne
202300001606;155 677 726;1;0;0;1;1;5;203 847 393;1;1;4;1;2005.0;0;2;8;6;2023;09;1;78;78133;2;9;1;3;48,90578000;2,04994300;3;1;1;1;1;3;1;9;5;30;3;Blessé léger
202300001608;155 677 721;7;0;2;1;1;2;203 847 387;1;1;1;1;1988.0;5;1;23;12;2023;20;5;38;38053;2;6;1;3;45,59390000;5,26998000;4;3;1;1;1;3;1;0;1;50;5;Indemne
202300001608;155 677 722;1;0;2;8;1;5;203 847 388;1;1;4;1;2007.0;5;8;23;12;2023;20;5;38;38053;2;6;1;3;45,59390000;5,26998000;4;3;1;1;1;3;1;0;1;50;5;Blessé léger
202300001618;155 677 703;7;0;2;2;2;1;203 847 365;1;1;1;1;1956.0;0;1;12;10;2023;12;1;32;32426;1;1;7;3;43,48756600;0,60441500;3;2;2;0;2;4;1;0;5;80;3;Indemne
202300001618;155 677 705;1;0;2;9;1;5;203 847 367;1;1;4;1;1959.0;5;2;12;10;2023;12;1;32;32426;1;1;7;3;43,48756600;0,60441500;3;2;2;0;2;4;1;0;5;80;3;Blessé léger
202300001634;155 677 681;1;0;2;1;1;5;203 847 339;1;1;4;2;1983.0;1;8;7;6;2023;17;1;67;67482;2;3;1;3;48,57064000;7,77588000;4;2;2;0;1;1;1;0;1;50;2;Blessé léger
202300001634;155 677 681;1;0;2;1;1;5;203 847 339;1;1;4;2;1983.0;1;8;7;6;2023;17;1;67;67482;2;3;1;3;48,57064000;7,77588000;4;3;4;1;1;1;1;0;5;50;2;Blessé léger
202300001634;155 677 683;7;0;2;2;15;1;203 847 341;1;1;1;1;1957.0;0;1;7;6;2023;17;1;67;67482;2;3;1;3;48,57064000;7,77588000;4;2;2;0;1;1;1;0;1;50;2;Indemne
202300001634;155 677 683;7;0;2;2;15;1;203 847 341;1;1;1;1;1957.0;0;1;7;6;2023;17;1;67;67482;2;3;1;3;48,57064000;7,77588000;4;3;4;1;1;1;1;0;5;50;2;Indemne
202300001649;155 677 649;1;0;2;1;15;5;203 847 292;2;2;4;2;2009.0;0;8;23;10;2023;16;1;974;97409;2;1;1;3; -20,96883000;55,65712000;3;2;2;0;1;1;1;0;1;50;0;Blessé léger
202300001649;155 677 649;1;0;2;1;15;5;203 847 293;1;1;1;1;2008.0;0;8;23;10;2023;16;1;974;97409;2;1;1;3; -20,96883000;55,65712000;3;2;2;0;1;1;1;0;1;50;0;Indemne
202300001649;155 677 650;7;0;2;8;1;1;203 847 294;1;1;1;2;1990.0;0;1;23;10;2023;16;1;974;97409;2;1;1;3; -20,96883000;55,65712000;3;2;2;0;1;1;1;0;1;50;0;Indemne