Num_Acc;id_vehicule;catv;obs;obsm;choc;manv;motor;id_usager;place;catu;grav;sexe;an_nais;trajet;secu1;jour;mois;an;hrmn;lum;dep;com;agg;int;atm;col;lat;long;catr;circ;nbv;vosp;prof;plan;surf;infra;situ;vma;day_of_week;gravity
202300001663;155 677 622;7;0;9;2;17;1;203 847 254;1;1;1;2;1948.0;3;1;26;9;2023;13;1;83;83070;2;1;1;2;43,13869800;6,37070400;4;1;1;0;1;1;1;0;1;50;1;Indemne
202300001663;155 677 623;80;0;2;3;1;3;203 847 255;1;1;3;2;1954.0;5;2;26;9;2023;13;1;83;83070;2;1;1;2;43,13869800;6,37070400;4;1;1;0;1;1;1;0;1;50;1;Blessé hospitalisé
202300001670;155 677 612;1;0;0;8;1;5;203 847 242;1;1;3;1;1942.0;5;0;7;9;2023;08;1;34;34192;2;4;1;3;43,53031400;3,93679100;4;2;2;2;1;3;1;0;5;30;3;Blessé hospitalisé
202300001670;155 677 613;7;0;2;1;15;1;203 847 243;1;1;1;1;1985.0;1;8;7;9;2023;08;1;34;34192;2;4;1;3;43,53031400;3,93679100;4;2;2;2;1;3;1;0;5;30;3;Indemne
202300001690;155 677 575;7;0;2;1;1;1;203 847 202;1;1;1;1;1983.0;1;1;27;10;2023;13;1;38;38486;2;1;1;3;45,15226500;5,68255400;4;2;2;2;2;1;1;0;1;50;4;Indemne
202300001690;155 677 578;1;0;2;1;0;5;203 847 204;1;1;3;1;1972.0;5;2;27;10;2023;13;1;38;38486;2;1;1;3;45,15226500;5,68255400;4;2;2;2;2;1;1;0;1;50;4;Blessé hospitalisé
202300001738;155 677 489;7;0;0;2;15;0;203 847 086;1;1;1;1;1965.0;0;1;26;9;2023;15;1;42;42214;2;3;1;7;45,67251000;4,29417200;3;2;2;0;1;1;1;0;1;50;1;Indemne
202300001738;155 677 489;7;0;0;2;15;0;203 847 086;1;1;1;1;1965.0;0;1;26;9;2023;15;1;42;42214;2;3;1;7;45,67251000;4,29417200;3;2;2;0;1;1;1;0;1;50;1;Indemne
202300001738;155 677 491;1;0;0;8;1;5;203 847 088;1;1;3;1;1945.0;0;0;26;9;2023;15;1;42;42214;2;3;1;7;45,67251000;4,29417200;3;2;2;0;1;1;1;0;1;50;1;Blessé hospitalisé
202300001738;155 677 491;1;0;0;8;1;5;203 847 088;1;1;3;1;1945.0;0;0;26;9;2023;15;1;42;42214;2;3;1;7;45,67251000;4,29417200;3;2;2;0;1;1;1;0;1;50;1;Blessé hospitalisé
202300001750;155 677 472;1;0;2;1;1;5;203 847 061;1;1;3;1;1982.0;5;2;21;9;2023;13;1;31;31291;1;1;1;3;43,59043900;1,23084400;3;2;2;0;1;1;1;0;1;70;3;Blessé hospitalisé
202300001750;155 677 474;10;0;9;3;15;3;203 847 063;1;1;1;1;1993.0;4;1;21;9;2023;13;1;31;31291;1;1;1;3;43,59043900;1,23084400;3;2;2;0;1;1;1;0;1;70;3;Indemne
202300001755;155 677 464;1;0;0;7;19;5;203 847 048;1;1;3;1;1989.0;1;2;20;7;2023;07;1;74;74010;2;1;7;3;45,93342100;6,12864600;3;2;2;2;1;1;1;0;1;30;3;Blessé hospitalisé
202300001755;155 677 465;7;0;2;1;1;1;203 847 051;1;1;1;1;1971.0;1;1;20;7;2023;07;1;74;74010;2;1;7;3;45,93342100;6,12864600;3;2;2;2;1;1;1;0;1;30;3;Indemne
202300001756;155 677 460;7;0;2;2;5;2;203 847 042;1;1;4;1;1973.0;9;1;19;8;2023;09;1;74;74275;2;4;1;3;45,85156600;6,21606200;3;2;2;0;2;1;1;0;1;50;5;Blessé léger
202300001756;155 677 461;1;0;2;1;1;5;203 847 044;1;1;3;1;1992.0;5;2;19;8;2023;09;1;74;74275;2;4;1;3;45,85156600;6,21606200;3;2;2;0;2;1;1;0;1;50;5;Blessé hospitalisé
202300001780;155 677 419;7;0;9;1;1;1;203 846 984;1;1;1;1;1981.0;0;8;24;9;2023;10;1;971;97101;2;3;1;1;16,24524531; -61,53001964;3;1;1;0;1;1;1;0;1;30;6;Indemne
202300001780;155 677 419;7;0;9;1;1;1;203 846 984;1;1;1;1;1981.0;0;8;24;9;2023;10;1;971;97101;2;3;1;1;16,24524531; -61,53001964;3;1;2;0;1;1;1;0;1;30;6;Indemne
202300001780;155 677 420;1;0;2;1;5;5;203 846 985;1;1;4;1;2011.0;0;8;24;9;2023;10;1;971;97101;2;3;1;1;16,24524531; -61,53001964;3;1;1;0;1;1;1;0;1;30;6;Blessé léger
202300001780;155 677 420;1;0;2;1;5;5;203 846 985;1;1;4;1;2011.0;0;8;24;9;2023;10;1;971;97101;2;3;1;1;16,24524531; -61,53001964;3;1;2;0;1;1;1;0;1;30;6;Blessé léger
202300001802;155 677 367;1;0;2;4;1;5;203 846 910;1;1;4;1;1967.0;0;8;23;9;2023;13;1;61;61001;2;1;1;2;48,43800000;0,09500000;4;2;2;0;1;1;1;0;1;30;5;Blessé léger
202300001802;155 677 368;7;0;2;1;2;1;203 846 912;1;1;1;1;1987.0;0;8;23;9;2023;13;1;61;61001;2;1;1;2;48,43800000;0,09500000;4;2;2;0;1;1;1;0;1;30;5;Indemne
202300001813;155 677 349;33;0;2;2;1;1;203 846 883;1;1;1;1;1966.0;5;2;23;9;2023;17;1;17;17306;2;1;1;3;45,64093000; -1,02475000;3;2;2;0;1;1;1;0;1;50;5;Indemne
202300001813;155 677 349;33;0;2;2;1;1;203 846 884;2;2;1;2;1974.0;5;2;23;9;2023;17;1;17;17306;2;1;1;3;45,64093000; -1,02475000;3;2;2;0;1;1;1;0;1;50;5;Indemne
202300001813;155 677 351;1;0;2;6;9;5;203 846 886;1;1;4;1;1998.0;1;8;23;9;2023;17;1;17;17306;2;1;1;3;45,64093000; -1,02475000;3;2;2;0;1;1;1;0;1;50;5;Blessé léger
202300001828;155 677 318;1;0;2;1;1;5;203 846 840;1;1;3;1;1973.0;5;2;24;9;2023;09;1;01;01053;2;3;1;3;46,19563000;5,22186000;4;2;2;1;1;1;1;0;1;50;6;Blessé hospitalisé
202300001828;155 677 318;1;0;2;1;1;5;203 846 840;1;1;3;1;1973.0;5;2;24;9;2023;09;1;01;01053;2;3;1;3;46,19563000;5,22186000;4;2;2;0;1;1;1;0;1;50;6;Blessé hospitalisé
202300001828;155 677 319;7;0;9;2;15;1;203 846 841;1;1;1;2;1971.0;5;1;24;9;2023;09;1;01;01053;2;3;1;3;46,19563000;5,22186000;4;2;2;1;1;1;1;0;1;50;6;Indemne
202300001828;155 677 319;7;0;9;2;15;1;203 846 841;1;1;1;2;1971.0;5;1;24;9;2023;09;1;01;01053;2;3;1;3;46,19563000;5,22186000;4;2;2;0;1;1;1;0;1;50;6;Indemne
202300001833;155 677 305;1;0;2;2;14;5;203 846 827;1;1;4;2;1988.0;5;8;24;9;2023;13;1;75;75106;2;1;1;6;48,85803900;2,33425900;4;2;3;1;1;1;1;0;5;30;6;Blessé léger
202300001833;155 677 307;1;0;2;3;12;5;203 846 829;1;1;4;1;1971.0;5;2;24;9;2023;13;1;75;75106;2;1;1;6;48,85803900;2,33425900;4;2;3;1;1;1;1;0;5;30;6;Blessé léger
202300001838;155 677 299;80;0;2;1;1;3;203 846 816;1;1;4;1;2005.0;5;8;23;9;2023;19;1;75;75112;2;2;1;3;48,83518900;2,39876400;4;1;1;0;1;1;1;0;1;30;5;Blessé léger
202300001838;155 677 299;80;0;2;1;1;3;203 846 816;1;1;4;1;2005.0;5;8;23;9;2023;19;1;75;75112;2;2;1;3;48,83518900;2,39876400;4;2;2;2;1;1;1;0;1;30;5;Blessé léger
202300001838;155 677 300;7;0;2;5;15;1;203 846 817;1;1;1;2;1980.0;5;1;23;9;2023;19;1;75;75112;2;2;1;3;48,83518900;2,39876400;4;1;1;0;1;1;1;0;1;30;5;Indemne
202300001838;155 677 300;7;0;2;5;15;1;203 846 817;1;1;1;2;1980.0;5;1;23;9;2023;19;1;75;75112;2;2;1;3;48,83518900;2,39876400;4;2;2;2;1;1;1;0;1;30;5;Indemne
202300001839;155 677 296;7;0;2;1;1;1;203 846 810;1;1;1;1;2001.0;5;1;24;9;2023;00;5;75;75111;2;5;1;1;48,85041599;2,39245632;4;2;2;1;1;1;1;0;1;30;6;Indemne
202300001839;155 677 296;7;0;2;1;1;1;203 846 810;1;1;1;1;2001.0;5;1;24;9;2023;00;5;75;75111;2;5;1;1;48,85041599;2,39245632;4;1;1;0;1;1;1;0;1;30;6;Indemne
202300001839;155 677 297;80;0;2;4;1;3;203 846 814;1;1;4;1;1967.0;5;8;24;9;2023;00;5;75;75111;2;5;1;1;48,85041599;2,39245632;4;2;2;1;1;1;1;0;1;30;6;Blessé léger
202300001839;155 677 297;80;0;2;4;1;3;203 846 814;1;1;4;1;1967.0;5;8;24;9;2023;00;5;75;75111;2;5;1;1;48,85041599;2,39245632;4;1;1;0;1;1;1;0;1;30;6;Blessé léger
202300001845;155 677 286;7;0;2;1;2;1;203 846 799;1;1;1;1;1988.0;5;1;24;10;2023;17;2;54;54547;2;1;1;2;48,66067000;6,18386000;4;2;2;0;1;1;1;0;1;30;1;Indemne
202300001845;155 677 287;1;0;2;4;2;5;203 846 800;1;1;4;1;1954.0;5;8;24;10;2023;17;2;54;54547;2;1;1;2;48,66067000;6,18386000;4;2;2;0;1;1;1;0;1;30;1;Blessé léger
202300001851;155 677 276;7;0;2;6;22;2;203 846 783;1;1;1;1;1994.0;4;8;23;9;2023;20;5;75;75102;2;3;1;3;48,86763000;2,35332500;4;1;5;1;1;1;1;0;5;30;5;Indemne
202300001851;155 677 276;7;0;2;6;22;2;203 846 783;1;1;1;1;1994.0;4;8;23;9;2023;20;5;75;75102;2;3;1;3;48,86763000;2,35332500;4;1;1;0;1;1;1;0;1;30;5;Indemne
202300001851;155 677 276;7;0;2;6;22;2;203 846 787;2;2;1;2;1978.0;9;1;23;9;2023;20;5;75;75102;2;3;1;3;48,86763000;2,35332500;4;1;5;1;1;1;1;0;5;30;5;Indemne
202300001851;155 677 276;7;0;2;6;22;2;203 846 787;2;2;1;2;1978.0;9;1;23;9;2023;20;5;75;75102;2;3;1;3;48,86763000;2,35332500;4;1;1;0;1;1;1;0;1;30;5;Indemne
202300001851;155 677 279;80;1;0;1;1;3;203 846 791;1;1;4;1;1985.0;1;8;23;9;2023;20;5;75;75102;2;3;1;3;48,86763000;2,35332500;4;1;5;1;1;1;1;0;5;30;5;Blessé léger
202300001851;155 677 279;80;1;0;1;1;3;203 846 791;1;1;4;1;1985.0;1;8;23;9;2023;20;5;75;75102;2;3;1;3;48,86763000;2,35332500;4;1;1;0;1;1;1;0;1;30;5;Blessé léger
202300001871;155 677 243;7;0;2;2;1;1;203 846 738;1;1;1;1;2005.0;5;1;24;9;2023;17;1;93;93066;2;2;1;3;48,94551213;2,36380785;3;1;2;2;1;1;1;0;8;50;6;Indemne
202300001871;155 677 243;7;0;2;2;1;1;203 846 738;1;1;1;1;2005.0;5;1;24;9;2023;17;1;93;93066;2;2;1;3;48,94551213;2,36380785;3;2;4;2;1;1;1;0;1;50;6;Indemne
202300001871;155 677 246;1;0;2;3;11;5;203 846 739;1;1;4;1;1999.0;0;8;24;9;2023;17;1;93;93066;2;2;1;3;48,94551213;2,36380785;3;1;2;2;1;1;1;0;8;50;6;Blessé léger
202300001871;155 677 246;1;0;2;3;11;5;203 846 739;1;1;4;1;1999.0;0;8;24;9;2023;17;1;93;93066;2;2;1;3;48,94551213;2,36380785;3;2;4;2;1;1;1;0;1;50;6;Blessé léger
202300001880;155 677 228;7;1;2;2;1;1;203 846 715;1;1;1;1;1984.0;9;1;25;10;2023;09;1;75;75118;2;3;2;1;48,89864600;2,35773200;4;3;4;0;1;1;2;0;1;30;2;Indemne
202300001880;155 677 229;1;0;2;3;19;5;203 846 716;1;1;4;1;1991.0;9;8;25;10;2023;09;1;75;75118;2;3;2;1;48,89864600;2,35773200;4;3;4;0;1;1;2;0;1;30;2;Blessé léger
202300001886;155 677 219;7;0;2;2;2;1;203 846 704;1;1;1;1;1993.0;5;1;22;9;2023;09;1;35;35236;2;3;1;3;47,66750100; -2,06658300;4;2;2;2;1;1;1;0;5;50;4;Indemne
202300001886;155 677 220;80;0;2;8;2;3;203 846 705;1;1;3;1;1952.0;5;2;22;9;2023;09;1;35;35236;2;3;1;3;47,66750100; -2,06658300;4;2;2;2;1;1;1;0;5;50;4;Blessé hospitalisé
202300001894;155 677 205;1;0;2;8;15;5;203 846 685;1;1;4;1;1955.0;5;8;22;10;2023;11;1;75;75103;2;3;1;3;48,85617300;2,36575700;4;1;1;0;1;1;1;0;1;30;6;Blessé léger
202300001894;155 677 205;1;0;2;8;15;5;203 846 685;1;1;4;1;1955.0;5;8;22;10;2023;11;1;75;75103;2;3;1;3;48,85617300;2,36575700;4;1;1;0;1;1;1;0;1;30;6;Blessé léger
202300001894;155 677 206;1;0;2;7;1;5;203 846 686;1;1;1;2;2001.0;5;8;22;10;2023;11;1;75;75103;2;3;1;3;48,85617300;2,36575700;4;1;1;0;1;1;1;0;1;30;6;Indemne
202300001894;155 677 206;1;0;2;7;1;5;203 846 686;1;1;1;2;2001.0;5;8;22;10;2023;11;1;75;75103;2;3;1;3;48,85617300;2,36575700;4;1;1;0;1;1;1;0;1;30;6;Indemne
202300001922;155 677 158;10;0;2;1;9;1;203 846 623;1;1;1;1;1976.0;1;1;25;10;2023;08;2;92;92075;2;3;2;3;48,81531086;2,27727735;3;1;3;0;1;1;2;0;1;50;2;Indemne
202300001922;155 677 158;10;0;2;1;9;1;203 846 623;1;1;1;1;1976.0;1;1;25;10;2023;08;2;92;92075;2;3;2;3;48,81531086;2,27727735;3;2;3;0;1;1;2;0;1;50;2;Indemne
202300001922;155 677 160;1;0;2;2;1;5;203 846 625;1;1;4;1;1967.0;0;2;25;10;2023;08;2;92;92075;2;3;2;3;48,81531086;2,27727735;3;1;3;0;1;1;2;0;1;50;2;Blessé léger
202300001922;155 677 160;1;0;2;2;1;5;203 846 625;1;1;4;1;1967.0;0;2;25;10;2023;08;2;92;92075;2;3;2;3;48,81531086;2,27727735;3;2;3;0;1;1;2;0;1;50;2;Blessé léger
202300001926;155 677 152;1;0;2;1;5;5;203 846 612;1;1;1;1;1987.0;9;8;25;10;2023;12;1;92;92040;2;1;2;6;48,82923179;2,28301384;3;1;2;0;1;1;2;0;1;30;2;Indemne
202300001926;155 677 152;1;0;2;1;5;5;203 846 613;10;3;4;2;1958.0;0;0;25;10;2023;12;1;92;92040;2;1;2;6;48,82923179;2,28301384;3;1;2;0;1;1;2;0;1;30;2;Blessé léger
202300001930;155 677 146;14;0;2;2;1;1;203 846 602;1;1;1;1;1972.0;4;1;25;10;2023;11;1;92;92012;2;1;2;3;48,83400000;2,24294000;3;1;0;2;1;1;2;0;5;30;2;Indemne
202300001930;155 677 147;1;0;2;0;0;5;203 846 603;1;1;4;1;1958.0;9;2;25;10;2023;11;1;92;92012;2;1;2;3;48,83400000;2,24294000;3;1;0;2;1;1;2;0;5;30;2;Blessé léger
202300001932;155 677 143;7;14;0;5;16;1;203 846 599;1;1;1;2;1996.0;1;1;24;10;2023;17;1;92;92012;2;3;1;3;48,83106869;2,25725430;3;1;1;0;1;1;1;5;1;50;1;Indemne
202300001932;155 677 143;7;14;0;5;16;1;203 846 599;1;1;1;2;1996.0;1;1;24;10;2023;17;1;92;92012;2;3;1;3;48,83106869;2,25725430;3;3;2;0;1;1;1;5;1;50;1;Indemne
202300001932;155 677 144;1;14;0;0;0;5;203 846 600;1;1;4;2;2004.0;0;0;24;10;2023;17;1;92;92012;2;3;1;3;48,83106869;2,25725430;3;1;1;0;1;1;1;5;1;50;1;Blessé léger
202300001932;155 677 144;1;14;0;0;0;5;203 846 600;1;1;4;2;2004.0;0;0;24;10;2023;17;1;92;92012;2;3;1;3;48,83106869;2,25725430;3;3;2;0;1;1;1;5;1;50;1;Blessé léger
202300001939;155 677 133;7;0;2;8;14;0;203 846 589;1;1;1;2;1968.0;0;1;25;9;2023;16;1;41;41280;1;1;1;3;47,32103600;1,77778200;4;2;2;0;1;3;1;0;3;50;0;Indemne
202300001939;155 677 134;1;0;2;7;13;5;203 846 590;1;1;4;1;1957.0;5;0;25;9;2023;16;1;41;41280;1;1;1;3;47,32103600;1,77778200;4;2;2;0;1;3;1;0;3;50;0;Blessé léger
202300001988;155 677 045;1;0;0;0;1;5;203 846 475;1;1;2;1;1950.0;5;2;17;10;2023;16;1;21;21132;1;1;1;7;47,22510600;4,90878600;3;2;2;0;1;2;1;0;8;80;1;Tué
202300001996;155 677 032;7;0;2;2;15;1;203 846 457;1;1;1;2;1960.0;5;8;25;9;2023;15;1;48;48092;2;4;1;3;44,57170600;3,28461800;3;2;1;0;2;1;1;0;1;50;0;Indemne
202300001996;155 677 032;7;0;2;2;15;1;203 846 457;1;1;1;2;1960.0;5;8;25;9;2023;15;1;48;48092;2;4;1;3;44,57170600;3,28461800;3;2;1;0;2;2;1;0;1;50;0;Indemne
202300001996;155 677 033;1;0;2;1;1;5;203 846 458;1;1;3;1;1976.0;5;2;25;9;2023;15;1;48;48092;2;4;1;3;44,57170600;3,28461800;3;2;1;0;2;1;1;0;1;50;0;Blessé hospitalisé
202300001996;155 677 033;1;0;2;1;1;5;203 846 458;1;1;3;1;1976.0;5;2;25;9;2023;15;1;48;48092;2;4;1;3;44,57170600;3,28461800;3;2;1;0;2;2;1;0;1;50;0;Blessé hospitalisé
202300002001;155 677 025;7;0;9;2;2;1;203 846 446;1;1;1;1;1934.0;0;1;24;9;2023;08;2;24;24370;2;1;7;2;44,84495800;0,15695200;3;2;2;0;1;1;1;0;1;50;6;Indemne
202300002001;155 677 026;1;0;0;4;2;5;203 846 448;1;1;3;1;1964.0;0;0;24;9;2023;08;2;24;24370;2;1;7;2;44,84495800;0,15695200;3;2;2;0;1;1;1;0;1;50;6;Blessé hospitalisé
202300002008;155 677 014;1;0;0;8;26;5;203 846 434;1;1;4;1;1956.0;5;0;23;9;2023;10;1;11;11202;2;6;1;3;42,85354800;3,03542900;4;1;2;2;1;2;1;0;5;30;5;Blessé léger
202300002008;155 677 015;33;0;9;1;26;0;203 846 435;1;1;1;1;1985.0;5;2;23;9;2023;10;1;11;11202;2;6;1;3;42,85354800;3,03542900;4;1;2;2;1;2;1;0;5;30;5;Indemne
202300002019;155 676 996;7;0;9;3;1;1;203 846 411;1;1;1;1;1995.0;9;1;25;9;2023;09;1;77;77153;2;9;1;1;49,05427100;2,69420800;3;2;3;0;2;1;1;0;1;50;0;Indemne
202300002019;155 676 997;1;0;2;1;17;5;203 846 412;1;1;2;1;1962.0;5;2;25;9;2023;09;1;77;77153;2;9;1;1;49,05427100;2,69420800;3;2;3;0;2;1;1;0;1;50;0;Tué
202300002024;155 676 990;1;0;0;0;26;5;203 846 402;1;1;3;1;1953.0;5;2;24;9;2023;11;1;04;04152;1;1;1;7;43,80895500;5,72445600;4;2;2;0;2;3;9;0;1;80;6;Blessé hospitalisé
202300002027;155 676 983;7;0;2;1;14;1;203 846 392;1;1;1;2;1981.0;2;1;25;9;2023;08;2;54;54519;2;1;1;1;48,41207632;6,81017697;3;2;2;0;1;1;1;0;4;50;0;Indemne
202300002027;155 676 984;1;0;2;0;25;5;203 846 393;1;1;4;1;2019.0;2;2;25;9;2023;08;2;54;54519;2;1;1;1;48,41207632;6,81017697;3;2;2;0;1;1;1;0;4;50;0;Blessé léger
202300002028;155 676 981;10;0;2;1;15;1;203 846 390;1;1;1;1;1986.0;1;1;6;9;2023;08;1;69;69056;2;3;7;3;45,88873900;4,61313100;3;2;2;2;1;1;1;0;5;70;2;Indemne
202300002028;155 676 982;1;0;2;8;1;5;203 846 391;1;1;3;1;1945.0;5;2;6;9;2023;08;1;69;69056;2;3;7;3;45,88873900;4,61313100;3;2;2;2;1;1;1;0;5;70;2;Blessé hospitalisé
202300002044;155 676 950;7;0;2;5;1;1;203 846 352;1;1;1;2;1977.0;5;1;21;8;2023;14;1;75;75106;2;2;1;3;48,85209300;2,34031500;4;1;4;0;1;1;1;0;1;30;0;Indemne
202300002044;155 676 950;7;0;2;5;1;1;203 846 352;1;1;1;2;1977.0;5;1;21;8;2023;14;1;75;75106;2;2;1;3;48,85209300;2,34031500;4;1;2;0;1;1;1;0;1;30;0;Indemne
202300002044;155 676 951;1;0;2;3;11;5;203 846 353;1;1;4;2;2004.0;5;8;21;8;2023;14;1;75;75106;2;2;1;3;48,85209300;2,34031500;4;1;4;0;1;1;1;0;1;30;0;Blessé léger
202300002044;155 676 951;1;0;2;3;11;5;203 846 353;1;1;4;2;2004.0;5;8;21;8;2023;14;1;75;75106;2;2;1;3;48,85209300;2,34031500;4;1;2;0;1;1;1;0;1;30;0;Blessé léger
202300002046;155 676 947;80;6;0;1;1;3;203 846 349;1;1;3;2;2004.0;5;8;21;8;2023;13;1;75;75120;2;4;1;7;48,86648600;2,41266800;4;1;3;0;3;1;1;9;5;50;0;Blessé hospitalisé
202300002050;155 676 942;1;0;1;1;1;5;203 846 343;10;3;4;2;1966.0;1;0;23;8;2023;09;1;75;75117;2;3;1;6;48,88152000;2,28921200;4;1;1;0;1;1;1;0;1;30;2;Blessé léger
202300002050;155 676 942;1;0;1;1;1;5;203 846 344;1;1;4;1;1973.0;1;2;23;8;2023;09;1;75;75117;2;3;1;6;48,88152000;2,28921200;4;1;1;0;1;1;1;0;1;30;2;Blessé léger
202300002055;155 676 933;1;14;0;0;2;5;203 846 332;1;1;4;1;1984.0;1;8;21;8;2023;18;1;75;75115;2;1;1;7;48,83513600;2,27784500;4;1;1;3;1;1;1;8;1;50;0;Blessé léger
202300002057;155 676 931;1;12;0;1;13;5;203 846 330;1;1;3;1;1958.0;5;2;23;8;2023;20;5;75;75115;2;1;1;6;48,84662100;2,27693600;4;1;1;0;1;1;1;6;1;30;2;Blessé hospitalisé
202300002059;155 676 928;33;0;2;7;9;1;203 846 326;1;1;4;1;1984.0;9;2;21;8;2023;09;1;75;75116;2;9;1;3;48,85331600;2,28197200;4;1;2;1;1;1;1;0;1;50;0;Blessé léger
202300002059;155 676 929;1;0;2;8;11;5;203 846 327;1;1;4;1;1992.0;9;8;21;8;2023;09;1;75;75116;2;9;1;3;48,85331600;2,28197200;4;1;2;1;1;1;1;0;1;50;0;Blessé léger
202300002064;155 676 920;1;0;2;1;0;5;203 846 317;1;1;4;1;1977.0;0;8;16;8;2023;11;1;94;94028;2;1;1;2;48,79230000;2,45770000;3;2;5;0;1;1;1;0;1;50;2;Blessé léger
202300002064;155 676 921;14;0;2;4;0;1;203 846 318;1;1;1;1;1983.0;0;1;16;8;2023;11;1;94;94028;2;1;1;2;48,79230000;2,45770000;3;2;5;0;1;1;1;0;1;50;2;Indemne
202300002075;155 676 900;1;0;0;0;1;5;203 846 293;2;2;4;2;2006.0;0;2;15;8;2023;19;1;92;92072;2;1;1;6;48,82102880;2,21881092;4;2;3;0;2;2;1;0;1;40;1;Blessé léger
202300002075;155 676 900;1;0;0;0;1;5;203 846 294;1;1;4;2;2005.0;0;0;15;8;2023;19;1;92;92072;2;1;1;6;48,82102880;2,21881092;4;2;3;0;2;2;1;0;1;40;1;Blessé léger
202300002083;155 676 886;1;0;2;4;1;5;203 846 277;1;1;3;1;1999.0;9;2;23;8;2023;12;1;39;39437;1;1;1;5;46,71814500;5,78561200;3;2;2;0;1;1;1;0;1;90;2;Blessé hospitalisé
202300002083;155 676 887;1;0;2;4;1;5;203 846 278;1;1;3;1;2001.0;9;0;23;8;2023;12;1;39;39437;1;1;1;5;46,71814500;5,78561200;3;2;2;0;1;1;1;0;1;90;2;Blessé hospitalisé
202300002083;155 676 888;13;0;2;1;1;1;203 846 279;1;1;1;1;1970.0;1;1;23;8;2023;12;1;39;39437;1;1;1;5;46,71814500;5,78561200;3;2;2;0;1;1;1;0;1;90;2;Indemne
202300002110;155 676 842;80;15;0;0;1;3;203 846 202;1;1;4;2;1982.0;5;0;24;8;2023;00;4;65;65388;2;1;1;6;42,82425500;0,33119900;3;2;2;0;1;1;1;0;4;50;3;Blessé léger
202300002111;155 676 840;14;0;2;1;15;1;203 846 200;1;1;1;1;1990.0;4;1;22;8;2023;09;1;65;65470;1;3;1;1;43,06485500; -0,04319400;3;2;2;3;4;1;1;3;1;70;1;Indemne
202300002111;155 676 841;1;0;2;1;1;5;203 846 201;1;1;3;1;1960.0;5;2;22;8;2023;09;1;65;65470;1;3;1;1;43,06485500; -0,04319400;3;2;2;3;4;1;1;3;1;70;1;Blessé hospitalisé
202300002121;155 676 821;1;0;2;4;1;5;203 846 176;1;1;3;1;1977.0;5;2;22;8;2023;07;2;29;29202;1;6;1;2;48,41206091; -3,89538650;3;2;2;0;3;3;1;0;1;80;1;Blessé hospitalisé
202300002121;155 676 821;1;0;2;4;1;5;203 846 176;1;1;3;1;1977.0;5;2;22;8;2023;07;2;29;29202;1;6;1;2;48,41206091; -3,89538650;3;2;2;0;1;3;1;0;1;80;1;Blessé hospitalisé
202300002121;155 676 822;7;0;2;2;9;1;203 846 177;1;1;1;1;1988.0;1;1;22;8;2023;07;2;29;29202;1;6;1;2;48,41206091; -3,89538650;3;2;2;0;3;3;1;0;1;80;1;Indemne
202300002121;155 676 822;7;0;2;2;9;1;203 846 177;1;1;1;1;1988.0;1;1;22;8;2023;07;2;29;29202;1;6;1;2;48,41206091; -3,89538650;3;2;2;0;1;3;1;0;1;80;1;Indemne
202300002131;155 676 809;1;0;0;2;26;5;203 846 156;1;1;3;2;1954.0;0;2;23;8;2023;09;1;72;72386;2;6;7;3;48,00147363;0,24625540;3;2;1;1;1;2;1;0;1;50;2;Blessé hospitalisé
202300002131;155 676 810;7;0;0;3;9;1;203 846 157;1;1;1;1;1949.0;0;1;23;8;2023;09;1;72;72386;2;6;7;3;48,00147363;0,24625540;3;2;1;1;1;2;1;0;1;50;2;Indemne
202300002138;155 676 796;1;0;2;1;1;5;203 846 137;1;1;4;2;2005.0;5;8;4;5;2023;09;1;75;75106;2;3;1;3;48,84930393;2,33731717;4;2;2;0;1;1;1;0;1;30;3;Blessé léger
202300002138;155 676 797;7;0;2;5;16;3;203 846 138;1;1;1;1;1985.0;4;1;4;5;2023;09;1;75;75106;2;3;1;3;48,84930393;2,33731717;4;2;2;0;1;1;1;0;1;30;3;Indemne
202300002154;155 676 767;80;0;2;1;1;3;203 846 103;1;1;1;1;1990.0;4;8;5;5;2023;15;1;75;75110;2;2;1;1;48,87157200;2,35362100;4;2;2;2;2;1;1;0;1;30;4;Indemne
202300002154;155 676 768;80;0;2;1;13;3;203 846 104;1;1;4;2;1991.0;5;8;5;5;2023;15;1;75;75110;2;2;1;1;48,87157200;2,35362100;4;2;2;2;2;1;1;0;1;30;4;Blessé léger
202300002158;155 676 761;1;0;0;1;1;5;203 846 096;1;1;4;1;1997.0;5;8;5;5;2023;18;1;75;75102;2;2;1;7;48,86757100;2,34637400;4;2;2;2;1;1;1;0;4;30;4;Blessé léger
202300002158;155 676 761;1;0;0;1;1;5;203 846 096;1;1;4;1;1997.0;5;8;5;5;2023;18;1;75;75102;2;2;1;7;48,86757100;2,34637400;4;1;3;3;1;1;1;0;4;30;4;Blessé léger
202300002184;155 676 720;10;0;2;1;16;1;203 846 041;1;1;1;1;1967.0;9;1;4;11;2023;17;2;34;34150;2;1;1;3;43,32063500;3,53624000;4;2;2;1;1;1;1;5;5;50;5;Indemne
202300002184;155 676 722;1;0;2;7;19;5;203 846 043;1;1;3;1;1949.0;5;2;4;11;2023;17;2;34;34150;2;1;1;3;43,32063500;3,53624000;4;2;2;1;1;1;1;5;5;50;5;Blessé hospitalisé