Num_Acc;id_vehicule;catv;obs;obsm;choc;manv;motor;id_usager;place;catu;grav;sexe;an_nais;trajet;secu1;jour;mois;an;hrmn;lum;dep;com;agg;int;atm;col;lat;long;catr;circ;nbv;vosp;prof;plan;surf;infra;situ;vma;day_of_week;gravity
202300003536;155 674 319;80;0;2;2;1;3;203 842 897;1;1;4;1;1994.0;0;0;23;9;2023;21;5;33;33063;2;5;1;3;44,86033000; -0,55364000;4;3;6;0;2;1;1;5;1;50;5;Blessé léger
202300003536;155 674 319;80;0;2;2;1;3;203 842 897;1;1;4;1;1994.0;0;0;23;9;2023;21;5;33;33063;2;5;1;3;44,86033000; -0,55364000;4;3;2;0;1;1;1;5;1;50;5;Blessé léger
202300003536;155 674 320;7;0;2;8;1;1;203 842 898;1;1;1;1;1994.0;0;1;23;9;2023;21;5;33;33063;2;5;1;3;44,86033000; -0,55364000;4;3;6;0;2;1;1;5;1;50;5;Indemne
202300003536;155 674 320;7;0;2;8;1;1;203 842 898;1;1;1;1;1994.0;0;1;23;9;2023;21;5;33;33063;2;5;1;3;44,86033000; -0,55364000;4;3;2;0;1;1;1;5;1;50;5;Indemne
202300003577;155 674 252;1;0;2;3;15;5;203 842 805;1;1;4;1;1987.0;4;2;24;10;2023;14;1;75;75111;2;3;1;3;48,85855400;2,37649100;4;1;1;0;1;1;1;0;1;30;1;Blessé léger
202300003577;155 674 255;1;0;2;1;5;5;203 842 808;1;1;1;1;1980.0;9;8;24;10;2023;14;1;75;75111;2;3;1;3;48,85855400;2,37649100;4;1;1;0;1;1;1;0;1;30;1;Indemne
202300003579;155 674 249;1;0;1;1;1;5;203 842 801;1;1;1;1;1997.0;5;2;24;10;2023;19;5;75;75110;2;1;1;6;48,87678000;2,36102700;4;2;3;1;1;1;1;0;5;30;1;Indemne
202300003579;155 674 249;1;0;1;1;1;5;203 842 802;10;3;4;1;1950.0;5;0;24;10;2023;19;5;75;75110;2;1;1;6;48,87678000;2,36102700;4;2;3;1;1;1;1;0;5;30;1;Blessé léger
202300003580;155 674 247;7;0;2;7;17;1;203 842 799;1;1;1;1;1995.0;9;1;23;9;2023;16;1;94;94068;2;1;1;3;48,79838737;2,47564955;3;2;1;0;1;1;1;0;1;30;5;Indemne
202300003580;155 674 248;1;0;2;8;15;5;203 842 800;1;1;4;1;1961.0;5;8;23;9;2023;16;1;94;94068;2;1;1;3;48,79838737;2,47564955;3;2;1;0;1;1;1;0;1;30;5;Blessé léger
202300003583;155 674 242;33;0;2;2;21;1;203 842 793;1;1;4;1;2004.0;4;2;24;10;2023;15;1;75;75110;2;4;1;3;48,86795400;2,36236500;4;2;4;1;1;1;1;0;1;30;1;Blessé léger
202300003583;155 674 242;33;0;2;2;21;1;203 842 793;1;1;4;1;2004.0;4;2;24;10;2023;15;1;75;75110;2;4;1;3;48,86795400;2,36236500;4;2;6;0;1;2;1;0;1;30;1;Blessé léger
202300003583;155 674 244;1;0;2;3;11;5;203 842 795;1;1;4;2;2003.0;1;8;24;10;2023;15;1;75;75110;2;4;1;3;48,86795400;2,36236500;4;2;4;1;1;1;1;0;1;30;1;Blessé léger
202300003583;155 674 244;1;0;2;3;11;5;203 842 795;1;1;4;2;2003.0;1;8;24;10;2023;15;1;75;75110;2;4;1;3;48,86795400;2,36236500;4;2;6;0;1;2;1;0;1;30;1;Blessé léger
202300003585;155 674 239;1;0;1;1;1;5;203 842 789;1;1;1;1;1967.0;5;8;23;10;2023;16;1;75;75109;2;1;2;6;48,87915300;2,32700100;4;1;1;0;2;1;2;0;1;30;0;Indemne
202300003585;155 674 239;1;0;1;1;1;5;203 842 791;10;3;4;2;1968.0;4;0;23;10;2023;16;1;75;75109;2;1;2;6;48,87915300;2,32700100;4;1;1;0;2;1;2;0;1;30;0;Blessé léger
202300003588;155 674 233;7;0;2;8;20;2;203 842 782;1;1;1;1;1988.0;5;1;24;10;2023;08;1;75;75108;2;2;1;3;48,87877000;2,32226200;4;1;1;0;1;1;2;0;1;30;1;Indemne
202300003588;155 674 235;80;0;2;7;1;3;203 842 786;1;1;4;2;1971.0;1;8;24;10;2023;08;1;75;75108;2;2;1;3;48,87877000;2,32226200;4;1;1;0;1;1;2;0;1;30;1;Blessé léger
202300003590;155 674 230;1;14;2;3;13;5;203 842 778;1;1;4;2;1999.0;1;8;24;10;2023;09;1;75;75103;2;3;1;6;48,86521200;2,35568100;4;2;2;0;1;1;2;0;1;30;1;Blessé léger
202300003590;155 674 230;1;14;2;3;13;5;203 842 778;1;1;4;2;1999.0;1;8;24;10;2023;09;1;75;75103;2;3;1;6;48,86521200;2,35568100;4;2;3;0;1;1;2;0;5;30;1;Blessé léger
202300003655;155 674 117;1;0;2;8;19;5;203 842 593;1;1;3;1;1962.0;0;8;12;7;2023;17;1;51;51108;2;9;1;3;48,95463000;4,35236000;4;2;4;1;1;1;1;0;5;50;2;Blessé hospitalisé
202300003655;155 674 118;7;0;9;1;1;1;203 842 595;1;1;1;2;1999.0;5;1;12;7;2023;17;1;51;51108;2;9;1;3;48,95463000;4,35236000;4;2;4;1;1;1;1;0;5;50;2;Indemne
202300003659;155 674 112;80;0;2;8;1;3;203 842 585;1;1;4;2;1990.0;1;2;12;7;2023;11;1;50;50129;2;6;1;3;49,63675200; -1,59619300;3;2;2;1;1;1;1;0;1;50;2;Blessé léger
202300003659;155 674 112;80;0;2;8;1;3;203 842 585;1;1;4;2;1990.0;1;2;12;7;2023;11;1;50;50129;2;6;1;3;49,63675200; -1,59619300;3;2;2;0;1;1;1;0;1;50;2;Blessé léger
202300003659;155 674 114;7;0;2;7;9;1;203 842 588;1;1;1;2;1937.0;3;1;12;7;2023;11;1;50;50129;2;6;1;3;49,63675200; -1,59619300;3;2;2;1;1;1;1;0;1;50;2;Indemne
202300003659;155 674 114;7;0;2;7;9;1;203 842 588;1;1;1;2;1937.0;3;1;12;7;2023;11;1;50;50129;2;6;1;3;49,63675200; -1,59619300;3;2;2;0;1;1;1;0;1;50;2;Indemne
202300003665;155 674 102;7;0;9;2;15;1;203 842 571;1;1;1;2;1999.0;1;1;22;9;2023;08;1;06;06018;1;3;8;1;43,63376500;7,08152500;3;2;2;0;1;1;2;5;1;50;4;Indemne
202300003665;155 674 104;1;0;2;1;1;5;203 842 573;1;1;4;2;1999.0;4;2;22;9;2023;08;1;06;06018;1;3;8;1;43,63376500;7,08152500;3;2;2;0;1;1;2;5;1;50;4;Blessé léger
202300003668;155 674 097;7;0;2;1;1;1;203 842 565;1;1;1;1;1993.0;0;1;13;7;2023;16;1;45;45234;2;2;1;3;47,91191000;1,89718000;4;2;2;0;1;1;1;0;1;50;3;Indemne
202300003668;155 674 097;7;0;2;1;1;1;203 842 565;1;1;1;1;1993.0;0;1;13;7;2023;16;1;45;45234;2;2;1;3;47,91191000;1,89718000;4;1;1;2;1;1;1;0;1;50;3;Indemne
202300003668;155 674 100;1;0;2;7;1;5;203 842 569;1;1;4;1;2001.0;0;8;13;7;2023;16;1;45;45234;2;2;1;3;47,91191000;1,89718000;4;2;2;0;1;1;1;0;1;50;3;Blessé léger
202300003668;155 674 100;1;0;2;7;1;5;203 842 569;1;1;4;1;2001.0;0;8;13;7;2023;16;1;45;45234;2;2;1;3;47,91191000;1,89718000;4;1;1;2;1;1;1;0;1;50;3;Blessé léger
202300003675;155 674 083;7;0;2;2;16;1;203 842 543;1;1;1;1;1947.0;5;1;7;7;2023;09;1;40;40192;2;1;1;3;43,88916000; -0,46668000;4;2;2;2;1;1;1;0;5;50;4;Indemne
202300003675;155 674 085;1;0;2;8;1;5;203 842 545;1;1;3;2;1973.0;1;2;7;7;2023;09;1;40;40192;2;1;1;3;43,88916000; -0,46668000;4;2;2;2;1;1;1;0;5;50;4;Blessé hospitalisé
202300003690;155 674 057;1;0;0;0;2;5;203 842 509;1;1;3;1;1970.0;5;0;24;10;2023;07;3;43;43112;1;1;2;3;45,08771800;3,50885500;3;2;2;0;2;1;2;0;1;80;1;Blessé hospitalisé
202300003690;155 674 058;7;0;2;3;2;0;203 842 510;1;1;1;1;1948.0;5;1;24;10;2023;07;3;43;43112;1;1;2;3;45,08771800;3,50885500;3;2;2;0;2;1;2;0;1;80;1;Indemne
202300003697;155 674 044;7;0;2;2;1;1;203 842 495;1;1;1;2;1978.0;4;1;23;9;2023;11;1;69;69039;2;3;1;3;45,98238900;4,50773900;3;2;2;0;2;1;1;0;1;50;5;Indemne
202300003697;155 674 046;1;0;2;1;15;5;203 842 497;1;1;4;1;2013.0;5;0;23;9;2023;11;1;69;69039;2;3;1;3;45,98238900;4,50773900;3;2;2;0;2;1;1;0;1;50;5;Blessé léger
202300003739;155 673 955;7;0;2;1;15;3;203 842 382;1;1;1;2;1972.0;1;1;13;7;2023;08;1;13;13028;2;4;1;1;43,19084633;5,64077139;3;2;2;0;4;1;1;0;1;50;3;Indemne
202300003739;155 673 955;7;0;2;1;15;3;203 842 382;1;1;1;2;1972.0;1;1;13;7;2023;08;1;13;13028;2;4;1;1;43,19084633;5,64077139;3;2;2;1;1;1;1;0;1;50;3;Indemne
202300003739;155 673 957;1;0;2;8;16;5;203 842 384;1;1;4;1;1961.0;5;2;13;7;2023;08;1;13;13028;2;4;1;1;43,19084633;5,64077139;3;2;2;0;4;1;1;0;1;50;3;Blessé léger
202300003739;155 673 957;1;0;2;8;16;5;203 842 384;1;1;4;1;1961.0;5;2;13;7;2023;08;1;13;13028;2;4;1;1;43,19084633;5,64077139;3;2;2;1;1;1;1;0;1;50;3;Blessé léger
202300003753;155 673 927;7;0;9;1;26;0;203 842 354;1;1;1;2;1950.0;9;1;23;10;2023;15;1;22;22198;1;3;8;3;48,78220400; -3,49043900;3;2;2;0;1;1;3;0;1;80;0;Indemne
202300003753;155 673 930;1;0;2;7;1;5;203 842 357;1;1;3;1;1951.0;0;2;23;10;2023;15;1;22;22198;1;3;8;3;48,78220400; -3,49043900;3;2;2;0;1;1;3;0;1;80;0;Blessé hospitalisé
202300003761;155 673 908;7;0;2;1;1;1;203 842 331;1;1;1;2;1978.0;0;0;24;10;2023;10;1;35;35089;1;2;7;3;47,88196543; -1,49422377;3;2;2;0;2;1;1;0;1;80;1;Indemne
202300003761;155 673 908;7;0;2;1;1;1;203 842 331;1;1;1;2;1978.0;0;0;24;10;2023;10;1;35;35089;1;2;7;3;47,88196543; -1,49422377;3;2;2;0;1;1;1;0;1;80;1;Indemne
202300003761;155 673 916;1;0;2;8;1;5;203 842 339;1;1;3;1;1953.0;5;2;24;10;2023;10;1;35;35089;1;2;7;3;47,88196543; -1,49422377;3;2;2;0;2;1;1;0;1;80;1;Blessé hospitalisé
202300003761;155 673 916;1;0;2;8;1;5;203 842 339;1;1;3;1;1953.0;5;2;24;10;2023;10;1;35;35089;1;2;7;3;47,88196543; -1,49422377;3;2;2;0;1;1;1;0;1;80;1;Blessé hospitalisé
202300003783;155 673 873;7;0;2;3;22;1;203 842 280;1;1;1;2;1977.0;3;1;12;7;2023;19;1;75;75115;2;1;1;3;48,84151800;2,28696900;4;2;3;3;1;1;1;0;1;50;2;Indemne
202300003783;155 673 876;1;0;2;1;1;5;203 842 284;1;1;4;2;1999.0;5;8;12;7;2023;19;1;75;75115;2;1;1;3;48,84151800;2,28696900;4;2;3;3;1;1;1;0;1;50;2;Blessé léger
202300003787;155 673 866;17;0;2;2;16;1;203 842 271;1;1;1;1;1979.0;4;1;22;9;2023;13;1;971;97120;2;9;1;3;16,24288000; -61,53971000;3;2;0;0;1;1;1;0;1;50;4;Indemne
202300003787;155 673 868;1;0;0;0;0;5;203 842 272;1;1;4;1;1956.0;0;8;22;9;2023;13;1;971;97120;2;9;1;3;16,24288000; -61,53971000;3;2;0;0;1;1;1;0;1;50;4;Blessé léger
202300003789;155 673 863;1;0;0;0;5;5;203 842 265;1;1;4;2;1994.0;5;8;13;7;2023;00;5;75;75114;2;4;1;7;48,82460400;2,33988700;4;1;3;2;2;1;1;0;1;30;3;Blessé léger
202300003798;155 673 843;80;0;1;1;1;3;203 842 237;1;1;1;1;1989.0;1;8;13;7;2023;16;1;75;75107;2;3;1;6;48,86274300;2,31163700;4;2;0;1;1;1;1;0;5;30;3;Indemne
202300003798;155 673 843;80;0;1;1;1;3;203 842 238;10;3;3;2;2008.0;9;0;13;7;2023;16;1;75;75107;2;3;1;6;48,86274300;2,31163700;4;2;0;1;1;1;1;0;5;30;3;Blessé hospitalisé
202300003799;155 673 841;1;0;2;1;5;5;203 842 235;1;1;4;1;2004.0;5;8;22;9;2023;13;1;88;88209;2;2;1;3;48,18923414;6,42961442;4;2;2;0;1;1;1;0;1;50;4;Blessé léger
202300003799;155 673 841;1;0;2;1;5;5;203 842 235;1;1;4;1;2004.0;5;8;22;9;2023;13;1;88;88209;2;2;1;3;48,18923414;6,42961442;4;1;1;0;4;1;1;0;1;50;4;Blessé léger
202300003799;155 673 844;7;0;9;2;1;1;203 842 239;1;1;1;1;1945.0;5;1;22;9;2023;13;1;88;88209;2;2;1;3;48,18923414;6,42961442;4;2;2;0;1;1;1;0;1;50;4;Indemne
202300003799;155 673 844;7;0;9;2;1;1;203 842 239;1;1;1;1;1945.0;5;1;22;9;2023;13;1;88;88209;2;2;1;3;48,18923414;6,42961442;4;1;1;0;4;1;1;0;1;50;4;Indemne
202300003800;155 673 839;1;0;1;1;1;5;203 842 231;1;1;1;1;1990.0;1;2;13;7;2023;16;1;75;75101;2;3;1;6;48,85946728;2,34515400;4;1;1;0;1;1;1;0;5;30;3;Indemne
202300003800;155 673 839;1;0;1;1;1;5;203 842 231;1;1;1;1;1990.0;1;2;13;7;2023;16;1;75;75101;2;3;1;6;48,85946728;2,34515400;4;2;3;1;1;1;1;0;5;30;3;Indemne
202300003800;155 673 839;1;0;1;1;1;5;203 842 232;10;3;4;2;1970.0;5;0;13;7;2023;16;1;75;75101;2;3;1;6;48,85946728;2,34515400;4;1;1;0;1;1;1;0;5;30;3;Blessé léger
202300003800;155 673 839;1;0;1;1;1;5;203 842 232;10;3;4;2;1970.0;5;0;13;7;2023;16;1;75;75101;2;3;1;6;48,85946728;2,34515400;4;2;3;1;1;1;1;0;5;30;3;Blessé léger
202300003809;155 673 823;7;0;2;3;22;1;203 842 213;1;1;1;2;1946.0;0;1;12;7;2023;14;1;94;94016;2;1;1;3;48,78930000;2,33690000;3;1;2;0;2;1;1;0;1;50;2;Indemne
202300003809;155 673 824;1;1;0;1;2;5;203 842 214;1;1;4;1;1998.0;1;8;12;7;2023;14;1;94;94016;2;1;1;3;48,78930000;2,33690000;3;1;2;0;2;1;1;0;1;50;2;Blessé léger
202300003814;155 673 816;1;1;0;0;1;5;203 842 204;1;1;4;1;2003.0;5;8;13;7;2023;14;1;94;94028;2;1;1;6;48,79632317;2,46362641;3;2;4;0;1;1;1;0;1;50;3;Blessé léger
202300003816;155 673 813;1;1;0;1;26;5;203 842 201;1;1;4;1;2000.0;9;8;13;7;2023;03;5;94;94018;2;1;1;6;48,82297300;2,41139300;3;3;2;1;1;1;1;0;1;30;3;Blessé léger
202300003821;155 673 804;7;0;2;3;15;1;203 842 190;1;1;1;1;1992.0;0;1;13;7;2023;19;1;93;93062;2;2;1;3;48,90267000;2,52281000;4;2;2;0;1;1;1;0;1;30;3;Indemne
202300003821;155 673 804;7;0;2;3;15;1;203 842 190;1;1;1;1;1992.0;0;1;13;7;2023;19;1;93;93062;2;2;1;3;48,90267000;2,52281000;4;2;2;0;1;3;1;5;1;30;3;Indemne
202300003821;155 673 806;1;0;2;3;19;5;203 842 192;1;1;3;1;1992.0;9;8;13;7;2023;19;1;93;93062;2;2;1;3;48,90267000;2,52281000;4;2;2;0;1;1;1;0;1;30;3;Blessé hospitalisé
202300003821;155 673 806;1;0;2;3;19;5;203 842 192;1;1;3;1;1992.0;9;8;13;7;2023;19;1;93;93062;2;2;1;3;48,90267000;2,52281000;4;2;2;0;1;3;1;5;1;30;3;Blessé hospitalisé
202300003842;155 673 762;1;0;2;1;1;5;203 842 142;1;1;4;1;1975.0;1;8;13;7;2023;07;1;92;92063;2;1;1;3;48,88564537;2,17616057;3;2;4;1;1;1;1;0;5;50;3;Blessé léger
202300003842;155 673 763;7;2;0;5;16;1;203 842 143;1;1;1;1;1967.0;1;1;13;7;2023;07;1;92;92063;2;1;1;3;48,88564537;2,17616057;3;2;4;1;1;1;1;0;5;50;3;Indemne
202300003846;155 673 757;1;0;0;0;15;5;203 842 137;1;1;4;1;1979.0;1;8;13;7;2023;03;5;92;92048;2;3;1;7;48,82225306;2,23225549;3;4;2;0;2;3;1;0;1;50;3;Blessé léger
202300003846;155 673 757;1;0;0;0;15;5;203 842 137;1;1;4;1;1979.0;1;8;13;7;2023;03;5;92;92048;2;3;1;7;48,82225306;2,23225549;3;4;2;0;4;1;1;0;1;50;3;Blessé léger
202300003875;155 673 703;10;0;2;1;16;1;203 842 068;1;1;1;1;1996.0;4;1;8;3;2023;11;1;14;14047;2;9;1;1;49,28343500; -0,71149300;3;3;2;1;2;1;1;9;5;50;2;Indemne
202300003875;155 673 704;80;0;2;8;1;3;203 842 070;1;1;4;1;1965.0;1;2;8;3;2023;11;1;14;14047;2;9;1;1;49,28343500; -0,71149300;3;3;2;1;2;1;1;9;5;50;2;Blessé léger
202300003883;155 673 692;1;0;0;1;17;5;203 842 054;1;1;4;1;1977.0;9;2;4;5;2023;15;1;75;75107;2;3;1;1;48,86228400;2,30635000;4;2;0;1;1;1;1;0;5;30;3;Blessé léger
202300003883;155 673 693;1;0;0;1;1;5;203 842 055;1;1;4;1;1992.0;9;8;4;5;2023;15;1;75;75107;2;3;1;1;48,86228400;2,30635000;4;2;0;1;1;1;1;0;5;30;3;Blessé léger
202300003884;155 673 690;1;0;2;1;1;5;203 842 052;1;1;1;1;1995.0;9;8;4;5;2023;00;5;75;75108;2;7;1;1;48,86708500;2,32065800;4;4;4;1;1;1;1;0;5;30;3;Indemne
202300003884;155 673 691;1;0;2;1;5;5;203 842 053;1;1;4;1;1986.0;9;8;4;5;2023;00;5;75;75108;2;7;1;1;48,86708500;2,32065800;4;4;4;1;1;1;1;0;5;30;3;Blessé léger
202300003893;155 673 672;1;1;0;1;1;5;203 842 030;1;1;4;1;1996.0;1;8;4;5;2023;07;1;93;93014;2;1;1;3;48,89921883;2,54166716;3;2;2;0;1;1;1;0;1;50;3;Blessé léger
202300003893;155 673 673;7;0;2;3;22;1;203 842 031;1;1;1;2;1970.0;5;1;4;5;2023;07;1;93;93014;2;1;1;3;48,89921883;2,54166716;3;2;2;0;1;1;1;0;1;50;3;Indemne
202300003894;155 673 670;33;0;2;1;21;1;203 842 028;1;1;1;1;2000.0;1;2;4;5;2023;18;1;92;92046;2;1;1;1;48,81558000;2,29033000;4;2;1;1;2;1;1;0;5;30;3;Indemne
202300003894;155 673 671;1;0;2;1;1;5;203 842 029;1;1;3;1;1957.0;5;2;4;5;2023;18;1;92;92046;2;1;1;1;48,81558000;2,29033000;4;2;1;1;2;1;1;0;5;30;3;Blessé hospitalisé
202300003901;155 673 657;1;0;2;1;1;5;203 842 012;1;1;4;1;2014.0;5;2;3;5;2023;12;1;68;68112;2;3;1;3;47,90967600;7,20715200;4;1;1;1;1;1;1;0;5;50;2;Blessé léger
202300003901;155 673 658;7;0;0;3;15;1;203 842 013;1;1;1;1;1989.0;1;1;3;5;2023;12;1;68;68112;2;3;1;3;47,90967600;7,20715200;4;1;1;1;1;1;1;0;5;50;2;Indemne
202300003905;155 673 650;1;1;0;1;1;5;203 842 004;1;1;3;1;1972.0;5;0;4;5;2023;18;1;38;38105;1;1;1;2;45,42282300;5,55781600;3;2;2;0;1;1;1;0;3;90;3;Blessé hospitalisé
202300003905;155 673 651;10;0;0;4;26;1;203 842 005;1;1;1;1;1993.0;4;0;4;5;2023;18;1;38;38105;1;1;1;2;45,42282300;5,55781600;3;2;2;0;1;1;1;0;3;90;3;Indemne
202300003908;155 673 645;10;0;9;2;1;1;203 841 998;1;1;1;1;1977.0;1;1;4;5;2023;19;1;60;60176;2;6;1;1;49,22357162;2,89189679;3;2;2;0;1;1;1;0;1;50;3;Indemne
202300003908;155 673 646;1;0;2;4;19;5;203 841 999;1;1;4;1;2010.0;5;0;4;5;2023;19;1;60;60176;2;6;1;1;49,22357162;2,89189679;3;2;2;0;1;1;1;0;1;50;3;Blessé léger
202300003921;155 673 626;7;0;2;2;15;1;203 841 973;1;1;1;2;1957.0;5;1;2;5;2023;15;1;22;22211;1;4;1;3;48,69281600; -3,44470700;3;2;2;0;1;3;1;5;1;80;1;Indemne
202300003921;155 673 626;7;0;2;2;15;1;203 841 973;1;1;1;2;1957.0;5;1;2;5;2023;15;1;22;22211;1;4;1;3;48,69281600; -3,44470700;3;2;2;0;1;3;1;5;1;80;1;Indemne
202300003921;155 673 628;1;0;2;8;1;5;203 841 975;1;1;4;1;1956.0;5;2;2;5;2023;15;1;22;22211;1;4;1;3;48,69281600; -3,44470700;3;2;2;0;1;3;1;5;1;80;1;Blessé léger
202300003921;155 673 628;1;0;2;8;1;5;203 841 975;1;1;4;1;1956.0;5;2;2;5;2023;15;1;22;22211;1;4;1;3;48,69281600; -3,44470700;3;2;2;0;1;3;1;5;1;80;1;Blessé léger
202300003923;155 673 622;1;0;0;0;1;5;203 841 968;1;1;3;1;1956.0;5;2;3;5;2023;14;1;29;29117;2;6;1;7;48,58162410; -4,52138246;3;1;2;0;1;1;1;5;1;50;2;Blessé hospitalisé
202300003927;155 673 617;1;0;0;0;16;5;203 841 961;1;1;3;1;1969.0;5;2;12;2;2023;11;1;77;77197;1;3;1;7;48,70722600;3,19793900;3;2;2;0;2;3;9;0;1;80;6;Blessé hospitalisé
202300003948;155 673 583;1;8;0;1;14;5;203 841 912;1;1;3;1;1956.0;5;2;10;2;2023;14;1;84;84077;1;1;1;6;44,10005500;5,12439000;4;2;2;0;2;2;1;0;3;30;4;Blessé hospitalisé
202300003986;155 673 509;7;0;9;3;9;1;203 841 813;1;1;1;1;1938.0;3;1;13;2;2023;17;2;31;31291;2;6;7;3;43,60102600;1,24848800;3;1;1;0;1;2;1;5;1;50;0;Indemne
202300003986;155 673 511;1;0;0;7;1;5;203 841 815;1;1;3;1;1952.0;5;2;13;2;2023;17;2;31;31291;2;6;7;3;43,60102600;1,24848800;3;1;1;0;1;2;1;5;1;50;0;Blessé hospitalisé
202300004044;155 673 396;80;0;2;1;15;3;203 841 655;1;1;4;2;1987.0;1;2;3;5;2023;18;1;69;69149;2;2;1;1;45,71701000;4,81256000;4;1;1;2;1;1;1;0;6;50;2;Blessé léger
202300004044;155 673 396;80;0;2;1;15;3;203 841 655;1;1;4;2;1987.0;1;2;3;5;2023;18;1;69;69149;2;2;1;1;45,71701000;4,81256000;4;2;3;1;1;1;1;0;6;50;2;Blessé léger
202300004044;155 673 398;10;0;2;1;16;1;203 841 659;1;1;1;1;1964.0;0;8;3;5;2023;18;1;69;69149;2;2;1;1;45,71701000;4,81256000;4;1;1;2;1;1;1;0;6;50;2;Indemne
202300004044;155 673 398;10;0;2;1;16;1;203 841 659;1;1;1;1;1964.0;0;8;3;5;2023;18;1;69;69149;2;2;1;1;45,71701000;4,81256000;4;2;3;1;1;1;1;0;6;50;2;Indemne
202300004069;155 673 357;7;0;2;3;2;1;203 841 606;1;1;1;1;1966.0;5;1;30;4;2023;08;1;87;87085;2;6;1;2;45,83417000;1,26258000;4;3;2;0;1;1;1;5;1;30;6;Indemne
202300004069;155 673 357;7;0;2;3;2;1;203 841 606;1;1;1;1;1966.0;5;1;30;4;2023;08;1;87;87085;2;6;1;2;45,83417000;1,26258000;4;2;2;0;1;1;1;5;1;30;6;Indemne
202300004069;155 673 360;1;0;2;4;16;5;203 841 609;1;1;4;1;1967.0;5;2;30;4;2023;08;1;87;87085;2;6;1;2;45,83417000;1,26258000;4;3;2;0;1;1;1;5;1;30;6;Blessé léger
202300004069;155 673 360;1;0;2;4;16;5;203 841 609;1;1;4;1;1967.0;5;2;30;4;2023;08;1;87;87085;2;6;1;2;45,83417000;1,26258000;4;2;2;0;1;1;1;5;1;30;6;Blessé léger
202300004102;155 673 303;7;0;9;7;2;1;203 841 530;1;1;1;1;1933.0;5;1;12;2;2023;12;1;50;50464;1;1;1;3;48,98318800; -1,41300900;3;2;2;0;1;1;1;0;1;80;6;Indemne
202300004102;155 673 306;1;0;2;0;2;5;203 841 532;1;1;3;1;1994.0;5;2;12;2;2023;12;1;50;50464;1;1;1;3;48,98318800; -1,41300900;3;2;2;0;1;1;1;0;1;80;6;Blessé hospitalisé
202300004104;155 673 301;7;0;9;1;0;1;203 841 529;1;1;1;2;1969.0;1;1;27;11;2023;18;5;38;38158;2;3;2;3;45,14947900;5,74022800;4;2;2;2;1;1;2;0;5;50;0;Indemne
202300004104;155 673 301;7;0;9;1;0;1;203 841 529;1;1;1;2;1969.0;1;1;27;11;2023;18;5;38;38158;2;3;2;3;45,14947900;5,74022800;4;2;2;2;1;1;2;9;5;50;0;Indemne
202300004104;155 673 304;1;0;2;1;1;5;203 841 534;1;1;4;1;1988.0;1;0;27;11;2023;18;5;38;38158;2;3;2;3;45,14947900;5,74022800;4;2;2;2;1;1;2;0;5;50;0;Blessé léger
202300004104;155 673 304;1;0;2;1;1;5;203 841 534;1;1;4;1;1988.0;1;0;27;11;2023;18;5;38;38158;2;3;2;3;45,14947900;5,74022800;4;2;2;2;1;1;2;9;5;50;0;Blessé léger
202300004120;155 673 278;1;0;2;2;1;5;203 841 491;1;1;3;1;1999.0;5;0;11;2;2023;16;1;85;85047;2;6;7;3;46,85107900; -1,87965500;4;1;1;0;1;2;1;5;1;50;5;Blessé hospitalisé
202300004120;155 673 280;7;0;2;3;9;6;203 841 493;1;1;1;1;1966.0;3;1;11;2;2023;16;1;85;85047;2;6;7;3;46,85107900; -1,87965500;4;1;1;0;1;2;1;5;1;50;5;Indemne
202300004129;155 673 266;1;0;2;1;17;5;203 841 475;1;1;4;1;1994.0;0;8;3;5;2023;11;1;67;67218;2;1;1;6;48,54529900;7,73803100;4;3;6;2;1;1;1;0;5;50;2;Blessé léger
202300004129;155 673 267;14;0;2;3;23;1;203 841 477;1;1;1;1;1986.0;4;8;3;5;2023;11;1;67;67218;2;1;1;6;48,54529900;7,73803100;4;3;6;2;1;1;1;0;5;50;2;Indemne
202300004133;155 673 260;1;0;2;1;15;5;203 841 468;1;1;4;1;1953.0;5;8;27;4;2023;15;1;67;67043;2;3;1;3;48,61474000;7,73394000;4;2;2;0;1;2;1;0;1;30;3;Blessé léger
202300004133;155 673 260;1;0;2;1;15;5;203 841 468;1;1;4;1;1953.0;5;8;27;4;2023;15;1;67;67043;2;3;1;3;48,61474000;7,73394000;4;2;2;0;1;1;1;0;1;50;3;Blessé léger
202300004133;155 673 263;7;0;2;3;1;3;203 841 471;1;1;1;1;1953.0;0;1;27;4;2023;15;1;67;67043;2;3;1;3;48,61474000;7,73394000;4;2;2;0;1;2;1;0;1;30;3;Indemne
202300004133;155 673 263;7;0;2;3;1;3;203 841 471;1;1;1;1;1953.0;0;1;27;4;2023;15;1;67;67043;2;3;1;3;48,61474000;7,73394000;4;2;2;0;1;1;1;0;1;50;3;Indemne
202300004177;155 673 175;1;0;2;1;1;5;203 841 344;1;1;4;2;1978.0;0;2;2;5;2023;17;1;56;56121;2;1;1;3;47,75978000; -3,36629000;4;2;2;2;2;1;1;0;5;30;1;Blessé léger
202300004177;155 673 176;7;0;2;2;15;1;203 841 345;1;1;1;1;2003.0;5;1;2;5;2023;17;1;56;56121;2;1;1;3;47,75978000; -3,36629000;4;2;2;2;2;1;1;0;5;30;1;Indemne
202300004183;155 673 165;7;15;9;2;13;1;203 841 330;1;1;1;1;1949.0;5;1;18;5;2023;10;1;14;14409;2;1;1;3;49,28269000; -0,19228400;3;2;2;1;1;1;1;0;1;50;3;Indemne