Num_Acc;id_vehicule;catv;obs;obsm;choc;manv;motor;id_usager;place;catu;grav;sexe;an_nais;trajet;secu1;jour;mois;an;hrmn;lum;dep;com;agg;int;atm;col;lat;long;catr;circ;nbv;vosp;prof;plan;surf;infra;situ;vma;day_of_week;gravity
202300006445;155 669 105;2;0;2;2;1;1;203 835 976;1;1;4;1;1993.0;5;2;24;10;2023;09;1;75;75107;2;4;8;3;48,85661500;2,32686400;4;1;2;1;2;2;3;0;1;30;1;Blessé léger
202300006460;155 669 079;1;0;2;1;1;5;203 835 943;1;1;4;1;1982.0;5;2;10;7;2023;20;2;33;33522;2;3;7;3;44,79711424; -0,59859931;4;3;2;2;1;1;1;0;1;50;0;Blessé léger
202300006460;155 669 079;1;0;2;1;1;5;203 835 943;1;1;4;1;1982.0;5;2;10;7;2023;20;2;33;33522;2;3;7;3;44,79711424; -0,59859931;4;2;2;0;1;1;1;0;1;50;0;Blessé léger
202300006460;155 669 081;7;0;2;1;15;1;203 835 946;1;1;1;2;1967.0;0;1;10;7;2023;20;2;33;33522;2;3;7;3;44,79711424; -0,59859931;4;3;2;2;1;1;1;0;1;50;0;Indemne
202300006460;155 669 081;7;0;2;1;15;1;203 835 946;1;1;1;2;1967.0;0;1;10;7;2023;20;2;33;33522;2;3;7;3;44,79711424; -0,59859931;4;2;2;0;1;1;1;0;1;50;0;Indemne
202300006463;155 669 073;1;0;0;0;0;5;203 835 936;1;1;4;1;2000.0;0;8;25;11;2023;03;5;92;92040;2;1;1;7;48,82245159;2,26729095;3;1;2;0;1;1;1;0;1;30;5;Blessé léger
202300006464;155 669 069;7;0;9;2;15;1;203 835 932;1;1;1;1;1938.0;0;1;27;12;2023;13;1;38;38301;1;2;7;3;44,79722900;5,63574000;3;2;2;2;1;1;1;5;5;80;2;Indemne
202300006464;155 669 069;7;0;9;2;15;1;203 835 932;1;1;1;1;1938.0;0;1;27;12;2023;13;1;38;38301;1;2;7;3;44,79722900;5,63574000;3;2;2;0;1;1;1;0;1;80;2;Indemne
202300006464;155 669 071;1;0;2;8;1;5;203 835 934;1;1;3;2;1967.0;0;2;27;12;2023;13;1;38;38301;1;2;7;3;44,79722900;5,63574000;3;2;2;2;1;1;1;5;5;80;2;Blessé hospitalisé
202300006464;155 669 071;1;0;2;8;1;5;203 835 934;1;1;3;2;1967.0;0;2;27;12;2023;13;1;38;38301;1;2;7;3;44,79722900;5,63574000;3;2;2;0;1;1;1;0;1;80;2;Blessé hospitalisé
202300006467;155 669 064;7;0;2;1;1;1;203 835 925;1;1;1;1;1948.0;0;1;25;11;2023;12;1;92;92012;2;1;1;1;48,83153000;2,25272000;3;2;2;0;1;1;1;0;1;50;5;Indemne
202300006467;155 669 068;1;0;2;0;0;5;203 835 929;1;1;4;2;1974.0;0;8;25;11;2023;12;1;92;92012;2;1;1;1;48,83153000;2,25272000;3;2;2;0;1;1;1;0;1;50;5;Blessé léger
202300006485;155 669 035;7;0;2;2;16;1;203 835 883;1;1;1;1;1947.0;0;8;28;11;2023;17;5;74;74298;2;6;1;3;46,17716000;6,24429000;4;2;2;0;1;1;1;0;1;30;1;Indemne
202300006485;155 669 038;1;0;2;8;0;5;203 835 886;1;1;4;1;1974.0;0;8;28;11;2023;17;5;74;74298;2;6;1;3;46,17716000;6,24429000;4;2;2;0;1;1;1;0;1;30;1;Blessé léger
202300006487;155 669 030;1;0;2;7;15;5;203 835 874;1;1;4;1;2006.0;0;2;11;7;2023;13;1;28;28110;2;1;1;1;48,42060000;1,48874000;3;2;2;0;1;1;1;5;1;50;1;Blessé léger
202300006487;155 669 032;10;0;2;1;9;1;203 835 877;1;1;1;1;1982.0;0;1;11;7;2023;13;1;28;28110;2;1;1;1;48,42060000;1,48874000;3;2;2;0;1;1;1;5;1;50;1;Indemne
202300006492;155 669 023;7;0;2;1;15;1;203 835 867;1;1;1;1;1999.0;5;1;5;6;2023;18;1;59;59350;2;2;1;1;50,64002638;3,06931615;4;2;4;0;1;1;1;0;1;50;0;Indemne
202300006492;155 669 027;1;0;2;1;2;5;203 835 870;1;1;4;1;2001.0;5;0;5;6;2023;18;1;59;59350;2;2;1;1;50,64002638;3,06931615;4;2;4;0;1;1;1;0;1;50;0;Blessé léger
202300006501;155 669 009;1;0;2;7;15;5;203 835 849;1;1;3;1;1948.0;5;2;22;3;2023;16;1;17;17095;1;3;8;3;45,29940447; -0,26218995;3;2;2;0;1;1;2;0;1;80;2;Blessé hospitalisé
202300006501;155 669 012;7;0;2;2;1;0;203 835 853;1;1;1;2;1996.0;5;1;22;3;2023;16;1;17;17095;1;3;8;3;45,29940447; -0,26218995;3;2;2;0;1;1;2;0;1;80;2;Indemne
202300006504;155 669 003;7;0;9;1;1;1;203 835 837;1;1;1;1;1975.0;1;1;5;6;2023;06;1;57;57757;2;1;1;2;49,36256400;6,19833900;3;2;2;0;1;1;1;0;1;50;0;Indemne
202300006504;155 669 004;1;0;2;4;1;5;203 835 841;1;1;4;1;1963.0;5;2;5;6;2023;06;1;57;57757;2;1;1;2;49,36256400;6,19833900;3;2;2;0;1;1;1;0;1;50;0;Blessé léger
202300006512;155 668 989;1;0;0;9;1;5;203 835 820;1;1;3;1;1979.0;5;0;25;11;2023;09;1;71;71263;2;1;8;7;46,65848000;5,15868800;4;2;2;0;1;1;1;0;1;50;5;Blessé hospitalisé
202300006514;155 668 984;80;0;2;1;1;3;203 835 815;1;1;4;1;1947.0;5;2;1;6;2023;14;1;57;57591;2;2;1;3;49,25632000;6,09806000;4;2;2;0;1;1;1;0;1;50;3;Blessé léger
202300006514;155 668 984;80;0;2;1;1;3;203 835 815;1;1;4;1;1947.0;5;2;1;6;2023;14;1;57;57591;2;2;1;3;49,25632000;6,09806000;4;2;2;0;1;1;1;2;1;50;3;Blessé léger
202300006514;155 668 988;7;0;2;3;15;1;203 835 819;1;1;1;1;2004.0;1;1;1;6;2023;14;1;57;57591;2;2;1;3;49,25632000;6,09806000;4;2;2;0;1;1;1;0;1;50;3;Indemne
202300006514;155 668 988;7;0;2;3;15;1;203 835 819;1;1;1;1;2004.0;1;1;1;6;2023;14;1;57;57591;2;2;1;3;49,25632000;6,09806000;4;2;2;0;1;1;1;2;1;50;3;Indemne
202300006528;155 668 961;7;0;9;1;17;1;203 835 784;1;1;1;1;2002.0;5;8;10;7;2023;22;5;09;09225;2;3;1;3;43,12334000;1,61082000;3;2;2;0;1;1;1;5;1;50;0;Indemne
202300006528;155 668 965;1;0;2;7;15;5;203 835 789;1;1;3;1;1968.0;0;8;10;7;2023;22;5;09;09225;2;3;1;3;43,12334000;1,61082000;3;2;2;0;1;1;1;5;1;50;0;Blessé hospitalisé
202300006549;155 668 921;7;0;2;2;1;2;203 835 727;1;1;1;2;1954.0;0;1;5;6;2023;15;1;54;54274;2;2;1;3;48,66536779;6,19746655;4;2;2;0;1;1;1;0;1;50;0;Indemne
202300006549;155 668 921;7;0;2;2;1;2;203 835 727;1;1;1;2;1954.0;0;1;5;6;2023;15;1;54;54274;2;2;1;3;48,66536779;6,19746655;4;2;2;0;1;1;1;0;1;50;0;Indemne
202300006549;155 668 925;1;0;2;2;1;5;203 835 731;1;1;4;1;1961.0;0;2;5;6;2023;15;1;54;54274;2;2;1;3;48,66536779;6,19746655;4;2;2;0;1;1;1;0;1;50;0;Blessé léger
202300006549;155 668 925;1;0;2;2;1;5;203 835 731;1;1;4;1;1961.0;0;2;5;6;2023;15;1;54;54274;2;2;1;3;48,66536779;6,19746655;4;2;2;0;1;1;1;0;1;50;0;Blessé léger
202300006561;155 668 902;1;0;1;1;1;5;203 835 702;1;1;1;1;1994.0;9;8;10;7;2023;13;1;75;75106;2;2;1;6;48,85023500;2,32415600;4;2;3;2;1;1;1;0;1;30;0;Indemne
202300006561;155 668 902;1;0;1;1;1;5;203 835 702;1;1;1;1;1994.0;9;8;10;7;2023;13;1;75;75106;2;2;1;6;48,85023500;2,32415600;4;2;2;0;1;1;1;0;1;30;0;Indemne
202300006561;155 668 902;1;0;1;1;1;5;203 835 703;10;3;4;1;1968.0;9;0;10;7;2023;13;1;75;75106;2;2;1;6;48,85023500;2,32415600;4;2;3;2;1;1;1;0;1;30;0;Blessé léger
202300006561;155 668 902;1;0;1;1;1;5;203 835 703;10;3;4;1;1968.0;9;0;10;7;2023;13;1;75;75106;2;2;1;6;48,85023500;2,32415600;4;2;2;0;1;1;1;0;1;30;0;Blessé léger
202300006562;155 668 901;7;0;2;1;19;1;203 835 697;1;1;1;2;1992.0;5;0;15;10;2023;18;1;51;51660;2;2;1;3;49,34805600;4,21959200;4;2;2;0;1;1;1;0;1;50;6;Indemne
202300006562;155 668 903;1;0;0;8;0;5;203 835 700;1;1;4;1;1986.0;5;0;15;10;2023;18;1;51;51660;2;2;1;3;49,34805600;4,21959200;4;2;2;0;1;1;1;0;1;50;6;Blessé léger
202300006568;155 668 893;10;0;2;2;16;1;203 835 687;1;1;1;1;1983.0;9;1;11;7;2023;16;1;75;75118;2;7;1;3;48,89564300;2,34633500;4;1;2;0;1;1;1;0;1;30;1;Indemne
202300006568;155 668 896;1;0;2;1;16;5;203 835 691;1;1;4;1;1984.0;4;8;11;7;2023;16;1;75;75118;2;7;1;3;48,89564300;2,34633500;4;1;2;0;1;1;1;0;1;30;1;Blessé léger
202300006572;155 668 883;10;0;2;8;1;1;203 835 675;1;1;1;1;1965.0;1;8;4;6;2023;13;1;51;51454;2;2;1;3;49,26795000;4,05403000;4;2;0;0;1;1;1;0;1;50;6;Indemne
202300006572;155 668 883;10;0;2;8;1;1;203 835 675;1;1;1;1;1965.0;1;8;4;6;2023;13;1;51;51454;2;2;1;3;49,26795000;4,05403000;4;2;2;0;1;1;1;0;1;50;6;Indemne
202300006572;155 668 887;1;0;2;1;1;5;203 835 680;1;1;4;1;1991.0;0;8;4;6;2023;13;1;51;51454;2;2;1;3;49,26795000;4,05403000;4;2;0;0;1;1;1;0;1;50;6;Blessé léger
202300006572;155 668 887;1;0;2;1;1;5;203 835 680;1;1;4;1;1991.0;0;8;4;6;2023;13;1;51;51454;2;2;1;3;49,26795000;4,05403000;4;2;2;0;1;1;1;0;1;50;6;Blessé léger
202300006609;155 668 811;7;0;2;1;1;1;203 835 584;1;1;1;1;1978.0;0;1;24;10;2023;18;1;73;73225;2;1;1;1;45,53757100;5,95018300;3;2;2;0;2;2;2;0;1;50;1;Indemne
202300006609;155 668 813;1;0;2;1;1;5;203 835 586;1;1;3;1;2014.0;5;0;24;10;2023;18;1;73;73225;2;1;1;1;45,53757100;5,95018300;3;2;2;0;2;2;2;0;1;50;1;Blessé hospitalisé
202300006611;155 668 817;1;0;2;8;1;5;203 835 593;1;1;4;1;1952.0;0;8;5;6;2023;06;1;49;49007;2;6;1;3;47,44824000; -0,53860000;4;1;2;0;1;3;1;0;1;30;0;Blessé léger
202300006611;155 668 817;1;0;2;8;1;5;203 835 593;1;1;4;1;1952.0;0;8;5;6;2023;06;1;49;49007;2;6;1;3;47,44824000; -0,53860000;4;2;4;0;1;3;1;0;1;30;0;Blessé léger
202300006611;155 668 822;7;0;2;7;16;1;203 835 605;1;1;1;1;1980.0;1;1;5;6;2023;06;1;49;49007;2;6;1;3;47,44824000; -0,53860000;4;1;2;0;1;3;1;0;1;30;0;Indemne
202300006611;155 668 822;7;0;2;7;16;1;203 835 605;1;1;1;1;1980.0;1;1;5;6;2023;06;1;49;49007;2;6;1;3;47,44824000; -0,53860000;4;2;4;0;1;3;1;0;1;30;0;Indemne
202300006627;155 668 778;1;12;0;7;26;5;203 835 548;1;1;4;2;1970.0;5;2;5;6;2023;19;1;43;43157;2;1;8;7;45,04054900;3,87917500;4;1;1;0;2;1;2;0;1;50;0;Blessé léger
202300006638;155 668 753;7;0;2;3;15;1;203 835 516;1;1;1;2;1981.0;2;1;5;6;2023;08;1;41;41018;2;3;1;1;47,58934000;1,30808000;4;2;2;0;1;1;1;0;1;30;0;Indemne
202300006638;155 668 753;7;0;2;3;15;1;203 835 516;1;1;1;2;1981.0;2;1;5;6;2023;08;1;41;41018;2;3;1;1;47,58934000;1,30808000;4;2;2;0;1;1;1;0;1;50;0;Indemne
202300006638;155 668 757;1;0;2;0;19;5;203 835 520;1;1;3;1;1989.0;1;8;5;6;2023;08;1;41;41018;2;3;1;1;47,58934000;1,30808000;4;2;2;0;1;1;1;0;1;30;0;Blessé hospitalisé
202300006638;155 668 757;1;0;2;0;19;5;203 835 520;1;1;3;1;1989.0;1;8;5;6;2023;08;1;41;41018;2;3;1;1;47,58934000;1,30808000;4;2;2;0;1;1;1;0;1;50;0;Blessé hospitalisé
202300006643;155 668 748;7;0;9;3;9;1;203 835 510;1;1;1;2;1968.0;1;1;5;6;2023;19;1;37;37233;2;1;7;3;47,38673000;0,74512000;4;1;1;0;1;3;1;5;1;50;0;Indemne
202300006643;155 668 750;80;0;2;1;0;3;203 835 512;1;1;4;2;1974.0;5;2;5;6;2023;19;1;37;37233;2;1;7;3;47,38673000;0,74512000;4;1;1;0;1;3;1;5;1;50;0;Blessé léger
202300006652;155 668 729;1;0;9;7;19;5;203 835 487;1;1;3;1;1942.0;0;2;19;8;2023;16;1;13;13208;2;9;1;3;43,26306988;5,39291533;4;1;3;0;1;1;1;0;5;50;5;Blessé hospitalisé
202300006652;155 668 731;7;0;9;1;1;1;203 835 489;1;1;1;2;1954.0;5;1;19;8;2023;16;1;13;13208;2;9;1;3;43,26306988;5,39291533;4;1;3;0;1;1;1;0;5;50;5;Indemne
202300006654;155 668 740;7;0;2;2;1;1;203 835 498;1;1;1;1;1994.0;3;1;25;11;2023;16;2;37;37042;1;1;7;2;47,20431159;0,08477859;3;2;2;0;2;1;1;0;1;70;5;Indemne
202300006654;155 668 744;1;0;0;4;1;5;203 835 504;1;1;3;1;1969.0;5;2;25;11;2023;16;2;37;37042;1;1;7;2;47,20431159;0,08477859;3;2;2;0;2;1;1;0;1;70;5;Blessé hospitalisé
202300006658;155 668 721;7;0;2;1;1;1;203 835 478;1;1;1;2;1985.0;5;1;6;6;2023;08;1;35;35238;2;2;1;3;48,11571000; -1,64838000;4;2;2;0;1;1;1;0;1;50;1;Indemne
202300006658;155 668 721;7;0;2;1;1;1;203 835 478;1;1;1;2;1985.0;5;1;6;6;2023;08;1;35;35238;2;2;1;3;48,11571000; -1,64838000;4;3;3;2;1;1;1;0;1;50;1;Indemne
202300006658;155 668 724;1;0;2;2;15;5;203 835 481;1;1;4;1;2004.0;2;8;6;6;2023;08;1;35;35238;2;2;1;3;48,11571000; -1,64838000;4;2;2;0;1;1;1;0;1;50;1;Blessé léger
202300006658;155 668 724;1;0;2;2;15;5;203 835 481;1;1;4;1;2004.0;2;8;6;6;2023;08;1;35;35238;2;2;1;3;48,11571000; -1,64838000;4;3;3;2;1;1;1;0;1;50;1;Blessé léger
202300006662;155 668 712;7;0;2;8;22;1;203 835 468;1;1;1;1;1990.0;0;0;5;6;2023;17;1;35;35238;2;1;1;6;48,09122000; -1,69223000;3;2;2;2;1;1;1;0;5;50;0;Indemne
202300006662;155 668 715;80;1;0;1;1;3;203 835 470;1;1;3;1;1966.0;1;2;5;6;2023;17;1;35;35238;2;1;1;6;48,09122000; -1,69223000;3;2;2;2;1;1;1;0;5;50;0;Blessé hospitalisé
202300006665;155 668 709;7;0;2;2;16;1;203 835 464;1;1;1;1;2000.0;1;1;11;7;2023;08;1;93;93070;2;1;1;3;48,91659223;2,33424484;4;1;1;0;2;1;1;0;4;50;1;Indemne
202300006665;155 668 714;80;0;2;8;1;3;203 835 467;1;1;4;1;1992.0;0;8;11;7;2023;08;1;93;93070;2;1;1;3;48,91659223;2,33424484;4;1;1;0;2;1;1;0;4;50;1;Blessé léger
202300006668;155 668 702;10;0;2;7;22;1;203 835 455;1;1;1;1;1987.0;4;1;5;6;2023;09;1;34;34301;2;1;1;3;43,40650000;3,69288000;4;1;1;0;2;1;1;0;1;50;0;Indemne
202300006668;155 668 706;1;1;0;1;1;5;203 835 461;1;1;4;2;1999.0;0;8;5;6;2023;09;1;34;34301;2;1;1;3;43,40650000;3,69288000;4;1;1;0;2;1;1;0;1;50;0;Blessé léger
202300006675;155 668 685;1;0;2;1;1;5;203 835 432;1;1;4;1;1993.0;9;8;21;3;2023;09;1;973;97302;2;6;1;6;4,92722000; -52,28985000;3;1;2;0;1;1;1;0;1;50;1;Blessé léger
202300006675;155 668 687;7;0;2;7;16;1;203 835 437;1;1;1;2;1978.0;9;1;21;3;2023;09;1;973;97302;2;6;1;6;4,92722000; -52,28985000;3;1;2;0;1;1;1;0;1;50;1;Indemne
202300006677;155 668 684;1;0;2;1;16;5;203 835 430;1;1;4;1;1984.0;1;2;4;6;2023;16;1;34;34336;2;3;1;3;43,31751000;3,28035000;4;2;1;0;1;1;1;0;1;50;6;Blessé léger
202300006677;155 668 689;7;0;2;1;13;1;203 835 438;1;1;1;1;1980.0;5;1;4;6;2023;16;1;34;34336;2;3;1;3;43,31751000;3,28035000;4;2;1;0;1;1;1;0;1;50;6;Indemne
202300006681;155 668 676;1;0;1;0;15;5;203 835 416;10;3;4;1;2006.0;0;0;22;3;2023;18;1;69;69383;2;2;1;6;45,75330000;4,85640000;4;1;1;0;1;1;1;6;1;50;2;Blessé léger
202300006681;155 668 676;1;0;1;0;15;5;203 835 416;10;3;4;1;2006.0;0;0;22;3;2023;18;1;69;69383;2;2;1;6;45,75330000;4,85640000;4;1;1;3;1;1;1;0;1;50;2;Blessé léger
202300006681;155 668 676;1;0;1;0;15;5;203 835 418;1;1;4;1;1975.0;9;8;22;3;2023;18;1;69;69383;2;2;1;6;45,75330000;4,85640000;4;1;1;0;1;1;1;6;1;50;2;Blessé léger
202300006681;155 668 676;1;0;1;0;15;5;203 835 418;1;1;4;1;1975.0;9;8;22;3;2023;18;1;69;69383;2;2;1;6;45,75330000;4,85640000;4;1;1;3;1;1;1;0;1;50;2;Blessé léger
202300006715;155 668 626;80;0;2;8;2;3;203 835 337;1;1;4;2;1966.0;0;0;5;6;2023;11;1;33;33529;2;1;1;3;44,64744000; -1,15803000;3;2;2;0;1;1;1;0;1;50;0;Blessé léger
202300006715;155 668 627;7;0;2;1;1;1;203 835 339;1;1;1;1;1976.0;0;1;5;6;2023;11;1;33;33529;2;1;1;3;44,64744000; -1,15803000;3;2;2;0;1;1;1;0;1;50;0;Indemne
202300006719;155 668 616;1;0;2;1;1;5;203 835 326;1;1;4;2;2006.0;0;8;11;7;2023;19;1;92;92026;2;2;1;3;48,89883888;2,25665385;3;2;2;0;1;1;1;0;1;50;1;Blessé léger
202300006719;155 668 616;1;0;2;1;1;5;203 835 326;1;1;4;2;2006.0;0;8;11;7;2023;19;1;92;92026;2;2;1;3;48,89883888;2,25665385;3;3;1;0;1;1;1;9;1;50;1;Blessé léger
202300006719;155 668 619;7;0;0;2;1;1;203 835 329;1;1;1;1;1973.0;1;1;11;7;2023;19;1;92;92026;2;2;1;3;48,89883888;2,25665385;3;2;2;0;1;1;1;0;1;50;1;Indemne
202300006719;155 668 619;7;0;0;2;1;1;203 835 329;1;1;1;1;1973.0;1;1;11;7;2023;19;1;92;92026;2;2;1;3;48,89883888;2,25665385;3;3;1;0;1;1;1;9;1;50;1;Indemne
202300006726;155 668 608;1;12;0;0;25;5;203 835 317;1;1;4;2;1997.0;5;0;21;3;2023;15;1;87;87085;2;1;1;7;45,82139000;1,24095000;4;2;4;1;2;1;1;0;4;50;1;Blessé léger
202300006729;155 668 603;1;0;2;4;2;5;203 835 311;1;1;4;1;1968.0;5;2;6;6;2023;19;1;29;29232;1;1;1;3;47,98593400; -4,04400587;3;2;2;0;4;2;1;0;1;70;1;Blessé léger
202300006729;155 668 606;7;0;2;2;2;0;203 835 315;1;1;1;2;1934.0;0;1;6;6;2023;19;1;29;29232;1;1;1;3;47,98593400; -4,04400587;3;2;2;0;4;2;1;0;1;70;1;Indemne
202300006732;155 668 598;43;0;2;8;1;1;203 835 305;1;1;1;1;1992.0;0;2;14;8;2023;17;1;13;13028;2;3;1;3;43,18678000;5,60769000;4;2;2;0;1;1;1;0;1;50;0;Indemne
202300006732;155 668 598;43;0;2;8;1;1;203 835 305;1;1;1;1;1992.0;0;2;14;8;2023;17;1;13;13028;2;3;1;3;43,18678000;5,60769000;4;2;2;0;1;1;1;0;1;50;0;Indemne
202300006732;155 668 602;1;0;2;8;19;5;203 835 310;1;1;3;2;1965.0;1;8;14;8;2023;17;1;13;13028;2;3;1;3;43,18678000;5,60769000;4;2;2;0;1;1;1;0;1;50;0;Blessé hospitalisé
202300006732;155 668 602;1;0;2;8;19;5;203 835 310;1;1;3;2;1965.0;1;8;14;8;2023;17;1;13;13028;2;3;1;3;43,18678000;5,60769000;4;2;2;0;1;1;1;0;1;50;0;Blessé hospitalisé
202300006735;155 668 595;1;0;2;1;1;5;203 835 302;1;1;4;2;2008.0;5;2;21;3;2023;13;1;87;87085;2;2;1;3;45,82817000;1,28218000;1;1;1;0;1;1;1;5;1;50;1;Blessé léger
202300006735;155 668 595;1;0;2;1;1;5;203 835 302;1;1;4;2;2008.0;5;2;21;3;2023;13;1;87;87085;2;2;1;3;45,82817000;1,28218000;1;3;3;0;2;1;2;5;1;50;1;Blessé léger
202300006735;155 668 600;10;0;2;3;1;1;203 835 308;1;1;1;1;1979.0;4;1;21;3;2023;13;1;87;87085;2;2;1;3;45,82817000;1,28218000;1;1;1;0;1;1;1;5;1;50;1;Indemne
202300006735;155 668 600;10;0;2;3;1;1;203 835 308;1;1;1;1;1979.0;4;1;21;3;2023;13;1;87;87085;2;2;1;3;45,82817000;1,28218000;1;3;3;0;2;1;2;5;1;50;1;Indemne
202300006746;155 668 566;60;0;2;0;0;5;203 835 265;1;1;3;2;1994.0;0;8;16;8;2023;19;1;10;10387;2;3;1;6;48,30600000;4,05000000;4;2;2;0;1;1;1;0;1;50;2;Blessé hospitalisé
202300006746;155 668 566;60;0;2;0;0;5;203 835 265;1;1;3;2;1994.0;0;8;16;8;2023;19;1;10;10387;2;3;1;6;48,30600000;4,05000000;4;2;2;1;2;1;1;0;1;50;2;Blessé hospitalisé
202300006746;155 668 571;1;0;2;1;15;5;203 835 271;1;1;1;1;1965.0;0;8;16;8;2023;19;1;10;10387;2;3;1;6;48,30600000;4,05000000;4;2;2;0;1;1;1;0;1;50;2;Indemne
202300006746;155 668 571;1;0;2;1;15;5;203 835 271;1;1;1;1;1965.0;0;8;16;8;2023;19;1;10;10387;2;3;1;6;48,30600000;4,05000000;4;2;2;1;2;1;1;0;1;50;2;Indemne
202300006766;155 668 531;99;0;2;1;1;3;203 835 216;1;1;1;2;2003.0;1;2;5;6;2023;16;1;26;26362;2;1;1;1;44,92140000;4,90903000;4;2;2;1;1;1;1;0;1;50;0;Indemne
202300006766;155 668 534;1;0;2;0;23;5;203 835 219;1;1;3;2;1995.0;1;2;5;6;2023;16;1;26;26362;2;1;1;1;44,92140000;4,90903000;4;2;2;1;1;1;1;0;1;50;0;Blessé hospitalisé
202300006771;155 668 519;7;0;2;1;2;0;203 835 200;1;1;1;1;1986.0;0;1;18;8;2023;19;1;06;06088;1;1;1;1;43,71885000;7,18635000;7;3;4;0;1;2;1;0;1;70;4;Indemne
202300006771;155 668 524;1;0;2;1;5;5;203 835 204;1;1;3;1;1988.0;1;8;18;8;2023;19;1;06;06088;1;1;1;1;43,71885000;7,18635000;7;3;4;0;1;2;1;0;1;70;4;Blessé hospitalisé
202300006773;155 668 518;1;0;2;1;2;5;203 835 199;1;1;3;1;1954.0;5;2;5;6;2023;17;1;26;26198;2;1;1;2;44,53297230;4,73633051;2;2;2;0;1;1;1;0;1;50;0;Blessé hospitalisé
202300006773;155 668 523;7;0;2;6;2;1;203 835 205;1;1;1;1;2003.0;0;1;5;6;2023;17;1;26;26198;2;1;1;2;44,53297230;4,73633051;2;2;2;0;1;1;1;0;1;50;0;Indemne
202300006793;155 668 487;10;0;2;2;1;1;203 835 143;1;1;1;1;1966.0;1;1;6;6;2023;08;1;18;18279;2;1;1;1;47,20836000;2,05175000;3;2;2;0;1;1;1;0;3;50;1;Indemne
202300006793;155 668 488;1;0;2;1;5;5;203 835 147;1;1;3;1;1991.0;5;8;6;6;2023;08;1;18;18279;2;1;1;1;47,20836000;2,05175000;3;2;2;0;1;1;1;0;3;50;1;Blessé hospitalisé
202300006805;155 668 461;7;0;2;2;1;1;203 835 108;1;1;1;1;2002.0;5;1;20;3;2023;22;5;52;52121;2;1;1;1;48,10079157;5,14476849;3;2;2;1;1;1;1;0;1;50;0;Indemne
202300006805;155 668 463;1;0;2;1;5;5;203 835 112;1;1;3;2;2002.0;1;0;20;3;2023;22;5;52;52121;2;1;1;1;48,10079157;5,14476849;3;2;2;1;1;1;1;0;1;50;0;Blessé hospitalisé
202300006807;155 668 459;7;0;2;1;9;6;203 835 109;1;1;1;1;1982.0;5;1;23;5;2023;19;1;15;15014;2;6;1;2;44,92331900;2,44036000;4;2;2;0;2;3;1;0;1;30;1;Indemne
202300006807;155 668 466;1;0;2;4;1;5;203 835 116;1;1;4;1;2000.0;1;8;23;5;2023;19;1;15;15014;2;6;1;2;44,92331900;2,44036000;4;2;2;0;2;3;1;0;1;30;1;Blessé léger
202300006809;155 668 456;1;13;0;7;0;5;203 835 105;1;1;3;1;2000.0;5;2;10;7;2023;20;2;65;65467;1;1;1;6;42,98271400; -0,03703600;3;2;2;0;2;2;1;0;3;80;0;Blessé hospitalisé
202300006837;155 668 403;1;0;0;4;2;5;203 835 040;1;1;1;1;1984.0;1;2;16;8;2023;18;1;75;75106;2;3;1;2;48,85228500;2,33875300;4;1;4;3;1;1;1;0;1;30;2;Indemne
202300006837;155 668 406;50;0;0;4;2;3;203 835 044;1;1;4;1;2001.0;5;8;16;8;2023;18;1;75;75106;2;3;1;2;48,85228500;2,33875300;4;1;4;3;1;1;1;0;1;30;2;Blessé léger
202300006850;155 668 383;1;0;2;1;26;5;203 835 009;1;1;4;1;1986.0;0;8;19;1;2023;14;1;92;92048;2;1;1;2;48,80821540;2,24006720;4;2;2;0;1;1;1;2;1;30;3;Blessé léger
202300006850;155 668 385;7;0;2;4;26;1;203 835 011;1;1;1;1;1978.0;0;1;19;1;2023;14;1;92;92048;2;1;1;2;48,80821540;2,24006720;4;2;2;0;1;1;1;2;1;30;3;Indemne
202300006861;155 668 364;1;0;2;7;2;5;203 834 983;1;1;4;2;1949.0;5;2;24;11;2023;18;5;69;69387;2;3;2;3;45,75211000;4,84679000;4;1;1;2;1;1;2;8;1;30;4;Blessé léger
202300006861;155 668 364;1;0;2;7;2;5;203 834 983;1;1;4;2;1949.0;5;2;24;11;2023;18;5;69;69387;2;3;2;3;45,75211000;4,84679000;4;1;1;2;1;1;2;8;1;30;4;Blessé léger
202300006861;155 668 369;7;0;2;1;2;3;203 834 989;1;1;1;1;1988.0;1;1;24;11;2023;18;5;69;69387;2;3;2;3;45,75211000;4,84679000;4;1;1;2;1;1;2;8;1;30;4;Indemne
202300006861;155 668 369;7;0;2;1;2;3;203 834 989;1;1;1;1;1988.0;1;1;24;11;2023;18;5;69;69387;2;3;2;3;45,75211000;4,84679000;4;1;1;2;1;1;2;8;1;30;4;Indemne
202300006870;155 668 346;7;0;2;2;15;3;203 834 959;1;1;1;2;1996.0;5;8;18;8;2023;17;1;75;75115;2;2;1;3;48,83860500;2,28942500;4;2;2;0;1;1;1;0;5;30;4;Indemne
202300006870;155 668 346;7;0;2;2;15;3;203 834 959;1;1;1;2;1996.0;5;8;18;8;2023;17;1;75;75115;2;2;1;3;48,83860500;2,28942500;4;2;2;1;1;1;1;0;5;30;4;Indemne