Num_Acc;id_vehicule;catv;obs;obsm;choc;manv;motor;id_usager;place;catu;grav;sexe;an_nais;trajet;secu1;jour;mois;an;hrmn;lum;dep;com;agg;int;atm;col;lat;long;catr;circ;nbv;vosp;prof;plan;surf;infra;situ;vma;day_of_week;gravity
202300006870;155 668 349;1;0;2;1;1;5;203 834 962;1;1;4;1;1995.0;1;8;18;8;2023;17;1;75;75115;2;2;1;3;48,83860500;2,28942500;4;2;2;0;1;1;1;0;5;30;4;Blessé léger
202300006870;155 668 349;1;0;2;1;1;5;203 834 962;1;1;4;1;1995.0;1;8;18;8;2023;17;1;75;75115;2;2;1;3;48,83860500;2,28942500;4;2;2;1;1;1;1;0;5;30;4;Blessé léger
202300006874;155 668 335;7;0;2;1;1;2;203 834 944;1;1;1;1;1975.0;9;1;16;8;2023;23;5;75;75114;2;2;1;3;48,83274100;2,31150900;4;1;3;1;1;1;1;0;1;30;2;Indemne
202300006874;155 668 335;7;0;2;1;1;2;203 834 944;1;1;1;1;1975.0;9;1;16;8;2023;23;5;75;75114;2;2;1;3;48,83274100;2,31150900;4;1;3;0;1;1;1;0;1;30;2;Indemne
202300006874;155 668 335;7;0;2;1;1;2;203 834 946;2;2;1;2;1997.0;9;1;16;8;2023;23;5;75;75114;2;2;1;3;48,83274100;2,31150900;4;1;3;1;1;1;1;0;1;30;2;Indemne
202300006874;155 668 335;7;0;2;1;1;2;203 834 946;2;2;1;2;1997.0;9;1;16;8;2023;23;5;75;75114;2;2;1;3;48,83274100;2,31150900;4;1;3;0;1;1;1;0;1;30;2;Indemne
202300006874;155 668 341;1;0;2;4;1;5;203 834 953;1;1;4;1;1995.0;9;8;16;8;2023;23;5;75;75114;2;2;1;3;48,83274100;2,31150900;4;1;3;1;1;1;1;0;1;30;2;Blessé léger
202300006874;155 668 341;1;0;2;4;1;5;203 834 953;1;1;4;1;1995.0;9;8;16;8;2023;23;5;75;75114;2;2;1;3;48,83274100;2,31150900;4;1;3;0;1;1;1;0;1;30;2;Blessé léger
202300006889;155 668 308;7;0;2;2;1;1;203 834 910;1;1;1;1;2004.0;0;1;2;6;2023;13;1;01;01053;2;3;1;3;46,19938000;5,22599000;4;2;2;0;1;1;1;0;1;50;4;Indemne
202300006889;155 668 308;7;0;2;2;1;1;203 834 910;1;1;1;1;2004.0;0;1;2;6;2023;13;1;01;01053;2;3;1;3;46,19938000;5,22599000;4;2;2;1;1;1;1;0;1;50;4;Indemne
202300006889;155 668 314;1;0;2;3;15;5;203 834 918;1;1;4;1;2005.0;0;8;2;6;2023;13;1;01;01053;2;3;1;3;46,19938000;5,22599000;4;2;2;0;1;1;1;0;1;50;4;Blessé léger
202300006889;155 668 314;1;0;2;3;15;5;203 834 918;1;1;4;1;2005.0;0;8;2;6;2023;13;1;01;01053;2;3;1;3;46,19938000;5,22599000;4;2;2;1;1;1;1;0;1;50;4;Blessé léger
202300006905;155 668 281;1;0;2;2;15;5;203 834 877;1;1;1;1;1984.0;9;8;6;6;2023;00;5;75;75105;2;3;1;3;48,85143200;2,35042200;4;2;2;1;1;1;1;0;5;30;1;Indemne
202300006905;155 668 285;1;0;2;1;1;5;203 834 882;1;1;4;1;1993.0;9;8;6;6;2023;00;5;75;75105;2;3;1;3;48,85143200;2,35042200;4;2;2;1;1;1;1;0;5;30;1;Blessé léger
202300006908;155 668 272;7;0;2;4;23;2;203 834 861;1;1;1;1;1979.0;4;1;16;8;2023;19;1;75;75112;2;3;1;2;48,84581000;2,37245100;4;1;2;0;1;1;1;0;1;30;2;Indemne
202300006908;155 668 274;1;1;0;1;1;5;203 834 863;1;1;3;1;1973.0;9;2;16;8;2023;19;1;75;75112;2;3;1;2;48,84581000;2,37245100;4;1;2;0;1;1;1;0;1;30;2;Blessé hospitalisé
202300006913;155 668 266;7;0;2;3;22;1;203 834 856;1;1;1;1;1976.0;4;8;5;6;2023;12;1;75;75106;2;1;1;3;48,84922200;2,34200700;4;2;2;0;2;1;1;0;1;30;0;Indemne
202300006913;155 668 269;80;0;2;5;1;3;203 834 859;1;1;4;1;1975.0;5;2;5;6;2023;12;1;75;75106;2;1;1;3;48,84922200;2,34200700;4;2;2;0;2;1;1;0;1;30;0;Blessé léger
202300006937;155 668 219;1;0;2;1;1;5;203 834 792;1;1;4;2;1979.0;1;8;24;11;2023;12;1;91;91432;2;1;1;7;48,70065000;2,32467000;4;2;2;0;1;1;1;0;1;30;4;Blessé léger
202300006937;155 668 223;10;1;2;3;24;0;203 834 796;1;1;1;1;1970.0;5;8;24;11;2023;12;1;91;91432;2;1;1;7;48,70065000;2,32467000;4;2;2;0;1;1;1;0;1;30;4;Indemne
202300006969;155 668 161;10;0;9;1;1;1;203 834 714;1;1;1;1;1987.0;4;1;12;7;2023;13;1;38;38349;1;2;1;3;45,32823900;4,78160600;4;2;2;0;1;1;1;0;1;50;2;Indemne
202300006969;155 668 161;10;0;9;1;1;1;203 834 714;1;1;1;1;1987.0;4;1;12;7;2023;13;1;38;38349;1;2;1;3;45,32823900;4,78160600;4;2;2;0;1;1;1;0;1;70;2;Indemne
202300006969;155 668 167;1;0;2;8;19;5;203 834 721;1;1;3;1;1989.0;5;2;12;7;2023;13;1;38;38349;1;2;1;3;45,32823900;4,78160600;4;2;2;0;1;1;1;0;1;50;2;Blessé hospitalisé
202300006969;155 668 167;1;0;2;8;19;5;203 834 721;1;1;3;1;1989.0;5;2;12;7;2023;13;1;38;38349;1;2;1;3;45,32823900;4,78160600;4;2;2;0;1;1;1;0;1;70;2;Blessé hospitalisé
202300006987;155 668 128;1;0;2;1;17;5;203 834 671;1;1;4;1;1981.0;1;2;20;6;2023;19;1;94;94080;2;2;1;3;48,84841200;2,43453800;3;2;2;0;1;1;1;0;1;50;1;Blessé léger
202300006987;155 668 130;7;0;2;3;15;1;203 834 673;1;1;1;1;1980.0;0;1;20;6;2023;19;1;94;94080;2;2;1;3;48,84841200;2,43453800;3;2;2;0;1;1;1;0;1;50;1;Indemne
202300006995;155 668 112;1;0;2;2;15;5;203 834 649;1;1;4;2;1974.0;1;8;14;12;2023;08;5;89;89387;2;6;1;3;48,20546000;3,27762000;4;2;2;2;1;2;1;0;5;50;3;Blessé léger
202300006995;155 668 118;7;0;2;3;9;1;203 834 659;1;1;1;1;1944.0;3;1;14;12;2023;08;5;89;89387;2;6;1;3;48,20546000;3,27762000;4;2;2;2;1;2;1;0;5;50;3;Indemne
202300006996;155 668 111;7;11;2;1;21;1;203 834 647;1;1;1;1;1945.0;5;1;12;7;2023;15;1;17;17121;1;9;1;4;46,19833200; -1,42625700;3;2;2;1;1;3;1;9;5;50;2;Indemne
202300006996;155 668 115;1;0;2;7;19;5;203 834 653;1;1;3;1;2012.0;5;2;12;7;2023;15;1;17;17121;1;9;1;4;46,19833200; -1,42625700;3;2;2;1;1;3;1;9;5;50;2;Blessé hospitalisé
202300006996;155 668 117;7;0;2;5;23;1;203 834 657;1;1;1;1;1963.0;5;1;12;7;2023;15;1;17;17121;1;9;1;4;46,19833200; -1,42625700;3;2;2;1;1;3;1;9;5;50;2;Indemne
202300006996;155 668 117;7;0;2;5;23;1;203 834 658;2;2;1;2;1956.0;5;1;12;7;2023;15;1;17;17121;1;9;1;4;46,19833200; -1,42625700;3;2;2;1;1;3;1;9;5;50;2;Indemne
202300006998;155 668 110;7;0;2;7;23;0;203 834 646;1;1;1;1;1989.0;5;1;22;3;2023;19;5;94;94043;2;6;2;3;48,80969000;2,36264000;3;3;5;3;1;1;2;6;1;50;2;Indemne
202300006998;155 668 116;1;14;2;7;1;5;203 834 655;1;1;4;1;1996.0;5;8;22;3;2023;19;5;94;94043;2;6;2;3;48,80969000;2,36264000;3;3;5;3;1;1;2;6;1;50;2;Blessé léger
202300007029;155 668 052;1;0;2;6;15;5;203 834 572;1;1;4;1;2008.0;0;8;5;6;2023;22;5;94;94080;2;1;1;3;48,84456034;2,43964760;3;2;0;2;1;1;1;0;1;50;0;Blessé léger
202300007029;155 668 054;33;0;2;5;1;0;203 834 575;1;1;1;2;2000.0;0;2;5;6;2023;22;5;94;94080;2;1;1;3;48,84456034;2,43964760;3;2;0;2;1;1;1;0;1;50;0;Indemne
202300007034;155 668 046;1;0;2;0;0;5;203 834 567;1;1;4;1;1985.0;0;8;11;8;2023;19;2;94;94079;2;6;2;3;48,83168764;2,53342983;3;1;1;0;1;1;2;9;1;30;4;Blessé léger
202300007034;155 668 048;7;0;2;0;0;1;203 834 569;1;1;1;1;1983.0;0;1;11;8;2023;19;2;94;94079;2;6;2;3;48,83168764;2,53342983;3;1;1;0;1;1;2;9;1;30;4;Indemne
202300007035;155 668 043;7;0;2;1;1;1;203 834 559;1;1;1;1;1997.0;4;1;6;6;2023;13;1;94;94046;2;1;1;3;48,80256800;2,44709400;3;1;3;2;1;1;1;0;1;50;1;Indemne
202300007035;155 668 043;7;0;2;1;1;1;203 834 562;2;2;1;1;1996.0;0;1;6;6;2023;13;1;94;94046;2;1;1;3;48,80256800;2,44709400;3;1;3;2;1;1;1;0;1;50;1;Indemne
202300007035;155 668 045;1;0;2;7;26;5;203 834 566;1;1;3;2;1998.0;4;2;6;6;2023;13;1;94;94046;2;1;1;3;48,80256800;2,44709400;3;1;3;2;1;1;1;0;1;50;1;Blessé hospitalisé
202300007059;155 667 999;1;0;2;3;16;5;203 834 500;1;1;4;1;1978.0;5;0;6;6;2023;13;1;75;75112;2;2;1;3;48,84449400;2,43950000;4;2;2;0;1;1;1;0;1;50;1;Blessé léger
202300007059;155 668 001;7;0;2;3;16;1;203 834 502;1;1;1;1;1944.0;5;1;6;6;2023;13;1;75;75112;2;2;1;3;48,84449400;2,43950000;4;2;2;0;1;1;1;0;1;50;1;Indemne
202300007071;155 667 970;1;0;2;4;17;5;203 834 467;1;1;4;1;1997.0;3;8;19;8;2023;17;1;93;93055;2;3;7;1;48,89975000;2,39611000;3;1;1;2;1;1;1;0;1;50;5;Blessé léger
202300007071;155 667 974;7;0;2;3;2;1;203 834 471;1;1;1;1;1999.0;5;1;19;8;2023;17;1;93;93055;2;3;7;1;48,89975000;2,39611000;3;1;1;2;1;1;1;0;1;50;5;Indemne
202300007093;155 667 932;1;0;1;3;1;5;203 834 413;1;1;4;1;1994.0;1;8;22;3;2023;19;5;92;92062;2;1;1;6;48,88476571;2,23929450;4;1;1;2;1;1;1;0;1;50;2;Blessé léger
202300007093;155 667 932;1;0;1;3;1;5;203 834 415;10;3;4;2;1995.0;0;0;22;3;2023;19;5;92;92062;2;1;1;6;48,88476571;2,23929450;4;1;1;2;1;1;1;0;1;50;2;Blessé léger
202300007105;155 667 913;1;0;0;0;1;5;203 834 386;1;1;3;2;1991.0;1;8;6;6;2023;09;1;93;93008;2;1;1;7;48,90426000;2,45486000;4;2;2;0;1;1;1;0;1;50;1;Blessé hospitalisé
202300007109;155 667 907;13;0;0;0;2;1;203 834 381;1;1;1;1;1980.0;4;1;22;3;2023;13;1;92;92012;2;1;8;7;48,83226000;2,25954000;3;1;1;0;2;1;1;0;1;50;2;Indemne
202300007109;155 667 914;80;0;0;0;2;3;203 834 387;1;1;4;2;1983.0;4;8;22;3;2023;13;1;92;92012;2;1;8;7;48,83226000;2,25954000;3;1;1;0;2;1;1;0;1;50;2;Blessé léger
202300007117;155 667 895;1;0;2;1;26;5;203 834 363;1;1;3;1;1973.0;5;2;4;6;2023;18;1;92;92046;2;2;1;7;48,81179547;2,28074402;3;2;3;0;1;1;1;0;1;50;6;Blessé hospitalisé
202300007117;155 667 895;1;0;2;1;26;5;203 834 363;1;1;3;1;1973.0;5;2;4;6;2023;18;1;92;92046;2;2;1;7;48,81179547;2,28074402;3;1;1;0;2;1;1;5;1;50;6;Blessé hospitalisé
202300007117;155 667 900;7;0;2;3;15;1;203 834 367;1;1;1;2;1960.0;5;1;4;6;2023;18;1;92;92046;2;2;1;7;48,81179547;2,28074402;3;2;3;0;1;1;1;0;1;50;6;Indemne
202300007117;155 667 900;7;0;2;3;15;1;203 834 367;1;1;1;2;1960.0;5;1;4;6;2023;18;1;92;92046;2;2;1;7;48,81179547;2,28074402;3;1;1;0;2;1;1;5;1;50;6;Indemne
202300007178;155 667 801;33;0;2;2;0;1;203 834 235;1;1;1;1;1990.0;5;2;7;6;2023;22;5;974;97412;2;1;1;3; -21,38058100;55,60972500;2;2;2;0;1;1;2;0;1;50;2;Indemne
202300007178;155 667 803;1;0;0;6;0;5;203 834 237;1;1;3;1;2007.0;5;2;7;6;2023;22;5;974;97412;2;1;1;3; -21,38058100;55,60972500;2;2;2;0;1;1;2;0;1;50;2;Blessé hospitalisé
202300007216;155 667 743;7;0;9;2;19;1;203 834 155;1;1;1;2;1957.0;5;1;20;8;2023;11;1;24;24309;2;2;1;3;45,10065000;0,44446900;3;2;2;0;2;1;1;0;1;50;6;Indemne
202300007216;155 667 745;1;0;0;8;1;5;203 834 158;1;1;3;1;1978.0;5;2;20;8;2023;11;1;24;24309;2;2;1;3;45,10065000;0,44446900;3;2;2;0;2;1;1;0;1;50;6;Blessé hospitalisé
202300007223;155 667 732;1;0;2;4;1;5;203 834 143;1;1;3;1;1957.0;5;2;6;6;2023;16;1;42;42313;1;1;1;2;45,73281600;4,01017100;3;2;2;0;1;1;1;0;1;70;1;Blessé hospitalisé
202300007223;155 667 733;7;0;2;2;1;1;203 834 144;1;1;1;1;1981.0;0;8;6;6;2023;16;1;42;42313;1;1;1;2;45,73281600;4,01017100;3;2;2;0;1;1;1;0;1;70;1;Indemne
202300007231;155 667 714;1;0;0;7;1;5;203 834 114;1;1;3;2;1966.0;5;0;29;12;2023;10;1;44;44154;2;1;1;3;47,24459300; -2,15803600;4;2;2;1;1;1;2;0;5;50;4;Blessé hospitalisé
202300007231;155 667 717;7;0;9;2;1;1;203 834 117;1;1;1;1;1939.0;5;1;29;12;2023;10;1;44;44154;2;1;1;3;47,24459300; -2,15803600;4;2;2;1;1;1;2;0;5;50;4;Indemne
202300007232;155 667 713;1;0;2;9;1;5;203 834 113;1;1;3;2;2015.0;5;2;21;8;2023;11;1;71;71047;1;1;1;3;46,63128000;3,71886900;3;4;2;0;4;3;1;2;1;50;0;Blessé hospitalisé
202300007232;155 667 715;17;0;2;8;1;1;203 834 115;1;1;1;1;1963.0;4;1;21;8;2023;11;1;71;71047;1;1;1;3;46,63128000;3,71886900;3;4;2;0;4;3;1;2;1;50;0;Indemne
202300007242;155 667 699;1;6;0;0;1;5;203 834 094;1;1;2;1;1995.0;5;0;17;12;2023;07;5;69;69387;2;1;1;6;45,74988000;4,83535000;4;1;1;1;1;1;9;0;4;50;6;Tué
202300007246;155 667 692;7;0;9;1;1;1;203 834 083;1;1;1;2;1980.0;1;0;18;8;2023;07;1;68;68026;1;2;1;6;48,14120900;7,33943600;4;2;2;0;1;1;1;0;1;50;4;Indemne
202300007246;155 667 693;1;0;2;8;1;5;203 834 084;1;1;3;1;1973.0;5;2;18;8;2023;07;1;68;68026;1;2;1;6;48,14120900;7,33943600;4;2;2;0;1;1;1;0;1;50;4;Blessé hospitalisé
202300007256;155 667 677;1;0;2;1;1;5;203 834 060;1;1;3;1;1945.0;5;4;15;8;2023;14;1;86;86191;1;2;1;3;46,48689400;0,78723400;3;2;2;0;1;1;1;5;1;90;1;Blessé hospitalisé
202300007256;155 667 678;7;0;9;2;19;0;203 834 061;1;1;1;1;1963.0;5;8;15;8;2023;14;1;86;86191;1;2;1;3;46,48689400;0,78723400;3;2;2;0;1;1;1;5;1;90;1;Indemne
202300007283;155 667 632;1;0;2;1;19;5;203 833 987;1;1;3;1;1938.0;0;2;10;8;2023;11;1;56;56102;1;2;1;3;47,96515100; -2,61787900;3;2;2;0;1;1;1;0;1;80;3;Blessé hospitalisé
202300007283;155 667 633;33;0;2;2;1;1;203 833 988;1;1;4;1;1961.0;0;2;10;8;2023;11;1;56;56102;1;2;1;3;47,96515100; -2,61787900;3;2;2;0;1;1;1;0;1;80;3;Blessé léger
202300007316;155 667 576;7;0;2;1;1;1;203 833 903;1;1;1;2;1973.0;5;1;19;9;2023;12;1;49;49099;2;2;1;3;47,04740000; -0,84767000;4;2;2;0;1;1;1;0;1;50;1;Indemne
202300007316;155 667 576;7;0;2;1;1;1;203 833 903;1;1;1;2;1973.0;5;1;19;9;2023;12;1;49;49099;2;2;1;3;47,04740000; -0,84767000;4;2;2;0;1;1;1;0;5;50;1;Indemne
202300007316;155 667 579;1;0;2;5;1;5;203 833 906;1;1;4;1;1975.0;1;8;19;9;2023;12;1;49;49099;2;2;1;3;47,04740000; -0,84767000;4;2;2;0;1;1;1;0;1;50;1;Blessé léger
202300007316;155 667 579;1;0;2;5;1;5;203 833 906;1;1;4;1;1975.0;1;8;19;9;2023;12;1;49;49099;2;2;1;3;47,04740000; -0,84767000;4;2;2;0;1;1;1;0;5;50;1;Blessé léger
202300007317;155 667 575;1;0;0;7;26;5;203 833 902;1;1;4;1;2006.0;5;2;18;8;2023;15;1;65;65195;1;1;1;7;42,80840000;0,40122300;3;2;2;0;2;1;1;0;1;90;4;Blessé léger
202300007319;155 667 571;1;0;2;8;13;5;203 833 898;1;1;3;1;1985.0;5;2;17;8;2023;09;1;65;65039;1;1;1;3;42,92559300;0,34785000;3;2;2;0;2;1;1;0;1;80;3;Blessé hospitalisé
202300007319;155 667 573;10;0;2;2;17;1;203 833 900;1;1;1;1;1986.0;5;1;17;8;2023;09;1;65;65039;1;1;1;3;42,92559300;0,34785000;3;2;2;0;2;1;1;0;1;80;3;Indemne
202300007335;155 667 550;1;0;1;1;1;5;203 833 869;1;1;1;1;1993.0;5;2;20;9;2023;14;1;37;37261;2;1;1;6;47,39275000;0,67867000;4;2;2;0;1;1;1;0;1;50;2;Indemne
202300007335;155 667 550;1;0;1;1;1;5;203 833 870;10;3;4;2;1971.0;5;0;20;9;2023;14;1;37;37261;2;1;1;6;47,39275000;0,67867000;4;2;2;0;1;1;1;0;1;50;2;Blessé léger
202300007338;155 667 546;1;16;0;8;0;5;203 833 864;1;1;3;1;1944.0;5;2;20;8;2023;10;1;63;63097;1;1;1;7;45,49128896;3,06965785;3;2;2;0;1;1;1;0;3;90;6;Blessé hospitalisé
202300007346;155 667 527;1;0;2;1;2;5;203 833 839;1;1;3;1;1969.0;1;2;20;9;2023;17;1;13;13209;2;1;2;2;43,24652133;5,39568030;4;2;4;0;2;1;2;0;2;50;2;Blessé hospitalisé
202300007346;155 667 528;7;0;9;4;1;1;203 833 840;1;1;1;2;1982.0;1;1;20;9;2023;17;1;13;13209;2;1;2;2;43,24652133;5,39568030;4;2;4;0;2;1;2;0;2;50;2;Indemne
202300007347;155 667 525;80;0;2;3;9;3;203 833 837;1;1;4;2;1946.0;0;8;20;9;2023;17;1;11;11069;2;9;8;3;43,21193000;2,33005000;4;1;1;0;1;2;1;9;8;50;2;Blessé léger
202300007347;155 667 526;7;0;2;3;9;1;203 833 838;1;1;1;2;1947.0;0;1;20;9;2023;17;1;11;11069;2;9;8;3;43,21193000;2,33005000;4;1;1;0;1;2;1;9;8;50;2;Indemne
202300007366;155 667 495;7;0;2;8;22;3;203 833 803;1;1;1;1;1959.0;5;1;21;9;2023;18;1;75;75116;2;1;1;3;48,87002000;2,28618300;4;2;2;0;1;1;1;0;1;30;3;Indemne
202300007366;155 667 496;80;0;2;7;1;3;203 833 804;1;1;4;2;1990.0;5;2;21;9;2023;18;1;75;75116;2;1;1;3;48,87002000;2,28618300;4;2;2;0;1;1;1;0;1;30;3;Blessé léger
202300007368;155 667 491;7;0;2;2;15;1;203 833 799;1;1;1;1;1948.0;5;8;21;9;2023;15;1;75;75115;2;2;2;3;48,83686100;2,28358400;4;2;2;1;1;1;2;0;5;30;3;Indemne
202300007368;155 667 491;7;0;2;2;15;1;203 833 799;1;1;1;1;1948.0;5;8;21;9;2023;15;1;75;75115;2;2;2;3;48,83686100;2,28358400;4;1;1;0;2;1;2;0;5;30;3;Indemne
202300007368;155 667 492;80;0;2;1;1;3;203 833 800;1;1;4;1;2000.0;1;8;21;9;2023;15;1;75;75115;2;2;2;3;48,83686100;2,28358400;4;2;2;1;1;1;2;0;5;30;3;Blessé léger
202300007368;155 667 492;80;0;2;1;1;3;203 833 800;1;1;4;1;2000.0;1;8;21;9;2023;15;1;75;75115;2;2;2;3;48,83686100;2,28358400;4;1;1;0;2;1;2;0;5;30;3;Blessé léger
202300007370;155 667 487;10;0;2;3;22;1;203 833 795;1;1;1;1;1982.0;1;1;21;9;2023;08;1;75;75115;2;1;2;3;48,83903200;2,27828300;4;2;2;0;1;1;2;0;1;30;3;Indemne
202300007370;155 667 488;1;0;2;5;1;5;203 833 796;1;1;4;2;1964.0;9;8;21;9;2023;08;1;75;75115;2;1;2;3;48,83903200;2,27828300;4;2;2;0;1;1;2;0;1;30;3;Blessé léger
202300007374;155 667 481;7;0;2;7;22;2;203 833 786;3;2;1;2;1974.0;5;1;21;9;2023;17;1;75;75107;2;1;1;3;48,85994900;2,31620500;4;1;1;0;1;1;1;0;1;30;3;Indemne
202300007374;155 667 481;7;0;2;7;22;2;203 833 787;1;1;1;1;1989.0;1;1;21;9;2023;17;1;75;75107;2;1;1;3;48,85994900;2,31620500;4;1;1;0;1;1;1;0;1;30;3;Indemne
202300007374;155 667 481;7;0;2;7;22;2;203 833 788;4;2;1;2;1983.0;5;1;21;9;2023;17;1;75;75107;2;1;1;3;48,85994900;2,31620500;4;1;1;0;1;1;1;0;1;30;3;Indemne
202300007374;155 667 482;1;0;2;1;1;5;203 833 789;1;1;4;1;1979.0;1;8;21;9;2023;17;1;75;75107;2;1;1;3;48,85994900;2,31620500;4;1;1;0;1;1;1;0;1;30;3;Blessé léger
202300007377;155 667 477;1;0;0;3;1;5;203 833 782;1;1;4;2;1969.0;1;8;21;9;2023;07;1;75;75101;2;2;2;7;48,86198500;2,35016300;4;2;4;1;1;1;2;0;1;30;3;Blessé léger
202300007377;155 667 477;1;0;0;3;1;5;203 833 782;1;1;4;2;1969.0;1;8;21;9;2023;07;1;75;75101;2;2;2;7;48,86198500;2,35016300;4;1;2;0;1;1;2;6;1;30;3;Blessé léger
202300007379;155 667 473;1;0;2;1;2;5;203 833 778;1;1;4;1;2005.0;0;8;21;9;2023;11;1;94;94068;2;1;2;2;48,79555000;2,50881000;3;2;2;0;1;1;2;0;1;30;3;Blessé léger
202300007379;155 667 474;7;0;2;5;2;1;203 833 779;1;1;1;2;1974.0;1;1;21;9;2023;11;1;94;94068;2;1;2;2;48,79555000;2,50881000;3;2;2;0;1;1;2;0;1;30;3;Indemne
202300007411;155 667 422;7;0;2;3;9;0;203 833 710;1;1;1;1;1964.0;5;1;22;8;2023;19;1;91;91560;1;6;1;3;48,67501200;2,16807200;3;1;2;0;1;2;1;0;1;50;1;Indemne
202300007411;155 667 423;1;0;2;0;1;5;203 833 711;1;1;3;1;1935.0;5;2;22;8;2023;19;1;91;91560;1;6;1;3;48,67501200;2,16807200;3;1;2;0;1;2;1;0;1;50;1;Blessé hospitalisé
202300007417;155 667 412;7;0;9;8;13;1;203 833 698;1;1;1;1;1982.0;5;1;22;9;2023;14;1;63;63132;1;1;2;3;45,61750400;3,55030100;3;2;2;0;2;3;2;0;1;90;4;Indemne
202300007417;155 667 413;80;0;2;3;1;3;203 833 699;1;1;3;1;1945.0;5;0;22;9;2023;14;1;63;63132;1;1;2;3;45,61750400;3,55030100;3;2;2;0;2;3;2;0;1;90;4;Blessé hospitalisé
202300007431;155 667 391;1;0;2;1;0;5;203 833 670;1;1;3;1;1951.0;5;2;18;9;2023;15;1;43;43051;2;2;1;3;45,05566700;4,31346400;3;2;2;0;1;1;1;9;1;50;0;Blessé hospitalisé
202300007431;155 667 392;7;0;9;8;26;0;203 833 671;1;1;1;2;1988.0;2;1;18;9;2023;15;1;43;43051;2;2;1;3;45,05566700;4,31346400;3;2;2;0;1;1;1;9;1;50;0;Indemne
202300007447;155 667 364;1;0;2;1;17;5;203 833 633;1;1;4;1;1999.0;5;2;7;9;2023;16;1;01;01249;2;3;7;3;45,82323100;4,96672700;4;2;2;0;1;1;1;0;1;50;3;Blessé léger
202300007447;155 667 365;10;0;0;8;15;1;203 833 634;1;1;1;1;1985.0;4;1;7;9;2023;16;1;01;01249;2;3;7;3;45,82323100;4,96672700;4;2;2;0;1;1;1;0;1;50;3;Indemne
202300007449;155 667 360;1;0;2;7;9;5;203 833 627;1;1;4;1;1997.0;5;2;20;9;2023;19;1;33;33243;2;6;1;3;44,90319000; -0,22194700;3;2;2;0;1;1;1;0;1;50;2;Blessé léger
202300007449;155 667 361;7;0;2;3;1;1;203 833 628;1;1;1;2;1971.0;1;1;20;9;2023;19;1;33;33243;2;6;1;3;44,90319000; -0,22194700;3;2;2;0;1;1;1;0;1;50;2;Indemne
202300007482;155 667 301;1;0;4;8;1;5;203 833 558;1;1;4;2;1997.0;0;0;20;9;2023;14;1;69;69387;2;8;1;3;45,74781000;4,83360000;4;1;2;3;1;1;1;4;6;50;2;Blessé léger
202300007482;155 667 301;1;0;4;8;1;5;203 833 558;1;1;4;2;1997.0;0;0;20;9;2023;14;1;69;69387;2;8;1;3;45,74781000;4,83360000;4;2;1;1;1;1;1;4;6;30;2;Blessé léger
202300007482;155 667 302;40;0;2;1;1;3;203 833 559;1;1;1;1;1985.0;4;1;20;9;2023;14;1;69;69387;2;8;1;3;45,74781000;4,83360000;4;1;2;3;1;1;1;4;6;50;2;Indemne
202300007482;155 667 302;40;0;2;1;1;3;203 833 559;1;1;1;1;1985.0;4;1;20;9;2023;14;1;69;69387;2;8;1;3;45,74781000;4,83360000;4;2;1;1;1;1;1;4;6;30;2;Indemne
202300007507;155 667 252;14;0;2;7;2;1;203 833 499;1;1;1;1;1984.0;0;1;20;9;2023;10;1;64;64284;1;1;1;6;43,29335129; -0,41141063;3;2;2;0;1;1;1;0;1;70;2;Indemne
202300007507;155 667 253;80;0;2;8;2;3;203 833 500;1;1;4;2;1956.0;0;2;20;9;2023;10;1;64;64284;1;1;1;6;43,29335129; -0,41141063;3;2;2;0;1;1;1;0;1;70;2;Blessé léger
202300007508;155 667 250;7;0;2;2;1;1;203 833 497;1;1;1;2;1991.0;0;1;20;9;2023;08;1;64;64445;2;1;7;3;43,31125000; -0,36340000;4;3;3;0;1;1;1;0;5;50;2;Indemne
202300007508;155 667 251;80;0;2;7;19;3;203 833 498;1;1;4;2;1971.0;0;2;20;9;2023;08;1;64;64445;2;1;7;3;43,31125000; -0,36340000;4;3;3;0;1;1;1;0;5;50;2;Blessé léger
202300007537;155 667 202;1;0;2;1;1;5;203 833 430;1;1;1;1;1981.0;4;8;22;10;2023;17;1;75;75102;2;2;1;3;48,86441100;2,35152800;4;1;3;1;1;1;1;0;1;30;6;Indemne
202300007537;155 667 202;1;0;2;1;1;5;203 833 430;1;1;1;1;1981.0;4;8;22;10;2023;17;1;75;75102;2;2;1;3;48,86441100;2,35152800;4;1;3;1;1;1;1;0;1;30;6;Indemne
202300007537;155 667 203;34;0;2;3;1;1;203 833 431;1;1;4;1;1986.0;5;2;22;10;2023;17;1;75;75102;2;2;1;3;48,86441100;2,35152800;4;1;3;1;1;1;1;0;1;30;6;Blessé léger
202300007537;155 667 203;34;0;2;3;1;1;203 833 431;1;1;4;1;1986.0;5;2;22;10;2023;17;1;75;75102;2;2;1;3;48,86441100;2,35152800;4;1;3;1;1;1;1;0;1;30;6;Blessé léger
202300007540;155 667 198;7;0;2;3;1;2;203 833 424;1;1;1;1;1971.0;1;1;21;10;2023;22;5;94;94033;2;1;3;3;48,85711000;2,49183000;3;3;0;0;1;1;2;0;1;50;5;Indemne
202300007540;155 667 199;1;0;2;2;19;5;203 833 425;1;1;3;1;1958.0;5;8;21;10;2023;22;5;94;94033;2;1;3;3;48,85711000;2,49183000;3;3;0;0;1;1;2;0;1;50;5;Blessé hospitalisé