Num_Acc;id_vehicule;catv;obs;obsm;choc;manv;motor;id_usager;place;catu;grav;sexe;an_nais;trajet;secu1;jour;mois;an;hrmn;lum;dep;com;agg;int;atm;col;lat;long;catr;circ;nbv;vosp;prof;plan;surf;infra;situ;vma;day_of_week;gravity
202300007542;155 667 195;1;0;2;1;19;5;203 833 419;1;1;3;2;2000.0;0;8;22;10;2023;11;1;93;93055;2;1;1;3;48,89903700;2,40786500;3;2;2;1;2;1;2;1;5;50;6;Blessé hospitalisé
202300007542;155 667 196;32;0;2;1;1;1;203 833 420;2;2;4;2;2000.0;0;2;22;10;2023;11;1;93;93055;2;1;1;3;48,89903700;2,40786500;3;2;2;1;2;1;2;1;5;50;6;Blessé léger
202300007542;155 667 196;32;0;2;1;1;1;203 833 421;1;1;4;1;2001.0;0;2;22;10;2023;11;1;93;93055;2;1;1;3;48,89903700;2,40786500;3;2;2;1;2;1;2;1;5;50;6;Blessé léger
202300007547;155 667 185;7;0;2;3;2;1;203 833 406;1;1;1;1;1978.0;0;1;22;10;2023;11;1;93;93008;2;6;8;3;48,90955000;2,44572000;3;3;3;0;1;1;2;0;1;50;6;Indemne
202300007547;155 667 186;1;0;2;1;25;5;203 833 407;1;1;4;2;2007.0;0;2;22;10;2023;11;1;93;93008;2;6;8;3;48,90955000;2,44572000;3;3;3;0;1;1;2;0;1;50;6;Blessé léger
202300007556;155 667 170;1;0;2;1;19;5;203 833 387;1;1;1;1;2009.0;5;2;22;3;2023;18;2;19;19063;2;1;1;1;45,13837056;1,58181667;4;2;1;0;2;3;1;0;1;50;2;Indemne
202300007556;155 667 171;1;0;2;1;1;5;203 833 388;1;1;3;1;1980.0;3;0;22;3;2023;18;2;19;19063;2;1;1;1;45,13837056;1,58181667;4;2;1;0;2;3;1;0;1;50;2;Blessé hospitalisé
202300007563;155 667 160;2;0;9;1;1;1;203 833 373;1;1;1;1;2008.0;5;2;22;10;2023;13;1;68;68126;2;1;1;1;47,56542900;7,52702400;4;2;2;0;1;1;1;0;1;30;6;Indemne
202300007563;155 667 161;1;0;2;1;1;5;203 833 374;1;1;4;1;1960.0;5;2;22;10;2023;13;1;68;68126;2;1;1;1;47,56542900;7,52702400;4;2;2;0;1;1;1;0;1;30;6;Blessé léger
202300007566;155 667 154;1;0;2;4;2;5;203 833 367;1;1;4;1;1973.0;5;2;20;10;2023;10;2;29;29174;1;1;2;2;47,89751099; -4,30908530;3;2;2;0;1;1;2;0;1;80;4;Blessé léger
202300007566;155 667 155;10;0;2;2;2;1;203 833 368;1;1;1;1;1979.0;5;1;20;10;2023;10;2;29;29174;1;1;2;2;47,89751099; -4,30908530;3;2;2;0;1;1;2;0;1;80;4;Indemne
202300007574;155 667 142;7;0;2;7;19;1;203 833 352;1;1;1;1;1999.0;5;1;22;10;2023;14;1;14;14057;1;3;1;3;49,11575500; -0,25977600;3;2;2;0;1;1;1;0;1;80;6;Indemne
202300007574;155 667 142;7;0;2;7;19;1;203 833 352;1;1;1;1;1999.0;5;1;22;10;2023;14;1;14;14057;1;3;1;3;49,11575500; -0,25977600;3;2;2;0;1;1;1;0;8;80;6;Indemne
202300007574;155 667 143;1;0;2;2;1;5;203 833 353;1;1;3;1;1948.0;5;2;22;10;2023;14;1;14;14057;1;3;1;3;49,11575500; -0,25977600;3;2;2;0;1;1;1;0;1;80;6;Blessé hospitalisé
202300007574;155 667 143;1;0;2;2;1;5;203 833 353;1;1;3;1;1948.0;5;2;22;10;2023;14;1;14;14057;1;3;1;3;49,11575500; -0,25977600;3;2;2;0;1;1;1;0;8;80;6;Blessé hospitalisé
202300007586;155 667 125;7;0;2;3;15;2;203 833 322;1;1;1;1;1952.0;5;1;12;10;2023;07;2;974;97415;2;3;7;3; -21,04478126;55,22984147;3;3;2;0;2;1;1;5;1;50;3;Indemne
202300007586;155 667 126;1;0;2;3;1;5;203 833 323;1;1;3;2;1959.0;5;2;12;10;2023;07;2;974;97415;2;3;7;3; -21,04478126;55,22984147;3;3;2;0;2;1;1;5;1;50;3;Blessé hospitalisé
202300007593;155 667 113;7;0;9;2;2;1;203 833 305;1;1;1;1;1943.0;5;1;22;10;2023;11;1;63;63247;1;1;1;2;45,56651300;2,94864900;3;2;2;0;2;1;2;0;1;90;6;Indemne
202300007593;155 667 114;1;0;0;4;2;5;203 833 306;1;1;3;1;1956.0;5;2;22;10;2023;11;1;63;63247;1;1;1;2;45,56651300;2,94864900;3;2;2;0;2;1;2;0;1;90;6;Blessé hospitalisé
202300007621;155 667 061;7;0;2;1;1;1;203 833 225;1;1;1;1;1985.0;0;1;20;10;2023;08;1;973;97302;2;1;1;3;4,93477000; -52,30857000;3;2;2;0;1;1;1;0;1;50;4;Indemne
202300007621;155 667 062;1;0;2;4;19;5;203 833 226;1;1;4;1;2010.0;2;8;20;10;2023;08;1;973;97302;2;1;1;3;4,93477000; -52,30857000;3;2;2;0;1;1;1;0;1;50;4;Blessé léger
202300007676;155 666 967;1;0;1;1;1;5;203 833 099;10;3;4;1;2001.0;5;0;20;10;2023;16;1;75;75114;2;4;2;6;48,83445000;2,33344900;4;2;4;1;1;1;2;0;5;30;4;Blessé léger
202300007676;155 666 967;1;0;1;1;1;5;203 833 100;1;1;4;2;2001.0;5;8;20;10;2023;16;1;75;75114;2;4;2;6;48,83445000;2,33344900;4;2;4;1;1;1;2;0;5;30;4;Blessé léger
202300007693;155 666 940;1;0;2;1;1;5;203 833 063;1;1;4;1;1993.0;9;2;21;10;2023;01;5;92;92046;2;1;1;1;48,81933718;2,30435157;3;2;2;1;1;1;2;0;1;50;5;Blessé léger
202300007693;155 666 941;30;0;9;1;1;0;203 833 064;1;1;1;1;1997.0;9;2;21;10;2023;01;5;92;92046;2;1;1;1;48,81933718;2,30435157;3;2;2;1;1;1;2;0;1;50;5;Indemne
202300007714;155 666 902;7;0;2;3;15;1;203 833 009;1;1;1;1;1958.0;5;1;9;2;2023;07;2;31;31224;2;2;1;3;43,08225400;0,57525900;3;2;2;0;1;1;1;0;1;50;3;Indemne
202300007714;155 666 902;7;0;2;3;15;1;203 833 009;1;1;1;1;1958.0;5;1;9;2;2023;07;2;31;31224;2;2;1;3;43,08225400;0,57525900;3;2;2;0;1;2;1;0;1;50;3;Indemne
202300007714;155 666 903;1;0;2;8;1;5;203 833 010;1;1;3;2;1973.0;1;0;9;2;2023;07;2;31;31224;2;2;1;3;43,08225400;0,57525900;3;2;2;0;1;1;1;0;1;50;3;Blessé hospitalisé
202300007714;155 666 903;1;0;2;8;1;5;203 833 010;1;1;3;2;1973.0;1;0;9;2;2023;07;2;31;31224;2;2;1;3;43,08225400;0,57525900;3;2;2;0;1;2;1;0;1;50;3;Blessé hospitalisé
202300007735;155 666 865;1;0;0;8;1;5;203 832 964;1;1;2;1;1945.0;5;0;9;2;2023;17;2;81;81210;2;1;7;3;43,53234000;1,98610100;3;2;2;0;1;1;1;0;1;50;3;Tué
202300007735;155 666 866;10;0;9;2;1;1;203 832 965;1;1;1;1;1940.0;9;8;9;2;2023;17;2;81;81210;2;1;7;3;43,53234000;1,98610100;3;2;2;0;1;1;1;0;1;50;3;Indemne
202300007762;155 666 806;60;0;9;8;15;5;203 832 890;1;1;3;1;1987.0;1;0;8;2;2023;07;1;974;97416;2;9;1;6; -21,33069000;55,47751000;4;2;2;1;2;1;1;9;5;20;2;Blessé hospitalisé
202300007762;155 666 807;80;0;2;2;1;3;203 832 891;1;1;4;1;1980.0;1;8;8;2;2023;07;1;974;97416;2;9;1;6; -21,33069000;55,47751000;4;2;2;1;2;1;1;9;5;20;2;Blessé léger
202300007771;155 666 789;7;0;2;5;1;1;203 832 870;1;1;1;2;1952.0;5;1;7;2;2023;18;5;87;87085;2;1;1;6;45,82206000;1,21523000;3;3;4;1;2;1;1;0;1;50;1;Indemne
202300007771;155 666 790;80;0;2;0;1;3;203 832 871;1;1;3;2;1986.0;4;2;7;2;2023;18;5;87;87085;2;1;1;6;45,82206000;1,21523000;3;3;4;1;2;1;1;0;1;50;1;Blessé hospitalisé
202300007788;155 666 761;7;0;9;3;1;1;203 832 828;1;1;1;1;1974.0;0;1;7;2;2023;16;1;57;57491;2;1;7;3;49,24550000;6,03574000;4;2;2;0;2;1;1;0;1;50;1;Indemne
202300007788;155 666 762;1;0;2;7;19;5;203 832 829;1;1;3;1;2018.0;0;8;7;2;2023;16;1;57;57491;2;1;7;3;49,24550000;6,03574000;4;2;2;0;2;1;1;0;1;50;1;Blessé hospitalisé
202300007811;155 666 723;1;1;0;1;1;5;203 832 779;1;1;4;1;1975.0;1;8;8;2;2023;13;1;75;75113;2;3;1;3;48,82371540;2,36490101;4;1;2;1;1;1;1;0;5;30;2;Blessé léger
202300007811;155 666 723;1;1;0;1;1;5;203 832 779;1;1;4;1;1975.0;1;8;8;2;2023;13;1;75;75113;2;3;1;3;48,82371540;2,36490101;4;1;1;1;1;1;1;0;5;30;2;Blessé léger
202300007811;155 666 724;7;0;2;8;22;1;203 832 780;1;1;1;1;1962.0;4;8;8;2;2023;13;1;75;75113;2;3;1;3;48,82371540;2,36490101;4;1;2;1;1;1;1;0;5;30;2;Indemne
202300007811;155 666 724;7;0;2;8;22;1;203 832 780;1;1;1;1;1962.0;4;8;8;2;2023;13;1;75;75113;2;3;1;3;48,82371540;2,36490101;4;1;1;1;1;1;1;0;5;30;2;Indemne
202300007812;155 666 722;1;0;1;3;1;5;203 832 777;10;3;4;1;1967.0;5;0;8;2;2023;15;1;75;75112;2;1;1;6;48,84422000;2,41102500;4;2;6;1;1;1;1;0;5;30;2;Blessé léger
202300007812;155 666 722;1;0;1;3;1;5;203 832 778;1;1;1;1;1989.0;1;2;8;2;2023;15;1;75;75112;2;1;1;6;48,84422000;2,41102500;4;2;6;1;1;1;1;0;5;30;2;Indemne
202300007815;155 666 717;1;0;1;1;1;5;203 832 772;1;1;4;2;1986.0;9;8;8;2;2023;08;2;75;75111;2;3;1;6;48,85326600;2,38771700;4;2;2;1;1;1;1;0;5;30;2;Blessé léger
202300007816;155 666 716;1;0;1;4;5;5;203 832 769;1;1;1;1;1985.0;1;2;8;2;2023;13;1;75;75110;2;1;1;6;48,88111200;2,35333100;4;1;2;0;1;1;1;0;1;30;2;Indemne
202300007817;155 666 714;7;0;2;2;1;1;203 832 767;1;1;1;1;1973.0;5;1;7;2;2023;12;1;75;75108;2;2;1;3;48,87778890;2,31628597;4;1;1;1;1;1;1;0;1;30;1;Indemne
202300007817;155 666 715;1;0;2;3;19;5;203 832 768;1;1;4;2;2010.0;5;8;7;2;2023;12;1;75;75108;2;2;1;3;48,87778890;2,31628597;4;1;1;1;1;1;1;0;1;30;1;Blessé léger
202300007818;155 666 712;1;0;2;7;11;5;203 832 765;1;1;1;1;2004.0;9;8;8;2;2023;19;5;75;75101;2;3;1;3;48,86247620;2,35042781;4;2;5;1;1;1;1;5;5;30;2;Indemne
202300007818;155 666 712;1;0;2;7;11;5;203 832 765;1;1;1;1;2004.0;9;8;8;2;2023;19;5;75;75101;2;3;1;3;48,86247620;2,35042781;4;1;1;1;1;1;1;6;5;20;2;Indemne
202300007818;155 666 713;1;0;2;8;1;5;203 832 766;1;1;4;2;1979.0;1;2;8;2;2023;19;5;75;75101;2;3;1;3;48,86247620;2,35042781;4;2;5;1;1;1;1;5;5;30;2;Blessé léger
202300007818;155 666 713;1;0;2;8;1;5;203 832 766;1;1;4;2;1979.0;1;2;8;2;2023;19;5;75;75101;2;3;1;3;48,86247620;2,35042781;4;1;1;1;1;1;1;6;5;20;2;Blessé léger
202300007826;155 666 697;1;0;2;1;1;5;203 832 748;1;1;4;1;1975.0;0;2;8;2;2023;09;1;93;93070;2;2;1;3;48,91314000;2,32668000;4;2;2;0;1;1;1;0;1;50;2;Blessé léger
202300007826;155 666 698;7;0;0;3;1;1;203 832 749;1;1;1;1;1992.0;1;1;8;2;2023;09;1;93;93070;2;2;1;3;48,91314000;2,32668000;4;2;2;0;1;1;1;0;1;50;2;Indemne
202300007839;155 666 676;7;1;9;8;0;1;203 832 720;1;1;1;2;1944.0;0;8;8;2;2023;17;1;92;92051;2;2;1;6;48,89002522;2,27379978;4;2;2;1;1;1;1;0;1;30;2;Indemne
202300007839;155 666 677;1;1;0;1;0;5;203 832 721;1;1;4;1;1963.0;0;8;8;2;2023;17;1;92;92051;2;2;1;6;48,89002522;2,27379978;4;2;2;1;1;1;1;0;1;30;2;Blessé léger
202300007903;155 666 572;1;0;0;4;15;5;203 832 581;1;1;4;1;1974.0;0;0;3;5;2023;12;1;59;59129;1;3;1;3;50,50313700;3,17766700;3;2;2;1;1;1;1;0;1;80;2;Blessé léger
202300007903;155 666 573;15;0;2;2;1;1;203 832 582;1;1;1;1;1976.0;4;1;3;5;2023;12;1;59;59129;1;3;1;3;50,50313700;3,17766700;3;2;2;1;1;1;1;0;1;80;2;Indemne
202300007912;155 666 551;14;0;9;7;15;1;203 832 551;1;1;1;1;1988.0;4;1;28;2;2023;10;1;43;43040;2;3;1;3;45,29799200;3,38076900;3;1;1;0;1;1;1;0;1;50;1;Indemne
202300007912;155 666 552;1;0;2;1;19;5;203 832 552;1;1;3;1;1940.0;5;0;28;2;2023;10;1;43;43040;2;3;1;3;45,29799200;3,38076900;3;1;1;0;1;1;1;0;1;50;1;Blessé hospitalisé
202300007922;155 666 534;1;0;2;4;0;5;203 832 527;1;1;3;1;1938.0;5;2;1;5;2023;09;1;83;83126;2;6;1;3;43,08415000;5,86618000;3;2;2;0;1;1;1;0;1;50;0;Blessé hospitalisé
202300007922;155 666 534;1;0;2;4;0;5;203 832 527;1;1;3;1;1938.0;5;2;1;5;2023;09;1;83;83126;2;6;1;3;43,08415000;5,86618000;3;2;2;0;1;1;1;0;1;50;0;Blessé hospitalisé
202300007922;155 666 535;7;0;2;2;1;1;203 832 528;1;1;1;1;1941.0;3;1;1;5;2023;09;1;83;83126;2;6;1;3;43,08415000;5,86618000;3;2;2;0;1;1;1;0;1;50;0;Indemne
202300007922;155 666 535;7;0;2;2;1;1;203 832 528;1;1;1;1;1941.0;3;1;1;5;2023;09;1;83;83126;2;6;1;3;43,08415000;5,86618000;3;2;2;0;1;1;1;0;1;50;0;Indemne
202300007929;155 666 522;1;0;2;3;1;5;203 832 512;1;1;4;1;1969.0;5;2;1;5;2023;10;1;54;54099;2;3;1;3;49,24244700;5,93824500;3;2;2;0;1;1;1;0;1;50;0;Blessé léger
202300007929;155 666 523;7;0;2;2;15;1;203 832 513;1;1;1;2;1977.0;5;1;1;5;2023;10;1;54;54099;2;3;1;3;49,24244700;5,93824500;3;2;2;0;1;1;1;0;1;50;0;Indemne
202300007941;155 666 503;1;0;2;7;1;5;203 832 483;1;1;4;1;2013.0;5;8;30;4;2023;14;1;75;75116;2;2;1;3;48,86899700;2,29156900;4;2;4;3;1;1;1;0;6;30;6;Blessé léger
202300007941;155 666 503;1;0;2;7;1;5;203 832 483;1;1;4;1;2013.0;5;8;30;4;2023;14;1;75;75116;2;2;1;3;48,86899700;2,29156900;4;1;1;0;1;1;1;0;6;30;6;Blessé léger
202300007941;155 666 504;7;0;2;3;15;1;203 832 484;1;1;1;1;1961.0;4;1;30;4;2023;14;1;75;75116;2;2;1;3;48,86899700;2,29156900;4;2;4;3;1;1;1;0;6;30;6;Indemne
202300007941;155 666 504;7;0;2;3;15;1;203 832 484;1;1;1;1;1961.0;4;1;30;4;2023;14;1;75;75116;2;2;1;3;48,86899700;2,29156900;4;1;1;0;1;1;1;0;6;30;6;Indemne
202300007943;155 666 499;80;0;2;5;2;3;203 832 477;1;1;3;1;2004.0;5;8;29;4;2023;03;5;75;75101;2;1;1;3;48,86367200;2,32158500;4;1;3;3;1;1;1;1;1;30;5;Blessé hospitalisé
202300007943;155 666 500;37;0;2;5;2;1;203 832 478;1;1;1;1;1985.0;4;1;29;4;2023;03;5;75;75101;2;1;1;3;48,86367200;2,32158500;4;1;3;3;1;1;1;1;1;30;5;Indemne
202300007959;155 666 465;7;0;9;8;22;0;203 832 433;1;1;1;1;1969.0;5;1;1;5;2023;17;1;92;92012;2;1;1;3;48,83575100;2,24229200;3;2;2;0;1;1;1;0;1;50;0;Indemne
202300007959;155 666 466;1;1;2;1;22;5;203 832 434;1;1;4;1;2005.0;4;8;1;5;2023;17;1;92;92012;2;1;1;3;48,83575100;2,24229200;3;2;2;0;1;1;1;0;1;50;0;Blessé léger
202300008001;155 666 396;1;0;0;0;0;5;203 832 334;1;1;2;1;1948.0;5;2;2;5;2023;14;1;81;81105;1;1;1;7;43,77831000;1,98577900;4;2;2;0;1;1;1;0;3;50;1;Tué
202300008038;155 666 343;1;0;2;8;1;5;203 832 246;1;1;3;2;1989.0;5;0;7;6;2023;18;1;50;50111;1;1;1;3;49,03528300; -1,27846400;3;2;2;0;2;1;1;0;3;80;2;Blessé hospitalisé
202300008038;155 666 344;1;0;2;7;17;5;203 832 247;1;1;1;1;1990.0;5;0;7;6;2023;18;1;50;50111;1;1;1;3;49,03528300; -1,27846400;3;2;2;0;2;1;1;0;3;80;2;Indemne
202300008071;155 666 278;1;0;2;1;5;5;203 832 139;1;1;4;2;1971.0;1;8;24;11;2023;07;5;37;37214;2;4;2;3;47,41814000;0,66528000;4;2;4;1;1;1;2;0;5;50;4;Blessé léger
202300008071;155 666 278;1;0;2;1;5;5;203 832 139;1;1;4;2;1971.0;1;8;24;11;2023;07;5;37;37214;2;4;2;3;47,41814000;0,66528000;4;1;1;0;1;1;2;0;5;50;4;Blessé léger
202300008071;155 666 281;7;0;2;3;0;1;203 832 142;1;1;1;1;1964.0;1;1;24;11;2023;07;5;37;37214;2;4;2;3;47,41814000;0,66528000;4;2;4;1;1;1;2;0;5;50;4;Indemne
202300008071;155 666 281;7;0;2;3;0;1;203 832 142;1;1;1;1;1964.0;1;1;24;11;2023;07;5;37;37214;2;4;2;3;47,41814000;0,66528000;4;1;1;0;1;1;2;0;5;50;4;Indemne
202300008074;155 666 270;1;0;2;1;1;5;203 832 123;1;1;4;1;1980.0;0;8;24;11;2023;17;2;35;35238;2;2;1;3;48,09590000; -1,66150000;4;2;2;2;1;1;1;0;1;30;4;Blessé léger
202300008074;155 666 270;1;0;2;1;1;5;203 832 123;1;1;4;1;1980.0;0;8;24;11;2023;17;2;35;35238;2;2;1;3;48,09590000; -1,66150000;4;2;2;2;1;1;1;0;1;30;4;Blessé léger
202300008074;155 666 274;7;0;2;3;15;1;203 832 125;1;1;1;2;1942.0;9;1;24;11;2023;17;2;35;35238;2;2;1;3;48,09590000; -1,66150000;4;2;2;2;1;1;1;0;1;30;4;Indemne
202300008074;155 666 274;7;0;2;3;15;1;203 832 125;1;1;1;2;1942.0;9;1;24;11;2023;17;2;35;35238;2;2;1;3;48,09590000; -1,66150000;4;2;2;2;1;1;1;0;1;30;4;Indemne
202300008120;155 666 183;7;0;9;5;18;1;203 832 011;1;1;1;2;1959.0;0;1;29;4;2023;11;1;22;22113;2;1;1;2;48,73455000; -3,44430000;4;4;1;2;1;3;1;5;5;50;5;Indemne
202300008120;155 666 185;1;0;2;8;2;5;203 832 015;1;1;3;1;1947.0;5;2;29;4;2023;11;1;22;22113;2;1;1;2;48,73455000; -3,44430000;4;4;1;2;1;3;1;5;5;50;5;Blessé hospitalisé
202300008148;155 666 129;7;0;2;1;1;1;203 831 946;1;1;1;1;1971.0;1;1;30;4;2023;07;1;75;75120;2;1;1;3;48,85515200;2,40614100;4;2;2;0;1;2;1;0;1;30;6;Indemne
202300008148;155 666 132;1;0;2;1;1;5;203 831 949;1;1;4;2;1950.0;9;2;30;4;2023;07;1;75;75120;2;1;1;3;48,85515200;2,40614100;4;2;2;0;1;2;1;0;1;30;6;Blessé léger
202300008153;155 666 122;1;12;0;1;16;5;203 831 937;1;1;4;1;2001.0;5;8;30;4;2023;05;5;75;75119;2;3;1;6;48,88295600;2,37061300;4;2;4;1;1;1;1;0;5;30;6;Blessé léger
202300008153;155 666 122;1;12;0;1;16;5;203 831 937;1;1;4;1;2001.0;5;8;30;4;2023;05;5;75;75119;2;3;1;6;48,88295600;2,37061300;4;1;2;1;1;1;1;0;5;30;6;Blessé léger
202300008165;155 666 101;1;0;2;6;23;5;203 831 908;1;1;1;1;1994.0;5;2;30;4;2023;16;1;75;75113;2;1;1;2;48,82938800;2,35632000;4;3;6;1;1;1;1;0;5;30;6;Indemne
202300008165;155 666 102;50;0;2;2;2;3;203 831 909;1;1;4;2;1996.0;5;8;30;4;2023;16;1;75;75113;2;1;1;2;48,82938800;2,35632000;4;3;6;1;1;1;1;0;5;30;6;Blessé léger
202300008165;155 666 102;50;0;2;2;2;3;203 831 910;2;2;1;2;2003.0;5;8;30;4;2023;16;1;75;75113;2;1;1;2;48,82938800;2,35632000;4;3;6;1;1;1;1;0;5;30;6;Indemne
202300008168;155 666 095;32;0;2;3;1;1;203 831 900;1;1;1;1;1989.0;5;2;30;4;2023;18;1;75;75112;2;1;1;3;48,84127600;2,37338700;4;1;3;0;1;1;1;0;1;50;6;Indemne
202300008168;155 666 096;1;0;2;2;12;5;203 831 901;1;1;4;2;1998.0;5;8;30;4;2023;18;1;75;75112;2;1;1;3;48,84127600;2,37338700;4;1;3;0;1;1;1;0;1;50;6;Blessé léger
202300008192;155 666 044;7;0;2;5;16;1;203 831 834;1;1;1;2;1985.0;0;8;30;4;2023;20;5;93;93055;2;3;1;3;48,89176000;2,40643000;3;2;2;0;1;1;1;0;8;30;6;Indemne
202300008192;155 666 044;7;0;2;5;16;1;203 831 834;1;1;1;2;1985.0;0;8;30;4;2023;20;5;93;93055;2;3;1;3;48,89176000;2,40643000;3;3;4;1;1;1;1;0;5;30;6;Indemne
202300008192;155 666 046;1;0;2;1;1;5;203 831 837;1;1;4;1;1973.0;0;2;30;4;2023;20;5;93;93055;2;3;1;3;48,89176000;2,40643000;3;2;2;0;1;1;1;0;8;30;6;Blessé léger
202300008192;155 666 046;1;0;2;1;1;5;203 831 837;1;1;4;1;1973.0;0;2;30;4;2023;20;5;93;93055;2;3;1;3;48,89176000;2,40643000;3;3;4;1;1;1;1;0;5;30;6;Blessé léger
202300008210;155 666 006;1;0;2;8;2;5;203 831 788;2;2;4;1;2014.0;5;2;22;11;2023;17;3;75;75114;2;2;1;3;48,83369500;2,33192000;4;2;4;3;1;1;1;0;1;30;2;Blessé léger
202300008210;155 666 006;1;0;2;8;2;5;203 831 788;2;2;4;1;2014.0;5;2;22;11;2023;17;3;75;75114;2;2;1;3;48,83369500;2,33192000;4;1;3;0;1;1;1;0;1;30;2;Blessé léger
202300008210;155 666 006;1;0;2;8;2;5;203 831 789;1;1;1;1;1976.0;5;2;22;11;2023;17;3;75;75114;2;2;1;3;48,83369500;2,33192000;4;2;4;3;1;1;1;0;1;30;2;Indemne
202300008210;155 666 006;1;0;2;8;2;5;203 831 789;1;1;1;1;1976.0;5;2;22;11;2023;17;3;75;75114;2;2;1;3;48,83369500;2,33192000;4;1;3;0;1;1;1;0;1;30;2;Indemne
202300008210;155 666 010;7;0;2;7;16;3;203 831 793;1;1;1;1;1982.0;1;1;22;11;2023;17;3;75;75114;2;2;1;3;48,83369500;2,33192000;4;2;4;3;1;1;1;0;1;30;2;Indemne
202300008210;155 666 010;7;0;2;7;16;3;203 831 793;1;1;1;1;1982.0;1;1;22;11;2023;17;3;75;75114;2;2;1;3;48,83369500;2,33192000;4;1;3;0;1;1;1;0;1;30;2;Indemne
202300008226;155 665 983;1;0;1;1;17;5;203 831 754;1;1;1;1;1987.0;1;2;24;11;2023;08;1;75;75111;2;3;1;6;48,85359100;2,38040600;4;1;2;0;1;1;1;0;1;30;4;Indemne
202300008226;155 665 983;1;0;1;1;17;5;203 831 757;10;3;4;1;1987.0;9;0;24;11;2023;08;1;75;75111;2;3;1;6;48,85359100;2,38040600;4;1;2;0;1;1;1;0;1;30;4;Blessé léger
202300008233;155 665 966;7;0;2;1;1;1;203 831 732;1;1;1;1;1966.0;9;1;24;11;2023;17;2;75;75110;2;3;1;1;48,88064000;2,36201700;4;4;4;1;1;1;2;0;5;30;4;Indemne
202300008233;155 665 969;1;0;2;1;1;5;203 831 736;1;1;4;2;1978.0;5;8;24;11;2023;17;2;75;75110;2;3;1;1;48,88064000;2,36201700;4;4;4;1;1;1;2;0;5;30;4;Blessé léger
202300008239;155 665 953;1;0;2;1;21;5;203 831 719;1;1;4;1;1956.0;5;2;10;7;2023;08;1;87;87085;1;1;1;6;45,86109200;1,17294500;3;2;2;0;2;1;1;0;1;80;0;Blessé léger
202300008239;155 665 956;10;0;2;8;10;1;203 831 723;1;1;1;1;2000.0;4;1;10;7;2023;08;1;87;87085;1;1;1;6;45,86109200;1,17294500;3;2;2;0;2;1;1;0;1;80;0;Indemne
202300008254;155 665 927;1;0;2;8;19;5;203 831 681;1;1;3;1;1969.0;5;0;13;3;2023;14;1;74;74010;2;1;1;3;45,88976200;6,11492700;4;2;2;0;1;1;1;0;1;50;0;Blessé hospitalisé
202300008254;155 665 931;7;0;9;3;1;1;203 831 684;1;1;1;1;1986.0;5;8;13;3;2023;14;1;74;74010;2;1;1;3;45,88976200;6,11492700;4;2;2;0;1;1;1;0;1;50;0;Indemne
202300008258;155 665 919;1;0;2;8;1;5;203 831 670;1;1;4;1;1997.0;9;8;24;11;2023;19;5;94;94002;2;9;1;3;48,81452962;2,41119843;3;2;1;0;1;1;1;0;1;50;4;Blessé léger
202300008258;155 665 920;7;0;2;2;16;1;203 831 672;1;1;1;2;1971.0;0;1;24;11;2023;19;5;94;94002;2;9;1;3;48,81452962;2,41119843;3;2;1;0;1;1;1;0;1;50;4;Indemne
202300008282;155 665 878;10;0;2;6;15;1;203 831 605;1;1;1;1;1992.0;1;1;5;6;2023;11;1;75;75115;2;2;1;3;48,84811000;2,29012300;4;1;1;1;1;1;1;0;1;30;0;Indemne
202300008282;155 665 878;10;0;2;6;15;1;203 831 605;1;1;1;1;1992.0;1;1;5;6;2023;11;1;75;75115;2;2;1;3;48,84811000;2,29012300;4;1;1;1;1;1;1;0;1;30;0;Indemne
202300008282;155 665 881;1;0;2;7;1;5;203 831 608;1;1;4;2;1992.0;1;8;5;6;2023;11;1;75;75115;2;2;1;3;48,84811000;2,29012300;4;1;1;1;1;1;1;0;1;30;0;Blessé léger
202300008282;155 665 881;1;0;2;7;1;5;203 831 608;1;1;4;2;1992.0;1;8;5;6;2023;11;1;75;75115;2;2;1;3;48,84811000;2,29012300;4;1;1;1;1;1;1;0;1;30;0;Blessé léger
202300008295;155 665 856;7;0;2;2;19;1;203 831 580;1;1;1;2;1992.0;4;1;21;3;2023;18;1;36;36123;2;2;1;3;46,82118999;1,20929539;3;2;2;0;1;2;1;0;1;50;1;Indemne
202300008295;155 665 861;1;0;2;1;1;5;203 831 587;1;1;3;2;1954.0;5;0;21;3;2023;18;1;36;36123;2;2;1;3;46,82118999;1,20929539;3;2;2;0;1;2;1;0;1;50;1;Blessé hospitalisé
202300008298;155 665 849;7;0;2;1;1;1;203 831 569;1;1;1;1;1946.0;5;1;10;7;2023;14;1;64;64373;2;3;1;3;43,27680000; -0,35693000;4;2;3;1;1;1;1;0;1;50;0;Indemne
202300008298;155 665 849;7;0;2;1;1;1;203 831 569;1;1;1;1;1946.0;5;1;10;7;2023;14;1;64;64373;2;3;1;3;43,27680000; -0,35693000;4;2;3;1;1;1;1;0;1;50;0;Indemne
202300008298;155 665 852;1;0;2;8;19;5;203 831 572;1;1;4;1;2013.0;5;2;10;7;2023;14;1;64;64373;2;3;1;3;43,27680000; -0,35693000;4;2;3;1;1;1;1;0;1;50;0;Blessé léger