Num_Acc;id_vehicule;catv;obs;obsm;choc;manv;motor;id_usager;place;catu;grav;sexe;an_nais;trajet;secu1;jour;mois;an;hrmn;lum;dep;com;agg;int;atm;col;lat;long;catr;circ;nbv;vosp;prof;plan;surf;infra;situ;vma;day_of_week;gravity
202300008715;155 665 133;1;0;2;4;1;5;203 830 619;1;1;3;2;1963.0;5;2;8;7;2023;09;1;26;26146;1;3;1;3;44,41905300;4,89800300;3;2;2;0;1;3;1;5;1;80;5;Blessé hospitalisé
202300008715;155 665 133;1;0;2;4;1;5;203 830 619;1;1;3;2;1963.0;5;2;8;7;2023;09;1;26;26146;1;3;1;3;44,41905300;4,89800300;3;3;1;0;1;3;1;5;1;80;5;Blessé hospitalisé
202300008751;155 665 064;1;0;0;0;1;5;203 830 529;1;1;3;1;2007.0;5;0;10;7;2023;18;1;85;85025;1;1;1;7;46,94858400; -1,17550300;4;2;2;0;2;2;1;2;1;80;0;Blessé hospitalisé
202300008773;155 665 021;1;0;2;7;1;5;203 830 468;1;1;4;2;1998.0;1;0;21;3;2023;12;1;35;35238;2;6;1;3;48,09010445; -1,69091552;4;3;2;2;1;1;1;0;5;50;1;Blessé léger
202300008773;155 665 024;7;0;2;1;9;1;203 830 472;1;1;1;1;1975.0;4;1;21;3;2023;12;1;35;35238;2;6;1;3;48,09010445; -1,69091552;4;3;2;2;1;1;1;0;5;50;1;Indemne
202300008786;155 664 997;15;0;2;7;16;1;203 830 437;1;1;1;1;1989.0;5;1;10;7;2023;17;1;38;38027;2;6;1;3;45,43491500;6,00140000;3;1;1;0;1;3;1;0;1;50;0;Indemne
202300008786;155 665 000;1;0;2;3;23;5;203 830 440;1;1;4;1;2015.0;5;2;10;7;2023;17;1;38;38027;2;6;1;3;45,43491500;6,00140000;3;1;1;0;1;3;1;0;1;50;0;Blessé léger
202300008790;155 664 988;7;0;9;3;15;1;203 830 427;1;1;1;2;1987.0;5;1;23;11;2023;08;1;63;63300;2;3;1;1;45,89004795;3,11985165;4;2;2;0;1;1;1;0;1;50;3;Indemne
202300008790;155 664 988;7;0;9;3;15;1;203 830 427;1;1;1;2;1987.0;5;1;23;11;2023;08;1;63;63300;2;3;1;1;45,89004795;3,11985165;4;2;2;1;1;1;1;0;1;50;3;Indemne
202300008790;155 664 994;1;0;2;1;0;5;203 830 434;1;1;4;2;1983.0;1;8;23;11;2023;08;1;63;63300;2;3;1;1;45,89004795;3,11985165;4;2;2;0;1;1;1;0;1;50;3;Blessé léger
202300008790;155 664 994;1;0;2;1;0;5;203 830 434;1;1;4;2;1983.0;1;8;23;11;2023;08;1;63;63300;2;3;1;1;45,89004795;3,11985165;4;2;2;1;1;1;1;0;1;50;3;Blessé léger
202300008797;155 664 975;1;0;2;1;15;5;203 830 398;1;1;3;1;1971.0;3;0;19;8;2023;10;1;64;64371;2;1;1;1;43,22575500; -0,87861100;3;2;2;0;1;1;1;0;1;50;5;Blessé hospitalisé
202300008797;155 664 977;7;0;9;3;1;1;203 830 403;1;1;1;1;1948.0;3;1;19;8;2023;10;1;64;64371;2;1;1;1;43,22575500; -0,87861100;3;2;2;0;1;1;1;0;1;50;5;Indemne
202300008810;155 664 956;1;0;2;4;2;5;203 830 349;1;1;2;2;1950.0;5;2;17;8;2023;09;1;64;64516;1;1;1;4;43,32915000; -0,17366800;3;2;2;0;2;3;1;0;1;80;3;Tué
202300008810;155 664 959;7;0;2;2;2;1;203 830 356;1;1;1;1;1982.0;4;1;17;8;2023;09;1;64;64516;1;1;1;4;43,32915000; -0,17366800;3;2;2;0;2;3;1;0;1;80;3;Indemne
202300008810;155 664 962;1;0;2;4;2;5;203 830 361;1;1;3;1;1948.0;5;2;17;8;2023;09;1;64;64516;1;1;1;4;43,32915000; -0,17366800;3;2;2;0;2;3;1;0;1;80;3;Blessé hospitalisé
202300008816;155 664 937;1;0;2;1;1;5;203 830 303;1;1;3;1;1982.0;5;0;17;8;2023;07;1;73;73010;2;2;1;3;45,78510000;5,94075000;3;2;2;0;1;1;1;0;1;30;3;Blessé hospitalisé
202300008816;155 664 937;1;0;2;1;1;5;203 830 303;1;1;3;1;1982.0;5;0;17;8;2023;07;1;73;73010;2;2;1;3;45,78510000;5,94075000;3;2;2;0;2;1;1;0;1;30;3;Blessé hospitalisé
202300008816;155 664 941;7;0;2;6;1;1;203 830 310;1;1;1;1;1975.0;1;1;17;8;2023;07;1;73;73010;2;2;1;3;45,78510000;5,94075000;3;2;2;0;1;1;1;0;1;30;3;Indemne
202300008816;155 664 941;7;0;2;6;1;1;203 830 310;1;1;1;1;1975.0;1;1;17;8;2023;07;1;73;73010;2;2;1;3;45,78510000;5,94075000;3;2;2;0;2;1;1;0;1;30;3;Indemne
202300008849;155 664 882;7;0;2;2;15;2;203 830 236;1;1;1;2;1949.0;0;1;22;11;2023;20;5;54;54304;2;4;1;1;48,68460000;6,15398000;4;2;3;0;1;2;1;5;1;50;2;Indemne
202300008849;155 664 882;7;0;2;2;15;2;203 830 236;1;1;1;2;1949.0;0;1;22;11;2023;20;5;54;54304;2;4;1;1;48,68460000;6,15398000;4;2;5;0;1;1;1;5;1;50;2;Indemne
202300008849;155 664 882;7;0;2;2;15;2;203 830 236;1;1;1;2;1949.0;0;1;22;11;2023;20;5;54;54304;2;4;1;1;48,68460000;6,15398000;4;2;2;0;1;1;1;5;1;50;2;Indemne
202300008849;155 664 889;1;0;2;2;1;5;203 830 242;1;1;4;1;2002.0;9;8;22;11;2023;20;5;54;54304;2;4;1;1;48,68460000;6,15398000;4;2;3;0;1;2;1;5;1;50;2;Blessé léger
202300008849;155 664 889;1;0;2;2;1;5;203 830 242;1;1;4;1;2002.0;9;8;22;11;2023;20;5;54;54304;2;4;1;1;48,68460000;6,15398000;4;2;5;0;1;1;1;5;1;50;2;Blessé léger
202300008849;155 664 889;1;0;2;2;1;5;203 830 242;1;1;4;1;2002.0;9;8;22;11;2023;20;5;54;54304;2;4;1;1;48,68460000;6,15398000;4;2;2;0;1;1;1;5;1;50;2;Blessé léger
202300008851;155 664 876;1;0;2;1;2;5;203 830 224;1;1;4;1;1967.0;5;2;15;8;2023;18;1;36;36171;2;1;1;3;47,06424382;2,03303935;3;2;2;0;2;1;1;0;1;50;1;Blessé léger
202300008851;155 664 879;7;0;2;5;23;1;203 830 229;2;2;1;1;1986.0;5;1;15;8;2023;18;1;36;36171;2;1;1;3;47,06424382;2,03303935;3;2;2;0;2;1;1;0;1;50;1;Indemne
202300008851;155 664 879;7;0;2;5;23;1;203 830 231;1;1;1;2;1985.0;5;1;15;8;2023;18;1;36;36171;2;1;1;3;47,06424382;2,03303935;3;2;2;0;2;1;1;0;1;50;1;Indemne
202300008881;155 664 821;1;0;0;8;1;5;203 830 159;1;1;2;1;1953.0;5;2;20;8;2023;10;1;21;21695;2;1;1;7;47,57061200;4,58025300;4;2;2;0;2;1;1;0;1;50;6;Tué
202300008883;155 664 819;7;0;9;3;1;2;203 830 156;1;1;1;1;1938.0;5;1;4;6;2023;23;4;91;91687;2;1;1;1;48,64999000;2,36865000;3;3;2;0;1;1;1;0;1;50;6;Indemne
202300008883;155 664 819;7;0;9;3;1;2;203 830 160;2;2;1;2;1935.0;5;1;4;6;2023;23;4;91;91687;2;1;1;1;48,64999000;2,36865000;3;3;2;0;1;1;1;0;1;50;6;Indemne
202300008883;155 664 824;1;0;2;1;5;5;203 830 162;1;1;4;1;1989.0;0;8;4;6;2023;23;4;91;91687;2;1;1;1;48,64999000;2,36865000;3;3;2;0;1;1;1;0;1;50;6;Blessé léger
202300008895;155 664 799;1;0;2;2;1;5;203 830 122;1;1;4;2;1967.0;1;2;12;12;2023;12;1;67;67098;2;3;1;1;48,54258000;7,42739900;3;2;2;0;1;2;2;0;1;30;1;Blessé léger
202300008895;155 664 799;1;0;2;2;1;5;203 830 122;1;1;4;2;1967.0;1;2;12;12;2023;12;1;67;67098;2;3;1;1;48,54258000;7,42739900;3;2;2;0;4;1;2;0;1;30;1;Blessé léger
202300008895;155 664 801;7;0;9;3;15;1;203 830 127;1;1;1;1;1950.0;2;1;12;12;2023;12;1;67;67098;2;3;1;1;48,54258000;7,42739900;3;2;2;0;1;2;2;0;1;30;1;Indemne
202300008895;155 664 801;7;0;9;3;15;1;203 830 127;1;1;1;1;1950.0;2;1;12;12;2023;12;1;67;67098;2;3;1;1;48,54258000;7,42739900;3;2;2;0;4;1;2;0;1;30;1;Indemne
202300008898;155 664 790;7;0;2;3;5;1;203 830 111;1;1;1;1;1968.0;1;1;11;7;2023;07;1;63;63204;1;1;1;3;45,80429106;3,20082178;3;2;2;0;1;1;1;0;1;90;1;Indemne
202300008898;155 664 793;1;0;2;1;1;5;203 830 114;1;1;4;1;2007.0;5;2;11;7;2023;07;1;63;63204;1;1;1;3;45,80429106;3,20082178;3;2;2;0;1;1;1;0;1;90;1;Blessé léger
202300008932;155 664 738;10;0;2;5;17;1;203 830 039;1;1;1;1;1994.0;5;1;10;7;2023;14;1;17;17225;1;1;1;3;45,74000500; -1,16849900;3;2;2;0;1;3;1;0;1;70;0;Indemne
202300008932;155 664 740;1;0;2;8;1;5;203 830 042;1;1;3;1;1963.0;5;2;10;7;2023;14;1;17;17225;1;1;1;3;45,74000500; -1,16849900;3;2;2;0;1;3;1;0;1;70;0;Blessé hospitalisé
202300008935;155 664 731;1;0;2;1;15;5;203 830 025;1;1;2;1;1938.0;5;2;11;7;2023;08;1;17;17207;1;3;1;1;46,21659000; -1,46049500;3;2;2;1;1;1;1;0;1;80;1;Tué
202300008935;155 664 732;33;0;2;1;1;1;203 830 029;1;1;3;1;1994.0;1;2;11;7;2023;08;1;17;17207;1;3;1;1;46,21659000; -1,46049500;3;2;2;1;1;1;1;0;1;80;1;Blessé hospitalisé
202300008941;155 664 721;1;0;2;0;21;5;203 830 011;1;1;1;1;1961.0;5;2;20;8;2023;11;1;17;17466;1;1;1;3;46,17840400; -0,93819400;3;2;2;0;1;1;1;0;1;80;6;Indemne
202300008941;155 664 725;1;0;2;2;21;5;203 830 016;1;1;3;2;1965.0;5;2;20;8;2023;11;1;17;17466;1;1;1;3;46,17840400; -0,93819400;3;2;2;0;1;1;1;0;1;80;6;Blessé hospitalisé
202300008947;155 664 714;80;0;0;0;1;3;203 830 003;1;1;3;1;1959.0;5;2;17;8;2023;16;1;87;87117;2;1;1;7;45,80182000;1,84345000;3;2;2;0;2;2;1;0;1;50;3;Blessé hospitalisé
202300008957;155 664 693;1;12;0;0;0;5;203 829 976;1;1;2;2;1949.0;0;8;7;7;2023;14;1;22;22162;2;1;1;7;48,78174100; -3,04767100;4;1;1;0;3;1;1;0;4;20;4;Tué
202300008969;155 664 673;7;0;2;2;2;2;203 829 937;1;1;1;1;2000.0;0;1;21;3;2023;18;1;93;93006;2;1;1;3;48,87188000;2,41942100;4;2;2;0;2;1;1;0;1;50;1;Indemne
202300008969;155 664 678;1;0;2;3;2;5;203 829 947;1;1;4;1;2015.0;0;2;21;3;2023;18;1;93;93006;2;1;1;3;48,87188000;2,41942100;4;2;2;0;2;1;1;0;1;50;1;Blessé léger
202300008980;155 664 655;1;0;2;1;16;5;203 829 909;1;1;4;1;1962.0;5;8;4;6;2023;12;1;54;54431;1;9;1;3;48,92157000;6,04018000;9;2;2;1;1;1;1;0;5;50;6;Blessé léger
202300008980;155 664 659;1;0;2;8;1;5;203 829 916;1;1;4;2;1965.0;5;8;4;6;2023;12;1;54;54431;1;9;1;3;48,92157000;6,04018000;9;2;2;1;1;1;1;0;5;50;6;Blessé léger
202300009018;155 664 591;1;0;2;0;1;5;203 829 822;1;1;3;1;1973.0;5;8;31;12;2023;07;2;78;78502;2;3;2;3;48,87740000;2,10648000;2;1;2;0;2;3;2;0;1;50;6;Blessé hospitalisé
202300009018;155 664 591;1;0;2;0;1;5;203 829 822;1;1;3;1;1973.0;5;8;31;12;2023;07;2;78;78502;2;3;2;3;48,87740000;2,10648000;2;2;4;0;2;1;2;0;1;70;6;Blessé hospitalisé
202300009018;155 664 596;7;0;2;1;16;1;203 829 827;1;1;1;1;1969.0;1;8;31;12;2023;07;2;78;78502;2;3;2;3;48,87740000;2,10648000;2;1;2;0;2;3;2;0;1;50;6;Indemne
202300009018;155 664 596;7;0;2;1;16;1;203 829 827;1;1;1;1;1969.0;1;8;31;12;2023;07;2;78;78502;2;3;2;3;48,87740000;2,10648000;2;2;4;0;2;1;2;0;1;70;6;Indemne
202300009039;155 664 551;1;0;2;1;1;5;203 829 765;1;1;3;1;1973.0;5;2;19;8;2023;11;1;06;06152;1;1;1;3;43,64305500;7,05017600;3;2;2;0;2;1;1;0;1;50;5;Blessé hospitalisé
202300009039;155 664 553;7;0;9;3;15;1;203 829 768;1;1;1;2;1969.0;5;1;19;8;2023;11;1;06;06152;1;1;1;3;43,64305500;7,05017600;3;2;2;0;2;1;1;0;1;50;5;Indemne
202300009056;155 664 520;7;0;2;2;5;1;203 829 716;1;1;1;1;1975.0;5;1;22;3;2023;15;1;2B;2B123;2;3;1;3;42,01703000;9,40419000;3;2;2;0;1;1;1;0;1;50;2;Indemne
202300009056;155 664 522;1;0;2;3;1;5;203 829 718;1;1;3;2;1963.0;1;2;22;3;2023;15;1;2B;2B123;2;3;1;3;42,01703000;9,40419000;3;2;2;0;1;1;1;0;1;50;2;Blessé hospitalisé
202300009062;155 664 509;1;0;2;1;1;5;203 829 698;1;1;3;1;1985.0;5;2;21;3;2023;15;1;12;12154;1;4;1;3;43,88698700;2,81291300;3;2;2;0;1;1;1;5;1;90;1;Blessé hospitalisé
202300009062;155 664 509;1;0;2;1;1;5;203 829 698;1;1;3;1;1985.0;5;2;21;3;2023;15;1;12;12154;1;4;1;3;43,88698700;2,81291300;3;2;3;0;1;3;1;5;1;90;1;Blessé hospitalisé
202300009062;155 664 511;10;0;2;7;15;1;203 829 701;1;1;1;1;1934.0;5;1;21;3;2023;15;1;12;12154;1;4;1;3;43,88698700;2,81291300;3;2;2;0;1;1;1;5;1;90;1;Indemne
202300009062;155 664 511;10;0;2;7;15;1;203 829 701;1;1;1;1;1934.0;5;1;21;3;2023;15;1;12;12154;1;4;1;3;43,88698700;2,81291300;3;2;3;0;1;3;1;5;1;90;1;Indemne
202300009067;155 664 502;1;0;0;1;2;5;203 829 691;1;1;3;1;1955.0;5;2;19;3;2023;10;1;86;86023;1;1;1;6;46,89977000;0,25744200;3;2;2;0;2;1;1;0;1;80;6;Blessé hospitalisé
202300009069;155 664 497;1;0;2;3;13;5;203 829 685;1;1;3;1;1952.0;5;0;21;3;2023;13;1;86;86160;2;1;1;1;46,78470000;0,18241300;4;2;2;0;1;1;1;0;1;50;1;Blessé hospitalisé
202300009069;155 664 499;2;0;2;3;1;3;203 829 687;1;1;1;1;1978.0;4;2;21;3;2023;13;1;86;86160;2;1;1;1;46,78470000;0,18241300;4;2;2;0;1;1;1;0;1;50;1;Indemne
202300009070;155 664 496;1;0;2;7;1;5;203 829 684;1;1;4;2;1996.0;1;2;29;12;2023;13;1;22;22113;2;6;8;3;48,72780000; -3,45900000;4;1;1;0;1;1;1;5;1;30;4;Blessé léger
202300009070;155 664 496;1;0;2;7;1;5;203 829 684;1;1;4;2;1996.0;1;2;29;12;2023;13;1;22;22113;2;6;8;3;48,72780000; -3,45900000;4;2;2;0;1;1;1;5;1;30;4;Blessé léger
202300009070;155 664 498;7;0;2;3;9;1;203 829 686;1;1;1;2;1991.0;5;1;29;12;2023;13;1;22;22113;2;6;8;3;48,72780000; -3,45900000;4;1;1;0;1;1;1;5;1;30;4;Indemne
202300009070;155 664 498;7;0;2;3;9;1;203 829 686;1;1;1;2;1991.0;5;1;29;12;2023;13;1;22;22113;2;6;8;3;48,72780000; -3,45900000;4;2;2;0;1;1;1;5;1;30;4;Indemne
202300009073;155 664 487;7;0;2;4;23;1;203 829 669;1;1;1;1;1951.0;5;8;31;12;2023;15;1;75;75106;2;2;1;2;48,85160900;2,33112600;4;2;2;0;1;1;1;0;1;30;6;Indemne
202300009073;155 664 488;1;0;2;1;1;5;203 829 672;1;1;4;1;2003.0;5;8;31;12;2023;15;1;75;75106;2;2;1;2;48,85160900;2,33112600;4;2;2;0;1;1;1;0;1;30;6;Blessé léger
202300009074;155 664 491;7;0;2;7;2;1;203 829 677;1;1;1;1;1965.0;1;1;14;3;2023;17;1;68;68126;1;1;1;3;47,56163900;7,54576700;3;2;2;0;1;1;1;0;1;50;1;Indemne
202300009074;155 664 493;1;0;2;8;2;5;203 829 679;1;1;4;1;1975.0;1;0;14;3;2023;17;1;68;68126;1;1;1;3;47,56163900;7,54576700;3;2;2;0;1;1;1;0;1;50;1;Blessé léger
202300009096;155 664 456;1;1;2;8;1;5;203 829 623;1;1;4;2;1998.0;5;8;31;12;2023;14;1;75;75107;2;3;1;3;48,85881000;2,32873200;4;1;1;0;1;1;1;0;1;30;6;Blessé léger
202300009096;155 664 458;7;0;0;5;24;1;203 829 626;3;2;1;2;2010.0;5;8;31;12;2023;14;1;75;75107;2;3;1;3;48,85881000;2,32873200;4;1;1;0;1;1;1;0;1;30;6;Indemne
202300009096;155 664 458;7;0;0;5;24;1;203 829 628;1;1;1;2;1979.0;5;8;31;12;2023;14;1;75;75107;2;3;1;3;48,85881000;2,32873200;4;1;1;0;1;1;1;0;1;30;6;Indemne
202300009103;155 664 446;7;0;2;1;1;1;203 829 610;1;1;1;2;1983.0;0;1;20;8;2023;12;1;33;33527;1;1;1;1;44,62768000; -1,02270400;3;2;2;1;1;1;1;0;1;80;6;Indemne
202300009103;155 664 448;1;0;2;1;13;5;203 829 612;1;1;3;1;2011.0;5;0;20;8;2023;12;1;33;33527;1;1;1;1;44,62768000; -1,02270400;3;2;2;1;1;1;1;0;1;80;6;Blessé hospitalisé
202300009104;155 664 447;7;0;9;7;2;1;203 829 611;1;1;1;1;1939.0;5;1;22;3;2023;11;1;68;68321;2;1;1;3;47,82737700;7,25067600;3;2;2;0;1;1;1;0;1;50;2;Indemne
202300009104;155 664 449;1;0;2;8;1;5;203 829 613;1;1;3;1;1944.0;5;2;22;3;2023;11;1;68;68321;2;1;1;3;47,82737700;7,25067600;3;2;2;0;1;1;1;0;1;50;2;Blessé hospitalisé
202300009107;155 664 441;7;0;2;4;4;1;203 829 604;1;1;1;2;1981.0;5;1;19;8;2023;09;1;33;33527;2;2;1;3;44,62995900; -1,02156200;3;2;2;1;1;1;1;0;5;50;5;Indemne
202300009107;155 664 441;7;0;2;4;4;1;203 829 604;1;1;1;2;1981.0;5;1;19;8;2023;09;1;33;33527;2;2;1;3;44,62995900; -1,02156200;3;2;2;0;1;1;1;0;1;50;5;Indemne
202300009107;155 664 443;1;0;2;8;19;5;203 829 607;1;1;3;1;1947.0;5;2;19;8;2023;09;1;33;33527;2;2;1;3;44,62995900; -1,02156200;3;2;2;1;1;1;1;0;5;50;5;Blessé hospitalisé
202300009107;155 664 443;1;0;2;8;19;5;203 829 607;1;1;3;1;1947.0;5;2;19;8;2023;09;1;33;33527;2;2;1;3;44,62995900; -1,02156200;3;2;2;0;1;1;1;0;1;50;5;Blessé hospitalisé
202300009121;155 664 419;7;0;2;2;16;1;203 829 574;1;1;1;2;1946.0;9;1;20;3;2023;15;1;33;33496;2;6;1;3;44,83152600; -0,39967100;3;2;2;0;1;2;1;0;1;50;0;Indemne
202300009121;155 664 421;1;0;2;8;1;5;203 829 578;1;1;3;1;1954.0;5;2;20;3;2023;15;1;33;33496;2;6;1;3;44,83152600; -0,39967100;3;2;2;0;1;2;1;0;1;50;0;Blessé hospitalisé
202300009156;155 664 355;1;0;2;8;13;5;203 829 482;1;1;3;2;1994.0;5;2;19;8;2023;11;1;05;05177;1;1;1;1;44,58323900;6,68288500;3;2;2;0;2;3;1;0;1;80;5;Blessé hospitalisé
202300009156;155 664 356;33;0;0;1;1;1;203 829 485;1;1;1;1;1974.0;5;2;19;8;2023;11;1;05;05177;1;1;1;1;44,58323900;6,68288500;3;2;2;0;2;3;1;0;1;80;5;Indemne
202300009161;155 664 344;1;0;2;1;1;5;203 829 469;1;1;4;1;1979.0;5;0;30;12;2023;11;1;69;69383;2;3;1;5;45,75744000;4,85465000;4;2;1;0;1;1;1;0;1;30;5;Blessé léger
202300009161;155 664 344;1;0;2;1;1;5;203 829 469;1;1;4;1;1979.0;5;0;30;12;2023;11;1;69;69383;2;3;1;5;45,75744000;4,85465000;4;2;1;1;1;1;1;0;1;30;5;Blessé léger
202300009161;155 664 347;7;0;2;3;15;1;203 829 472;1;1;1;1;1942.0;0;1;30;12;2023;11;1;69;69383;2;3;1;5;45,75744000;4,85465000;4;2;1;0;1;1;1;0;1;30;5;Indemne
202300009161;155 664 347;7;0;2;3;15;1;203 829 472;1;1;1;1;1942.0;0;1;30;12;2023;11;1;69;69383;2;3;1;5;45,75744000;4,85465000;4;2;1;1;1;1;1;0;1;30;5;Indemne
202300009161;155 664 348;1;0;2;1;1;5;203 829 474;1;1;4;1;2015.0;5;0;30;12;2023;11;1;69;69383;2;3;1;5;45,75744000;4,85465000;4;2;1;0;1;1;1;0;1;30;5;Blessé léger
202300009161;155 664 348;1;0;2;1;1;5;203 829 474;1;1;4;1;2015.0;5;0;30;12;2023;11;1;69;69383;2;3;1;5;45,75744000;4,85465000;4;2;1;1;1;1;1;0;1;30;5;Blessé léger
202300009170;155 664 325;7;0;2;3;15;1;203 829 441;1;1;1;2;1949.0;0;1;20;9;2023;17;1;60;60057;2;3;1;3;49,41412000;2,10610000;4;2;2;0;1;1;1;9;1;50;2;Indemne
202300009170;155 664 325;7;0;2;3;15;1;203 829 441;1;1;1;2;1949.0;0;1;20;9;2023;17;1;60;60057;2;3;1;3;49,41412000;2,10610000;4;2;2;0;1;1;1;9;1;50;2;Indemne
202300009170;155 664 327;1;0;2;1;26;5;203 829 444;1;1;4;1;1983.0;0;0;20;9;2023;17;1;60;60057;2;3;1;3;49,41412000;2,10610000;4;2;2;0;1;1;1;9;1;50;2;Blessé léger
202300009170;155 664 327;1;0;2;1;26;5;203 829 444;1;1;4;1;1983.0;0;0;20;9;2023;17;1;60;60057;2;3;1;3;49,41412000;2,10610000;4;2;2;0;1;1;1;9;1;50;2;Blessé léger
202300009176;155 664 313;7;0;2;6;1;1;203 829 428;1;1;1;2;1988.0;5;1;16;8;2023;16;1;13;13041;2;3;1;3;43,46279400;5,48335800;4;2;2;2;1;1;1;0;1;50;2;Indemne
202300009176;155 664 316;1;0;2;1;1;5;203 829 431;1;1;3;2;2009.0;5;2;16;8;2023;16;1;13;13041;2;3;1;3;43,46279400;5,48335800;4;2;2;2;1;1;1;0;1;50;2;Blessé hospitalisé
202300009188;155 664 292;1;0;2;1;1;5;203 829 400;1;1;4;1;1997.0;5;8;18;9;2023;15;1;54;54395;2;2;3;3;48,68312000;6,17145800;4;1;2;0;1;1;2;0;1;30;0;Blessé léger
202300009188;155 664 294;7;0;2;8;1;1;203 829 402;1;1;1;1;2002.0;1;1;18;9;2023;15;1;54;54395;2;2;3;3;48,68312000;6,17145800;4;1;2;0;1;1;2;0;1;30;0;Indemne
202300009198;155 664 278;7;0;2;2;15;1;203 829 382;1;1;1;2;1936.0;5;1;19;9;2023;21;5;49;49007;2;2;1;3;47,46638000; -0,54767000;4;2;2;0;1;1;1;0;1;30;1;Indemne
202300009198;155 664 282;1;0;2;1;1;5;203 829 386;1;1;4;1;1966.0;1;8;19;9;2023;21;5;49;49007;2;2;1;3;47,46638000; -0,54767000;4;2;2;0;1;1;1;0;1;30;1;Blessé léger
202300009208;155 664 259;1;0;2;3;13;5;203 829 359;1;1;1;1;1955.0;5;2;19;8;2023;18;1;03;03006;1;1;1;3;46,12569400;3,70512800;3;2;2;0;2;2;1;0;1;90;5;Indemne
202300009208;155 664 260;33;0;9;3;1;1;203 829 361;1;1;3;1;1968.0;5;2;19;8;2023;18;1;03;03006;1;1;1;3;46,12569400;3,70512800;3;2;2;0;2;2;1;0;1;90;5;Blessé hospitalisé
202300009233;155 664 218;1;0;0;1;1;5;203 829 303;1;1;4;1;1973.0;5;2;16;8;2023;08;1;65;65006;1;1;1;7;42,91018000;0,28687300;3;2;2;0;2;1;1;0;1;70;2;Blessé léger
202300009234;155 664 213;1;0;2;7;9;5;203 829 297;1;1;4;2;1996.0;1;0;20;9;2023;12;1;33;33249;2;6;1;3;44,87135000; -0,51640000;4;2;2;1;2;1;1;0;1;30;2;Blessé léger
202300009234;155 664 213;1;0;2;7;9;5;203 829 297;1;1;4;2;1996.0;1;0;20;9;2023;12;1;33;33249;2;6;1;3;44,87135000; -0,51640000;4;2;2;0;1;1;1;0;1;30;2;Blessé léger
202300009234;155 664 217;7;0;2;3;16;1;203 829 302;1;1;1;2;1983.0;2;1;20;9;2023;12;1;33;33249;2;6;1;3;44,87135000; -0,51640000;4;2;2;1;2;1;1;0;1;30;2;Indemne
202300009234;155 664 217;7;0;2;3;16;1;203 829 302;1;1;1;2;1983.0;2;1;20;9;2023;12;1;33;33249;2;6;1;3;44,87135000; -0,51640000;4;2;2;0;1;1;1;0;1;30;2;Indemne
202300009235;155 664 211;1;0;2;6;1;5;203 829 295;1;1;3;1;1966.0;5;2;13;8;2023;12;1;65;65059;1;1;1;3;42,91053300;0,17573800;3;2;2;0;2;1;1;0;1;80;6;Blessé hospitalisé
202300009235;155 664 215;1;0;2;2;1;5;203 829 298;1;1;1;1;1994.0;5;2;13;8;2023;12;1;65;65059;1;1;1;3;42,91053300;0,17573800;3;2;2;0;2;1;1;0;1;80;6;Indemne
202300009246;155 664 189;33;0;2;7;23;1;203 829 260;1;1;4;1;1998.0;5;2;17;8;2023;18;1;17;17452;2;1;7;4;45,79252900; -1,17844500;3;2;2;0;1;1;1;0;1;50;3;Blessé léger
202300009246;155 664 192;1;0;0;3;19;5;203 829 262;1;1;4;1;1965.0;5;0;17;8;2023;18;1;17;17452;2;1;7;4;45,79252900; -1,17844500;3;2;2;0;1;1;1;0;1;50;3;Blessé léger
202300009246;155 664 195;33;0;2;8;21;1;203 829 265;1;1;1;2;2002.0;5;2;17;8;2023;18;1;17;17452;2;1;7;4;45,79252900; -1,17844500;3;2;2;0;1;1;1;0;1;50;3;Indemne
202300009250;155 664 182;1;0;2;4;1;5;203 829 250;1;1;2;1;1939.0;5;2;20;8;2023;08;1;17;17240;1;1;7;2;45,27347100; -0,40227800;4;2;2;0;1;1;1;5;1;50;6;Tué
202300009250;155 664 184;7;0;2;2;1;1;203 829 252;1;1;1;1;1995.0;5;1;20;8;2023;08;1;17;17240;1;1;7;2;45,27347100; -0,40227800;4;2;2;0;1;1;1;5;1;50;6;Indemne
202300009259;155 664 169;7;0;9;3;9;1;203 829 232;1;1;1;1;1969.0;0;1;20;9;2023;12;1;25;25056;2;4;1;3;47,23606000;6,02997000;4;1;1;2;1;1;1;0;1;30;2;Indemne
202300009259;155 664 169;7;0;9;3;9;1;203 829 232;1;1;1;1;1969.0;0;1;20;9;2023;12;1;25;25056;2;4;1;3;47,23606000;6,02997000;4;2;2;0;1;1;1;0;1;30;2;Indemne
202300009259;155 664 174;1;0;2;0;0;5;203 829 237;1;1;4;2;1951.0;0;8;20;9;2023;12;1;25;25056;2;4;1;3;47,23606000;6,02997000;4;1;1;2;1;1;1;0;1;30;2;Blessé léger
202300009259;155 664 174;1;0;2;0;0;5;203 829 237;1;1;4;2;1951.0;0;8;20;9;2023;12;1;25;25056;2;4;1;3;47,23606000;6,02997000;4;2;2;0;1;1;1;0;1;30;2;Blessé léger
202300009268;155 664 152;1;0;1;8;19;5;203 829 212;10;3;4;2;1936.0;5;8;20;9;2023;16;1;22;22278;2;9;2;6;48,51484000; -2,75720000;4;2;2;0;1;3;2;9;1;30;2;Blessé léger