Num_Acc;id_vehicule;catv;obs;obsm;choc;manv;motor;id_usager;place;catu;grav;sexe;an_nais;trajet;secu1;jour;mois;an;hrmn;lum;dep;com;agg;int;atm;col;lat;long;catr;circ;nbv;vosp;prof;plan;surf;infra;situ;vma;day_of_week;gravity
202300010243;155 662 402;1;0;2;1;5;5;203 826 842;1;1;3;1;2001.0;0;0;23;11;2023;07;5;08;08302;2;2;8;3;49,88539500;4,74049300;3;2;2;0;4;1;2;0;1;30;3;Blessé hospitalisé
202300010243;155 662 402;1;0;2;1;5;5;203 826 842;1;1;3;1;2001.0;0;0;23;11;2023;07;5;08;08302;2;2;8;3;49,88539500;4,74049300;3;2;2;0;1;1;2;5;1;50;3;Blessé hospitalisé
202300010272;155 662 352;1;0;2;8;0;5;203 826 767;1;1;3;1;2013.0;5;0;3;6;2023;14;1;11;11259;2;4;1;1;43,27967400;2,23041800;3;2;2;0;1;3;1;0;1;30;5;Blessé hospitalisé
202300010272;155 662 358;7;0;2;1;1;1;203 826 773;1;1;1;2;2000.0;1;1;3;6;2023;14;1;11;11259;2;4;1;1;43,27967400;2,23041800;3;2;2;0;1;3;1;0;1;30;5;Indemne
202300010274;155 662 345;1;0;0;0;1;5;203 826 757;1;1;3;1;1956.0;5;2;30;12;2023;16;1;69;69051;2;4;1;7;45,63400800;4,64276400;3;2;2;0;2;4;1;0;1;50;5;Blessé hospitalisé
202300010295;155 662 313;1;0;2;0;15;5;203 826 717;1;1;3;1;1943.0;1;0;29;12;2023;16;1;22;22090;2;3;7;3;48,76978300; -3,37012300;3;2;2;0;1;1;1;0;1;50;4;Blessé hospitalisé
202300010295;155 662 316;7;0;2;3;15;1;203 826 719;1;1;1;1;2003.0;1;1;29;12;2023;16;1;22;22090;2;3;7;3;48,76978300; -3,37012300;3;2;2;0;1;1;1;0;1;50;4;Indemne
202300010302;155 662 300;80;8;0;0;2;3;203 826 697;2;2;4;2;2008.0;5;0;17;8;2023;20;1;29;29006;2;1;1;6;47,87217000; -4,10428200;4;2;2;0;2;1;1;9;1;50;3;Blessé léger
202300010302;155 662 300;80;8;0;0;2;3;203 826 699;1;1;3;2;2008.0;0;0;17;8;2023;20;1;29;29006;2;1;1;6;47,87217000; -4,10428200;4;2;2;0;2;1;1;9;1;50;3;Blessé hospitalisé
202300010328;155 662 259;7;0;2;1;1;0;203 826 647;1;1;1;1;1963.0;0;1;16;8;2023;21;5;76;76057;2;2;1;1;49,55060000;0,95775800;4;2;2;0;1;1;1;0;1;50;2;Indemne
202300010328;155 662 261;1;0;2;3;9;5;203 826 650;1;1;3;1;1974.0;0;0;16;8;2023;21;5;76;76057;2;2;1;1;49,55060000;0,95775800;4;2;2;0;1;1;1;0;1;50;2;Blessé hospitalisé
202300010329;155 662 257;1;0;2;1;13;5;203 826 643;1;1;4;1;1996.0;9;8;9;6;2023;01;5;75;75119;2;3;1;3;48,88879000;2,39310600;4;2;4;1;1;1;1;0;1;30;4;Blessé léger
202300010329;155 662 260;7;0;2;3;1;1;203 826 648;1;1;1;1;2004.0;5;1;9;6;2023;01;5;75;75119;2;3;1;3;48,88879000;2,39310600;4;2;4;1;1;1;1;0;1;30;4;Indemne
202300010329;155 662 260;7;0;2;3;1;1;203 826 649;2;2;1;1;2003.0;5;1;9;6;2023;01;5;75;75119;2;3;1;3;48,88879000;2,39310600;4;2;4;1;1;1;1;0;1;30;4;Indemne
202300010344;155 662 230;1;0;2;1;1;5;203 826 607;1;1;3;1;1973.0;5;2;16;8;2023;18;1;60;60079;1;1;1;7;49,16818415;2,86958814;4;2;2;0;1;1;1;0;1;50;2;Blessé hospitalisé
202300010344;155 662 232;1;0;2;4;1;5;203 826 609;1;1;1;1;2002.0;5;2;16;8;2023;18;1;60;60079;1;1;1;7;49,16818415;2,86958814;4;2;2;0;1;1;1;0;1;50;2;Indemne
202300010364;155 662 196;7;0;9;1;1;1;203 826 559;1;1;1;2;1947.0;5;1;11;8;2023;09;1;62;62589;1;1;1;2;50,36071648;2,66888022;3;2;2;0;2;1;1;0;1;70;4;Indemne
202300010364;155 662 199;1;0;2;4;2;5;203 826 565;1;1;3;1;1975.0;5;2;11;8;2023;09;1;62;62589;1;1;1;2;50,36071648;2,66888022;3;2;2;0;2;1;1;0;1;70;4;Blessé hospitalisé
202300010371;155 662 186;7;0;2;1;15;1;203 826 547;1;1;1;2;1954.0;9;1;21;8;2023;09;1;59;59336;2;3;1;1;50,27815100;3,03860500;3;2;2;0;2;1;1;0;1;50;0;Indemne
202300010371;155 662 189;1;0;2;8;1;5;203 826 550;1;1;4;1;1989.0;5;2;21;8;2023;09;1;59;59336;2;3;1;1;50,27815100;3,03860500;3;2;2;0;2;1;1;0;1;50;0;Blessé léger
202300010381;155 662 170;1;0;9;8;1;5;203 826 527;1;1;3;1;1986.0;5;8;20;3;2023;19;1;51;51230;2;2;1;3;49,04053588;3,95682961;4;1;2;0;2;1;1;5;1;50;0;Blessé hospitalisé
202300010381;155 662 170;1;0;9;8;1;5;203 826 527;1;1;3;1;1986.0;5;8;20;3;2023;19;1;51;51230;2;2;1;3;49,04053588;3,95682961;4;1;2;0;1;1;1;5;1;50;0;Blessé hospitalisé
202300010381;155 662 176;7;0;9;8;1;1;203 826 533;1;1;1;2;1999.0;5;1;20;3;2023;19;1;51;51230;2;2;1;3;49,04053588;3,95682961;4;1;2;0;2;1;1;5;1;50;0;Indemne
202300010381;155 662 176;7;0;9;8;1;1;203 826 533;1;1;1;2;1999.0;5;1;20;3;2023;19;1;51;51230;2;2;1;3;49,04053588;3,95682961;4;1;2;0;1;1;1;5;1;50;0;Indemne
202300010439;155 662 049;1;0;2;7;1;5;203 826 362;1;1;4;2;1994.0;5;8;29;12;2023;19;5;62;62386;2;2;2;1;50,44711000;2,74964000;4;2;1;0;1;1;2;0;1;50;4;Blessé léger
202300010439;155 662 053;10;0;2;1;15;1;203 826 366;1;1;1;1;1995.0;1;1;29;12;2023;19;5;62;62386;2;2;2;1;50,44711000;2,74964000;4;2;1;0;1;1;2;0;1;50;4;Indemne
202300010459;155 662 014;1;10;0;4;2;5;203 826 315;1;1;3;1;1974.0;5;2;3;6;2023;13;1;06;06068;1;1;1;7;43,75217000;6,99046500;3;2;2;0;2;3;1;0;3;80;5;Blessé hospitalisé
202300010476;155 661 987;80;0;2;1;1;3;203 826 282;1;1;4;1;1950.0;0;0;22;11;2023;15;1;69;69081;2;2;8;3;45,77175000;4,77713000;4;2;2;0;1;1;1;0;1;30;2;Blessé léger
202300010476;155 661 987;80;0;2;1;1;3;203 826 282;1;1;4;1;1950.0;0;0;22;11;2023;15;1;69;69081;2;2;8;3;45,77175000;4,77713000;4;1;1;0;1;1;1;0;1;30;2;Blessé léger
202300010476;155 661 992;7;0;2;8;1;1;203 826 289;1;1;1;1;2004.0;5;1;22;11;2023;15;1;69;69081;2;2;8;3;45,77175000;4,77713000;4;2;2;0;1;1;1;0;1;30;2;Indemne
202300010476;155 661 992;7;0;2;8;1;1;203 826 289;1;1;1;1;2004.0;5;1;22;11;2023;15;1;69;69081;2;2;8;3;45,77175000;4,77713000;4;1;1;0;1;1;1;0;1;30;2;Indemne
202300010520;155 661 909;7;0;2;5;15;0;203 826 182;1;1;1;1;1953.0;5;1;2;6;2023;07;2;40;40284;2;9;1;3;43,66172500; -1,28752500;4;2;1;0;1;1;1;0;1;50;4;Indemne
202300010520;155 661 914;1;0;2;1;1;5;203 826 191;1;1;3;1;1958.0;5;2;2;6;2023;07;2;40;40284;2;9;1;3;43,66172500; -1,28752500;4;2;1;0;1;1;1;0;1;50;4;Blessé hospitalisé
202300010524;155 661 897;1;0;6;5;26;5;203 826 169;1;1;3;1;1961.0;5;2;8;7;2023;20;2;65;65045;1;1;1;6;43,00456900; -0,21266700;3;2;2;0;2;1;1;0;1;80;5;Blessé hospitalisé
202300010553;155 661 849;1;0;2;3;15;5;203 826 102;1;1;4;1;1995.0;4;8;20;3;2023;13;1;75;75113;2;4;1;3;48,83989800;2,36176100;4;2;4;2;2;1;1;0;1;30;0;Blessé léger
202300010553;155 661 849;1;0;2;3;15;5;203 826 102;1;1;4;1;1995.0;4;8;20;3;2023;13;1;75;75113;2;4;1;3;48,83989800;2,36176100;4;2;4;3;2;1;1;0;1;30;0;Blessé léger
202300010553;155 661 851;7;0;2;2;1;1;203 826 103;1;1;1;1;1950.0;5;1;20;3;2023;13;1;75;75113;2;4;1;3;48,83989800;2,36176100;4;2;4;2;2;1;1;0;1;30;0;Indemne
202300010553;155 661 851;7;0;2;2;1;1;203 826 103;1;1;1;1;1950.0;5;1;20;3;2023;13;1;75;75113;2;4;1;3;48,83989800;2,36176100;4;2;4;3;2;1;1;0;1;30;0;Indemne
202300010573;155 661 811;7;0;2;3;15;1;203 826 051;1;1;1;1;1965.0;5;1;19;3;2023;20;5;75;75108;2;4;1;3;48,88065900;2,31832400;4;1;1;0;1;1;1;0;1;30;6;Indemne
202300010573;155 661 811;7;0;2;3;15;1;203 826 051;1;1;1;1;1965.0;5;1;19;3;2023;20;5;75;75108;2;4;1;3;48,88065900;2,31832400;4;1;1;0;1;1;1;0;1;30;6;Indemne
202300010573;155 661 816;1;0;2;2;5;5;203 826 059;1;1;4;2;2005.0;5;8;19;3;2023;20;5;75;75108;2;4;1;3;48,88065900;2,31832400;4;1;1;0;1;1;1;0;1;30;6;Blessé léger
202300010573;155 661 816;1;0;2;2;5;5;203 826 059;1;1;4;2;2005.0;5;8;19;3;2023;20;5;75;75108;2;4;1;3;48,88065900;2,31832400;4;1;1;0;1;1;1;0;1;30;6;Blessé léger
202300010606;155 661 750;17;0;0;2;2;1;203 825 980;1;1;1;1;1977.0;4;1;10;7;2023;08;1;85;85151;1;9;8;2;46,98365000; -0,93363900;3;2;2;0;2;1;1;0;1;70;0;Indemne
202300010606;155 661 751;1;0;0;4;2;5;203 825 982;1;1;3;2;1978.0;0;2;10;7;2023;08;1;85;85151;1;9;8;2;46,98365000; -0,93363900;3;2;2;0;2;1;1;0;1;70;0;Blessé hospitalisé
202300010615;155 661 732;7;0;2;6;15;1;203 825 958;1;1;1;2;1946.0;5;1;26;5;2023;13;1;74;74010;2;3;1;2;45,89872232;6,11062802;4;2;2;0;2;1;1;0;1;50;4;Indemne
202300010615;155 661 737;1;0;2;1;1;5;203 825 964;1;1;4;1;1971.0;1;2;26;5;2023;13;1;74;74010;2;3;1;2;45,89872232;6,11062802;4;2;2;0;2;1;1;0;1;50;4;Blessé léger
202300010617;155 661 731;1;0;2;0;1;5;203 825 956;1;1;4;1;1992.0;1;2;29;12;2023;17;5;75;75101;2;1;1;3;48,86798400;2,32665900;4;1;1;0;1;1;1;0;1;30;4;Blessé léger
202300010617;155 661 735;7;0;2;8;22;1;203 825 961;1;1;1;1;1972.0;4;1;29;12;2023;17;5;75;75101;2;1;1;3;48,86798400;2,32665900;4;1;1;0;1;1;1;0;1;30;4;Indemne
202300010623;155 661 719;7;0;2;5;22;1;203 825 939;1;1;1;1;1982.0;4;1;20;3;2023;10;1;93;93048;2;1;1;3;48,86714492;2,45668083;3;2;2;1;1;1;1;0;5;50;0;Indemne
202300010623;155 661 723;1;1;0;1;1;5;203 825 944;1;1;3;1;1979.0;0;2;20;3;2023;10;1;93;93048;2;1;1;3;48,86714492;2,45668083;3;2;2;1;1;1;1;0;5;50;0;Blessé hospitalisé
202300010627;155 661 714;7;0;9;1;1;0;203 825 930;1;1;1;1;1999.0;0;8;9;7;2023;05;2;72;72300;1;1;1;2;48,00238500;0,40393000;3;2;2;0;1;1;1;0;1;90;6;Indemne
202300010627;155 661 716;1;0;0;4;1;5;203 825 934;1;1;3;1;1988.0;9;8;9;7;2023;05;2;72;72300;1;1;1;2;48,00238500;0,40393000;3;2;2;0;1;1;1;0;1;90;6;Blessé hospitalisé
202300010632;155 661 708;7;0;2;5;16;1;203 825 924;1;1;1;2;1988.0;3;1;19;11;2023;10;1;59;59017;2;9;2;6;50,68000000;2,88660000;4;2;2;1;2;1;2;2;1;30;6;Indemne
202300010632;155 661 709;1;0;2;1;1;5;203 825 926;1;1;3;1;1974.0;5;2;19;11;2023;10;1;59;59017;2;9;2;6;50,68000000;2,88660000;4;2;2;1;2;1;2;2;1;30;6;Blessé hospitalisé
202300010639;155 661 694;1;1;2;7;1;5;203 825 901;2;2;4;2;2017.0;5;3;20;3;2023;18;1;92;92063;2;1;1;2;48,88237000;2,19157000;4;1;1;0;1;1;1;0;1;50;0;Blessé léger
202300010639;155 661 694;1;1;2;7;1;5;203 825 902;1;1;4;2;1977.0;5;2;20;3;2023;18;1;92;92063;2;1;1;2;48,88237000;2,19157000;4;1;1;0;1;1;1;0;1;50;0;Blessé léger
202300010639;155 661 698;10;0;2;4;4;1;203 825 908;1;1;1;1;2003.0;4;8;20;3;2023;18;1;92;92063;2;1;1;2;48,88237000;2,19157000;4;1;1;0;1;1;1;0;1;50;0;Indemne
202300010643;155 661 688;1;0;2;7;1;5;203 825 895;1;1;4;1;2001.0;4;2;22;11;2023;09;1;51;51454;2;1;1;3;49,24172200;4,01734800;4;1;1;1;1;1;1;0;1;50;2;Blessé léger
202300010643;155 661 691;7;0;2;1;9;1;203 825 898;1;1;1;2;1969.0;5;1;22;11;2023;09;1;51;51454;2;1;1;3;49,24172200;4,01734800;4;1;1;1;1;1;1;0;1;50;2;Indemne
202300010648;155 661 676;80;0;2;7;19;3;203 825 880;1;1;3;1;1938.0;5;2;4;4;2023;15;1;73;73084;1;2;1;3;45,50734820;6,02361470;3;2;2;2;1;1;1;0;1;80;1;Blessé hospitalisé
202300010648;155 661 676;80;0;2;7;19;3;203 825 880;1;1;3;1;1938.0;5;2;4;4;2023;15;1;73;73084;1;2;1;3;45,50734820;6,02361470;3;2;2;0;2;3;1;2;1;80;1;Blessé hospitalisé
202300010648;155 661 680;7;0;2;3;1;1;203 825 885;1;1;1;2;1978.0;3;1;4;4;2023;15;1;73;73084;1;2;1;3;45,50734820;6,02361470;3;2;2;2;1;1;1;0;1;80;1;Indemne
202300010648;155 661 680;7;0;2;3;1;1;203 825 885;1;1;1;2;1978.0;3;1;4;4;2023;15;1;73;73084;1;2;1;3;45,50734820;6,02361470;3;2;2;0;2;3;1;2;1;80;1;Indemne
202300010652;155 661 668;7;0;2;4;26;1;203 825 870;1;1;1;1;1981.0;4;1;21;11;2023;17;2;41;41018;2;1;2;2;47,58738000;1,32817000;4;1;1;3;4;1;2;0;1;50;1;Indemne
202300010652;155 661 670;1;0;2;1;2;5;203 825 874;1;1;4;1;1981.0;1;2;21;11;2023;17;2;41;41018;2;1;2;2;47,58738000;1,32817000;4;1;1;3;4;1;2;0;1;50;1;Blessé léger
202300010660;155 661 655;40;0;2;3;1;3;203 825 854;1;1;1;1;1975.0;4;8;22;11;2023;18;5;38;38185;2;9;1;3;45,18857000;5,71068000;4;2;2;3;1;1;1;4;6;30;2;Indemne
202300010660;155 661 659;1;0;4;3;17;5;203 825 861;1;1;4;2;1983.0;0;8;22;11;2023;18;5;38;38185;2;9;1;3;45,18857000;5,71068000;4;2;2;3;1;1;1;4;6;30;2;Blessé léger
202300010669;155 661 638;1;0;1;1;1;5;203 825 831;1;1;4;1;2009.0;2;8;22;11;2023;12;1;37;37261;2;1;1;6;47,39355000;0,69300000;4;2;1;0;1;1;1;0;1;30;2;Blessé léger
202300010669;155 661 638;1;0;1;1;1;5;203 825 834;10;3;4;2;1975.0;1;0;22;11;2023;12;1;37;37261;2;1;1;6;47,39355000;0,69300000;4;2;1;0;1;1;1;0;1;30;2;Blessé léger
202300010673;155 661 628;1;0;0;8;26;5;203 825 819;1;1;4;1;1970.0;5;8;29;12;2023;18;5;92;92046;2;3;8;3;48,81931737;2,30448537;3;2;2;0;1;1;2;0;1;50;4;Blessé léger
202300010673;155 661 628;1;0;0;8;26;5;203 825 819;1;1;4;1;1970.0;5;8;29;12;2023;18;5;92;92046;2;3;8;3;48,81931737;2,30448537;3;1;1;0;1;1;2;0;1;50;4;Blessé léger
202300010673;155 661 634;30;0;0;1;1;1;203 825 826;1;1;1;1;2003.0;5;2;29;12;2023;18;5;92;92046;2;3;8;3;48,81931737;2,30448537;3;2;2;0;1;1;2;0;1;50;4;Indemne
202300010673;155 661 634;30;0;0;1;1;1;203 825 826;1;1;1;1;2003.0;5;2;29;12;2023;18;5;92;92046;2;3;8;3;48,81931737;2,30448537;3;1;1;0;1;1;2;0;1;50;4;Indemne
202300010692;155 661 597;80;0;2;1;1;3;203 825 775;1;1;4;1;1998.0;9;0;22;11;2023;17;1;33;33318;2;1;1;3;44,80152000; -0,63122000;4;2;2;0;1;1;1;0;1;50;2;Blessé léger
202300010692;155 661 600;7;0;2;7;20;1;203 825 779;1;1;1;1;1972.0;5;1;22;11;2023;17;1;33;33318;2;1;1;3;44,80152000; -0,63122000;4;2;2;0;1;1;1;0;1;50;2;Indemne
202300010709;155 661 572;1;0;2;1;9;5;203 825 744;1;1;4;1;1989.0;0;2;15;8;2023;06;1;74;74298;2;6;1;3;46,18678400;6,25751900;4;2;2;0;2;1;1;5;1;50;1;Blessé léger
202300010709;155 661 572;1;0;2;1;9;5;203 825 744;1;1;4;1;1989.0;0;2;15;8;2023;06;1;74;74298;2;6;1;3;46,18678400;6,25751900;4;2;2;0;2;1;1;5;1;50;1;Blessé léger
202300010709;155 661 576;7;0;2;8;9;0;203 825 747;1;1;1;2;1980.0;0;0;15;8;2023;06;1;74;74298;2;6;1;3;46,18678400;6,25751900;4;2;2;0;2;1;1;5;1;50;1;Indemne
202300010709;155 661 576;7;0;2;8;9;0;203 825 747;1;1;1;2;1980.0;0;0;15;8;2023;06;1;74;74298;2;6;1;3;46,18678400;6,25751900;4;2;2;0;2;1;1;5;1;50;1;Indemne
202300010721;155 661 552;7;0;2;3;16;1;203 825 716;1;1;1;1;1945.0;5;1;15;8;2023;08;1;64;64445;2;2;8;3;43,33113000; -0,37960000;4;2;2;0;1;1;1;0;1;50;1;Indemne
202300010721;155 661 552;7;0;2;3;16;1;203 825 716;1;1;1;1;1945.0;5;1;15;8;2023;08;1;64;64445;2;2;8;3;43,33113000; -0,37960000;4;3;2;0;1;1;1;0;1;50;1;Indemne
202300010721;155 661 556;1;0;2;7;1;5;203 825 720;1;1;4;1;2003.0;1;2;15;8;2023;08;1;64;64445;2;2;8;3;43,33113000; -0,37960000;4;2;2;0;1;1;1;0;1;50;1;Blessé léger
202300010721;155 661 556;1;0;2;7;1;5;203 825 720;1;1;4;1;2003.0;1;2;15;8;2023;08;1;64;64445;2;2;8;3;43,33113000; -0,37960000;4;3;2;0;1;1;1;0;1;50;1;Blessé léger
202300010738;155 661 517;1;0;2;1;1;5;203 825 669;1;1;4;2;1971.0;1;0;10;8;2023;07;1;62;62193;2;2;7;1;50,94707000;1,84826000;4;2;2;1;1;1;1;0;1;50;3;Blessé léger
202300010738;155 661 517;1;0;2;1;1;5;203 825 669;1;1;4;2;1971.0;1;0;10;8;2023;07;1;62;62193;2;2;7;1;50,94707000;1,84826000;4;1;1;0;1;1;1;0;1;50;3;Blessé léger
202300010738;155 661 521;7;0;2;1;15;1;203 825 674;1;1;1;2;1971.0;1;8;10;8;2023;07;1;62;62193;2;2;7;1;50,94707000;1,84826000;4;2;2;1;1;1;1;0;1;50;3;Indemne
202300010738;155 661 521;7;0;2;1;15;1;203 825 674;1;1;1;2;1971.0;1;8;10;8;2023;07;1;62;62193;2;2;7;1;50,94707000;1,84826000;4;1;1;0;1;1;1;0;1;50;3;Indemne
202300010742;155 661 505;1;0;2;3;1;5;203 825 648;1;1;3;1;1951.0;5;2;15;8;2023;18;1;62;62160;2;3;7;3;50,71697000;1,59291000;3;2;2;1;1;1;1;0;5;50;1;Blessé hospitalisé
202300010742;155 661 505;1;0;2;3;1;5;203 825 648;1;1;3;1;1951.0;5;2;15;8;2023;18;1;62;62160;2;3;7;3;50,71697000;1,59291000;3;2;3;0;4;1;1;0;5;50;1;Blessé hospitalisé
202300010742;155 661 509;7;0;9;3;15;1;203 825 653;2;2;1;2;1996.0;5;1;15;8;2023;18;1;62;62160;2;3;7;3;50,71697000;1,59291000;3;2;2;1;1;1;1;0;5;50;1;Indemne
202300010742;155 661 509;7;0;9;3;15;1;203 825 653;2;2;1;2;1996.0;5;1;15;8;2023;18;1;62;62160;2;3;7;3;50,71697000;1,59291000;3;2;3;0;4;1;1;0;5;50;1;Indemne
202300010742;155 661 509;7;0;9;3;15;1;203 825 658;3;2;1;2;1987.0;5;1;15;8;2023;18;1;62;62160;2;3;7;3;50,71697000;1,59291000;3;2;2;1;1;1;1;0;5;50;1;Indemne
202300010742;155 661 509;7;0;9;3;15;1;203 825 658;3;2;1;2;1987.0;5;1;15;8;2023;18;1;62;62160;2;3;7;3;50,71697000;1,59291000;3;2;3;0;4;1;1;0;5;50;1;Indemne
202300010742;155 661 509;7;0;9;3;15;1;203 825 660;1;1;1;2;1998.0;5;1;15;8;2023;18;1;62;62160;2;3;7;3;50,71697000;1,59291000;3;2;2;1;1;1;1;0;5;50;1;Indemne
202300010742;155 661 509;7;0;9;3;15;1;203 825 660;1;1;1;2;1998.0;5;1;15;8;2023;18;1;62;62160;2;3;7;3;50,71697000;1,59291000;3;2;3;0;4;1;1;0;5;50;1;Indemne
202300010752;155 661 491;1;0;2;3;1;5;203 825 625;1;1;4;1;1982.0;5;2;14;8;2023;11;1;61;61169;2;2;1;3;48,73192400; -0,58335000;4;2;2;1;1;1;1;0;1;50;0;Blessé léger
202300010752;155 661 491;1;0;2;3;1;5;203 825 625;1;1;4;1;1982.0;5;2;14;8;2023;11;1;61;61169;2;2;1;3;48,73192400; -0,58335000;4;2;2;1;2;1;1;0;1;50;0;Blessé léger
202300010752;155 661 495;7;0;2;2;19;1;203 825 629;1;1;1;1;1979.0;5;1;14;8;2023;11;1;61;61169;2;2;1;3;48,73192400; -0,58335000;4;2;2;1;1;1;1;0;1;50;0;Indemne
202300010752;155 661 495;7;0;2;2;19;1;203 825 629;1;1;1;1;1979.0;5;1;14;8;2023;11;1;61;61169;2;2;1;3;48,73192400; -0,58335000;4;2;2;1;2;1;1;0;1;50;0;Indemne
202300010764;155 661 474;1;0;2;8;19;5;203 825 598;1;1;3;1;1953.0;5;2;21;3;2023;16;1;38;38434;1;3;1;3;45,51462500;5,52517900;3;2;2;0;1;1;1;0;1;80;1;Blessé hospitalisé
202300010764;155 661 474;1;0;2;8;19;5;203 825 598;1;1;3;1;1953.0;5;2;21;3;2023;16;1;38;38434;1;3;1;3;45,51462500;5,52517900;3;2;2;0;1;1;1;0;1;80;1;Blessé hospitalisé
202300010764;155 661 478;10;0;9;3;1;1;203 825 603;1;1;1;1;1987.0;4;1;21;3;2023;16;1;38;38434;1;3;1;3;45,51462500;5,52517900;3;2;2;0;1;1;1;0;1;80;1;Indemne
202300010764;155 661 478;10;0;9;3;1;1;203 825 603;1;1;1;1;1987.0;4;1;21;3;2023;16;1;38;38434;1;3;1;3;45,51462500;5,52517900;3;2;2;0;1;1;1;0;1;80;1;Indemne
202300010806;155 661 398;7;0;9;2;2;0;203 825 483;1;1;1;1;1969.0;1;1;8;7;2023;07;1;13;13007;2;1;1;2;43,36939200;5,65730500;3;2;2;0;1;1;1;0;1;50;5;Indemne
202300010806;155 661 401;1;0;0;4;2;5;203 825 489;1;1;3;1;1964.0;5;2;8;7;2023;07;1;13;13007;2;1;1;2;43,36939200;5,65730500;3;2;2;0;1;1;1;0;1;50;5;Blessé hospitalisé
202300010837;155 661 351;7;0;2;5;1;2;203 825 418;1;1;1;2;1989.0;3;1;4;6;2023;12;1;54;54111;1;1;1;2;48,64390119;6,07972026;4;2;2;0;1;1;1;0;1;70;6;Indemne
202300010837;155 661 354;1;0;2;4;1;5;203 825 421;1;1;3;2;1960.0;5;2;4;6;2023;12;1;54;54111;1;1;1;2;48,64390119;6,07972026;4;2;2;0;1;1;1;0;1;70;6;Blessé hospitalisé
202300010844;155 661 333;7;0;9;2;16;1;203 825 390;1;1;1;2;1962.0;3;1;7;7;2023;09;1;38;38474;2;2;1;3;45,21968300;5,66107000;4;2;2;1;1;1;1;0;1;50;4;Indemne
202300010844;155 661 333;7;0;9;2;16;1;203 825 390;1;1;1;2;1962.0;3;1;7;7;2023;09;1;38;38474;2;2;1;3;45,21968300;5,66107000;4;2;2;1;1;1;1;0;8;50;4;Indemne
202300010844;155 661 336;1;0;0;7;17;5;203 825 395;1;1;4;2;1961.0;5;2;7;7;2023;09;1;38;38474;2;2;1;3;45,21968300;5,66107000;4;2;2;1;1;1;1;0;1;50;4;Blessé léger
202300010844;155 661 336;1;0;0;7;17;5;203 825 395;1;1;4;2;1961.0;5;2;7;7;2023;09;1;38;38474;2;2;1;3;45,21968300;5,66107000;4;2;2;1;1;1;1;0;8;50;4;Blessé léger
202300010848;155 661 324;1;0;2;1;1;5;203 825 377;1;1;1;1;2007.0;5;2;15;8;2023;15;1;75;75105;2;3;1;1;48,85331700;2,34590500;4;2;1;1;1;1;1;0;5;20;1;Indemne
202300010848;155 661 329;1;0;2;1;1;5;203 825 381;1;1;4;1;1961.0;9;2;15;8;2023;15;1;75;75105;2;3;1;1;48,85331700;2,34590500;4;2;1;1;1;1;1;0;5;20;1;Blessé léger
202300010859;155 661 303;7;0;9;2;15;1;203 825 355;1;1;1;2;1992.0;1;1;15;3;2023;16;1;06;06147;2;1;1;1;43,78555400;7,27162400;7;2;2;0;1;3;1;0;1;50;2;Indemne
202300010859;155 661 305;1;0;2;1;1;5;203 825 357;1;1;4;1;1996.0;5;2;15;3;2023;16;1;06;06147;2;1;1;1;43,78555400;7,27162400;7;2;2;0;1;3;1;0;1;50;2;Blessé léger
202300010868;155 661 281;7;0;0;2;9;1;203 825 324;2;2;1;2;1991.0;9;1;7;7;2023;17;1;59;59416;2;2;1;3;50,70380700;2,52409800;3;2;2;1;1;1;1;0;5;50;4;Indemne
202300010868;155 661 281;7;0;0;2;9;1;203 825 324;2;2;1;2;1991.0;9;1;7;7;2023;17;1;59;59416;2;2;1;3;50,70380700;2,52409800;3;2;2;1;1;1;1;0;5;50;4;Indemne
202300010868;155 661 281;7;0;0;2;9;1;203 825 328;1;1;1;1;1990.0;9;1;7;7;2023;17;1;59;59416;2;2;1;3;50,70380700;2,52409800;3;2;2;1;1;1;1;0;5;50;4;Indemne
202300010868;155 661 281;7;0;0;2;9;1;203 825 328;1;1;1;1;1990.0;9;1;7;7;2023;17;1;59;59416;2;2;1;3;50,70380700;2,52409800;3;2;2;1;1;1;1;0;5;50;4;Indemne
202300010868;155 661 288;1;0;0;1;1;5;203 825 336;1;1;3;2;1957.0;5;2;7;7;2023;17;1;59;59416;2;2;1;3;50,70380700;2,52409800;3;2;2;1;1;1;1;0;5;50;4;Blessé hospitalisé
202300010868;155 661 288;1;0;0;1;1;5;203 825 336;1;1;3;2;1957.0;5;2;7;7;2023;17;1;59;59416;2;2;1;3;50,70380700;2,52409800;3;2;2;1;1;1;1;0;5;50;4;Blessé hospitalisé
202300010869;155 661 279;1;0;2;1;5;5;203 825 320;1;1;4;1;1985.0;5;2;15;8;2023;18;1;92;92033;2;2;1;3;48,84268649;2,18641520;4;1;1;0;2;1;1;0;1;50;1;Blessé léger
202300010869;155 661 283;7;0;2;3;15;1;203 825 327;1;1;1;1;1967.0;3;1;15;8;2023;18;1;92;92033;2;2;1;3;48,84268649;2,18641520;4;1;1;0;2;1;1;0;1;50;1;Indemne
202300010898;155 661 228;7;0;9;1;15;1;203 825 248;1;1;1;1;1995.0;1;1;22;11;2023;21;5;94;94016;2;9;1;1;48,79587000;2,33535000;3;2;2;0;2;1;1;5;1;30;2;Indemne