Num_Acc;id_vehicule;catv;obs;obsm;choc;manv;motor;id_usager;place;catu;grav;sexe;an_nais;trajet;secu1;jour;mois;an;hrmn;lum;dep;com;agg;int;atm;col;lat;long;catr;circ;nbv;vosp;prof;plan;surf;infra;situ;vma;day_of_week;gravity
202300010898;155 661 228;7;0;9;1;15;1;203 825 249;2;2;1;2;1964.0;0;1;22;11;2023;21;5;94;94016;2;9;1;1;48,79587000;2,33535000;3;2;2;0;2;1;1;5;1;30;2;Indemne
202300010898;155 661 233;1;0;2;1;2;5;203 825 256;1;1;4;1;1983.0;1;8;22;11;2023;21;5;94;94016;2;9;1;1;48,79587000;2,33535000;3;2;2;0;2;1;1;5;1;30;2;Blessé léger
202300010926;155 661 171;1;0;2;0;1;5;203 825 180;1;1;4;1;1970.0;5;0;27;4;2023;17;1;43;43046;2;1;1;6;45,06681000;3,90344000;4;1;1;0;1;1;1;0;1;50;3;Blessé léger
202300010926;155 661 175;50;0;2;0;15;3;203 825 186;1;1;4;1;2011.0;5;0;27;4;2023;17;1;43;43046;2;1;1;6;45,06681000;3,90344000;4;1;1;0;1;1;1;0;1;50;3;Blessé léger
202300010941;155 661 147;1;0;2;3;19;5;203 825 151;1;1;4;2;2001.0;9;8;8;7;2023;01;5;75;75107;2;2;1;3;48,85164700;2,31253200;4;1;1;0;1;1;1;0;1;30;5;Blessé léger
202300010941;155 661 147;1;0;2;3;19;5;203 825 151;1;1;4;2;2001.0;9;8;8;7;2023;01;5;75;75107;2;2;1;3;48,85164700;2,31253200;4;1;2;0;1;1;1;0;1;30;5;Blessé léger
202300010941;155 661 150;7;0;2;1;1;2;203 825 154;1;1;1;1;1978.0;4;8;8;7;2023;01;5;75;75107;2;2;1;3;48,85164700;2,31253200;4;1;1;0;1;1;1;0;1;30;5;Indemne
202300010941;155 661 150;7;0;2;1;1;2;203 825 154;1;1;1;1;1978.0;4;8;8;7;2023;01;5;75;75107;2;2;1;3;48,85164700;2,31253200;4;1;2;0;1;1;1;0;1;30;5;Indemne
202300010949;155 661 128;1;0;2;1;1;5;203 825 124;1;1;4;1;1994.0;4;0;14;8;2023;12;1;69;69149;2;3;1;3;45,71508000;4,80803000;4;1;1;2;1;1;1;0;1;30;0;Blessé léger
202300010949;155 661 128;1;0;2;1;1;5;203 825 124;1;1;4;1;1994.0;4;0;14;8;2023;12;1;69;69149;2;3;1;3;45,71508000;4,80803000;4;2;2;0;2;1;1;0;1;30;0;Blessé léger
202300010949;155 661 132;7;0;2;3;1;3;203 825 132;1;1;1;1;1966.0;1;1;14;8;2023;12;1;69;69149;2;3;1;3;45,71508000;4,80803000;4;1;1;2;1;1;1;0;1;30;0;Indemne
202300010949;155 661 132;7;0;2;3;1;3;203 825 132;1;1;1;1;1966.0;1;1;14;8;2023;12;1;69;69149;2;3;1;3;45,71508000;4,80803000;4;2;2;0;2;1;1;0;1;30;0;Indemne
202300010966;155 661 098;7;0;2;2;26;1;203 825 083;2;2;1;1;2002.0;0;1;7;7;2023;18;3;974;97411;2;2;1;3; -20,90614000;55,50215000;4;2;2;0;1;1;1;5;1;50;4;Indemne
202300010966;155 661 098;7;0;2;2;26;1;203 825 083;2;2;1;1;2002.0;0;1;7;7;2023;18;3;974;97411;2;2;1;3; -20,90614000;55,50215000;4;1;1;0;2;1;1;5;1;50;4;Indemne
202300010966;155 661 098;7;0;2;2;26;1;203 825 085;1;1;1;1;2001.0;5;1;7;7;2023;18;3;974;97411;2;2;1;3; -20,90614000;55,50215000;4;2;2;0;1;1;1;5;1;50;4;Indemne
202300010966;155 661 098;7;0;2;2;26;1;203 825 085;1;1;1;1;2001.0;5;1;7;7;2023;18;3;974;97411;2;2;1;3; -20,90614000;55,50215000;4;1;1;0;2;1;1;5;1;50;4;Indemne
202300010966;155 661 104;1;0;2;1;1;5;203 825 097;1;1;4;1;1988.0;5;8;7;7;2023;18;3;974;97411;2;2;1;3; -20,90614000;55,50215000;4;2;2;0;1;1;1;5;1;50;4;Blessé léger
202300010966;155 661 104;1;0;2;1;1;5;203 825 097;1;1;4;1;1988.0;5;8;7;7;2023;18;3;974;97411;2;2;1;3; -20,90614000;55,50215000;4;1;1;0;2;1;1;5;1;50;4;Blessé léger
202300010968;155 661 097;1;0;1;7;1;5;203 825 082;1;1;4;2;1968.0;1;2;19;9;2023;18;1;75;75110;2;2;1;6;48,87227100;2,35590800;4;1;5;1;1;1;1;0;5;30;1;Blessé léger
202300010968;155 661 097;1;0;1;7;1;5;203 825 087;10;3;4;1;2003.0;9;0;19;9;2023;18;1;75;75110;2;2;1;6;48,87227100;2,35590800;4;1;5;1;1;1;1;0;5;30;1;Blessé léger
202300010974;155 661 087;1;0;1;1;21;5;203 825 069;1;1;1;1;2005.0;2;8;19;9;2023;07;2;75;75109;2;2;1;6;48,87588900;2,33987200;4;2;4;2;1;1;1;5;5;30;1;Indemne
202300010974;155 661 087;1;0;1;1;21;5;203 825 071;10;3;4;2;1990.0;1;0;19;9;2023;07;2;75;75109;2;2;1;6;48,87588900;2,33987200;4;2;4;2;1;1;1;5;5;30;1;Blessé léger
202300010987;155 661 068;80;0;1;1;1;3;203 825 044;10;3;1;2;2011.0;2;0;19;9;2023;08;1;75;75107;2;3;1;6;48,85903200;2,30425500;4;1;1;0;1;1;1;0;1;30;1;Indemne
202300010987;155 661 068;80;0;1;1;1;3;203 825 046;1;1;4;1;1970.0;1;8;19;9;2023;08;1;75;75107;2;3;1;6;48,85903200;2,30425500;4;1;1;0;1;1;1;0;1;30;1;Blessé léger
202300010993;155 661 056;80;0;0;1;1;3;203 825 027;1;1;4;1;1993.0;5;8;19;9;2023;20;5;75;75102;2;3;1;7;48,86977734;2,35227048;4;2;2;1;1;1;1;0;5;30;1;Blessé léger
202300010993;155 661 056;80;0;0;1;1;3;203 825 027;1;1;4;1;1993.0;5;8;19;9;2023;20;5;75;75102;2;3;1;7;48,86977734;2,35227048;4;1;0;0;1;1;1;0;5;30;1;Blessé léger
202300011006;155 661 031;1;0;2;0;1;5;203 824 988;1;1;3;1;1943.0;9;8;6;7;2023;11;1;971;97107;2;3;1;7;16,04107041; -61,56641722;3;2;0;0;1;1;1;0;1;50;3;Blessé hospitalisé
202300011006;155 661 033;7;0;0;0;13;1;203 824 992;1;1;1;2;1955.0;0;1;6;7;2023;11;1;971;97107;2;3;1;7;16,04107041; -61,56641722;3;2;0;0;1;1;1;0;1;50;3;Indemne
202300011041;155 660 966;1;0;1;1;21;5;203 824 890;10;3;4;1;2011.0;0;8;19;9;2023;15;1;94;94002;2;1;1;6;48,80260000;2,42150000;4;1;1;0;1;1;1;0;1;30;1;Blessé léger
202300011041;155 660 966;1;0;1;1;21;5;203 824 891;1;1;4;1;2011.0;0;8;19;9;2023;15;1;94;94002;2;1;1;6;48,80260000;2,42150000;4;1;1;0;1;1;1;0;1;30;1;Blessé léger
202300011069;155 660 917;1;0;2;4;9;5;203 824 829;1;1;4;1;1970.0;5;8;14;8;2023;13;1;37;37208;2;1;1;2;47,36938000;0,71877000;4;2;4;2;1;1;1;0;1;50;0;Blessé léger
202300011069;155 660 920;7;0;2;1;1;1;203 824 830;1;1;1;1;1989.0;5;1;14;8;2023;13;1;37;37208;2;1;1;2;47,36938000;0,71877000;4;2;4;2;1;1;1;0;1;50;0;Indemne
202300011073;155 660 912;32;1;2;1;1;1;203 824 822;1;1;1;1;1976.0;0;2;19;9;2023;09;1;93;93048;2;3;1;3;48,85852826;2,43164485;3;2;2;2;1;1;1;0;1;50;1;Indemne
202300011073;155 660 914;1;1;2;8;1;5;203 824 826;1;1;4;1;1994.0;0;8;19;9;2023;09;1;93;93048;2;3;1;3;48,85852826;2,43164485;3;2;2;2;1;1;1;0;1;50;1;Blessé léger
202300011086;155 660 888;7;0;2;2;5;1;203 824 792;1;1;1;1;1996.0;1;1;19;9;2023;22;5;93;93070;2;1;1;6;48,91863000;2,32884000;3;2;2;2;1;1;1;2;1;50;1;Indemne
202300011086;155 660 891;1;0;2;8;14;5;203 824 796;1;1;4;1;1999.0;1;8;19;9;2023;22;5;93;93070;2;1;1;6;48,91863000;2,32884000;3;2;2;2;1;1;1;2;1;50;1;Blessé léger
202300011097;155 660 872;1;0;2;8;1;5;203 824 768;1;1;4;1;1996.0;4;0;19;3;2023;21;2;03;03190;2;6;1;3;46,56934000;3,32536000;3;4;2;1;1;2;1;0;5;50;6;Blessé léger
202300011097;155 660 874;7;0;2;7;16;1;203 824 770;1;1;4;1;2002.0;3;1;19;3;2023;21;2;03;03190;2;6;1;3;46,56934000;3,32536000;3;4;2;1;1;2;1;0;5;50;6;Blessé léger
202300011107;155 660 854;1;0;1;1;1;5;203 824 744;1;1;4;1;1983.0;5;8;14;8;2023;13;1;75;75111;2;4;1;6;48,85633300;2,37089300;4;3;6;1;1;1;1;0;1;30;0;Blessé léger
202300011107;155 660 854;1;0;1;1;1;5;203 824 744;1;1;4;1;1983.0;5;8;14;8;2023;13;1;75;75111;2;4;1;6;48,85633300;2,37089300;4;2;1;2;1;1;1;0;1;30;0;Blessé léger
202300011107;155 660 854;1;0;1;1;1;5;203 824 746;10;3;1;1;1996.0;4;0;14;8;2023;13;1;75;75111;2;4;1;6;48,85633300;2,37089300;4;3;6;1;1;1;1;0;1;30;0;Indemne
202300011107;155 660 854;1;0;1;1;1;5;203 824 746;10;3;1;1;1996.0;4;0;14;8;2023;13;1;75;75111;2;4;1;6;48,85633300;2,37089300;4;2;1;2;1;1;1;0;1;30;0;Indemne
202300011111;155 660 848;50;0;2;1;13;3;203 824 738;1;1;4;1;1988.0;1;2;14;8;2023;07;1;75;75105;2;3;1;1;48,84684600;2,36098400;4;2;2;1;1;1;1;0;6;25;0;Blessé léger
202300011111;155 660 850;80;0;2;1;1;3;203 824 740;1;1;4;2;1996.0;9;8;14;8;2023;07;1;75;75105;2;3;1;1;48,84684600;2,36098400;4;2;2;1;1;1;1;0;6;25;0;Blessé léger
202300011134;155 660 809;37;0;9;2;17;0;203 824 689;1;1;1;1;1991.0;4;1;19;9;2023;08;1;92;92026;2;1;1;2;48,90000000;2,24000000;3;2;0;0;1;1;1;0;1;50;1;Indemne
202300011134;155 660 811;1;0;2;6;13;5;203 824 691;1;1;1;1;1980.0;0;2;19;9;2023;08;1;92;92026;2;1;1;2;48,90000000;2,24000000;3;2;0;0;1;1;1;0;1;50;1;Indemne
202300011134;155 660 811;1;0;2;6;13;5;203 824 693;2;2;4;1;2020.0;0;2;19;9;2023;08;1;92;92026;2;1;1;2;48,90000000;2,24000000;3;2;0;0;1;1;1;0;1;50;1;Blessé léger
202300011137;155 660 803;1;0;1;1;1;5;203 824 682;1;1;1;1;2000.0;0;8;17;9;2023;21;5;92;92024;2;1;1;6;48,91004442;2,29928970;3;2;4;2;1;1;1;2;5;50;6;Indemne
202300011137;155 660 803;1;0;1;1;1;5;203 824 684;10;3;4;1;1990.0;0;0;17;9;2023;21;5;92;92024;2;1;1;6;48,91004442;2,29928970;3;2;4;2;1;1;1;2;5;50;6;Blessé léger
202300011160;155 660 762;7;0;2;2;1;1;203 824 631;1;1;1;2;1974.0;0;8;15;8;2023;20;1;86;86272;1;1;1;3;46,82734600;0,47149100;3;2;2;0;1;1;1;0;1;80;1;Indemne
202300011160;155 660 764;1;0;2;8;1;5;203 824 634;1;1;4;1;1976.0;5;0;15;8;2023;20;1;86;86272;1;1;1;3;46,82734600;0,47149100;3;2;2;0;1;1;1;0;1;80;1;Blessé léger
202300011173;155 660 748;7;0;9;1;1;1;203 824 611;1;1;1;1;1972.0;5;1;6;9;2023;08;1;67;67117;1;4;7;2;48,76699500;7,31680900;3;3;0;0;2;1;1;5;1;80;2;Indemne
202300011173;155 660 750;80;0;0;4;11;3;203 824 612;1;1;3;1;1957.0;5;2;6;9;2023;08;1;67;67117;1;4;7;2;48,76699500;7,31680900;3;3;0;0;2;1;1;5;1;80;2;Blessé hospitalisé
202300011175;155 660 743;7;3;2;1;1;1;203 824 605;1;1;1;2;2005.0;0;1;16;8;2023;09;1;35;35338;1;1;1;1;48,05867800; -1,27884500;4;2;2;0;3;2;1;2;1;80;2;Indemne
202300011175;155 660 745;1;3;2;0;0;5;203 824 608;1;1;2;1;2009.0;5;0;16;8;2023;09;1;35;35338;1;1;1;1;48,05867800; -1,27884500;4;2;2;0;3;2;1;2;1;80;2;Tué
202300011177;155 660 741;1;0;2;8;1;5;203 824 603;1;1;4;1;1959.0;5;2;20;3;2023;12;1;95;95116;1;1;8;3;49,16121100;2,33860200;3;2;2;0;1;1;1;0;1;50;0;Blessé léger
202300011177;155 660 742;7;0;2;7;1;1;203 824 604;1;1;1;2;1948.0;5;1;20;3;2023;12;1;95;95116;1;1;8;3;49,16121100;2,33860200;3;2;2;0;1;1;1;0;1;50;0;Indemne
202300011192;155 660 718;1;0;2;1;26;5;203 824 576;1;1;3;1;1978.0;0;2;15;8;2023;08;1;59;59528;2;4;7;3;50,20554500;3,40742500;3;2;2;0;2;2;1;0;1;50;1;Blessé hospitalisé
202300011192;155 660 720;7;0;2;2;26;1;203 824 578;1;1;1;1;1991.0;0;1;15;8;2023;08;1;59;59528;2;4;7;3;50,20554500;3,40742500;3;2;2;0;2;2;1;0;1;50;1;Indemne
202300011195;155 660 712;7;0;2;1;2;1;203 824 567;1;1;1;1;1982.0;5;1;15;8;2023;22;3;56;56214;1;1;1;2;47,52535900; -2,84492300;3;2;2;0;2;1;1;0;1;80;1;Indemne
202300011195;155 660 712;7;0;2;1;2;1;203 824 569;2;2;1;2;1989.0;5;1;15;8;2023;22;3;56;56214;1;1;1;2;47,52535900; -2,84492300;3;2;2;0;2;1;1;0;1;80;1;Indemne
202300011195;155 660 713;1;0;2;4;1;5;203 824 570;1;1;2;1;1971.0;1;0;15;8;2023;22;3;56;56214;1;1;1;2;47,52535900; -2,84492300;3;2;2;0;2;1;1;0;1;80;1;Tué
202300011212;155 660 683;7;0;2;7;1;1;203 824 518;2;2;1;1;2002.0;5;1;19;3;2023;10;1;29;29074;2;6;1;3;48,48671800; -3,99566500;3;1;2;0;1;1;1;5;1;50;6;Indemne
202300011212;155 660 683;7;0;2;7;1;1;203 824 518;2;2;1;1;2002.0;5;1;19;3;2023;10;1;29;29074;2;6;1;3;48,48671800; -3,99566500;3;1;2;0;1;1;1;5;1;50;6;Indemne
202300011212;155 660 683;7;0;2;7;1;1;203 824 521;1;1;1;2;2000.0;5;1;19;3;2023;10;1;29;29074;2;6;1;3;48,48671800; -3,99566500;3;1;2;0;1;1;1;5;1;50;6;Indemne
202300011212;155 660 683;7;0;2;7;1;1;203 824 521;1;1;1;2;2000.0;5;1;19;3;2023;10;1;29;29074;2;6;1;3;48,48671800; -3,99566500;3;1;2;0;1;1;1;5;1;50;6;Indemne
202300011212;155 660 684;1;0;2;1;9;5;203 824 522;1;1;3;1;1947.0;5;2;19;3;2023;10;1;29;29074;2;6;1;3;48,48671800; -3,99566500;3;1;2;0;1;1;1;5;1;50;6;Blessé hospitalisé
202300011212;155 660 684;1;0;2;1;9;5;203 824 522;1;1;3;1;1947.0;5;2;19;3;2023;10;1;29;29074;2;6;1;3;48,48671800; -3,99566500;3;1;2;0;1;1;1;5;1;50;6;Blessé hospitalisé
202300011256;155 660 607;1;0;2;4;2;5;203 824 416;1;1;2;1;2003.0;5;9;19;3;2023;21;3;33;33196;1;1;1;2;44,80021200; -0,21034400;3;2;2;0;1;1;1;0;1;80;6;Tué
202300011256;155 660 608;7;0;2;1;2;1;203 824 417;1;1;1;2;1984.0;5;1;19;3;2023;21;3;33;33196;1;1;1;2;44,80021200; -0,21034400;3;2;2;0;1;1;1;0;1;80;6;Indemne
202300011285;155 660 543;10;0;2;3;15;1;203 824 336;1;1;1;1;1973.0;0;1;18;9;2023;08;1;92;92024;2;3;1;3;48,89992162;2,31448352;3;2;1;0;1;1;1;0;1;50;0;Indemne
202300011285;155 660 543;10;0;2;3;15;1;203 824 336;1;1;1;1;1973.0;0;1;18;9;2023;08;1;92;92024;2;3;1;3;48,89992162;2,31448352;3;1;1;0;1;1;1;0;1;30;0;Indemne
202300011285;155 660 544;1;0;2;2;13;5;203 824 337;1;1;4;1;1985.0;1;8;18;9;2023;08;1;92;92024;2;3;1;3;48,89992162;2,31448352;3;2;1;0;1;1;1;0;1;50;0;Blessé léger
202300011285;155 660 544;1;0;2;2;13;5;203 824 337;1;1;4;1;1985.0;1;8;18;9;2023;08;1;92;92024;2;3;1;3;48,89992162;2,31448352;3;1;1;0;1;1;1;0;1;30;0;Blessé léger
202300011288;155 660 536;80;0;2;1;1;3;203 824 323;1;1;4;1;1992.0;9;8;18;6;2023;15;1;75;75119;2;3;1;1;48,89449800;2,37060300;4;1;2;0;1;1;1;0;5;30;6;Blessé léger
202300011288;155 660 536;80;0;2;1;1;3;203 824 323;1;1;4;1;1992.0;9;8;18;6;2023;15;1;75;75119;2;3;1;1;48,89449800;2,37060300;4;2;4;1;1;1;1;0;5;30;6;Blessé léger
202300011288;155 660 537;1;0;2;1;1;5;203 824 324;1;1;4;1;1990.0;9;8;18;6;2023;15;1;75;75119;2;3;1;1;48,89449800;2,37060300;4;1;2;0;1;1;1;0;5;30;6;Blessé léger
202300011288;155 660 537;1;0;2;1;1;5;203 824 324;1;1;4;1;1990.0;9;8;18;6;2023;15;1;75;75119;2;3;1;1;48,89449800;2,37060300;4;2;4;1;1;1;1;0;5;30;6;Blessé léger
202300011289;155 660 534;80;0;2;1;21;3;203 824 321;1;1;3;1;1965.0;9;8;17;6;2023;13;1;75;75119;2;9;1;2;48,87853500;2,40251200;4;1;4;1;2;1;1;0;4;50;5;Blessé hospitalisé
202300011289;155 660 535;7;0;0;5;23;1;203 824 322;1;1;1;1;1982.0;9;1;17;6;2023;13;1;75;75119;2;9;1;2;48,87853500;2,40251200;4;1;4;1;2;1;1;0;4;50;5;Indemne
202300011290;155 660 533;1;0;1;1;1;5;203 824 319;1;1;4;1;1978.0;9;8;16;6;2023;19;1;75;75119;2;4;1;6;48,88421100;2,38427800;4;1;1;0;1;1;1;0;5;30;4;Blessé léger
202300011290;155 660 533;1;0;1;1;1;5;203 824 319;1;1;4;1;1978.0;9;8;16;6;2023;19;1;75;75119;2;4;1;6;48,88421100;2,38427800;4;3;2;1;2;1;1;0;5;30;4;Blessé léger
202300011290;155 660 533;1;0;1;1;1;5;203 824 320;10;3;4;1;1964.0;9;0;16;6;2023;19;1;75;75119;2;4;1;6;48,88421100;2,38427800;4;1;1;0;1;1;1;0;5;30;4;Blessé léger
202300011290;155 660 533;1;0;1;1;1;5;203 824 320;10;3;4;1;1964.0;9;0;16;6;2023;19;1;75;75119;2;4;1;6;48,88421100;2,38427800;4;3;2;1;2;1;1;0;5;30;4;Blessé léger
202300011292;155 660 530;1;0;2;1;2;5;203 824 316;1;1;4;1;1995.0;5;8;16;6;2023;12;1;75;75119;2;2;1;2;48,88298800;2,38560900;4;2;2;0;1;1;1;0;1;30;4;Blessé léger
202300011292;155 660 530;1;0;2;1;2;5;203 824 316;1;1;4;1;1995.0;5;8;16;6;2023;12;1;75;75119;2;2;1;2;48,88298800;2,38560900;4;2;2;0;1;1;1;0;1;30;4;Blessé léger
202300011292;155 660 531;7;0;2;4;1;2;203 824 317;1;1;1;1;1984.0;4;1;16;6;2023;12;1;75;75119;2;2;1;2;48,88298800;2,38560900;4;2;2;0;1;1;1;0;1;30;4;Indemne
202300011292;155 660 531;7;0;2;4;1;2;203 824 317;1;1;1;1;1984.0;4;1;16;6;2023;12;1;75;75119;2;2;1;2;48,88298800;2,38560900;4;2;2;0;1;1;1;0;1;30;4;Indemne
202300011309;155 660 505;33;0;2;0;13;1;203 824 279;1;1;1;1;1995.0;5;2;16;6;2023;00;5;75;75115;2;3;1;1;48,85370200;2,28768000;4;1;1;0;1;1;1;0;5;30;4;Indemne
202300011309;155 660 505;33;0;2;0;13;1;203 824 279;1;1;1;1;1995.0;5;2;16;6;2023;00;5;75;75115;2;3;1;1;48,85370200;2,28768000;4;2;2;1;1;1;1;0;5;30;4;Indemne
202300011309;155 660 506;1;0;2;0;1;5;203 824 280;1;1;4;1;1999.0;9;8;16;6;2023;00;5;75;75115;2;3;1;1;48,85370200;2,28768000;4;1;1;0;1;1;1;0;5;30;4;Blessé léger
202300011309;155 660 506;1;0;2;0;1;5;203 824 280;1;1;4;1;1999.0;9;8;16;6;2023;00;5;75;75115;2;3;1;1;48,85370200;2,28768000;4;2;2;1;1;1;1;0;5;30;4;Blessé léger
202300011310;155 660 504;80;0;1;1;1;3;203 824 277;1;1;4;2;1992.0;1;8;15;6;2023;09;1;75;75115;2;2;1;6;48,83429100;2,28390900;4;1;3;1;1;1;1;0;5;30;3;Blessé léger
202300011310;155 660 504;80;0;1;1;1;3;203 824 278;10;3;4;1;1960.0;1;0;15;6;2023;09;1;75;75115;2;2;1;6;48,83429100;2,28390900;4;1;3;1;1;1;1;0;5;30;3;Blessé léger
202300011315;155 660 497;1;0;0;0;9;5;203 824 268;1;1;4;2;1990.0;9;8;14;6;2023;23;5;75;75110;2;2;1;7;48,86883000;2,36764800;4;1;2;0;1;1;1;0;1;30;2;Blessé léger
202300011315;155 660 497;1;0;0;0;9;5;203 824 268;1;1;4;2;1990.0;9;8;14;6;2023;23;5;75;75110;2;2;1;7;48,86883000;2,36764800;4;2;2;1;1;1;1;0;1;30;2;Blessé léger
202300011320;155 660 488;1;0;0;0;1;5;203 824 256;1;1;4;2;2003.0;5;8;17;6;2023;13;1;75;75107;2;2;1;7;48,84797400;2,31614600;4;2;5;1;1;1;1;0;5;30;5;Blessé léger
202300011321;155 660 487;1;0;1;7;1;5;203 824 254;1;1;1;2;1982.0;1;2;16;6;2023;08;1;75;75114;2;1;1;6;48,82866300;2,31470000;4;1;1;1;1;1;1;0;1;30;4;Indemne
202300011321;155 660 487;1;0;1;7;1;5;203 824 255;10;3;4;1;1930.0;9;0;16;6;2023;08;1;75;75114;2;1;1;6;48,82866300;2,31470000;4;1;1;1;1;1;1;0;1;30;4;Blessé léger
202300011322;155 660 485;50;0;2;1;1;3;203 824 252;1;1;1;1;2001.0;5;8;16;6;2023;09;1;75;75107;2;2;1;3;48,86113948;2,30547819;4;1;1;1;1;1;1;0;5;30;4;Indemne
202300011322;155 660 485;50;0;2;1;1;3;203 824 252;1;1;1;1;2001.0;5;8;16;6;2023;09;1;75;75107;2;2;1;3;48,86113948;2,30547819;4;1;1;0;1;1;1;0;5;30;4;Indemne
202300011322;155 660 486;1;0;2;8;1;5;203 824 253;1;1;4;2;1970.0;1;2;16;6;2023;09;1;75;75107;2;2;1;3;48,86113948;2,30547819;4;1;1;1;1;1;1;0;5;30;4;Blessé léger
202300011322;155 660 486;1;0;2;8;1;5;203 824 253;1;1;4;2;1970.0;1;2;16;6;2023;09;1;75;75107;2;2;1;3;48,86113948;2,30547819;4;1;1;0;1;1;1;0;5;30;4;Blessé léger
202300011323;155 660 482;1;0;0;0;1;5;203 824 249;1;1;4;2;1973.0;1;2;16;6;2023;10;1;75;75104;2;3;1;7;48,85135700;2,36228500;4;4;4;1;1;1;1;0;5;30;4;Blessé léger
202300011323;155 660 482;1;0;0;0;1;5;203 824 249;1;1;4;2;1973.0;1;2;16;6;2023;10;1;75;75104;2;3;1;7;48,85135700;2,36228500;4;4;2;2;1;1;1;0;1;30;4;Blessé léger
202300011326;155 660 477;80;0;2;7;1;3;203 824 243;1;1;4;2;2006.0;5;8;14;6;2023;11;1;75;75104;2;2;1;3;48,86058100;2,34937600;4;1;5;1;1;1;1;0;1;30;2;Blessé léger
202300011326;155 660 477;80;0;2;7;1;3;203 824 243;1;1;4;2;2006.0;5;8;14;6;2023;11;1;75;75104;2;2;1;3;48,86058100;2,34937600;4;2;1;3;1;1;1;6;1;30;2;Blessé léger
202300011326;155 660 478;7;0;2;3;1;2;203 824 244;1;1;1;1;1961.0;4;1;14;6;2023;11;1;75;75104;2;2;1;3;48,86058100;2,34937600;4;1;5;1;1;1;1;0;1;30;2;Indemne
202300011326;155 660 478;7;0;2;3;1;2;203 824 244;1;1;1;1;1961.0;4;1;14;6;2023;11;1;75;75104;2;2;1;3;48,86058100;2,34937600;4;2;1;3;1;1;1;6;1;30;2;Indemne
202300011328;155 660 474;7;0;2;2;15;0;203 824 240;1;1;1;1;1970.0;0;1;26;4;2023;15;1;32;32156;1;3;1;3;43,52572900;0,45814300;3;2;2;0;1;1;1;0;1;80;2;Indemne
202300011328;155 660 475;1;0;2;8;15;5;203 824 241;1;1;3;1;2006.0;0;2;26;4;2023;15;1;32;32156;1;3;1;3;43,52572900;0,45814300;3;2;2;0;1;1;1;0;1;80;2;Blessé hospitalisé
202300011331;155 660 470;1;0;2;8;1;5;203 824 236;1;1;3;1;1995.0;1;0;18;9;2023;10;1;69;69386;2;2;3;3;45,76803000;4,84540000;4;1;1;0;1;1;2;0;1;50;0;Blessé hospitalisé
202300011331;155 660 470;1;0;2;8;1;5;203 824 236;1;1;3;1;1995.0;1;0;18;9;2023;10;1;69;69386;2;2;3;3;45,76803000;4,84540000;4;1;1;2;1;1;2;0;5;50;0;Blessé hospitalisé
202300011331;155 660 471;7;0;2;3;15;1;203 824 237;1;1;1;2;1995.0;9;1;18;9;2023;10;1;69;69386;2;2;3;3;45,76803000;4,84540000;4;1;1;0;1;1;2;0;1;50;0;Indemne
202300011331;155 660 471;7;0;2;3;15;1;203 824 237;1;1;1;2;1995.0;9;1;18;9;2023;10;1;69;69386;2;2;3;3;45,76803000;4,84540000;4;1;1;2;1;1;2;0;5;50;0;Indemne
202300011341;155 660 454;1;0;2;8;19;5;203 824 214;1;1;4;1;2009.0;2;2;8;9;2023;13;1;89;89346;2;6;1;3;47,80338000;3,53564000;4;2;2;1;1;1;1;0;5;50;4;Blessé léger
202300011341;155 660 454;1;0;2;8;19;5;203 824 214;1;1;4;1;2009.0;2;2;8;9;2023;13;1;89;89346;2;6;1;3;47,80338000;3,53564000;4;2;2;0;1;1;1;0;1;50;4;Blessé léger
202300011341;155 660 455;7;0;2;3;19;1;203 824 215;1;1;1;2;1959.0;5;1;8;9;2023;13;1;89;89346;2;6;1;3;47,80338000;3,53564000;4;2;2;1;1;1;1;0;5;50;4;Indemne
202300011341;155 660 455;7;0;2;3;19;1;203 824 215;1;1;1;2;1959.0;5;1;8;9;2023;13;1;89;89346;2;6;1;3;47,80338000;3,53564000;4;2;2;0;1;1;1;0;1;50;4;Indemne
202300011353;155 660 432;1;0;2;1;19;5;203 824 186;1;1;3;1;1948.0;5;8;15;9;2023;09;1;67;67462;2;1;7;3;48,26098000;7,45713000;4;2;2;0;1;1;1;0;1;40;4;Blessé hospitalisé
202300011353;155 660 433;7;0;2;5;21;1;203 824 187;1;1;1;2;1974.0;5;1;15;9;2023;09;1;67;67462;2;1;7;3;48,26098000;7,45713000;4;2;2;0;1;1;1;0;1;40;4;Indemne
202300011365;155 660 415;1;0;2;4;15;5;203 824 167;1;1;4;1;1993.0;1;8;18;9;2023;14;1;37;37261;2;2;1;3;47,39759000;0,69947000;4;2;3;0;1;1;1;0;1;50;0;Blessé léger
202300011365;155 660 416;7;0;2;1;1;1;203 824 168;1;1;1;1;1990.0;1;1;18;9;2023;14;1;37;37261;2;2;1;3;47,39759000;0,69947000;4;2;3;0;1;1;1;0;1;50;0;Indemne
202300011368;155 660 410;7;0;2;3;1;1;203 824 160;1;1;1;1;1934.0;5;1;18;9;2023;09;1;35;35238;2;6;1;3;48,09153055; -1,65824085;4;3;2;2;1;1;1;0;1;50;0;Indemne
202300011368;155 660 410;7;0;2;3;1;1;203 824 160;1;1;1;1;1934.0;5;1;18;9;2023;09;1;35;35238;2;6;1;3;48,09153055; -1,65824085;4;2;2;0;1;1;1;0;1;30;0;Indemne