Num_Acc;id_vehicule;catv;obs;obsm;choc;manv;motor;id_usager;place;catu;grav;sexe;an_nais;trajet;secu1;jour;mois;an;hrmn;lum;dep;com;agg;int;atm;col;lat;long;catr;circ;nbv;vosp;prof;plan;surf;infra;situ;vma;day_of_week;gravity
202300011368;155 660 411;1;0;2;1;1;5;203 824 161;1;1;4;1;1939.0;5;8;18;9;2023;09;1;35;35238;2;6;1;3;48,09153055; -1,65824085;4;3;2;2;1;1;1;0;1;50;0;Blessé léger
202300011368;155 660 411;1;0;2;1;1;5;203 824 161;1;1;4;1;1939.0;5;8;18;9;2023;09;1;35;35238;2;6;1;3;48,09153055; -1,65824085;4;2;2;0;1;1;1;0;1;30;0;Blessé léger
202300011411;155 660 335;7;0;2;3;1;1;203 824 044;1;1;1;2;1974.0;2;1;20;10;2023;11;1;33;33449;2;6;3;6;44,89380400; -0,74721000;4;2;2;0;1;2;2;5;1;50;4;Indemne
202300011411;155 660 336;1;0;2;7;9;5;203 824 045;1;1;3;1;1950.0;3;0;20;10;2023;11;1;33;33449;2;6;3;6;44,89380400; -0,74721000;4;2;2;0;1;2;2;5;1;50;4;Blessé hospitalisé
202300011438;155 660 290;1;1;0;1;1;5;203 823 985;1;1;2;1;1946.0;5;0;8;2;2023;14;1;46;46028;1;1;1;6;44,93187400;1,75746900;3;2;2;0;3;1;1;0;1;70;2;Tué
202300011482;155 660 199;33;0;2;7;1;1;203 823 841;1;1;4;2;1962.0;5;2;19;8;2023;14;1;35;35238;2;2;1;3;48,10939000; -1,67396000;4;2;2;2;1;1;1;0;1;50;5;Blessé léger
202300011482;155 660 199;33;0;2;7;1;1;203 823 841;1;1;4;2;1962.0;5;2;19;8;2023;14;1;35;35238;2;2;1;3;48,10939000; -1,67396000;4;1;1;0;1;1;1;6;1;20;5;Blessé léger
202300011482;155 660 201;80;12;2;1;2;3;203 823 843;1;1;1;1;1999.0;4;8;19;8;2023;14;1;35;35238;2;2;1;3;48,10939000; -1,67396000;4;2;2;2;1;1;1;0;1;50;5;Indemne
202300011482;155 660 201;80;12;2;1;2;3;203 823 843;1;1;1;1;1999.0;4;8;19;8;2023;14;1;35;35238;2;2;1;3;48,10939000; -1,67396000;4;1;1;0;1;1;1;6;1;20;5;Indemne
202300011494;155 660 176;3;0;2;2;0;1;203 823 813;1;1;1;2;1974.0;1;1;19;10;2023;07;5;69;69386;2;2;3;1;45,76458000;4,84689000;4;1;1;2;1;1;2;0;1;30;3;Indemne
202300011494;155 660 176;3;0;2;2;0;1;203 823 813;1;1;1;2;1974.0;1;1;19;10;2023;07;5;69;69386;2;2;3;1;45,76458000;4,84689000;4;1;1;2;1;1;2;0;1;30;3;Indemne
202300011494;155 660 180;1;0;2;0;0;5;203 823 816;1;1;4;1;1966.0;1;8;19;10;2023;07;5;69;69386;2;2;3;1;45,76458000;4,84689000;4;1;1;2;1;1;2;0;1;30;3;Blessé léger
202300011494;155 660 180;1;0;2;0;0;5;203 823 816;1;1;4;1;1966.0;1;8;19;10;2023;07;5;69;69386;2;2;3;1;45,76458000;4,84689000;4;1;1;2;1;1;2;0;1;30;3;Blessé léger
202300011503;155 660 159;1;0;1;1;1;5;203 823 790;10;3;4;2;1963.0;9;0;6;2;2023;19;5;75;75120;2;1;1;6;48,85962200;2,40155300;4;2;1;0;2;1;1;0;1;30;0;Blessé léger
202300011503;155 660 159;1;0;1;1;1;5;203 823 791;1;1;1;1;2003.0;2;8;6;2;2023;19;5;75;75120;2;1;1;6;48,85962200;2,40155300;4;2;1;0;2;1;1;0;1;30;0;Indemne
202300011524;155 660 121;1;0;2;1;1;5;203 823 742;1;1;4;1;1990.0;1;2;6;2;2023;08;2;75;75110;2;2;1;3;48,87852000;2,35404400;4;2;4;3;2;1;1;0;1;30;0;Blessé léger
202300011524;155 660 121;1;0;2;1;1;5;203 823 742;1;1;4;1;1990.0;1;2;6;2;2023;08;2;75;75110;2;2;1;3;48,87852000;2,35404400;4;2;2;0;2;1;1;0;1;30;0;Blessé léger
202300011524;155 660 122;7;0;2;1;15;1;203 823 743;1;1;1;1;1966.0;1;1;6;2;2023;08;2;75;75110;2;2;1;3;48,87852000;2,35404400;4;2;4;3;2;1;1;0;1;30;0;Indemne
202300011524;155 660 122;7;0;2;1;15;1;203 823 743;1;1;1;1;1966.0;1;1;6;2;2023;08;2;75;75110;2;2;1;3;48,87852000;2,35404400;4;2;2;0;2;1;1;0;1;30;0;Indemne
202300011536;155 660 104;1;13;0;1;15;5;203 823 722;1;1;3;2;2004.0;5;2;18;10;2023;12;1;87;87075;1;3;1;6;45,80365000;1,18883000;4;2;2;0;2;2;2;0;1;70;2;Blessé hospitalisé
202300011536;155 660 104;1;13;0;1;15;5;203 823 722;1;1;3;2;2004.0;5;2;18;10;2023;12;1;87;87075;1;3;1;6;45,80365000;1,18883000;4;2;2;0;2;2;2;0;1;70;2;Blessé hospitalisé
202300011540;155 660 095;1;0;9;0;0;5;203 823 709;1;1;4;1;1982.0;0;2;6;2;2023;09;1;92;92075;2;2;1;3;48,81871000;2,29169000;3;2;2;0;1;1;1;0;1;30;0;Blessé léger
202300011540;155 660 095;1;0;9;0;0;5;203 823 709;1;1;4;1;1982.0;0;2;6;2;2023;09;1;92;92075;2;2;1;3;48,81871000;2,29169000;3;1;1;3;1;1;1;0;1;30;0;Blessé léger
202300011540;155 660 097;7;0;9;1;15;1;203 823 711;1;1;1;1;1999.0;0;1;6;2;2023;09;1;92;92075;2;2;1;3;48,81871000;2,29169000;3;2;2;0;1;1;1;0;1;30;0;Indemne
202300011540;155 660 097;7;0;9;1;15;1;203 823 711;1;1;1;1;1999.0;0;1;6;2;2023;09;1;92;92075;2;2;1;3;48,81871000;2,29169000;3;1;1;3;1;1;1;0;1;30;0;Indemne
202300011544;155 660 088;1;0;2;8;1;5;203 823 702;1;1;4;1;1965.0;0;8;6;2;2023;16;1;92;92040;2;2;1;3;48,82985459;2,26079777;3;1;3;1;2;1;1;2;5;30;0;Blessé léger
202300011544;155 660 088;1;0;2;8;1;5;203 823 702;1;1;4;1;1965.0;0;8;6;2;2023;16;1;92;92040;2;2;1;3;48,82985459;2,26079777;3;1;3;1;2;2;1;2;1;30;0;Blessé léger
202300011544;155 660 089;7;0;9;3;13;3;203 823 703;1;1;1;1;1957.0;5;1;6;2;2023;16;1;92;92040;2;2;1;3;48,82985459;2,26079777;3;1;3;1;2;1;1;2;5;30;0;Indemne
202300011544;155 660 089;7;0;9;3;13;3;203 823 703;1;1;1;1;1957.0;5;1;6;2;2023;16;1;92;92040;2;2;1;3;48,82985459;2,26079777;3;1;3;1;2;2;1;2;1;30;0;Indemne
202300011549;155 660 078;1;0;2;1;1;5;203 823 690;1;1;4;1;1936.0;0;2;6;2;2023;10;1;92;92023;2;2;1;3;48,79213000;2,25944000;4;1;2;2;1;1;1;0;1;30;0;Blessé léger
202300011549;155 660 080;7;0;9;2;15;1;203 823 692;1;1;1;1;1953.0;0;1;6;2;2023;10;1;92;92023;2;2;1;3;48,79213000;2,25944000;4;1;2;2;1;1;1;0;1;30;0;Indemne
202300011551;155 660 076;80;8;0;1;1;3;203 823 688;1;1;4;1;1996.0;4;8;6;2;2023;19;2;92;92012;2;1;1;7;48,82970989;2,23577410;4;2;2;0;1;1;1;0;4;50;0;Blessé léger
202300011568;155 660 045;7;0;2;1;1;1;203 823 645;1;1;1;1;1946.0;0;8;18;10;2023;14;1;71;71076;2;1;1;3;46,78974000;4,84317000;4;3;4;0;1;1;1;0;1;50;2;Indemne
202300011568;155 660 047;1;0;2;0;26;5;203 823 647;1;1;4;1;1984.0;0;8;18;10;2023;14;1;71;71076;2;1;1;3;46,78974000;4,84317000;4;3;4;0;1;1;1;0;1;50;2;Blessé léger
202300011584;155 660 017;7;0;2;3;9;1;203 823 606;1;1;1;1;2004.0;5;1;17;10;2023;20;5;67;67043;2;9;1;3;48,61443000;7,76393000;4;2;2;0;1;1;1;9;1;50;1;Indemne
202300011584;155 660 019;1;0;2;0;1;5;203 823 608;1;1;4;1;1994.0;5;8;17;10;2023;20;5;67;67043;2;9;1;3;48,61443000;7,76393000;4;2;2;0;1;1;1;9;1;50;1;Blessé léger
202300011587;155 660 012;1;0;2;1;23;5;203 823 601;1;1;4;1;1965.0;5;2;19;10;2023;20;5;62;62771;2;2;1;6;50,41797000;2,86679000;4;2;2;0;1;1;2;5;1;50;3;Blessé léger
202300011587;155 660 012;1;0;2;1;23;5;203 823 601;1;1;4;1;1965.0;5;2;19;10;2023;20;5;62;62771;2;2;1;6;50,41797000;2,86679000;4;2;2;0;1;1;2;5;1;50;3;Blessé léger
202300011587;155 660 015;7;0;2;3;15;1;203 823 604;1;1;1;1;2001.0;5;1;19;10;2023;20;5;62;62771;2;2;1;6;50,41797000;2,86679000;4;2;2;0;1;1;2;5;1;50;3;Indemne
202300011587;155 660 015;7;0;2;3;15;1;203 823 604;1;1;1;1;2001.0;5;1;19;10;2023;20;5;62;62771;2;2;1;6;50,41797000;2,86679000;4;2;2;0;1;1;2;5;1;50;3;Indemne
202300011588;155 660 009;1;0;0;7;19;5;203 823 598;1;1;4;1;2012.0;2;2;6;2;2023;16;1;85;85095;2;1;1;3;46,86917700; -1,75927200;3;2;2;0;1;1;1;0;1;30;0;Blessé léger
202300011588;155 660 010;7;0;9;1;1;0;203 823 599;1;1;1;1;1939.0;5;1;6;2;2023;16;1;85;85095;2;1;1;3;46,86917700; -1,75927200;3;2;2;0;1;1;1;0;1;30;0;Indemne
202300011602;155 659 981;1;0;2;1;1;5;203 823 557;1;1;3;1;1987.0;1;2;6;2;2023;09;1;69;69204;2;6;1;3;45,69598500;4,80722700;4;1;1;0;1;1;1;5;1;50;0;Blessé hospitalisé
202300011602;155 659 982;7;0;2;3;16;1;203 823 558;1;1;1;1;1992.0;1;1;6;2;2023;09;1;69;69204;2;6;1;3;45,69598500;4,80722700;4;1;1;0;1;1;1;5;1;50;0;Indemne
202300011609;155 659 974;1;0;1;1;1;5;203 823 545;10;3;4;2;1944.0;0;0;18;10;2023;13;1;54;54395;2;1;1;6;48,68894000;6,17018000;4;1;3;1;1;1;1;0;4;50;2;Blessé léger
202300011609;155 659 974;1;0;1;1;1;5;203 823 548;1;1;1;2;2000.0;0;8;18;10;2023;13;1;54;54395;2;1;1;6;48,68894000;6,17018000;4;1;3;1;1;1;1;0;4;50;2;Indemne
202300011629;155 659 935;37;0;2;7;0;1;203 823 491;1;1;1;2;1996.0;4;8;5;2;2023;16;1;974;97411;2;1;1;3; -20,89186000;55,47060000;4;2;2;0;2;1;1;0;1;50;6;Indemne
202300011629;155 659 936;1;0;2;7;0;5;203 823 493;1;1;4;1;1986.0;5;2;5;2;2023;16;1;974;97411;2;1;1;3; -20,89186000;55,47060000;4;2;2;0;2;1;1;0;1;50;6;Blessé léger
202300011631;155 659 932;1;0;2;1;1;5;203 823 488;1;1;4;1;2006.0;5;8;5;2;2023;14;1;974;97411;2;1;1;3; -20,89647000;55,46698000;4;2;2;0;2;4;1;0;1;50;6;Blessé léger
202300011631;155 659 933;7;0;2;3;17;1;203 823 489;1;1;1;2;1997.0;5;1;5;2;2023;14;1;974;97411;2;1;1;3; -20,89647000;55,46698000;4;2;2;0;2;4;1;0;1;50;6;Indemne
202300011652;155 659 895;7;0;2;2;16;1;203 823 441;1;1;1;1;1975.0;1;1;19;10;2023;17;2;33;33063;2;3;1;3;44,83771000; -0,59909000;4;3;4;1;1;1;1;0;1;50;3;Indemne
202300011652;155 659 895;7;0;2;2;16;1;203 823 441;1;1;1;1;1975.0;1;1;19;10;2023;17;2;33;33063;2;3;1;3;44,83771000; -0,59909000;4;1;1;0;1;1;1;0;1;50;3;Indemne
202300011652;155 659 897;1;0;2;3;1;5;203 823 443;1;1;3;1;2009.0;2;0;19;10;2023;17;2;33;33063;2;3;1;3;44,83771000; -0,59909000;4;3;4;1;1;1;1;0;1;50;3;Blessé hospitalisé
202300011652;155 659 897;1;0;2;3;1;5;203 823 443;1;1;3;1;2009.0;2;0;19;10;2023;17;2;33;33063;2;3;1;3;44,83771000; -0,59909000;4;1;1;0;1;1;1;0;1;50;3;Blessé hospitalisé
202300011674;155 659 855;7;0;9;2;16;0;203 823 388;1;1;1;1;1957.0;0;1;5;2;2023;11;1;13;13208;2;6;1;3;43,24616100;5,39458622;4;1;2;0;1;3;1;0;1;50;6;Indemne
202300011674;155 659 856;1;0;0;0;0;5;203 823 389;1;1;4;1;1963.0;0;8;5;2;2023;11;1;13;13208;2;6;1;3;43,24616100;5,39458622;4;1;2;0;1;3;1;0;1;50;6;Blessé léger
202300011678;155 659 847;7;0;2;3;1;1;203 823 379;1;1;1;1;2000.0;5;1;5;2;2023;05;5;01;01053;2;1;1;1;46,20656000;5,21972000;4;2;3;0;1;1;1;0;1;50;6;Indemne
202300011678;155 659 848;1;0;0;0;0;5;203 823 380;1;1;2;1;1983.0;0;8;5;2;2023;05;5;01;01053;2;1;1;1;46,20656000;5,21972000;4;2;3;0;1;1;1;0;1;50;6;Tué
202300011715;155 659 774;30;0;2;1;2;1;203 823 278;1;1;4;1;1971.0;9;2;4;2;2023;18;5;33;33063;2;1;1;2;44,83210000; -0,57843000;4;2;2;2;1;1;1;0;1;30;5;Blessé léger
202300011715;155 659 775;1;0;2;4;1;5;203 823 279;1;1;4;1;1985.0;9;0;4;2;2023;18;5;33;33063;2;1;1;2;44,83210000; -0,57843000;4;2;2;2;1;1;1;0;1;30;5;Blessé léger
202300011716;155 659 771;80;0;2;1;1;2;203 823 273;1;1;3;1;2003.0;0;2;3;2;2023;15;1;33;33522;2;1;1;2;44,80952000; -0,59129000;4;2;2;2;1;1;1;0;1;30;4;Blessé hospitalisé
202300011716;155 659 771;80;0;2;1;1;2;203 823 274;2;2;4;2;2005.0;9;8;3;2;2023;15;1;33;33522;2;1;1;2;44,80952000; -0,59129000;4;2;2;2;1;1;1;0;1;30;4;Blessé léger
202300011716;155 659 773;7;0;2;4;23;1;203 823 276;1;1;1;1;1972.0;0;1;3;2;2023;15;1;33;33522;2;1;1;2;44,80952000; -0,59129000;4;2;2;2;1;1;1;0;1;30;4;Indemne
202300011725;155 659 757;13;0;2;8;22;1;203 823 255;1;1;1;1;1982.0;4;8;19;10;2023;11;1;75;75111;2;3;1;3;48,85914000;2,37946900;4;2;2;0;1;1;1;0;1;30;3;Indemne
202300011725;155 659 759;1;0;2;1;1;5;203 823 257;1;1;4;1;1965.0;9;2;19;10;2023;11;1;75;75111;2;3;1;3;48,85914000;2,37946900;4;2;2;0;1;1;1;0;1;30;3;Blessé léger
202300011728;155 659 754;10;0;2;3;22;1;203 823 252;1;1;1;1;1968.0;0;1;31;1;2023;16;1;16;16089;2;1;1;6;45,68686600; -0,30905200;3;2;2;0;1;1;1;9;1;50;1;Indemne
202300011728;155 659 756;1;1;0;1;1;5;203 823 254;1;1;4;1;1999.0;0;0;31;1;2023;16;1;16;16089;2;1;1;6;45,68686600; -0,30905200;3;2;2;0;1;1;1;9;1;50;1;Blessé léger
202300011729;155 659 752;1;0;1;0;5;5;203 823 248;10;3;4;2;1960.0;5;0;19;10;2023;15;1;75;75108;2;3;1;6;48,87495400;2,30104700;4;1;1;0;1;1;1;0;1;30;3;Blessé léger
202300011730;155 659 750;1;0;2;0;19;5;203 823 246;1;1;1;2;2005.0;9;8;19;10;2023;11;1;75;75108;2;3;8;3;48,86439000;2,32031100;4;2;0;0;1;1;2;0;1;30;3;Indemne
202300011730;155 659 751;33;0;2;1;1;1;203 823 247;1;1;4;1;1984.0;9;8;19;10;2023;11;1;75;75108;2;3;8;3;48,86439000;2,32031100;4;2;0;0;1;1;2;0;1;30;3;Blessé léger
202300011732;155 659 748;1;0;0;0;1;5;203 823 244;1;1;4;2;1963.0;5;8;19;10;2023;15;1;75;75101;2;3;1;7;48,86631000;2,32416500;4;1;1;0;1;1;1;0;5;30;3;Blessé léger
202300011732;155 659 748;1;0;0;0;1;5;203 823 244;1;1;4;2;1963.0;5;8;19;10;2023;15;1;75;75101;2;3;1;7;48,86631000;2,32416500;4;2;5;1;1;1;1;0;5;30;3;Blessé léger
202300011740;155 659 730;7;0;2;3;16;1;203 823 223;1;1;1;2;1948.0;0;1;17;10;2023;10;1;94;94033;2;6;1;3;48,85270000;2,48160000;3;3;2;1;2;2;1;9;1;50;1;Indemne
202300011740;155 659 730;7;0;2;3;16;1;203 823 223;1;1;1;2;1948.0;0;1;17;10;2023;10;1;94;94033;2;6;1;3;48,85270000;2,48160000;3;3;4;2;1;3;1;9;1;50;1;Indemne
202300011740;155 659 731;80;0;2;1;1;3;203 823 224;1;1;4;1;1960.0;0;8;17;10;2023;10;1;94;94033;2;6;1;3;48,85270000;2,48160000;3;3;2;1;2;2;1;9;1;50;1;Blessé léger
202300011740;155 659 731;80;0;2;1;1;3;203 823 224;1;1;4;1;1960.0;0;8;17;10;2023;10;1;94;94033;2;6;1;3;48,85270000;2,48160000;3;3;4;2;1;3;1;9;1;50;1;Blessé léger
202300011754;155 659 705;80;0;2;1;1;3;203 823 192;1;1;4;1;2003.0;1;8;19;10;2023;06;5;92;92040;2;1;1;3;48,82750204;2,27680291;3;2;2;1;1;1;1;0;1;30;3;Blessé léger
202300011754;155 659 706;7;0;2;3;15;2;203 823 193;1;1;1;1;1987.0;4;1;19;10;2023;06;5;92;92040;2;1;1;3;48,82750204;2,27680291;3;2;2;1;1;1;1;0;1;30;3;Indemne
202300011756;155 659 702;7;0;2;1;16;1;203 823 189;1;1;1;1;1953.0;1;1;27;4;2023;20;5;75;75104;2;3;2;1;48,85430300;2,36374800;4;1;1;0;1;1;2;0;1;30;3;Indemne
202300011756;155 659 702;7;0;2;1;16;1;203 823 189;1;1;1;1;1953.0;1;1;27;4;2023;20;5;75;75104;2;3;2;1;48,85430300;2,36374800;4;2;4;0;1;1;2;0;1;30;3;Indemne
202300011756;155 659 703;1;0;2;3;1;5;203 823 190;1;1;4;1;1989.0;1;8;27;4;2023;20;5;75;75104;2;3;2;1;48,85430300;2,36374800;4;1;1;0;1;1;2;0;1;30;3;Blessé léger
202300011756;155 659 703;1;0;2;3;1;5;203 823 190;1;1;4;1;1989.0;1;8;27;4;2023;20;5;75;75104;2;3;2;1;48,85430300;2,36374800;4;2;4;0;1;1;2;0;1;30;3;Blessé léger
202300011760;155 659 692;1;0;2;4;1;5;203 823 179;1;1;4;1;1961.0;0;2;28;4;2023;15;1;94;94021;2;1;1;2;48,77323000;2,36745300;3;3;4;1;1;1;1;0;5;50;4;Blessé léger
202300011760;155 659 693;10;1;2;2;14;1;203 823 180;1;1;1;1;1960.0;0;1;28;4;2023;15;1;94;94021;2;1;1;2;48,77323000;2,36745300;3;3;4;1;1;1;1;0;5;50;4;Indemne
202300011761;155 659 690;7;0;2;2;16;1;203 823 177;1;1;1;1;1958.0;1;1;28;4;2023;09;1;94;94034;2;9;2;3;48,76055700;2,31830809;3;3;4;1;2;1;2;3;1;50;4;Indemne
202300011761;155 659 691;1;0;2;7;26;5;203 823 178;1;1;4;1;1979.0;1;8;28;4;2023;09;1;94;94034;2;9;2;3;48,76055700;2,31830809;3;3;4;1;2;1;2;3;1;50;4;Blessé léger
202300011763;155 659 685;1;0;2;1;0;5;203 823 169;1;1;4;2;1986.0;1;8;28;4;2023;12;1;94;94017;2;2;1;1;48,80632000;2,53008300;3;3;4;0;1;1;1;9;1;50;4;Blessé léger
202300011763;155 659 685;1;0;2;1;0;5;203 823 169;1;1;4;2;1986.0;1;8;28;4;2023;12;1;94;94017;2;2;1;1;48,80632000;2,53008300;3;3;2;0;1;1;1;9;1;50;4;Blessé léger
202300011763;155 659 686;10;0;2;1;0;1;203 823 170;1;1;1;1;1967.0;1;1;28;4;2023;12;1;94;94017;2;2;1;1;48,80632000;2,53008300;3;3;4;0;1;1;1;9;1;50;4;Indemne
202300011763;155 659 686;10;0;2;1;0;1;203 823 170;1;1;1;1;1967.0;1;1;28;4;2023;12;1;94;94017;2;2;1;1;48,80632000;2,53008300;3;3;2;0;1;1;1;9;1;50;4;Indemne
202300011766;155 659 679;7;0;2;2;16;1;203 823 162;1;1;1;1;2000.0;0;1;28;4;2023;18;1;93;93031;2;3;1;3;48,95824000;2,29524000;4;2;2;0;1;1;1;5;1;50;4;Indemne
202300011766;155 659 679;7;0;2;2;16;1;203 823 162;1;1;1;1;2000.0;0;1;28;4;2023;18;1;93;93031;2;3;1;3;48,95824000;2,29524000;4;2;2;0;1;1;1;0;1;50;4;Indemne
202300011766;155 659 680;1;0;2;8;19;5;203 823 163;1;1;4;1;2013.0;5;8;28;4;2023;18;1;93;93031;2;3;1;3;48,95824000;2,29524000;4;2;2;0;1;1;1;5;1;50;4;Blessé léger
202300011766;155 659 680;1;0;2;8;19;5;203 823 163;1;1;4;1;2013.0;5;8;28;4;2023;18;1;93;93031;2;3;1;3;48,95824000;2,29524000;4;2;2;0;1;1;1;0;1;50;4;Blessé léger
202300011767;155 659 678;1;0;0;0;0;5;203 823 161;1;1;4;1;1996.0;1;8;28;4;2023;09;1;93;93066;2;1;2;7;48,93891900;2,37001700;3;2;4;1;1;1;2;0;5;30;4;Blessé léger
202300011771;155 659 671;3;0;2;2;1;1;203 823 152;1;1;1;1;1942.0;9;1;28;4;2023;09;1;92;92050;2;1;8;3;48,90643783;2,22437203;4;2;2;0;1;1;2;2;1;50;4;Indemne
202300011771;155 659 672;1;0;0;1;16;5;203 823 153;1;1;4;1;1987.0;0;8;28;4;2023;09;1;92;92050;2;1;8;3;48,90643783;2,22437203;4;2;2;0;1;1;2;2;1;50;4;Blessé léger
202300011772;155 659 670;1;8;0;1;1;5;203 823 151;1;1;4;1;2003.0;1;8;28;4;2023;08;1;92;92040;2;9;2;6;48,82456606;2,27094457;4;1;1;1;1;1;2;0;5;30;4;Blessé léger
202300011789;155 659 641;7;0;2;7;13;1;203 823 106;1;1;1;2;1994.0;5;1;28;4;2023;16;1;19;19013;1;1;1;3;45,17615674;1,67319037;3;2;2;0;2;1;1;0;1;90;4;Indemne
202300011789;155 659 642;1;0;2;1;1;5;203 823 107;1;1;4;1;1958.0;5;2;28;4;2023;16;1;19;19013;1;1;1;3;45,17615674;1,67319037;3;2;2;0;2;1;1;0;1;90;4;Blessé léger
202300011841;155 659 546;7;0;2;3;0;1;203 822 968;1;1;1;2;1988.0;1;1;26;4;2023;17;1;971;97101;2;1;1;3;16,25748000; -61,53064000;4;2;2;0;1;3;1;0;1;50;2;Indemne
202300011841;155 659 547;1;0;2;0;0;5;203 822 969;1;1;4;1;1957.0;0;8;26;4;2023;17;1;971;97101;2;1;1;3;16,25748000; -61,53064000;4;2;2;0;1;3;1;0;1;50;2;Blessé léger
202300011857;155 659 519;7;1;2;1;26;1;203 822 929;1;1;1;1;2002.0;5;8;27;4;2023;23;5;69;69266;2;1;1;4;45,77080000;4,87238000;4;2;2;2;1;1;1;0;1;50;3;Indemne
202300011857;155 659 520;1;0;2;1;1;5;203 822 930;1;1;4;1;1993.0;5;8;27;4;2023;23;5;69;69266;2;1;1;4;45,77080000;4,87238000;4;2;2;2;1;1;1;0;1;50;3;Blessé léger
202300011857;155 659 521;1;0;2;1;1;5;203 822 931;1;1;3;2;1994.0;5;8;27;4;2023;23;5;69;69266;2;1;1;4;45,77080000;4,87238000;4;2;2;2;1;1;1;0;1;50;3;Blessé hospitalisé
202300011867;155 659 501;7;0;2;1;19;1;203 822 906;1;1;1;2;1984.0;0;1;27;4;2023;10;1;64;64335;1;2;1;3;43,34702000; -0,43595000;3;2;2;0;1;1;1;0;1;30;3;Indemne
202300011867;155 659 501;7;0;2;1;19;1;203 822 906;1;1;1;2;1984.0;0;1;27;4;2023;10;1;64;64335;1;2;1;3;43,34702000; -0,43595000;3;2;2;0;1;1;1;0;1;70;3;Indemne
202300011867;155 659 502;1;0;2;8;1;5;203 822 907;1;1;4;1;1965.0;0;2;27;4;2023;10;1;64;64335;1;2;1;3;43,34702000; -0,43595000;3;2;2;0;1;1;1;0;1;30;3;Blessé léger
202300011867;155 659 502;1;0;2;8;1;5;203 822 907;1;1;4;1;1965.0;0;2;27;4;2023;10;1;64;64335;1;2;1;3;43,34702000; -0,43595000;3;2;2;0;1;1;1;0;1;70;3;Blessé léger
202300011874;155 659 489;1;0;2;8;1;5;203 822 893;1;1;4;1;2002.0;5;2;13;4;2023;16;1;59;59328;2;3;1;3;50,63690000;3,02521000;7;2;1;0;1;1;1;0;5;50;3;Blessé léger
202300011874;155 659 490;7;0;9;2;14;1;203 822 894;1;1;1;2;1992.0;5;1;13;4;2023;16;1;59;59328;2;3;1;3;50,63690000;3,02521000;7;2;1;0;1;1;1;0;5;50;3;Indemne
202300011875;155 659 488;1;0;0;8;15;5;203 822 892;1;1;4;1;1947.0;5;2;26;4;2023;16;1;57;57566;2;9;1;7;48,74280931;7,08814859;3;1;1;0;1;2;1;2;1;50;2;Blessé léger
202300011880;155 659 480;7;0;2;4;4;1;203 822 881;1;1;4;1;2000.0;4;1;27;4;2023;10;1;51;51454;2;1;1;3;49,25168000;4,02834000;4;2;3;0;1;1;1;0;1;50;3;Blessé léger
202300011880;155 659 480;7;0;2;4;4;1;203 822 882;2;2;1;1;1996.0;4;1;27;4;2023;10;1;51;51454;2;1;1;3;49,25168000;4,02834000;4;2;3;0;1;1;1;0;1;50;3;Indemne
202300011880;155 659 481;80;0;2;5;1;3;203 822 883;1;1;4;1;1965.0;0;8;27;4;2023;10;1;51;51454;2;1;1;3;49,25168000;4,02834000;4;2;3;0;1;1;1;0;1;50;3;Blessé léger
202300011884;155 659 471;7;0;2;1;1;1;203 822 870;1;1;1;2;1986.0;0;1;27;4;2023;22;5;37;37261;2;6;8;3;47,39465000;0,70473000;4;3;4;0;1;2;1;5;1;50;3;Indemne
202300011884;155 659 471;7;0;2;1;1;1;203 822 870;1;1;1;2;1986.0;0;1;27;4;2023;22;5;37;37261;2;6;8;3;47,39465000;0,70473000;4;3;4;0;4;1;1;5;1;50;3;Indemne
202300011884;155 659 472;1;0;2;7;1;5;203 822 871;1;1;4;1;1987.0;0;8;27;4;2023;22;5;37;37261;2;6;8;3;47,39465000;0,70473000;4;3;4;0;1;2;1;5;1;50;3;Blessé léger
202300011884;155 659 472;1;0;2;7;1;5;203 822 871;1;1;4;1;1987.0;0;8;27;4;2023;22;5;37;37261;2;6;8;3;47,39465000;0,70473000;4;3;4;0;4;1;1;5;1;50;3;Blessé léger
202300011885;155 659 469;1;0;2;6;1;5;203 822 868;1;1;4;2;1994.0;0;8;27;4;2023;19;1;35;35278;2;9;1;3;48,13670300; -1,69232900;7;1;1;0;1;2;1;0;1;50;3;Blessé léger
202300011885;155 659 469;1;0;2;6;1;5;203 822 868;1;1;4;2;1994.0;0;8;27;4;2023;19;1;35;35278;2;9;1;3;48,13670300; -1,69232900;7;1;2;0;1;2;2;0;5;50;3;Blessé léger
202300011885;155 659 470;7;0;2;1;16;1;203 822 869;1;1;1;2;1973.0;0;8;27;4;2023;19;1;35;35278;2;9;1;3;48,13670300; -1,69232900;7;1;1;0;1;2;1;0;1;50;3;Indemne
202300011885;155 659 470;7;0;2;1;16;1;203 822 869;1;1;1;2;1973.0;0;8;27;4;2023;19;1;35;35278;2;9;1;3;48,13670300; -1,69232900;7;1;2;0;1;2;2;0;5;50;3;Indemne
202300011915;155 659 410;7;0;2;0;13;1;203 822 777;1;1;1;2;2000.0;5;1;27;4;2023;16;1;75;75119;2;1;2;2;48,88950800;2,36955500;4;1;0;1;1;1;2;0;5;30;3;Indemne
202300011915;155 659 410;7;0;2;0;13;1;203 822 778;2;2;1;1;1998.0;5;1;27;4;2023;16;1;75;75119;2;1;2;2;48,88950800;2,36955500;4;1;0;1;1;1;2;0;5;30;3;Indemne