Num_Acc;id_vehicule;catv;obs;obsm;choc;manv;motor;id_usager;place;catu;grav;sexe;an_nais;trajet;secu1;jour;mois;an;hrmn;lum;dep;com;agg;int;atm;col;lat;long;catr;circ;nbv;vosp;prof;plan;surf;infra;situ;vma;day_of_week;gravity
202300012980;155 657 515;32;0;2;1;1;1;203 820 215;1;1;1;1;2001.0;5;2;17;9;2023;17;1;93;93051;2;1;1;3;48,85238029;2,56809925;4;1;1;0;1;3;1;0;1;30;6;Indemne
202300012980;155 657 518;1;0;2;8;26;5;203 820 220;1;1;4;1;1963.0;5;2;17;9;2023;17;1;93;93051;2;1;1;3;48,85238029;2,56809925;4;1;1;0;1;3;1;0;1;30;6;Blessé léger
202300012988;155 657 503;1;0;1;7;13;5;203 820 201;10;3;1;2;1950.0;0;0;18;9;2023;11;1;92;92051;2;1;1;6;48,89105384;2,27024263;3;1;1;1;1;1;1;0;5;50;0;Indemne
202300012988;155 657 503;1;0;1;7;13;5;203 820 202;1;1;4;1;1966.0;0;8;18;9;2023;11;1;92;92051;2;1;1;6;48,89105384;2,27024263;3;1;1;1;1;1;1;0;5;50;0;Blessé léger
202300013051;155 657 399;1;0;2;8;16;5;203 820 048;1;1;4;1;1964.0;5;0;28;2;2023;14;1;60;60141;2;6;1;3;49,18610700;2,46074400;4;1;1;1;1;2;1;0;5;50;1;Blessé léger
202300013051;155 657 401;7;0;9;7;16;1;203 820 050;1;1;1;2;1936.0;5;1;28;2;2023;14;1;60;60141;2;6;1;3;49,18610700;2,46074400;4;1;1;1;1;2;1;0;5;50;1;Indemne
202300013099;155 657 315;7;0;2;1;23;1;203 819 935;1;1;1;1;1973.0;3;1;19;9;2023;16;1;69;69014;1;4;1;1;45,66808473;4,48505468;3;2;2;0;2;3;1;0;1;80;1;Indemne
202300013099;155 657 316;1;0;2;1;9;5;203 819 936;1;1;3;1;1940.0;5;2;19;9;2023;16;1;69;69014;1;4;1;1;45,66808473;4,48505468;3;2;2;0;2;3;1;0;1;80;1;Blessé hospitalisé
202300013108;155 657 299;1;0;0;0;0;5;203 819 918;1;1;3;1;1969.0;5;0;16;9;2023;21;5;22;22093;2;6;1;7;48,46314000; -2,51994100;4;2;2;0;1;1;1;5;1;30;5;Blessé hospitalisé
202300013157;155 657 204;1;0;2;1;9;5;203 819 789;1;1;4;2;1965.0;0;2;17;9;2023;17;1;69;69385;2;9;1;3;45,76533439;4,82906325;4;1;1;1;1;1;1;0;5;30;6;Blessé léger
202300013157;155 657 205;7;0;2;7;16;1;203 819 790;1;1;1;1;1975.0;1;1;17;9;2023;17;1;69;69385;2;9;1;3;45,76533439;4,82906325;4;1;1;1;1;1;1;0;5;30;6;Indemne
202300013160;155 657 197;1;0;2;1;1;5;203 819 781;1;1;4;1;1964.0;5;8;17;3;2023;19;5;54;54395;2;2;1;3;48,67868000;6,19733000;4;1;1;0;1;1;1;0;1;30;4;Blessé léger
202300013160;155 657 199;7;0;9;7;1;1;203 819 783;1;1;1;2;1986.0;0;1;17;3;2023;19;5;54;54395;2;2;1;3;48,67868000;6,19733000;4;1;1;0;1;1;1;0;1;30;4;Indemne
202300013182;155 657 158;7;0;2;1;9;1;203 819 722;1;1;1;2;1948.0;5;1;17;9;2023;10;1;62;62457;2;6;1;3;50,44757000;2,52965000;3;2;2;0;2;1;1;0;1;30;6;Indemne
202300013182;155 657 160;1;0;2;7;1;5;203 819 724;1;1;4;1;1966.0;5;2;17;9;2023;10;1;62;62457;2;6;1;3;50,44757000;2,52965000;3;2;2;0;2;1;1;0;1;30;6;Blessé léger
202300013186;155 657 150;33;0;9;7;25;1;203 819 711;1;1;1;1;1981.0;1;2;15;9;2023;15;1;60;60057;2;1;1;3;49,42506000;2,07185000;4;1;1;0;2;1;1;9;4;50;4;Indemne
202300013186;155 657 152;1;0;2;1;25;5;203 819 714;1;1;4;1;1971.0;1;2;15;9;2023;15;1;60;60057;2;1;1;3;49,42506000;2,07185000;4;1;1;0;2;1;1;9;4;50;4;Blessé léger
202300013190;155 657 143;1;0;2;8;0;5;203 819 703;1;1;4;1;1982.0;3;8;17;9;2023;17;1;58;58194;2;9;1;2;46,99315000;3,14885000;4;2;2;0;1;1;1;0;1;50;6;Blessé léger
202300013190;155 657 145;7;0;2;1;17;2;203 819 705;1;1;1;1;1933.0;5;1;17;9;2023;17;1;58;58194;2;9;1;2;46,99315000;3,14885000;4;2;2;0;1;1;1;0;1;50;6;Indemne
202300013202;155 657 122;1;0;2;1;2;5;203 819 673;1;1;3;1;1991.0;0;8;17;3;2023;16;1;17;17415;2;1;1;3;45,73714000; -0,61524300;3;2;2;0;1;1;1;0;1;50;4;Blessé hospitalisé
202300013202;155 657 123;7;16;0;3;15;1;203 819 674;1;1;1;2;1987.0;0;1;17;3;2023;16;1;17;17415;2;1;1;3;45,73714000; -0,61524300;3;2;2;0;1;1;1;0;1;50;4;Indemne
202300013206;155 657 114;7;0;2;1;9;1;203 819 663;1;1;1;2;1955.0;5;1;17;3;2023;17;1;14;14327;2;6;1;3;49,19798000; -0,33333000;4;4;2;1;1;2;2;5;1;50;4;Indemne
202300013206;155 657 116;80;0;2;7;1;3;203 819 665;1;1;3;2;1989.0;1;2;17;3;2023;17;1;14;14327;2;6;1;3;49,19798000; -0,33333000;4;4;2;1;1;2;2;5;1;50;4;Blessé hospitalisé
202300013226;155 657 078;1;0;2;1;1;5;203 819 618;1;1;3;1;1964.0;1;2;17;3;2023;13;1;10;10325;2;2;1;3;48,26076000;4,06373000;4;2;2;0;1;1;1;0;1;50;4;Blessé hospitalisé
202300013226;155 657 078;1;0;2;1;1;5;203 819 618;1;1;3;1;1964.0;1;2;17;3;2023;13;1;10;10325;2;2;1;3;48,26076000;4,06373000;4;2;0;0;1;1;1;0;1;50;4;Blessé hospitalisé
202300013226;155 657 079;7;0;2;3;1;1;203 819 619;1;1;1;2;1982.0;0;1;17;3;2023;13;1;10;10325;2;2;1;3;48,26076000;4,06373000;4;2;2;0;1;1;1;0;1;50;4;Indemne
202300013226;155 657 079;7;0;2;3;1;1;203 819 619;1;1;1;2;1982.0;0;1;17;3;2023;13;1;10;10325;2;2;1;3;48,26076000;4,06373000;4;2;0;0;1;1;1;0;1;50;4;Indemne
202300013227;155 657 076;1;0;2;1;1;5;203 819 616;1;1;4;1;1968.0;5;2;17;9;2023;09;1;75;75112;2;1;1;3;48,83104400;2,44888100;4;2;2;1;1;1;1;0;5;30;6;Blessé léger
202300013227;155 657 077;7;0;2;8;9;1;203 819 617;1;1;1;1;1961.0;9;8;17;9;2023;09;1;75;75112;2;1;1;3;48,83104400;2,44888100;4;2;2;1;1;1;1;0;5;30;6;Indemne
202300013233;155 657 067;1;0;0;1;1;5;203 819 604;1;1;4;1;2008.0;5;8;17;9;2023;16;1;75;75107;2;1;1;7;48,86102200;2,29487000;4;2;1;0;1;1;1;0;1;30;6;Blessé léger
202300013236;155 657 063;7;0;0;2;2;1;203 819 598;1;1;1;1;1976.0;0;1;17;3;2023;07;1;06;06069;2;1;1;3;43,65495800;6,92740000;3;2;1;0;2;1;1;0;1;50;4;Indemne
202300013236;155 657 064;1;8;2;2;18;5;203 819 599;1;1;4;1;1987.0;0;8;17;3;2023;07;1;06;06069;2;1;1;3;43,65495800;6,92740000;3;2;1;0;2;1;1;0;1;50;4;Blessé léger
202300013248;155 657 038;7;0;2;3;15;0;203 819 565;1;1;1;2;1996.0;0;1;16;9;2023;16;1;93;93007;2;2;1;3;48,94052587;2,44634360;4;2;2;1;1;1;1;0;1;50;5;Indemne
202300013248;155 657 038;7;0;2;3;15;0;203 819 565;1;1;1;2;1996.0;0;1;16;9;2023;16;1;93;93007;2;2;1;3;48,94052587;2,44634360;4;2;2;0;1;1;1;0;1;50;5;Indemne
202300013248;155 657 039;1;0;2;0;0;5;203 819 567;1;1;4;1;2000.0;0;2;16;9;2023;16;1;93;93007;2;2;1;3;48,94052587;2,44634360;4;2;2;1;1;1;1;0;1;50;5;Blessé léger
202300013248;155 657 039;1;0;2;0;0;5;203 819 567;1;1;4;1;2000.0;0;2;16;9;2023;16;1;93;93007;2;2;1;3;48,94052587;2,44634360;4;2;2;0;1;1;1;0;1;50;5;Blessé léger
202300013254;155 657 029;7;0;2;8;22;1;203 819 554;1;1;1;1;1980.0;0;8;17;9;2023;09;1;92;92073;2;1;1;3;48,87786000;2,23430000;4;2;2;1;1;1;1;0;1;50;6;Indemne
202300013254;155 657 030;1;0;0;0;0;5;203 819 555;1;1;4;1;1999.0;0;8;17;9;2023;09;1;92;92073;2;1;1;3;48,87786000;2,23430000;4;2;2;1;1;1;1;0;1;50;6;Blessé léger
202300013332;155 656 905;1;0;9;9;26;5;203 819 387;1;1;3;1;1987.0;5;0;5;2;2023;21;5;32;32162;2;3;1;7;43,75718000;0,45733500;4;2;2;0;2;1;1;0;1;50;6;Blessé hospitalisé
202300013344;155 656 885;1;0;2;1;1;5;203 819 366;1;1;3;1;1973.0;5;2;5;2;2023;15;1;07;07069;1;4;1;1;45,05465100;4,70788600;3;2;1;0;2;1;1;0;1;80;6;Blessé hospitalisé
202300013344;155 656 885;1;0;2;1;1;5;203 819 366;1;1;3;1;1973.0;5;2;5;2;2023;15;1;07;07069;1;4;1;1;45,05465100;4,70788600;3;2;1;0;3;1;1;0;1;70;6;Blessé hospitalisé
202300013344;155 656 886;7;0;9;2;13;0;203 819 367;1;1;1;1;1957.0;0;1;5;2;2023;15;1;07;07069;1;4;1;1;45,05465100;4,70788600;3;2;1;0;2;1;1;0;1;80;6;Indemne
202300013344;155 656 886;7;0;9;2;13;0;203 819 367;1;1;1;1;1957.0;0;1;5;2;2023;15;1;07;07069;1;4;1;1;45,05465100;4,70788600;3;2;1;0;3;1;1;0;1;70;6;Indemne
202300013367;155 656 843;1;0;2;1;1;5;203 819 302;1;1;4;1;1989.0;1;8;17;10;2023;08;1;92;92035;2;1;1;3;48,90665091;2,24627137;3;2;3;0;1;1;1;0;1;50;1;Blessé léger
202300013367;155 656 846;10;0;9;8;24;1;203 819 304;1;1;1;1;1973.0;4;1;17;10;2023;08;1;92;92035;2;1;1;3;48,90665091;2,24627137;3;2;3;0;1;1;1;0;1;50;1;Indemne
202300013382;155 656 813;7;0;2;3;4;1;203 819 266;1;1;1;1;1962.0;9;1;4;2;2023;18;5;75;75117;2;3;1;3;48,88235500;2,32098100;4;1;3;3;1;1;1;0;1;30;5;Indemne
202300013382;155 656 813;7;0;2;3;4;1;203 819 266;1;1;1;1;1962.0;9;1;4;2;2023;18;5;75;75117;2;3;1;3;48,88235500;2,32098100;4;1;1;0;1;1;1;0;1;30;5;Indemne
202300013382;155 656 815;1;0;2;8;1;5;203 819 268;1;1;4;2;1993.0;5;8;4;2;2023;18;5;75;75117;2;3;1;3;48,88235500;2,32098100;4;1;3;3;1;1;1;0;1;30;5;Blessé léger
202300013382;155 656 815;1;0;2;8;1;5;203 819 268;1;1;4;2;1993.0;5;8;4;2;2023;18;5;75;75117;2;3;1;3;48,88235500;2,32098100;4;1;1;0;1;1;1;0;1;30;5;Blessé léger
202300013391;155 656 797;1;0;2;2;1;5;203 819 247;1;1;4;1;1976.0;0;8;4;2;2023;09;1;93;93070;2;3;2;3;48,91256404;2,33464032;3;3;4;1;1;1;2;0;1;50;5;Blessé léger
202300013391;155 656 799;7;0;2;2;15;1;203 819 249;1;1;1;1;1965.0;0;1;4;2;2023;09;1;93;93070;2;3;2;3;48,91256404;2,33464032;3;3;4;1;1;1;2;0;1;50;5;Indemne
202300013421;155 656 756;7;0;9;7;17;1;203 819 191;1;1;1;1;2002.0;0;1;6;10;2023;14;1;63;63003;1;9;1;3;45,54959100;3,74548600;3;2;2;0;1;1;1;0;1;90;4;Indemne
202300013421;155 656 757;80;0;2;8;15;3;203 819 195;1;1;4;1;1947.0;5;2;6;10;2023;14;1;63;63003;1;9;1;3;45,54959100;3,74548600;3;2;2;0;1;1;1;0;1;90;4;Blessé léger
202300013443;155 656 721;1;0;0;4;1;5;203 819 138;1;1;2;1;1989.0;5;0;4;2;2023;22;3;68;68147;1;1;1;2;48,17541600;7,32316000;3;2;2;0;2;1;1;0;1;80;5;Tué
202300013443;155 656 722;7;0;2;2;1;1;203 819 140;1;1;1;1;1994.0;5;1;4;2;2023;22;3;68;68147;1;1;1;2;48,17541600;7,32316000;3;2;2;0;2;1;1;0;1;80;5;Indemne
202300013446;155 656 716;15;0;2;3;1;1;203 819 134;1;1;1;1;1994.0;4;1;20;10;2023;15;1;66;66049;2;1;1;1;42,50147500;2,76130600;4;2;2;0;1;1;1;0;1;50;4;Indemne
202300013446;155 656 718;1;0;2;1;11;5;203 819 137;1;1;4;1;1998.0;1;0;20;10;2023;15;1;66;66049;2;1;1;1;42,50147500;2,76130600;4;2;2;0;1;1;1;0;1;50;4;Blessé léger
202300013458;155 656 696;10;0;2;2;2;1;203 819 109;1;1;1;1;1978.0;4;1;20;10;2023;17;1;17;17292;1;2;3;2;45,96329200; -0,74995600;3;2;2;0;1;1;2;5;1;90;4;Indemne
202300013458;155 656 697;1;0;2;6;13;5;203 819 110;1;1;2;1;1961.0;5;4;20;10;2023;17;1;17;17292;1;2;3;2;45,96329200; -0,74995600;3;2;2;0;1;1;2;5;1;90;4;Tué
202300013488;155 656 633;7;0;2;2;1;1;203 819 021;1;1;1;1;1977.0;9;1;19;10;2023;14;1;91;91111;2;2;1;3;48,62108000;2,11699200;3;3;2;2;1;1;1;0;1;80;3;Indemne
202300013488;155 656 635;1;0;2;8;1;5;203 819 023;1;1;3;1;1972.0;5;2;19;10;2023;14;1;91;91111;2;2;1;3;48,62108000;2,11699200;3;3;2;2;1;1;1;0;1;80;3;Blessé hospitalisé
202300013494;155 656 620;80;0;2;1;12;3;203 819 001;1;1;1;1;2001.0;4;2;3;2;2023;17;1;69;69386;2;2;1;4;45,77247000;4,84311000;4;2;2;2;1;1;1;0;1;50;4;Indemne
202300013494;155 656 620;80;0;2;1;12;3;203 819 001;1;1;1;1;2001.0;4;2;3;2;2023;17;1;69;69386;2;2;1;4;45,77247000;4,84311000;4;2;2;3;1;1;1;0;1;50;4;Indemne
202300013494;155 656 621;7;0;2;2;2;1;203 819 002;1;1;1;1;1993.0;4;1;3;2;2023;17;1;69;69386;2;2;1;4;45,77247000;4,84311000;4;2;2;2;1;1;1;0;1;50;4;Indemne
202300013494;155 656 621;7;0;2;2;2;1;203 819 002;1;1;1;1;1993.0;4;1;3;2;2023;17;1;69;69386;2;2;1;4;45,77247000;4,84311000;4;2;2;3;1;1;1;0;1;50;4;Indemne
202300013494;155 656 623;33;0;2;3;1;1;203 819 003;1;1;4;1;2002.0;0;2;3;2;2023;17;1;69;69386;2;2;1;4;45,77247000;4,84311000;4;2;2;2;1;1;1;0;1;50;4;Blessé léger
202300013494;155 656 623;33;0;2;3;1;1;203 819 003;1;1;4;1;2002.0;0;2;3;2;2023;17;1;69;69386;2;2;1;4;45,77247000;4,84311000;4;2;2;3;1;1;1;0;1;50;4;Blessé léger
202300013494;155 656 623;33;0;2;3;1;1;203 819 004;2;2;1;1;2001.0;0;2;3;2;2023;17;1;69;69386;2;2;1;4;45,77247000;4,84311000;4;2;2;2;1;1;1;0;1;50;4;Indemne
202300013494;155 656 623;33;0;2;3;1;1;203 819 004;2;2;1;1;2001.0;0;2;3;2;2023;17;1;69;69386;2;2;1;4;45,77247000;4,84311000;4;2;2;3;1;1;1;0;1;50;4;Indemne
202300013505;155 656 600;7;0;9;2;1;1;203 818 974;1;1;1;1;1987.0;5;8;18;10;2023;09;1;67;67300;2;3;1;2;48,53730900;7,50133400;4;2;2;0;1;1;1;0;1;50;2;Indemne
202300013505;155 656 602;1;0;2;4;2;5;203 818 975;1;1;4;1;1938.0;5;0;18;10;2023;09;1;67;67300;2;3;1;2;48,53730900;7,50133400;4;2;2;0;1;1;1;0;1;50;2;Blessé léger
202300013533;155 656 552;1;1;0;1;14;5;203 818 906;1;1;4;1;2004.0;2;8;2;2;2023;07;2;64;64122;2;1;1;6;43,48176800; -1,55635900;4;2;2;0;2;1;1;0;1;30;3;Blessé léger
202300013546;155 656 533;10;0;2;1;1;1;203 818 881;1;1;1;1;1989.0;0;1;2;2;2023;22;5;54;54395;2;2;2;2;48,68955000;6,19382000;4;2;0;0;1;1;2;0;1;50;3;Indemne
202300013546;155 656 533;10;0;2;1;1;1;203 818 881;1;1;1;1;1989.0;0;1;2;2;2023;22;5;54;54395;2;2;2;2;48,68955000;6,19382000;4;2;3;0;1;1;2;0;1;50;3;Indemne
202300013546;155 656 534;1;0;2;4;15;5;203 818 883;1;1;4;1;2001.0;5;8;2;2;2023;22;5;54;54395;2;2;2;2;48,68955000;6,19382000;4;2;0;0;1;1;2;0;1;50;3;Blessé léger
202300013546;155 656 534;1;0;2;4;15;5;203 818 883;1;1;4;1;2001.0;5;8;2;2;2023;22;5;54;54395;2;2;2;2;48,68955000;6,19382000;4;2;3;0;1;1;2;0;1;50;3;Blessé léger
202300013573;155 656 480;7;0;2;8;15;1;203 818 817;1;1;1;1;1966.0;9;1;18;10;2023;07;1;974;97416;1;1;1;3; -21,32384000;55,44530000;4;2;2;0;1;1;1;9;1;50;2;Indemne
202300013573;155 656 481;1;0;2;1;1;5;203 818 818;1;1;4;1;1966.0;9;2;18;10;2023;07;1;974;97416;1;1;1;3; -21,32384000;55,44530000;4;2;2;0;1;1;1;9;1;50;2;Blessé léger
202300013590;155 656 451;1;0;0;0;1;5;203 818 783;1;1;4;2;1989.0;5;2;18;10;2023;09;1;76;76351;2;2;2;7;49,49853000;0,10079000;4;2;2;0;2;1;2;0;1;50;2;Blessé léger
202300013590;155 656 451;1;0;0;0;1;5;203 818 783;1;1;4;2;1989.0;5;2;18;10;2023;09;1;76;76351;2;2;2;7;49,49853000;0,10079000;4;1;3;0;2;1;2;0;1;50;2;Blessé léger
202300013590;155 656 451;1;0;0;0;1;5;203 818 784;2;2;4;2;2021.0;0;2;18;10;2023;09;1;76;76351;2;2;2;7;49,49853000;0,10079000;4;2;2;0;2;1;2;0;1;50;2;Blessé léger
202300013590;155 656 451;1;0;0;0;1;5;203 818 784;2;2;4;2;2021.0;0;2;18;10;2023;09;1;76;76351;2;2;2;7;49,49853000;0,10079000;4;1;3;0;2;1;2;0;1;50;2;Blessé léger
202300013598;155 656 437;1;0;2;2;19;0;203 818 766;1;1;4;1;2005.0;0;8;18;10;2023;20;5;69;69266;2;3;3;2;45,77915134;4,87902508;4;1;1;2;1;1;2;0;1;50;2;Blessé léger
202300013598;155 656 437;1;0;2;2;19;0;203 818 766;1;1;4;1;2005.0;0;8;18;10;2023;20;5;69;69266;2;3;3;2;45,77915134;4,87902508;4;2;2;0;1;1;2;0;1;50;2;Blessé léger
202300013598;155 656 438;7;0;2;2;2;1;203 818 767;1;1;1;2;1999.0;0;0;18;10;2023;20;5;69;69266;2;3;3;2;45,77915134;4,87902508;4;1;1;2;1;1;2;0;1;50;2;Indemne
202300013598;155 656 438;7;0;2;2;2;1;203 818 767;1;1;1;2;1999.0;0;0;18;10;2023;20;5;69;69266;2;3;3;2;45,77915134;4,87902508;4;2;2;0;1;1;2;0;1;50;2;Indemne
202300013599;155 656 435;7;0;9;2;26;1;203 818 764;1;1;1;1;1971.0;5;1;18;10;2023;14;1;68;68224;2;3;8;3;47,73781000;7,31784000;4;2;2;0;1;1;2;0;1;50;2;Indemne
202300013599;155 656 435;7;0;9;2;26;1;203 818 764;1;1;1;1;1971.0;5;1;18;10;2023;14;1;68;68224;2;3;8;3;47,73781000;7,31784000;4;2;2;0;1;1;2;0;1;30;2;Indemne
202300013599;155 656 436;1;0;2;4;15;5;203 818 765;1;1;4;1;2010.0;5;2;18;10;2023;14;1;68;68224;2;3;8;3;47,73781000;7,31784000;4;2;2;0;1;1;2;0;1;50;2;Blessé léger
202300013599;155 656 436;1;0;2;4;15;5;203 818 765;1;1;4;1;2010.0;5;2;18;10;2023;14;1;68;68224;2;3;8;3;47,73781000;7,31784000;4;2;2;0;1;1;2;0;1;30;2;Blessé léger
202300013606;155 656 425;80;0;2;1;15;3;203 818 749;1;1;4;1;1963.0;1;2;17;10;2023;07;5;56;56098;2;6;2;3;47,76301000; -3,32863000;3;2;2;0;1;2;2;5;1;50;1;Blessé léger
202300013606;155 656 426;7;0;2;3;9;1;203 818 750;1;1;1;1;2001.0;1;1;17;10;2023;07;5;56;56098;2;6;2;3;47,76301000; -3,32863000;3;2;2;0;1;2;2;5;1;50;1;Indemne
202300013620;155 656 397;10;0;2;1;1;1;203 818 715;1;1;1;1;1980.0;1;1;18;10;2023;06;5;33;33249;2;1;2;3;44,86356005; -0,53715698;4;2;2;1;1;1;2;5;1;30;2;Indemne
202300013620;155 656 398;1;12;2;9;1;5;203 818 716;1;1;4;1;1979.0;1;2;18;10;2023;06;5;33;33249;2;1;2;3;44,86356005; -0,53715698;4;2;2;1;1;1;2;5;1;30;2;Blessé léger
202300013621;155 656 395;37;0;9;1;15;1;203 818 713;1;1;1;1;1981.0;4;1;18;10;2023;07;2;25;25462;2;3;8;1;46,89416000;6,36450000;2;2;2;0;1;1;1;0;8;50;2;Indemne
202300013621;155 656 395;37;0;9;1;15;1;203 818 713;1;1;1;1;1981.0;4;1;18;10;2023;07;2;25;25462;2;3;8;1;46,89416000;6,36450000;2;2;2;0;1;1;1;5;1;50;2;Indemne
202300013621;155 656 396;1;0;2;1;1;5;203 818 714;1;1;4;1;1990.0;1;2;18;10;2023;07;2;25;25462;2;3;8;1;46,89416000;6,36450000;2;2;2;0;1;1;1;0;8;50;2;Blessé léger
202300013621;155 656 396;1;0;2;1;1;5;203 818 714;1;1;4;1;1990.0;1;2;18;10;2023;07;2;25;25462;2;3;8;1;46,89416000;6,36450000;2;2;2;0;1;1;1;5;1;50;2;Blessé léger
202300013632;155 656 376;7;0;2;3;4;2;203 818 688;1;1;1;1;1956.0;4;1;18;10;2023;18;5;75;75116;2;3;2;3;48,83879398;2,26132751;4;1;1;0;1;1;2;0;1;30;2;Indemne
202300013632;155 656 377;1;0;2;8;19;5;203 818 689;1;1;4;1;1961.0;5;8;18;10;2023;18;5;75;75116;2;3;2;3;48,83879398;2,26132751;4;1;1;0;1;1;2;0;1;30;2;Blessé léger
202300013635;155 656 372;1;0;1;2;16;5;203 818 682;10;3;4;1;1978.0;9;0;18;10;2023;20;5;75;75111;2;2;1;6;48,85779200;2,37093100;4;2;4;1;1;1;2;0;1;30;2;Blessé léger
202300013635;155 656 372;1;0;1;2;16;5;203 818 682;10;3;4;1;1978.0;9;0;18;10;2023;20;5;75;75111;2;2;1;6;48,85779200;2,37093100;4;1;1;0;2;1;2;0;1;30;2;Blessé léger
202300013635;155 656 372;1;0;1;2;16;5;203 818 683;1;1;1;1;1999.0;5;8;18;10;2023;20;5;75;75111;2;2;1;6;48,85779200;2,37093100;4;2;4;1;1;1;2;0;1;30;2;Indemne
202300013635;155 656 372;1;0;1;2;16;5;203 818 683;1;1;1;1;1999.0;5;8;18;10;2023;20;5;75;75111;2;2;1;6;48,85779200;2,37093100;4;1;1;0;2;1;2;0;1;30;2;Indemne
202300013647;155 656 353;1;0;1;1;13;5;203 818 656;1;1;1;1;2006.0;0;8;18;10;2023;19;5;94;94033;2;1;2;6;48,85333000;2,47588000;3;3;2;0;2;1;2;0;1;30;2;Indemne
202300013647;155 656 353;1;0;1;1;13;5;203 818 657;10;3;4;2;1955.0;0;0;18;10;2023;19;5;94;94033;2;1;2;6;48,85333000;2,47588000;3;3;2;0;2;1;2;0;1;30;2;Blessé léger
202300013658;155 656 332;33;0;9;3;9;1;203 818 629;1;1;4;2;1999.0;1;2;18;10;2023;19;5;93;93031;2;1;2;3;48,96007000;2,29869000;3;1;2;0;1;1;2;0;4;50;2;Blessé léger
202300013658;155 656 334;1;0;2;1;25;5;203 818 630;1;1;1;1;2010.0;5;8;18;10;2023;19;5;93;93031;2;1;2;3;48,96007000;2,29869000;3;1;2;0;1;1;2;0;4;50;2;Indemne
202300013660;155 656 329;7;0;2;1;1;1;203 818 624;1;1;1;1;1965.0;0;1;18;10;2023;07;5;93;93029;2;1;2;1;48,91722000;2,41967600;3;1;2;0;1;1;2;0;1;50;2;Indemne
202300013660;155 656 330;1;0;2;1;1;5;203 818 625;1;1;4;1;1956.0;0;8;18;10;2023;07;5;93;93029;2;1;2;1;48,91722000;2,41967600;3;1;2;0;1;1;2;0;1;50;2;Blessé léger
202300013672;155 656 308;1;13;0;1;16;5;203 818 595;1;1;4;1;1974.0;5;2;29;4;2023;13;1;46;46317;1;1;2;7;44,81034293;1,74710408;3;2;2;0;2;3;2;0;3;80;5;Blessé léger
202300013674;155 656 304;7;0;2;1;17;1;203 818 591;1;1;1;1;1997.0;5;1;29;4;2023;13;1;29;29273;1;9;1;3;48,69437400; -4,03460000;3;2;2;0;2;1;1;0;1;50;5;Indemne
202300013674;155 656 305;1;0;2;6;15;5;203 818 592;1;1;3;1;1986.0;1;2;29;4;2023;13;1;29;29273;1;9;1;3;48,69437400; -4,03460000;3;2;2;0;2;1;1;0;1;50;5;Blessé hospitalisé
202300013689;155 656 271;1;0;2;1;1;5;203 818 551;1;1;4;1;2007.0;5;2;24;4;2023;16;1;14;14716;1;2;1;1;49,18206924; -0,72347546;3;2;2;0;1;1;1;0;1;80;0;Blessé léger
202300013689;155 656 271;1;0;2;1;1;5;203 818 551;1;1;4;1;2007.0;5;2;24;4;2023;16;1;14;14716;1;2;1;1;49,18206924; -0,72347546;3;2;2;0;1;1;1;0;1;80;0;Blessé léger
202300013689;155 656 273;7;0;2;3;9;3;203 818 554;1;1;1;1;1989.0;5;1;24;4;2023;16;1;14;14716;1;2;1;1;49,18206924; -0,72347546;3;2;2;0;1;1;1;0;1;80;0;Indemne
202300013689;155 656 273;7;0;2;3;9;3;203 818 554;1;1;1;1;1989.0;5;1;24;4;2023;16;1;14;14716;1;2;1;1;49,18206924; -0,72347546;3;2;2;0;1;1;1;0;1;80;0;Indemne
202300013694;155 656 262;1;0;2;2;1;5;203 818 542;1;1;3;1;1962.0;5;2;18;10;2023;16;1;64;64410;2;3;1;5;43,37845800; -0,60269200;3;2;2;2;1;2;1;0;5;50;2;Blessé hospitalisé
202300013694;155 656 263;1;0;0;0;21;5;203 818 543;1;1;4;1;1950.0;5;2;18;10;2023;16;1;64;64410;2;3;1;5;43,37845800; -0,60269200;3;2;2;2;1;2;1;0;5;50;2;Blessé léger
202300013694;155 656 264;1;0;2;2;21;5;203 818 544;1;1;4;1;1991.0;5;2;18;10;2023;16;1;64;64410;2;3;1;5;43,37845800; -0,60269200;3;2;2;2;1;2;1;0;5;50;2;Blessé léger
202300013694;155 656 266;10;0;9;3;15;1;203 818 546;1;1;1;2;2001.0;1;1;18;10;2023;16;1;64;64410;2;3;1;5;43,37845800; -0,60269200;3;2;2;2;1;2;1;0;5;50;2;Indemne
202300013700;155 656 251;7;0;2;7;17;1;203 818 525;1;1;1;1;1940.0;5;1;28;4;2023;15;1;30;30106;1;1;1;3;43,97940600;3,92799900;3;2;2;0;2;1;1;0;1;80;4;Indemne
202300013700;155 656 252;1;0;0;8;1;5;203 818 526;1;1;4;1;1953.0;5;2;28;4;2023;15;1;30;30106;1;1;1;3;43,97940600;3,92799900;3;2;2;0;2;1;1;0;1;80;4;Blessé léger
202300013767;155 656 137;7;0;2;2;1;1;203 818 379;1;1;1;1;2000.0;5;8;27;4;2023;22;5;69;69168;2;3;1;1;45,84481000;4,83519700;7;2;5;1;1;1;1;8;1;50;3;Indemne
202300013767;155 656 137;7;0;2;2;1;1;203 818 379;1;1;1;1;2000.0;5;8;27;4;2023;22;5;69;69168;2;3;1;1;45,84481000;4,83519700;7;4;2;0;1;1;1;2;1;20;3;Indemne