Num_Acc;id_vehicule;catv;obs;obsm;choc;manv;motor;id_usager;place;catu;grav;sexe;an_nais;trajet;secu1;jour;mois;an;hrmn;lum;dep;com;agg;int;atm;col;lat;long;catr;circ;nbv;vosp;prof;plan;surf;infra;situ;vma;day_of_week;gravity
202300016722;155 650 940;1;0;2;3;15;5;203 811 443;1;1;1;1;2003.0;9;8;15;3;2023;18;2;75;75106;2;2;1;3;48,84734826;2,32792407;4;2;2;0;1;1;1;0;1;30;2;Indemne
202300016722;155 650 940;1;0;2;3;15;5;203 811 443;1;1;1;1;2003.0;9;8;15;3;2023;18;2;75;75106;2;2;1;3;48,84734826;2,32792407;4;2;2;0;1;1;1;0;1;30;2;Indemne
202300016722;155 650 942;43;0;2;2;1;1;203 811 445;1;1;4;2;1978.0;9;2;15;3;2023;18;2;75;75106;2;2;1;3;48,84734826;2,32792407;4;2;2;0;1;1;1;0;1;30;2;Blessé léger
202300016722;155 650 942;43;0;2;2;1;1;203 811 445;1;1;4;2;1978.0;9;2;15;3;2023;18;2;75;75106;2;2;1;3;48,84734826;2,32792407;4;2;2;0;1;1;1;0;1;30;2;Blessé léger
202300016727;155 650 933;1;0;2;7;14;5;203 811 435;1;1;1;1;1965.0;9;8;15;3;2023;09;1;75;75120;2;2;1;3;48,84688300;2,41387300;4;1;1;1;1;3;1;0;5;30;2;Indemne
202300016727;155 650 935;1;0;2;8;1;5;203 811 437;1;1;4;2;1967.0;5;8;15;3;2023;09;1;75;75120;2;2;1;3;48,84688300;2,41387300;4;1;1;1;1;3;1;0;5;30;2;Blessé léger
202300016740;155 650 910;1;6;0;7;9;5;203 811 404;1;1;4;1;1982.0;5;2;31;5;2023;12;1;78;78029;1;3;1;3;48,94794600;1,84639800;4;2;2;0;1;1;1;0;1;50;2;Blessé léger
202300016740;155 650 913;7;6;0;1;1;1;203 811 408;1;1;1;2;1956.0;0;1;31;5;2023;12;1;78;78029;1;3;1;3;48,94794600;1,84639800;4;2;2;0;1;1;1;0;1;50;2;Indemne
202300016745;155 650 899;80;0;2;5;2;3;203 811 391;1;1;4;2;1990.0;0;2;14;9;2023;17;1;86;86194;2;1;1;3;46,57256000;0,33845000;4;3;2;0;1;1;1;0;1;30;3;Blessé léger
202300016745;155 650 901;7;0;9;5;1;1;203 811 392;1;1;1;1;1995.0;0;1;14;9;2023;17;1;86;86194;2;1;1;3;46,57256000;0,33845000;4;3;2;0;1;1;1;0;1;30;3;Indemne
202300016751;155 650 887;1;0;2;1;1;5;203 811 376;1;1;4;1;1976.0;4;2;15;3;2023;10;1;94;94058;2;1;1;2;48,82985000;2,51174000;4;1;1;0;1;1;1;0;1;30;2;Blessé léger
202300016751;155 650 889;7;0;2;4;1;0;203 811 380;1;1;1;2;1980.0;5;1;15;3;2023;10;1;94;94058;2;1;1;2;48,82985000;2,51174000;4;1;1;0;1;1;1;0;1;30;2;Indemne
202300016792;155 650 812;1;0;2;1;1;5;203 811 283;1;1;4;2;1967.0;0;8;14;3;2023;09;1;92;92004;2;1;1;6;48,91246000;2,27612000;4;1;1;0;1;1;2;0;1;50;1;Blessé léger
202300016792;155 650 813;7;0;2;3;22;1;203 811 284;1;1;1;2;1972.0;0;8;14;3;2023;09;1;92;92004;2;1;1;6;48,91246000;2,27612000;4;1;1;0;1;1;2;0;1;50;1;Indemne
202300016805;155 650 792;15;0;9;2;16;1;203 811 260;1;1;1;1;1979.0;1;1;15;9;2023;08;1;64;64445;2;6;1;3;43,31918300; -0,30746100;3;1;3;0;1;3;1;0;5;30;4;Indemne
202300016805;155 650 793;1;0;9;3;1;5;203 811 262;1;1;2;1;1984.0;1;2;15;9;2023;08;1;64;64445;2;6;1;3;43,31918300; -0,30746100;3;1;3;0;1;3;1;0;5;30;4;Tué
202300016822;155 650 760;7;0;2;3;9;0;203 811 221;1;1;1;1;1999.0;4;1;16;3;2023;12;1;68;68179;2;6;1;3;47,75693600;7,01830600;3;2;2;0;1;3;1;0;1;50;3;Indemne
202300016822;155 650 762;80;0;2;7;26;3;203 811 223;1;1;3;1;1954.0;5;0;16;3;2023;12;1;68;68179;2;6;1;3;47,75693600;7,01830600;3;2;2;0;1;3;1;0;1;50;3;Blessé hospitalisé
202300016826;155 650 755;1;0;2;0;1;5;203 811 214;1;1;4;2;1984.0;0;2;14;9;2023;13;1;54;54265;2;1;1;1;48,63717000;6,18355000;4;2;1;1;1;1;1;0;5;30;3;Blessé léger
202300016826;155 650 756;50;0;2;1;1;3;203 811 215;1;1;1;1;2001.0;0;2;14;9;2023;13;1;54;54265;2;1;1;1;48,63717000;6,18355000;4;2;1;1;1;1;1;0;5;30;3;Indemne
202300016833;155 650 743;14;0;2;1;15;1;203 811 193;1;1;1;1;1985.0;4;8;15;9;2023;11;1;49;49007;2;2;1;3;47,46553000; -0,55437000;4;2;3;2;1;1;1;0;1;50;4;Indemne
202300016833;155 650 743;14;0;2;1;15;1;203 811 193;1;1;1;1;1985.0;4;8;15;9;2023;11;1;49;49007;2;2;1;3;47,46553000; -0,55437000;4;2;4;3;1;1;1;0;1;50;4;Indemne
202300016833;155 650 744;1;0;2;0;0;5;203 811 195;1;1;2;2;1976.0;0;8;15;9;2023;11;1;49;49007;2;2;1;3;47,46553000; -0,55437000;4;2;3;2;1;1;1;0;1;50;4;Tué
202300016833;155 650 744;1;0;2;0;0;5;203 811 195;1;1;2;2;1976.0;0;8;15;9;2023;11;1;49;49007;2;2;1;3;47,46553000; -0,55437000;4;2;4;3;1;1;1;0;1;50;4;Tué
202300016845;155 650 719;7;0;2;2;15;1;203 811 166;1;1;1;1;1974.0;0;1;23;12;2023;19;2;69;69383;2;2;1;1;45,75401000;4,86161000;4;2;2;3;1;1;1;0;6;30;5;Indemne
202300016845;155 650 719;7;0;2;2;15;1;203 811 166;1;1;1;1;1974.0;0;1;23;12;2023;19;2;69;69383;2;2;1;1;45,75401000;4,86161000;4;2;3;3;1;1;1;0;6;30;5;Indemne
202300016845;155 650 723;1;0;2;0;0;5;203 811 172;1;1;4;1;1990.0;4;0;23;12;2023;19;2;69;69383;2;2;1;1;45,75401000;4,86161000;4;2;2;3;1;1;1;0;6;30;5;Blessé léger
202300016845;155 650 723;1;0;2;0;0;5;203 811 172;1;1;4;1;1990.0;4;0;23;12;2023;19;2;69;69383;2;2;1;1;45,75401000;4,86161000;4;2;3;3;1;1;1;0;6;30;5;Blessé léger
202300016852;155 650 705;7;0;2;3;1;1;203 811 148;1;1;1;2;1963.0;0;1;15;9;2023;18;1;35;35238;2;2;1;3;48,12605907; -1,69280112;4;3;4;1;1;1;1;5;1;50;4;Indemne
202300016852;155 650 706;1;0;2;1;1;5;203 811 149;1;1;4;1;1996.0;0;8;15;9;2023;18;1;35;35238;2;2;1;3;48,12605907; -1,69280112;4;3;4;1;1;1;1;5;1;50;4;Blessé léger
202300016858;155 650 696;80;0;2;6;13;3;203 811 136;1;1;4;1;1943.0;3;2;15;3;2023;10;1;69;69244;2;3;1;2;45,76389200;4,77926200;4;1;1;0;1;1;1;0;1;50;2;Blessé léger
202300016858;155 650 696;80;0;2;6;13;3;203 811 136;1;1;4;1;1943.0;3;2;15;3;2023;10;1;69;69244;2;3;1;2;45,76389200;4,77926200;4;2;2;3;1;1;1;0;1;50;2;Blessé léger
202300016858;155 650 698;7;0;2;1;17;1;203 811 139;1;1;1;1;1937.0;0;8;15;3;2023;10;1;69;69244;2;3;1;2;45,76389200;4,77926200;4;1;1;0;1;1;1;0;1;50;2;Indemne
202300016858;155 650 698;7;0;2;1;17;1;203 811 139;1;1;1;1;1937.0;0;8;15;3;2023;10;1;69;69244;2;3;1;2;45,76389200;4,77926200;4;2;2;3;1;1;1;0;1;50;2;Indemne
202300016860;155 650 691;1;0;2;4;1;5;203 811 132;1;1;4;1;2004.0;5;0;15;9;2023;19;1;33;33522;2;3;1;2;44,80434011; -0,58673590;4;2;2;0;1;1;1;0;5;50;4;Blessé léger
202300016860;155 650 691;1;0;2;4;1;5;203 811 132;1;1;4;1;2004.0;5;0;15;9;2023;19;1;33;33522;2;3;1;2;44,80434011; -0,58673590;4;2;2;2;1;1;1;0;5;50;4;Blessé léger
202300016860;155 650 694;7;0;2;1;16;1;203 811 135;1;1;1;1;1997.0;3;1;15;9;2023;19;1;33;33522;2;3;1;2;44,80434011; -0,58673590;4;2;2;0;1;1;1;0;5;50;4;Indemne
202300016860;155 650 694;7;0;2;1;16;1;203 811 135;1;1;1;1;1997.0;3;1;15;9;2023;19;1;33;33522;2;3;1;2;44,80434011; -0,58673590;4;2;2;2;1;1;1;0;5;50;4;Indemne
202300016863;155 650 689;1;1;0;9;26;5;203 811 129;1;1;4;1;1997.0;5;0;15;9;2023;02;3;33;33281;2;1;1;6;44,85468741; -0,64427599;4;2;2;2;1;1;1;0;1;50;4;Blessé léger
202300016924;155 650 574;7;0;9;3;1;1;203 810 986;1;1;1;1;1953.0;5;8;14;9;2023;07;1;10;10387;2;6;1;3;48,27644000;4,08015000;4;2;2;0;1;1;1;0;1;50;3;Indemne
202300016924;155 650 574;7;0;9;3;1;1;203 810 986;1;1;1;1;1953.0;5;8;14;9;2023;07;1;10;10387;2;6;1;3;48,27644000;4,08015000;4;2;2;0;1;1;1;0;1;50;3;Indemne
202300016924;155 650 575;1;0;2;2;1;5;203 810 987;1;1;4;2;2005.0;2;8;14;9;2023;07;1;10;10387;2;6;1;3;48,27644000;4,08015000;4;2;2;0;1;1;1;0;1;50;3;Blessé léger
202300016924;155 650 575;1;0;2;2;1;5;203 810 987;1;1;4;2;2005.0;2;8;14;9;2023;07;1;10;10387;2;6;1;3;48,27644000;4,08015000;4;2;2;0;1;1;1;0;1;50;3;Blessé léger
202300016944;155 650 542;80;0;2;7;19;3;203 810 943;1;1;4;2;1982.0;9;0;15;9;2023;09;1;75;75117;2;1;1;3;48,88564700;2,30669000;4;2;4;1;1;1;1;0;5;30;4;Blessé léger
202300016944;155 650 544;43;0;2;1;1;1;203 810 945;1;1;1;1;1988.0;1;2;15;9;2023;09;1;75;75117;2;1;1;3;48,88564700;2,30669000;4;2;4;1;1;1;1;0;5;30;4;Indemne
202300016947;155 650 537;1;0;0;1;1;5;203 810 936;1;1;4;1;2003.0;2;8;15;9;2023;12;1;75;75115;2;1;1;7;48,83720600;2,27387900;4;1;2;1;4;1;1;0;5;30;4;Blessé léger
202300016953;155 650 527;1;0;2;1;15;5;203 810 923;1;1;4;2;1999.0;9;8;15;9;2023;00;5;75;75111;2;2;1;1;48,85470000;2,38532400;4;2;2;2;1;1;1;0;1;30;4;Blessé léger
202300016953;155 650 527;1;0;2;1;15;5;203 810 923;1;1;4;2;1999.0;9;8;15;9;2023;00;5;75;75111;2;2;1;1;48,85470000;2,38532400;4;2;2;0;1;1;1;0;1;30;4;Blessé léger
202300016953;155 650 528;7;0;2;2;16;1;203 810 924;1;1;1;1;1981.0;9;8;15;9;2023;00;5;75;75111;2;2;1;1;48,85470000;2,38532400;4;2;2;2;1;1;1;0;1;30;4;Indemne
202300016953;155 650 528;7;0;2;2;16;1;203 810 924;1;1;1;1;1981.0;9;8;15;9;2023;00;5;75;75111;2;2;1;1;48,85470000;2,38532400;4;2;2;0;1;1;1;0;1;30;4;Indemne
202300016956;155 650 525;1;12;0;2;16;5;203 810 920;1;1;4;1;1991.0;5;8;15;9;2023;01;5;75;75109;2;2;1;6;48,87589500;2,33989600;4;1;1;1;1;1;1;0;1;30;4;Blessé léger
202300016960;155 650 518;80;0;1;1;1;3;203 810 910;1;1;1;1;2001.0;2;8;15;9;2023;12;1;75;75107;2;2;1;6;48,85796400;2,31521200;4;1;1;0;1;1;1;0;1;30;4;Indemne
202300016960;155 650 518;80;0;1;1;1;3;203 810 911;10;3;4;2;1965.0;1;0;15;9;2023;12;1;75;75107;2;2;1;6;48,85796400;2,31521200;4;1;1;0;1;1;1;0;1;30;4;Blessé léger
202300016982;155 650 479;7;0;2;3;2;1;203 810 857;1;1;1;1;1952.0;9;1;15;9;2023;09;1;93;93046;2;2;1;3;48,92129000;2,51913000;4;1;1;2;1;1;1;0;1;50;4;Indemne
202300016982;155 650 479;7;0;2;3;2;1;203 810 857;1;1;1;1;1952.0;9;1;15;9;2023;09;1;93;93046;2;2;1;3;48,92129000;2,51913000;4;2;2;0;1;1;1;0;1;50;4;Indemne
202300016982;155 650 481;1;0;2;1;19;5;203 810 859;1;1;4;1;2009.0;2;8;15;9;2023;09;1;93;93046;2;2;1;3;48,92129000;2,51913000;4;1;1;2;1;1;1;0;1;50;4;Blessé léger
202300016982;155 650 481;1;0;2;1;19;5;203 810 859;1;1;4;1;2009.0;2;8;15;9;2023;09;1;93;93046;2;2;1;3;48,92129000;2,51913000;4;2;2;0;1;1;1;0;1;50;4;Blessé léger
202300016983;155 650 475;7;0;9;3;15;1;203 810 852;1;1;1;1;1966.0;1;1;23;12;2023;06;5;27;27701;2;3;2;3;49,25208000;1,17674000;4;2;2;1;2;1;2;0;5;50;5;Indemne
202300016983;155 650 475;7;0;9;3;15;1;203 810 852;1;1;1;1;1966.0;1;1;23;12;2023;06;5;27;27701;2;3;2;3;49,25208000;1,17674000;4;2;2;0;2;1;2;0;1;50;5;Indemne
202300016983;155 650 477;1;0;2;1;1;5;203 810 854;1;1;4;1;2005.0;1;8;23;12;2023;06;5;27;27701;2;3;2;3;49,25208000;1,17674000;4;2;2;1;2;1;2;0;5;50;5;Blessé léger
202300016983;155 650 477;1;0;2;1;1;5;203 810 854;1;1;4;1;2005.0;1;8;23;12;2023;06;5;27;27701;2;3;2;3;49,25208000;1,17674000;4;2;2;0;2;1;2;0;1;50;5;Blessé léger
202300017006;155 650 439;10;0;2;3;1;1;203 810 807;1;1;1;1;1956.0;5;1;23;12;2023;03;5;75;75119;2;3;1;1;48,89248400;2,37471600;4;1;2;3;1;1;1;0;1;30;5;Indemne
202300017006;155 650 440;1;0;2;1;5;5;203 810 808;1;1;4;1;1999.0;9;8;23;12;2023;03;5;75;75119;2;3;1;1;48,89248400;2,37471600;4;1;2;3;1;1;1;0;1;30;5;Blessé léger
202300017016;155 650 426;1;0;6;0;0;5;203 810 788;1;1;3;1;1953.0;5;2;15;9;2023;13;1;88;88492;1;1;1;6;48,06261700;7,01954500;3;3;2;0;2;2;1;0;1;80;4;Blessé hospitalisé
202300017022;155 650 417;1;1;1;1;1;5;203 810 776;1;1;1;1;2006.0;1;8;22;12;2023;16;5;75;75110;2;3;2;6;48,87381509;2,35677204;4;2;5;1;1;1;2;0;5;30;4;Indemne
202300017022;155 650 417;1;1;1;1;1;5;203 810 777;10;3;3;1;1957.0;5;0;22;12;2023;16;5;75;75110;2;3;2;6;48,87381509;2,35677204;4;2;5;1;1;1;2;0;5;30;4;Blessé hospitalisé
202300017050;155 650 369;7;0;9;1;2;1;203 810 705;1;1;1;1;1993.0;5;8;23;12;2023;16;1;49;49244;2;1;2;2;47,39219400; -0,86367700;3;1;2;0;1;1;2;0;1;50;5;Indemne
202300017050;155 650 370;1;0;2;4;1;5;203 810 706;1;1;3;1;2004.0;5;2;23;12;2023;16;1;49;49244;2;1;2;2;47,39219400; -0,86367700;3;1;2;0;1;1;2;0;1;50;5;Blessé hospitalisé
202300017059;155 650 350;7;0;2;3;1;1;203 810 676;1;1;1;1;1990.0;1;1;16;9;2023;08;1;68;68192;1;1;7;1;47,62310900;7,04551900;4;2;2;0;1;3;1;0;1;80;5;Indemne
202300017059;155 650 351;1;0;0;1;1;5;203 810 677;1;1;3;1;1971.0;5;2;16;9;2023;08;1;68;68192;1;1;7;1;47,62310900;7,04551900;4;2;2;0;1;3;1;0;1;80;5;Blessé hospitalisé
202300017062;155 650 344;80;0;2;8;1;3;203 810 670;1;1;3;1;2004.0;5;0;22;12;2023;23;3;79;79293;1;1;1;1;46,37028400; -0,50188000;3;2;2;0;1;1;1;0;1;80;4;Blessé hospitalisé
202300017062;155 650 346;7;0;9;3;17;1;203 810 671;1;1;1;1;1998.0;5;8;22;12;2023;23;3;79;79293;1;1;1;1;46,37028400; -0,50188000;3;2;2;0;1;1;1;0;1;80;4;Indemne
202300017134;155 650 215;7;0;9;3;2;1;203 810 438;1;1;1;1;2002.0;5;1;16;9;2023;12;1;38;38072;2;1;1;4;45,30496900;4,80982300;3;2;2;0;1;1;1;0;1;50;5;Indemne
202300017134;155 650 216;7;0;0;5;17;1;203 810 440;1;1;1;1;1970.0;5;1;16;9;2023;12;1;38;38072;2;1;1;4;45,30496900;4,80982300;3;2;2;0;1;1;1;0;1;50;5;Indemne
202300017134;155 650 216;7;0;0;5;17;1;203 810 441;2;2;1;1;1964.0;5;1;16;9;2023;12;1;38;38072;2;1;1;4;45,30496900;4,80982300;3;2;2;0;1;1;1;0;1;50;5;Indemne
202300017134;155 650 218;1;0;0;8;1;5;203 810 443;1;1;3;1;1984.0;9;0;16;9;2023;12;1;38;38072;2;1;1;4;45,30496900;4,80982300;3;2;2;0;1;1;1;0;1;50;5;Blessé hospitalisé
202300017145;155 650 195;1;0;2;1;1;5;203 810 417;1;1;3;2;2008.0;5;0;15;9;2023;18;1;80;80212;2;2;1;3;49,90881000;2,50799300;4;1;1;0;1;1;1;0;1;50;4;Blessé hospitalisé
202300017145;155 650 195;1;0;2;1;1;5;203 810 417;1;1;3;2;2008.0;5;0;15;9;2023;18;1;80;80212;2;2;1;3;49,90881000;2,50799300;4;1;1;0;2;1;1;2;1;50;4;Blessé hospitalisé
202300017145;155 650 197;7;0;0;8;1;1;203 810 419;1;1;1;2;1993.0;0;1;15;9;2023;18;1;80;80212;2;2;1;3;49,90881000;2,50799300;4;1;1;0;1;1;1;0;1;50;4;Indemne
202300017145;155 650 197;7;0;0;8;1;1;203 810 419;1;1;1;2;1993.0;0;1;15;9;2023;18;1;80;80212;2;2;1;3;49,90881000;2,50799300;4;1;1;0;2;1;1;2;1;50;4;Indemne
202300017149;155 650 188;7;0;2;2;1;0;203 810 408;1;1;1;1;1945.0;0;1;15;9;2023;19;2;59;59377;2;3;7;3;50,12262800;3,17085900;4;2;2;0;1;1;1;0;1;50;4;Indemne
202300017149;155 650 189;1;0;2;6;15;5;203 810 409;1;1;4;1;1968.0;5;2;15;9;2023;19;2;59;59377;2;3;7;3;50,12262800;3,17085900;4;2;2;0;1;1;1;0;1;50;4;Blessé léger
202300017177;155 650 133;7;9;2;2;16;5;203 810 336;1;1;1;1;2003.0;1;1;2;2;2023;18;5;93;93048;2;2;1;3;48,87310000;2,45368000;3;2;2;1;2;1;1;0;1;30;3;Indemne
202300017177;155 650 133;7;9;2;2;16;5;203 810 336;1;1;1;1;2003.0;1;1;2;2;2023;18;5;93;93048;2;2;1;3;48,87310000;2,45368000;3;2;2;0;2;1;1;0;1;30;3;Indemne
202300017177;155 650 134;1;0;0;0;0;5;203 810 337;1;1;4;1;1980.0;0;8;2;2;2023;18;5;93;93048;2;2;1;3;48,87310000;2,45368000;3;2;2;1;2;1;1;0;1;30;3;Blessé léger
202300017177;155 650 134;1;0;0;0;0;5;203 810 337;1;1;4;1;1980.0;0;8;2;2;2023;18;5;93;93048;2;2;1;3;48,87310000;2,45368000;3;2;2;0;2;1;1;0;1;30;3;Blessé léger
202300017178;155 650 131;1;0;2;1;2;5;203 810 334;1;1;3;1;1994.0;0;8;2;2;2023;16;1;93;93008;2;1;1;2;48,90685000;2,43066500;3;3;2;0;4;1;1;0;1;50;3;Blessé hospitalisé
202300017178;155 650 132;7;0;2;4;23;1;203 810 335;1;1;3;1;1972.0;0;1;2;2;2023;16;1;93;93008;2;1;1;2;48,90685000;2,43066500;3;3;2;0;4;1;1;0;1;50;3;Blessé hospitalisé
202300017185;155 650 118;38;0;2;7;16;1;203 810 320;1;1;1;1;1972.0;4;1;1;2;2023;13;1;92;92036;2;2;1;3;48,92195238;2,29480737;3;2;2;0;1;1;1;0;1;50;2;Indemne
202300017185;155 650 118;38;0;2;7;16;1;203 810 320;1;1;1;1;1972.0;4;1;1;2;2023;13;1;92;92036;2;2;1;3;48,92195238;2,29480737;3;2;2;0;1;1;1;0;1;50;2;Indemne
202300017185;155 650 119;1;0;2;8;16;5;203 810 321;1;1;2;1;1927.0;3;2;1;2;2023;13;1;92;92036;2;2;1;3;48,92195238;2,29480737;3;2;2;0;1;1;1;0;1;50;2;Tué
202300017185;155 650 119;1;0;2;8;16;5;203 810 321;1;1;2;1;1927.0;3;2;1;2;2023;13;1;92;92036;2;2;1;3;48,92195238;2,29480737;3;2;2;0;1;1;1;0;1;50;2;Tué
202300017192;155 650 108;80;0;1;0;26;3;203 810 308;10;3;4;2;2006.0;2;0;31;1;2023;11;1;68;68112;2;1;1;6;47,90369800;7,21739800;4;2;2;0;1;1;1;0;4;50;1;Blessé léger
202300017192;155 650 108;80;0;1;0;26;3;203 810 309;1;1;1;2;2001.0;1;0;31;1;2023;11;1;68;68112;2;1;1;6;47,90369800;7,21739800;4;2;2;0;1;1;1;0;4;50;1;Indemne
202300017207;155 650 083;7;0;9;2;2;1;203 810 273;1;1;1;2;1975.0;2;1;2;2;2023;08;1;34;34150;1;1;1;2;43,36493463;3,51572885;3;2;2;0;2;1;1;0;1;70;3;Indemne
202300017207;155 650 084;1;0;2;4;2;5;203 810 274;1;1;2;2;1950.0;5;2;2;2;2023;08;1;34;34150;1;1;1;2;43,36493463;3,51572885;3;2;2;0;2;1;1;0;1;70;3;Tué
202300017241;155 650 033;1;16;2;8;13;5;203 810 198;1;1;3;1;1950.0;5;2;2;2;2023;10;1;35;35191;1;1;8;3;48,45655900; -1,30484100;3;2;2;0;2;2;1;0;3;80;3;Blessé hospitalisé
202300017241;155 650 034;1;0;2;7;2;5;203 810 199;1;1;4;1;1955.0;5;2;2;2;2023;10;1;35;35191;1;1;8;3;48,45655900; -1,30484100;3;2;2;0;2;2;1;0;3;80;3;Blessé léger
202300017254;155 650 005;80;0;2;1;15;3;203 810 166;1;1;4;1;1999.0;5;2;1;2;2023;16;1;973;97302;2;3;1;3;4,92878908; -52,29843423;3;2;2;0;1;1;1;0;1;50;2;Blessé léger
202300017254;155 650 005;80;0;2;1;15;3;203 810 166;1;1;4;1;1999.0;5;2;1;2;2023;16;1;973;97302;2;3;1;3;4,92878908; -52,29843423;3;2;2;0;1;1;1;0;1;50;2;Blessé léger
202300017254;155 650 006;7;0;2;3;1;1;203 810 167;1;1;1;2;1965.0;0;1;1;2;2023;16;1;973;97302;2;3;1;3;4,92878908; -52,29843423;3;2;2;0;1;1;1;0;1;50;2;Indemne
202300017254;155 650 006;7;0;2;3;1;1;203 810 167;1;1;1;2;1965.0;0;1;1;2;2023;16;1;973;97302;2;3;1;3;4,92878908; -52,29843423;3;2;2;0;1;1;1;0;1;50;2;Indemne
202300017270;155 649 972;80;0;2;1;1;3;203 810 122;1;1;4;1;1973.0;0;2;1;2;2023;18;2;74;74010;2;3;1;3;45,90712000;6,13500000;4;2;1;0;1;1;1;0;1;30;2;Blessé léger
202300017270;155 649 972;80;0;2;1;1;3;203 810 122;1;1;4;1;1973.0;0;2;1;2;2023;18;2;74;74010;2;3;1;3;45,90712000;6,13500000;4;2;2;0;1;1;1;0;1;30;2;Blessé léger
202300017270;155 649 973;7;0;2;2;15;1;203 810 123;1;1;1;2;1972.0;0;1;1;2;2023;18;2;74;74010;2;3;1;3;45,90712000;6,13500000;4;2;1;0;1;1;1;0;1;30;2;Indemne
202300017270;155 649 973;7;0;2;2;15;1;203 810 123;1;1;1;2;1972.0;0;1;1;2;2023;18;2;74;74010;2;3;1;3;45,90712000;6,13500000;4;2;2;0;1;1;1;0;1;30;2;Indemne
202300017295;155 649 930;1;0;2;0;25;5;203 810 066;1;1;4;1;2004.0;2;8;1;2;2023;12;1;31;31555;2;9;1;3;43,60109000;1,45674000;4;1;2;0;1;1;1;0;1;50;2;Blessé léger
202300017295;155 649 931;7;0;2;2;1;1;203 810 067;1;1;1;1;1985.0;4;1;1;2;2023;12;1;31;31555;2;9;1;3;43,60109000;1,45674000;4;1;2;0;1;1;1;0;1;50;2;Indemne
202300017311;155 649 900;80;0;2;7;12;3;203 810 028;1;1;4;1;1981.0;9;8;1;2;2023;05;5;75;75119;2;2;1;1;48,88417700;2,36860000;4;1;1;0;1;2;1;0;1;30;2;Blessé léger
202300017311;155 649 901;2;0;2;1;1;3;203 810 029;1;1;1;1;1999.0;1;2;1;2;2023;05;5;75;75119;2;2;1;1;48,88417700;2,36860000;4;1;1;0;1;2;1;0;1;30;2;Indemne
202300017323;155 649 878;10;0;2;4;1;1;203 810 000;1;1;1;1;1942.0;0;1;1;2;2023;16;1;94;94071;2;6;1;2;48,75987303;2,52693844;3;1;1;0;1;2;1;9;1;30;2;Indemne
202300017323;155 649 879;1;0;2;4;1;5;203 810 001;1;1;4;1;1943.0;0;0;1;2;2023;16;1;94;94071;2;6;1;2;48,75987303;2,52693844;3;1;1;0;1;2;1;9;1;30;2;Blessé léger
202300017329;155 649 867;80;0;1;3;0;3;203 809 986;10;3;4;1;1951.0;1;0;1;2;2023;18;1;93;93008;2;9;1;6;48,90661000;2,45081000;4;1;1;0;1;1;1;0;1;50;2;Blessé léger
202300017329;155 649 867;80;0;1;3;0;3;203 809 987;1;1;1;1;2002.0;0;8;1;2;2023;18;1;93;93008;2;9;1;6;48,90661000;2,45081000;4;1;1;0;1;1;1;0;1;50;2;Indemne
202300017340;155 649 849;1;0;0;4;2;5;203 809 964;1;1;4;1;2004.0;5;0;31;1;2023;21;3;26;26330;1;1;1;2;45,27974800;4,92749700;3;2;2;0;1;1;1;0;1;80;1;Blessé léger
202300017340;155 649 850;7;0;9;2;2;1;203 809 965;1;1;1;2;1988.0;1;1;31;1;2023;21;3;26;26330;1;1;1;2;45,27974800;4,92749700;3;2;2;0;1;1;1;0;1;80;1;Indemne
202300017383;155 649 764;1;0;2;9;17;5;203 809 853;1;1;4;1;2006.0;5;2;22;5;2023;18;1;74;74024;2;1;1;5;46,08197200;6,43974100;3;2;2;0;2;1;1;0;1;50;0;Blessé léger
202300017383;155 649 765;38;0;2;8;1;1;203 809 854;1;1;1;1;1974.0;4;1;22;5;2023;18;1;74;74024;2;1;1;5;46,08197200;6,43974100;3;2;2;0;2;1;1;0;1;50;0;Indemne
202300017383;155 649 766;7;0;2;3;1;1;203 809 855;1;1;1;1;1954.0;5;1;22;5;2023;18;1;74;74024;2;1;1;5;46,08197200;6,43974100;3;2;2;0;2;1;1;0;1;50;0;Indemne
202300017427;155 649 683;1;0;2;1;1;5;203 809 748;1;1;4;1;1996.0;0;8;16;10;2023;14;1;71;71118;1;6;1;3;46,78054000;4,79708000;4;2;2;0;2;1;1;0;1;50;0;Blessé léger
202300017427;155 649 683;1;0;2;1;1;5;203 809 748;1;1;4;1;1996.0;0;8;16;10;2023;14;1;71;71118;1;6;1;3;46,78054000;4,79708000;4;1;2;0;2;1;1;0;1;50;0;Blessé léger
202300017427;155 649 684;10;0;2;0;9;1;203 809 749;1;1;1;1;1988.0;0;1;16;10;2023;14;1;71;71118;1;6;1;3;46,78054000;4,79708000;4;2;2;0;2;1;1;0;1;50;0;Indemne
202300017427;155 649 684;10;0;2;0;9;1;203 809 749;1;1;1;1;1988.0;0;1;16;10;2023;14;1;71;71118;1;6;1;3;46,78054000;4,79708000;4;1;2;0;2;1;1;0;1;50;0;Indemne
202300017437;155 649 665;7;0;2;5;16;1;203 809 724;1;1;1;1;1957.0;5;1;16;10;2023;22;5;59;59155;2;1;1;6;51,00519000;2,38231000;3;2;2;1;1;1;1;0;5;50;0;Indemne
202300017437;155 649 666;1;0;2;0;1;5;203 809 725;1;1;3;1;1969.0;5;8;16;10;2023;22;5;59;59155;2;1;1;6;51,00519000;2,38231000;3;2;2;1;1;1;1;0;5;50;0;Blessé hospitalisé