Num_Acc;id_vehicule;catv;obs;obsm;choc;manv;motor;id_usager;place;catu;grav;sexe;an_nais;trajet;secu1;jour;mois;an;hrmn;lum;dep;com;agg;int;atm;col;lat;long;catr;circ;nbv;vosp;prof;plan;surf;infra;situ;vma;day_of_week;gravity
202300018015;155 648 627;7;0;2;8;9;1;203 808 369;1;1;1;1;1979.0;5;1;18;11;2023;13;1;17;17420;1;4;1;3;46,10835000; -1,05142600;3;2;2;0;1;2;1;0;1;50;5;Indemne
202300018015;155 648 627;7;0;2;8;9;1;203 808 369;1;1;1;1;1979.0;5;1;18;11;2023;13;1;17;17420;1;4;1;3;46,10835000; -1,05142600;3;2;2;0;1;2;1;0;1;50;5;Indemne
202300018016;155 648 621;1;0;0;0;0;5;203 808 363;1;1;4;1;2013.0;0;2;31;5;2023;09;1;44;44109;2;3;1;4;47,23832000; -1,58680000;4;2;0;0;1;1;1;0;1;30;2;Blessé léger
202300018016;155 648 621;1;0;0;0;0;5;203 808 363;1;1;4;1;2013.0;0;2;31;5;2023;09;1;44;44109;2;3;1;4;47,23832000; -1,58680000;4;1;1;2;1;1;1;0;1;30;2;Blessé léger
202300018016;155 648 624;7;0;0;0;0;5;203 808 367;1;1;1;2;1978.0;0;1;31;5;2023;09;1;44;44109;2;3;1;4;47,23832000; -1,58680000;4;2;0;0;1;1;1;0;1;30;2;Indemne
202300018016;155 648 624;7;0;0;0;0;5;203 808 367;1;1;1;2;1978.0;0;1;31;5;2023;09;1;44;44109;2;3;1;4;47,23832000; -1,58680000;4;1;1;2;1;1;1;0;1;30;2;Indemne
202300018016;155 648 628;10;0;2;1;9;1;203 808 370;1;1;1;1;2001.0;4;8;31;5;2023;09;1;44;44109;2;3;1;4;47,23832000; -1,58680000;4;2;0;0;1;1;1;0;1;30;2;Indemne
202300018016;155 648 628;10;0;2;1;9;1;203 808 370;1;1;1;1;2001.0;4;8;31;5;2023;09;1;44;44109;2;3;1;4;47,23832000; -1,58680000;4;1;1;2;1;1;1;0;1;30;2;Indemne
202300018026;155 648 607;10;0;2;2;2;1;203 808 345;1;1;1;1;1990.0;5;1;26;5;2023;23;5;42;42218;2;2;1;2;45,43950000;4,39788000;4;2;4;0;1;1;1;5;1;50;4;Indemne
202300018026;155 648 609;1;0;2;4;1;5;203 808 348;1;1;4;1;2003.0;5;8;26;5;2023;23;5;42;42218;2;2;1;2;45,43950000;4,39788000;4;2;4;0;1;1;1;5;1;50;4;Blessé léger
202300018036;155 648 591;7;0;9;3;9;1;203 808 320;1;1;1;2;1983.0;1;1;4;7;2023;17;1;83;83034;2;9;1;3;43,09251000;6,07699000;3;1;2;0;1;2;1;0;1;50;1;Indemne
202300018036;155 648 593;1;0;2;3;1;5;203 808 324;1;1;3;2;1960.0;0;2;4;7;2023;17;1;83;83034;2;9;1;3;43,09251000;6,07699000;3;1;2;0;1;2;1;0;1;50;1;Blessé hospitalisé
202300018040;155 648 582;7;0;9;5;26;1;203 808 305;1;1;1;2;1986.0;4;1;19;11;2023;10;1;87;87202;2;1;2;6;45,89269500;1,05436000;3;2;2;0;2;1;2;0;1;50;6;Indemne
202300018040;155 648 583;1;0;2;1;1;5;203 808 307;1;1;4;1;1984.0;5;2;19;11;2023;10;1;87;87202;2;1;2;6;45,89269500;1,05436000;3;2;2;0;2;1;2;0;1;50;6;Blessé léger
202300018042;155 648 578;1;0;2;1;1;5;203 808 302;1;1;3;1;1945.0;5;2;9;8;2023;10;1;29;29020;1;2;1;3;48,05297484; -4,05322552;4;2;2;0;1;1;1;0;1;80;2;Blessé hospitalisé
202300018042;155 648 578;1;0;2;1;1;5;203 808 302;1;1;3;1;1945.0;5;2;9;8;2023;10;1;29;29020;1;2;1;3;48,05297484; -4,05322552;4;2;2;0;2;1;1;0;1;80;2;Blessé hospitalisé
202300018042;155 648 580;7;0;2;5;1;1;203 808 304;1;1;1;1;1984.0;5;1;9;8;2023;10;1;29;29020;1;2;1;3;48,05297484; -4,05322552;4;2;2;0;1;1;1;0;1;80;2;Indemne
202300018042;155 648 580;7;0;2;5;1;1;203 808 304;1;1;1;1;1984.0;5;1;9;8;2023;10;1;29;29020;1;2;1;3;48,05297484; -4,05322552;4;2;2;0;2;1;1;0;1;80;2;Indemne
202300018053;155 648 556;7;0;2;2;21;1;203 808 274;2;2;1;2;1925.0;3;1;8;8;2023;16;1;01;01093;1;1;1;3;46,12375800;4,95026600;3;2;2;0;4;1;1;0;3;70;1;Indemne
202300018053;155 648 556;7;0;2;2;21;1;203 808 276;1;1;1;1;1948.0;3;1;8;8;2023;16;1;01;01093;1;1;1;3;46,12375800;4,95026600;3;2;2;0;4;1;1;0;3;70;1;Indemne
202300018053;155 648 560;1;0;2;6;1;5;203 808 279;1;1;4;1;1960.0;3;0;8;8;2023;16;1;01;01093;1;1;1;3;46,12375800;4,95026600;3;2;2;0;4;1;1;0;3;70;1;Blessé léger
202300018055;155 648 548;1;0;2;1;1;5;203 808 266;1;1;3;2;1993.0;1;2;9;8;2023;18;1;26;26125;1;9;7;6;44,75686700;4,95139000;3;2;2;0;1;1;1;0;1;70;2;Blessé hospitalisé
202300018055;155 648 552;10;0;2;8;13;1;203 808 270;1;1;1;1;1977.0;1;1;9;8;2023;18;1;26;26125;1;9;7;6;44,75686700;4,95139000;3;2;2;0;1;1;1;0;1;70;2;Indemne
202300018077;155 648 513;1;0;2;0;0;5;203 808 224;1;1;4;1;1964.0;1;2;23;6;2023;07;1;70;70550;2;3;1;3;47,63435000;6,14166000;4;2;2;0;1;1;1;0;1;50;4;Blessé léger
202300018077;155 648 513;1;0;2;0;0;5;203 808 224;1;1;4;1;1964.0;1;2;23;6;2023;07;1;70;70550;2;3;1;3;47,63435000;6,14166000;4;2;2;0;1;1;1;0;1;50;4;Blessé léger
202300018077;155 648 518;7;0;2;3;16;1;203 808 229;1;1;1;1;1965.0;3;1;23;6;2023;07;1;70;70550;2;3;1;3;47,63435000;6,14166000;4;2;2;0;1;1;1;0;1;50;4;Indemne
202300018077;155 648 518;7;0;2;3;16;1;203 808 229;1;1;1;1;1965.0;3;1;23;6;2023;07;1;70;70550;2;3;1;3;47,63435000;6,14166000;4;2;2;0;1;1;1;0;1;50;4;Indemne
202300018078;155 648 514;7;1;2;3;1;1;203 808 226;1;1;1;1;1966.0;9;1;31;5;2023;17;1;75;75106;2;3;1;4;48,85187900;2,32863100;4;1;2;0;1;1;1;0;1;30;2;Indemne
202300018078;155 648 514;7;1;2;3;1;1;203 808 226;1;1;1;1;1966.0;9;1;31;5;2023;17;1;75;75106;2;3;1;4;48,85187900;2,32863100;4;2;3;0;1;1;1;0;1;30;2;Indemne
202300018078;155 648 517;7;0;2;2;1;1;203 808 228;1;1;1;1;1969.0;9;1;31;5;2023;17;1;75;75106;2;3;1;4;48,85187900;2,32863100;4;1;2;0;1;1;1;0;1;30;2;Indemne
202300018078;155 648 517;7;0;2;2;1;1;203 808 228;1;1;1;1;1969.0;9;1;31;5;2023;17;1;75;75106;2;3;1;4;48,85187900;2,32863100;4;2;3;0;1;1;1;0;1;30;2;Indemne
202300018078;155 648 519;80;1;2;7;1;3;203 808 230;1;1;4;2;1989.0;9;2;31;5;2023;17;1;75;75106;2;3;1;4;48,85187900;2,32863100;4;1;2;0;1;1;1;0;1;30;2;Blessé léger
202300018078;155 648 519;80;1;2;7;1;3;203 808 230;1;1;4;2;1989.0;9;2;31;5;2023;17;1;75;75106;2;3;1;4;48,85187900;2,32863100;4;2;3;0;1;1;1;0;1;30;2;Blessé léger
202300018090;155 648 492;1;1;0;0;0;5;203 808 192;1;1;4;1;2002.0;9;8;4;7;2023;07;1;67;67482;2;1;1;6;48,58057000;7,75641000;4;2;2;0;1;1;1;0;1;50;1;Blessé léger
202300018090;155 648 494;10;0;2;8;22;1;203 808 198;1;1;1;1;1953.0;4;8;4;7;2023;07;1;67;67482;2;1;1;6;48,58057000;7,75641000;4;2;2;0;1;1;1;0;1;50;1;Indemne
202300018099;155 648 479;1;0;2;3;1;5;203 808 175;1;1;4;2;2003.0;4;8;31;5;2023;11;1;75;75117;2;7;1;3;48,88335300;2,30951300;4;2;6;1;1;1;1;0;1;30;2;Blessé léger
202300018099;155 648 481;7;0;2;7;15;1;203 808 177;1;1;1;1;1991.0;5;1;31;5;2023;11;1;75;75117;2;7;1;3;48,88335300;2,30951300;4;2;6;1;1;1;1;0;1;30;2;Indemne
202300018105;155 648 467;1;0;2;1;19;5;203 808 159;1;1;4;1;1994.0;4;8;4;7;2023;14;1;64;64445;1;9;1;3;43,31726000; -0,36028000;4;1;1;1;1;1;1;0;1;30;1;Blessé léger
202300018105;155 648 470;7;0;2;3;1;1;203 808 162;1;1;1;1;1957.0;5;1;4;7;2023;14;1;64;64445;1;9;1;3;43,31726000; -0,36028000;4;1;1;1;1;1;1;0;1;30;1;Indemne
202300018123;155 648 438;7;0;9;3;1;1;203 808 114;1;1;1;1;1945.0;5;1;18;11;2023;11;1;06;06059;1;1;1;1;43,72908800;7,36735200;7;2;2;0;2;3;1;0;1;50;5;Indemne
202300018123;155 648 440;1;0;2;4;5;5;203 808 117;1;1;3;1;1973.0;5;0;18;11;2023;11;1;06;06059;1;1;1;1;43,72908800;7,36735200;7;2;2;0;2;3;1;0;1;50;5;Blessé hospitalisé
202300018124;155 648 436;1;0;0;7;0;5;203 808 112;1;1;4;1;1946.0;0;0;9;8;2023;20;1;34;34189;2;6;1;3;43,28375800;2,73629300;3;1;1;0;1;2;1;0;3;50;2;Blessé léger
202300018124;155 648 439;7;0;2;3;9;1;203 808 116;1;1;1;1;1958.0;5;1;9;8;2023;20;1;34;34189;2;6;1;3;43,28375800;2,73629300;3;1;1;0;1;2;1;0;3;50;2;Indemne
202300018134;155 648 421;1;0;2;6;19;5;203 808 092;1;1;4;2;1994.0;1;2;30;5;2023;09;1;75;75113;2;3;1;3;48,83170300;2,35793400;4;1;2;1;1;1;1;0;1;30;1;Blessé léger
202300018134;155 648 421;1;0;2;6;19;5;203 808 092;1;1;4;2;1994.0;1;2;30;5;2023;09;1;75;75113;2;3;1;3;48,83170300;2,35793400;4;1;2;0;1;1;1;0;1;30;1;Blessé léger
202300018134;155 648 423;32;0;2;3;1;1;203 808 093;1;1;4;2;1962.0;1;2;30;5;2023;09;1;75;75113;2;3;1;3;48,83170300;2,35793400;4;1;2;1;1;1;1;0;1;30;1;Blessé léger
202300018134;155 648 423;32;0;2;3;1;1;203 808 093;1;1;4;2;1962.0;1;2;30;5;2023;09;1;75;75113;2;3;1;3;48,83170300;2,35793400;4;1;2;0;1;1;1;0;1;30;1;Blessé léger
202300018142;155 648 409;10;0;2;1;1;1;203 808 078;1;1;1;1;1997.0;9;1;31;5;2023;10;1;75;75112;2;3;1;3;48,84209100;2,37639600;4;2;2;0;1;1;1;0;1;30;2;Indemne
202300018142;155 648 409;10;0;2;1;1;1;203 808 078;1;1;1;1;1997.0;9;1;31;5;2023;10;1;75;75112;2;3;1;3;48,84209100;2,37639600;4;2;2;0;1;1;1;0;1;30;2;Indemne
202300018142;155 648 412;1;0;2;7;19;5;203 808 081;1;1;4;1;1998.0;1;8;31;5;2023;10;1;75;75112;2;3;1;3;48,84209100;2,37639600;4;2;2;0;1;1;1;0;1;30;2;Blessé léger
202300018142;155 648 412;1;0;2;7;19;5;203 808 081;1;1;4;1;1998.0;1;8;31;5;2023;10;1;75;75112;2;3;1;3;48,84209100;2,37639600;4;2;2;0;1;1;1;0;1;30;2;Blessé léger
202300018143;155 648 406;7;0;9;7;1;1;203 808 075;1;1;1;2;1980.0;5;1;19;11;2023;11;1;21;21003;1;1;1;2;47,38304900;5,02512400;7;2;2;0;1;2;2;0;1;70;6;Indemne
202300018143;155 648 411;1;0;2;8;1;5;203 808 080;1;1;3;1;1964.0;5;2;19;11;2023;11;1;21;21003;1;1;1;2;47,38304900;5,02512400;7;2;2;0;1;2;2;0;1;70;6;Blessé hospitalisé
202300018150;155 648 393;1;0;2;7;15;5;203 808 061;1;1;3;1;1971.0;1;2;9;8;2023;15;1;49;49298;2;3;1;3;47,46916000; -0,69543200;4;2;2;0;1;2;1;0;1;50;2;Blessé hospitalisé
202300018150;155 648 397;7;0;9;1;19;0;203 808 066;1;1;1;1;2000.0;1;1;9;8;2023;15;1;49;49298;2;3;1;3;47,46916000; -0,69543200;4;2;2;0;1;2;1;0;1;50;2;Indemne
202300018156;155 648 385;7;0;2;3;2;1;203 808 052;1;1;1;2;1977.0;9;1;31;5;2023;17;1;75;75111;2;3;1;3;48,86812000;2,37241100;4;2;2;0;1;1;1;0;1;30;2;Indemne
202300018156;155 648 385;7;0;2;3;2;1;203 808 052;1;1;1;2;1977.0;9;1;31;5;2023;17;1;75;75111;2;3;1;3;48,86812000;2,37241100;4;1;1;2;1;1;1;0;1;30;2;Indemne
202300018156;155 648 387;1;0;2;7;2;5;203 808 054;1;1;4;1;1963.0;1;2;31;5;2023;17;1;75;75111;2;3;1;3;48,86812000;2,37241100;4;2;2;0;1;1;1;0;1;30;2;Blessé léger
202300018156;155 648 387;1;0;2;7;2;5;203 808 054;1;1;4;1;1963.0;1;2;31;5;2023;17;1;75;75111;2;3;1;3;48,86812000;2,37241100;4;1;1;2;1;1;1;0;1;30;2;Blessé léger
202300018178;155 648 347;1;0;2;7;17;5;203 807 995;1;1;4;1;1988.0;0;8;31;5;2023;09;1;94;94081;2;3;7;3;48,79556500;2,40688400;3;2;2;0;1;1;1;0;8;50;2;Blessé léger
202300018178;155 648 347;1;0;2;7;17;5;203 807 995;1;1;4;1;1988.0;0;8;31;5;2023;09;1;94;94081;2;3;7;3;48,79556500;2,40688400;3;2;2;0;1;1;1;0;1;50;2;Blessé léger
202300018178;155 648 348;10;0;2;3;15;0;203 807 997;1;1;1;2;1977.0;0;1;31;5;2023;09;1;94;94081;2;3;7;3;48,79556500;2,40688400;3;2;2;0;1;1;1;0;8;50;2;Indemne
202300018178;155 648 348;10;0;2;3;15;0;203 807 997;1;1;1;2;1977.0;0;1;31;5;2023;09;1;94;94081;2;3;7;3;48,79556500;2,40688400;3;2;2;0;1;1;1;0;1;50;2;Indemne
202300018183;155 648 336;7;0;2;4;23;1;203 807 981;1;1;1;1;2002.0;5;1;4;7;2023;22;5;33;33039;2;1;1;2;44,78466000; -0,56618000;4;3;2;0;1;1;1;0;3;50;1;Indemne
202300018183;155 648 337;1;0;2;1;1;5;203 807 983;1;1;4;1;1977.0;1;0;4;7;2023;22;5;33;33039;2;1;1;2;44,78466000; -0,56618000;4;3;2;0;1;1;1;0;3;50;1;Blessé léger
202300018197;155 648 314;10;0;2;0;0;1;203 807 953;1;1;1;1;1972.0;4;1;4;7;2023;15;1;26;26362;2;1;1;3;44,93549000;4,90948000;4;2;2;1;2;1;1;0;1;50;1;Indemne
202300018197;155 648 317;1;0;2;1;1;5;203 807 955;1;1;3;1;1941.0;0;0;4;7;2023;15;1;26;26362;2;1;1;3;44,93549000;4,90948000;4;2;2;1;2;1;1;0;1;50;1;Blessé hospitalisé
202300018210;155 648 292;1;0;1;9;1;5;203 807 918;1;1;1;1;1978.0;0;8;8;8;2023;12;1;85;85191;2;1;1;6;46,67654600; -1,42970100;3;1;2;3;1;1;1;0;1;50;1;Indemne
202300018210;155 648 292;1;0;1;9;1;5;203 807 920;10;3;4;1;1966.0;9;0;8;8;2023;12;1;85;85191;2;1;1;6;46,67654600; -1,42970100;3;1;2;3;1;1;1;0;1;50;1;Blessé léger
202300018214;155 648 287;33;0;9;1;2;1;203 807 910;2;2;3;2;1984.0;0;2;19;11;2023;12;1;83;83077;1;1;1;3;43,29740900;5,98346100;3;2;2;0;1;1;1;0;1;80;6;Blessé hospitalisé
202300018214;155 648 287;33;0;9;1;2;1;203 807 913;1;1;3;1;1977.0;0;2;19;11;2023;12;1;83;83077;1;1;1;3;43,29740900;5,98346100;3;2;2;0;1;1;1;0;1;80;6;Blessé hospitalisé
202300018214;155 648 289;1;0;0;8;2;5;203 807 915;1;1;3;1;2004.0;5;2;19;11;2023;12;1;83;83077;1;1;1;3;43,29740900;5,98346100;3;2;2;0;1;1;1;0;1;80;6;Blessé hospitalisé
202300018218;155 648 280;1;0;2;1;2;5;203 807 903;1;1;4;2;1993.0;0;8;8;8;2023;19;1;92;92025;2;2;1;3;48,91274183;2,23938525;4;2;2;0;1;1;1;0;1;30;1;Blessé léger
202300018218;155 648 280;1;0;2;1;2;5;203 807 903;1;1;4;2;1993.0;0;8;8;8;2023;19;1;92;92025;2;2;1;3;48,91274183;2,23938525;4;2;2;1;1;1;1;5;5;20;1;Blessé léger
202300018218;155 648 282;7;1;2;5;2;1;203 807 905;1;1;1;2;1999.0;1;1;8;8;2023;19;1;92;92025;2;2;1;3;48,91274183;2,23938525;4;2;2;0;1;1;1;0;1;30;1;Indemne
202300018218;155 648 282;7;1;2;5;2;1;203 807 905;1;1;1;2;1999.0;1;1;8;8;2023;19;1;92;92025;2;2;1;3;48,91274183;2,23938525;4;2;2;1;1;1;1;5;5;20;1;Indemne
202300018219;155 648 278;7;0;9;2;15;1;203 807 900;1;1;1;1;1965.0;0;1;4;7;2023;20;2;13;13001;2;2;1;3;43,51791000;5,45927000;4;2;2;0;2;1;1;0;1;50;1;Indemne
202300018219;155 648 278;7;0;9;2;15;1;203 807 900;1;1;1;1;1965.0;0;1;4;7;2023;20;2;13;13001;2;2;1;3;43,51791000;5,45927000;4;2;2;0;2;1;1;0;1;50;1;Indemne
202300018219;155 648 279;1;0;2;0;0;5;203 807 902;1;1;4;1;1998.0;0;0;4;7;2023;20;2;13;13001;2;2;1;3;43,51791000;5,45927000;4;2;2;0;2;1;1;0;1;50;1;Blessé léger
202300018219;155 648 279;1;0;2;0;0;5;203 807 902;1;1;4;1;1998.0;0;0;4;7;2023;20;2;13;13001;2;2;1;3;43,51791000;5,45927000;4;2;2;0;2;1;1;0;1;50;1;Blessé léger
202300018228;155 648 257;10;0;9;2;16;1;203 807 874;1;1;1;1;1983.0;4;1;18;11;2023;16;2;42;42147;2;1;1;3;45,60255300;4,06987400;3;2;3;1;2;1;1;0;5;50;5;Indemne
202300018228;155 648 259;1;0;2;1;1;5;203 807 876;1;1;4;1;1958.0;5;2;18;11;2023;16;2;42;42147;2;1;1;3;45,60255300;4,06987400;3;2;3;1;2;1;1;0;5;50;5;Blessé léger
202300018234;155 648 248;1;0;2;7;26;5;203 807 864;1;1;3;1;1986.0;5;0;17;11;2023;18;5;38;38474;2;1;2;3;45,19912900;5,67030500;7;2;2;0;1;1;2;0;1;50;4;Blessé hospitalisé
202300018234;155 648 252;7;0;2;3;0;1;203 807 868;1;1;1;1;1945.0;9;1;17;11;2023;18;5;38;38474;2;1;2;3;45,19912900;5,67030500;7;2;2;0;1;1;2;0;1;50;4;Indemne
202300018235;155 648 244;80;0;2;4;2;3;203 807 859;1;1;4;1;1985.0;1;8;31;5;2023;14;1;93;93064;2;1;1;2;48,87882668;2,47223300;3;2;2;0;1;1;1;0;1;50;2;Blessé léger
202300018235;155 648 246;7;0;2;4;1;1;203 807 861;1;1;1;2;1985.0;3;1;31;5;2023;14;1;93;93064;2;1;1;2;48,87882668;2,47223300;3;2;2;0;1;1;1;0;1;50;2;Indemne
202300018235;155 648 246;7;0;2;4;1;1;203 807 862;4;2;1;2;2014.0;3;1;31;5;2023;14;1;93;93064;2;1;1;2;48,87882668;2,47223300;3;2;2;0;1;1;1;0;1;50;2;Indemne
202300018242;155 648 231;7;0;2;3;15;1;203 807 839;1;1;1;1;2003.0;0;1;31;5;2023;09;1;93;93048;2;2;1;3;48,87803407;2,45746002;3;2;2;0;1;1;1;0;1;50;2;Indemne
202300018242;155 648 231;7;0;2;3;15;1;203 807 839;1;1;1;1;2003.0;0;1;31;5;2023;09;1;93;93048;2;2;1;3;48,87803407;2,45746002;3;2;2;0;1;1;1;0;1;50;2;Indemne
202300018242;155 648 234;1;0;2;0;0;5;203 807 844;1;1;4;2;1985.0;0;2;31;5;2023;09;1;93;93048;2;2;1;3;48,87803407;2,45746002;3;2;2;0;1;1;1;0;1;50;2;Blessé léger
202300018242;155 648 234;1;0;2;0;0;5;203 807 844;1;1;4;2;1985.0;0;2;31;5;2023;09;1;93;93048;2;2;1;3;48,87803407;2,45746002;3;2;2;0;1;1;1;0;1;50;2;Blessé léger
202300018252;155 648 219;7;0;2;7;17;1;203 807 825;1;1;1;1;2005.0;5;1;8;8;2023;12;1;2A;2A004;2;1;1;6;41,91621000;8,73124000;3;2;2;0;1;1;1;0;1;50;1;Indemne
202300018252;155 648 220;1;0;2;8;1;5;203 807 826;1;1;4;2;1962.0;0;2;8;8;2023;12;1;2A;2A004;2;1;1;6;41,91621000;8,73124000;3;2;2;0;1;1;1;0;1;50;1;Blessé léger
202300018261;155 648 199;7;0;2;2;1;1;203 807 796;1;1;1;1;1974.0;1;1;5;8;2023;09;1;84;84007;1;1;1;2;43,91567000;4,80878000;3;2;2;0;1;1;1;2;1;50;5;Indemne
202300018261;155 648 200;1;0;2;4;25;5;203 807 797;1;1;2;1;1952.0;5;8;5;8;2023;09;1;84;84007;1;1;1;2;43,91567000;4,80878000;3;2;2;0;1;1;1;2;1;50;5;Tué
202300018263;155 648 197;1;0;2;1;1;5;203 807 791;1;1;4;2;1988.0;5;2;31;5;2023;10;1;92;92051;2;9;1;6;48,87950000;2,27114000;4;2;2;0;1;1;1;0;1;30;2;Blessé léger
202300018266;155 648 193;1;0;0;0;16;5;203 807 788;1;1;4;1;2002.0;5;2;30;5;2023;21;1;92;92020;2;3;1;7;48,80639542;2,27671668;4;1;1;0;1;1;1;0;1;50;1;Blessé léger
202300018266;155 648 193;1;0;0;0;16;5;203 807 788;1;1;4;1;2002.0;5;2;30;5;2023;21;1;92;92020;2;3;1;7;48,80639542;2,27671668;4;2;2;0;1;3;1;0;1;50;1;Blessé léger
202300018300;155 648 135;7;0;2;1;1;1;203 807 712;1;1;1;2;1971.0;1;1;31;5;2023;15;1;85;85109;2;1;1;3;46,86091700; -1,01966900;4;2;2;0;1;1;1;0;1;50;2;Indemne
202300018300;155 648 136;1;0;2;7;19;5;203 807 713;1;1;4;1;2005.0;5;0;31;5;2023;15;1;85;85109;2;1;1;3;46,86091700; -1,01966900;4;2;2;0;1;1;1;0;1;50;2;Blessé léger
202300018311;155 648 108;7;6;2;3;15;1;203 807 682;1;1;1;1;1977.0;5;1;14;11;2023;16;1;974;97416;2;1;1;3; -21,31620000;55,47800000;3;2;2;0;1;1;1;0;1;50;1;Indemne
202300018311;155 648 110;1;6;2;1;1;5;203 807 684;1;1;4;2;2001.0;1;2;14;11;2023;16;1;974;97416;2;1;1;3; -21,31620000;55,47800000;3;2;2;0;1;1;1;0;1;50;1;Blessé léger
202300018327;155 648 082;1;0;1;0;1;6;203 807 649;1;1;1;1;1976.0;0;8;14;3;2023;17;1;69;69386;2;1;1;6;45,77371000;4,85115000;4;1;1;3;1;1;1;0;5;50;1;Indemne
202300018327;155 648 082;1;0;1;0;1;6;203 807 650;10;3;4;2;1967.0;0;0;14;3;2023;17;1;69;69386;2;1;1;6;45,77371000;4,85115000;4;1;1;3;1;1;1;0;5;50;1;Blessé léger
202300018329;155 648 080;7;0;2;5;1;1;203 807 647;1;1;1;1;1986.0;1;1;3;5;2023;18;1;35;35069;2;3;1;3;48,05621500; -1,45015800;3;2;2;0;1;1;1;0;1;50;2;Indemne
202300018329;155 648 080;7;0;2;5;1;1;203 807 647;1;1;1;1;1986.0;1;1;3;5;2023;18;1;35;35069;2;3;1;3;48,05621500; -1,45015800;3;2;2;0;2;1;1;0;1;50;2;Indemne
202300018329;155 648 084;1;0;2;1;1;5;203 807 652;1;1;4;1;2013.0;5;0;3;5;2023;18;1;35;35069;2;3;1;3;48,05621500; -1,45015800;3;2;2;0;1;1;1;0;1;50;2;Blessé léger
202300018329;155 648 084;1;0;2;1;1;5;203 807 652;1;1;4;1;2013.0;5;0;3;5;2023;18;1;35;35069;2;3;1;3;48,05621500; -1,45015800;3;2;2;0;2;1;1;0;1;50;2;Blessé léger
202300018350;155 648 040;7;0;2;3;10;1;203 807 598;1;1;1;1;2001.0;4;1;16;11;2023;07;2;87;87085;2;1;2;3;45,83232000;1,25023000;4;2;3;3;1;1;2;0;1;30;3;Indemne
202300018350;155 648 042;1;0;2;7;1;5;203 807 601;1;1;4;1;2008.0;2;2;16;11;2023;07;2;87;87085;2;1;2;3;45,83232000;1,25023000;4;2;3;3;1;1;2;0;1;30;3;Blessé léger
202300018372;155 648 002;1;0;0;4;1;5;203 807 544;1;1;3;1;1959.0;5;0;31;5;2023;14;1;971;97125;2;1;1;2;16,26856800; -61,30995500;4;2;2;0;1;1;1;0;1;80;2;Blessé hospitalisé
202300018372;155 648 004;7;0;2;1;1;0;203 807 547;1;1;1;1;1960.0;3;1;31;5;2023;14;1;971;97125;2;1;1;2;16,26856800; -61,30995500;4;2;2;0;1;1;1;0;1;80;2;Indemne
202300018379;155 647 991;1;0;2;1;1;5;203 807 530;1;1;4;2;1964.0;0;2;17;11;2023;10;1;71;71076;2;2;7;3;46,79251000;4,85389000;4;3;5;0;1;1;2;5;1;50;4;Blessé léger
202300018379;155 647 991;1;0;2;1;1;5;203 807 530;1;1;4;2;1964.0;0;2;17;11;2023;10;1;71;71076;2;2;7;3;46,79251000;4,85389000;4;2;4;1;1;1;1;5;1;50;4;Blessé léger
202300018379;155 647 992;10;0;2;2;15;1;203 807 532;1;1;1;1;1989.0;4;8;17;11;2023;10;1;71;71076;2;2;7;3;46,79251000;4,85389000;4;3;5;0;1;1;2;5;1;50;4;Indemne
202300018379;155 647 992;10;0;2;2;15;1;203 807 532;1;1;1;1;1989.0;4;8;17;11;2023;10;1;71;71076;2;2;7;3;46,79251000;4,85389000;4;2;4;1;1;1;1;5;1;50;4;Indemne
202300018388;155 647 976;7;0;2;5;16;1;203 807 508;1;1;1;1;1948.0;5;1;17;11;2023;15;1;67;67482;2;3;3;3;48,58057000;7,72335000;4;2;2;1;1;1;2;0;1;50;4;Indemne
202300018388;155 647 976;7;0;2;5;16;1;203 807 508;1;1;1;1;1948.0;5;1;17;11;2023;15;1;67;67482;2;3;3;3;48,58057000;7,72335000;4;2;3;1;1;1;2;5;1;50;4;Indemne
202300018388;155 647 979;1;0;2;5;1;5;203 807 510;1;1;4;2;1976.0;1;8;17;11;2023;15;1;67;67482;2;3;3;3;48,58057000;7,72335000;4;2;2;1;1;1;2;0;1;50;4;Blessé léger
202300018388;155 647 979;1;0;2;5;1;5;203 807 510;1;1;4;2;1976.0;1;8;17;11;2023;15;1;67;67482;2;3;3;3;48,58057000;7,72335000;4;2;3;1;1;1;2;5;1;50;4;Blessé léger
202300018395;155 647 967;7;0;2;1;17;1;203 807 497;1;1;1;1;1991.0;1;1;17;11;2023;07;1;67;67482;2;3;3;3;48,54413000;7,78135000;4;2;2;0;1;1;2;0;1;50;4;Indemne
202300018395;155 647 967;7;0;2;1;17;1;203 807 497;1;1;1;1;1991.0;1;1;17;11;2023;07;1;67;67482;2;3;3;3;48,54413000;7,78135000;4;2;2;0;1;1;2;0;1;50;4;Indemne
202300018395;155 647 969;1;0;2;8;15;5;203 807 499;1;1;4;1;1999.0;1;8;17;11;2023;07;1;67;67482;2;3;3;3;48,54413000;7,78135000;4;2;2;0;1;1;2;0;1;50;4;Blessé léger
202300018395;155 647 969;1;0;2;8;15;5;203 807 499;1;1;4;1;1999.0;1;8;17;11;2023;07;1;67;67482;2;3;3;3;48,54413000;7,78135000;4;2;2;0;1;1;2;0;1;50;4;Blessé léger