Num_Acc;id_vehicule;catv;obs;obsm;choc;manv;motor;id_usager;place;catu;grav;sexe;an_nais;trajet;secu1;jour;mois;an;hrmn;lum;dep;com;agg;int;atm;col;lat;long;catr;circ;nbv;vosp;prof;plan;surf;infra;situ;vma;day_of_week;gravity
202300018398;155 647 959;15;0;2;0;16;1;203 807 489;1;1;1;1;1980.0;4;1;16;11;2023;13;1;67;67482;2;3;3;3;48,59107000;7,74614000;4;1;4;1;1;2;2;9;8;50;3;Indemne
202300018398;155 647 959;15;0;2;0;16;1;203 807 489;1;1;1;1;1980.0;4;1;16;11;2023;13;1;67;67482;2;3;3;3;48,59107000;7,74614000;4;2;4;2;1;1;2;9;1;50;3;Indemne
202300018398;155 647 961;1;0;2;1;1;5;203 807 492;1;1;3;2;2005.0;2;8;16;11;2023;13;1;67;67482;2;3;3;3;48,59107000;7,74614000;4;1;4;1;1;2;2;9;8;50;3;Blessé hospitalisé
202300018398;155 647 961;1;0;2;1;1;5;203 807 492;1;1;3;2;2005.0;2;8;16;11;2023;13;1;67;67482;2;3;3;3;48,59107000;7,74614000;4;2;4;2;1;1;2;9;1;50;3;Blessé hospitalisé
202300018400;155 647 955;7;0;2;2;15;1;203 807 484;1;1;1;1;1954.0;5;1;13;3;2023;09;1;45;45208;2;3;1;3;47,99795000;2,73915000;4;2;3;0;1;1;1;0;1;50;0;Indemne
202300018400;155 647 955;7;0;2;2;15;1;203 807 484;1;1;1;1;1954.0;5;1;13;3;2023;09;1;45;45208;2;3;1;3;47,99795000;2,73915000;4;1;1;0;2;1;1;0;1;50;0;Indemne
202300018400;155 647 955;7;0;2;2;15;1;203 807 485;2;2;1;2;1954.0;5;1;13;3;2023;09;1;45;45208;2;3;1;3;47,99795000;2,73915000;4;2;3;0;1;1;1;0;1;50;0;Indemne
202300018400;155 647 955;7;0;2;2;15;1;203 807 485;2;2;1;2;1954.0;5;1;13;3;2023;09;1;45;45208;2;3;1;3;47,99795000;2,73915000;4;1;1;0;2;1;1;0;1;50;0;Indemne
202300018400;155 647 957;1;0;2;1;1;5;203 807 488;1;1;4;1;1952.0;5;8;13;3;2023;09;1;45;45208;2;3;1;3;47,99795000;2,73915000;4;2;3;0;1;1;1;0;1;50;0;Blessé léger
202300018400;155 647 957;1;0;2;1;1;5;203 807 488;1;1;4;1;1952.0;5;8;13;3;2023;09;1;45;45208;2;3;1;3;47,99795000;2,73915000;4;1;1;0;2;1;1;0;1;50;0;Blessé léger
202300018401;155 647 953;3;0;9;1;16;3;203 807 482;1;1;1;1;2008.0;2;1;16;11;2023;17;5;67;67462;2;9;2;3;48,26040900;7,44476900;3;3;3;2;1;3;2;5;5;40;3;Indemne
202300018401;155 647 954;1;0;2;7;1;5;203 807 483;1;1;3;2;1962.0;0;2;16;11;2023;17;5;67;67462;2;9;2;3;48,26040900;7,44476900;3;3;3;2;1;3;2;5;5;40;3;Blessé hospitalisé
202300018404;155 647 947;7;0;2;2;15;1;203 807 472;1;1;1;2;1951.0;5;1;17;11;2023;18;5;64;64129;2;3;1;1;43,30425000; -0,40021000;4;2;2;1;1;1;1;0;1;50;4;Indemne
202300018404;155 647 947;7;0;2;2;15;1;203 807 472;1;1;1;2;1951.0;5;1;17;11;2023;18;5;64;64129;2;3;1;1;43,30425000; -0,40021000;4;2;2;0;1;1;1;0;1;50;4;Indemne
202300018404;155 647 947;7;0;2;2;15;1;203 807 473;2;2;1;2;1981.0;0;1;17;11;2023;18;5;64;64129;2;3;1;1;43,30425000; -0,40021000;4;2;2;1;1;1;1;0;1;50;4;Indemne
202300018404;155 647 947;7;0;2;2;15;1;203 807 473;2;2;1;2;1981.0;0;1;17;11;2023;18;5;64;64129;2;3;1;1;43,30425000; -0,40021000;4;2;2;0;1;1;1;0;1;50;4;Indemne
202300018404;155 647 949;1;0;2;1;1;5;203 807 475;1;1;4;1;1968.0;5;8;17;11;2023;18;5;64;64129;2;3;1;1;43,30425000; -0,40021000;4;2;2;1;1;1;1;0;1;50;4;Blessé léger
202300018404;155 647 949;1;0;2;1;1;5;203 807 475;1;1;4;1;1968.0;5;8;17;11;2023;18;5;64;64129;2;3;1;1;43,30425000; -0,40021000;4;2;2;0;1;1;1;0;1;50;4;Blessé léger
202300018414;155 647 931;33;0;2;1;2;1;203 807 453;1;1;1;1;2001.0;0;2;17;11;2023;08;1;64;64445;1;1;1;2;43,34558000; -0,37969000;3;2;2;0;1;1;1;0;1;50;4;Indemne
202300018414;155 647 934;1;0;2;4;11;5;203 807 456;1;1;4;1;2003.0;1;8;17;11;2023;08;1;64;64445;1;1;1;2;43,34558000; -0,37969000;3;2;2;0;1;1;1;0;1;50;4;Blessé léger
202300018422;155 647 917;7;0;2;1;16;1;203 807 438;1;1;1;2;2002.0;2;1;14;3;2023;09;1;35;35238;2;3;1;3;48,11021000; -1,66411000;4;1;1;2;1;1;1;0;1;50;1;Indemne
202300018422;155 647 917;7;0;2;1;16;1;203 807 438;1;1;1;2;2002.0;2;1;14;3;2023;09;1;35;35238;2;3;1;3;48,11021000; -1,66411000;4;1;1;0;1;1;1;0;1;30;1;Indemne
202300018422;155 647 919;1;0;2;3;1;5;203 807 440;1;1;4;2;1990.0;1;8;14;3;2023;09;1;35;35238;2;3;1;3;48,11021000; -1,66411000;4;1;1;2;1;1;1;0;1;50;1;Blessé léger
202300018422;155 647 919;1;0;2;3;1;5;203 807 440;1;1;4;2;1990.0;1;8;14;3;2023;09;1;35;35238;2;3;1;3;48,11021000; -1,66411000;4;1;1;0;1;1;1;0;1;30;1;Blessé léger
202300018425;155 647 908;1;0;2;1;19;5;203 807 426;1;1;4;1;1965.0;1;8;17;11;2023;07;2;62;62041;2;2;2;3;50,28597000;2,77279000;4;2;2;0;1;1;2;0;1;50;4;Blessé léger
202300018425;155 647 908;1;0;2;1;19;5;203 807 426;1;1;4;1;1965.0;1;8;17;11;2023;07;2;62;62041;2;2;2;3;50,28597000;2,77279000;4;2;2;0;1;1;2;0;1;50;4;Blessé léger
202300018425;155 647 911;7;0;9;3;19;1;203 807 429;1;1;1;2;1982.0;1;1;17;11;2023;07;2;62;62041;2;2;2;3;50,28597000;2,77279000;4;2;2;0;1;1;2;0;1;50;4;Indemne
202300018425;155 647 911;7;0;9;3;19;1;203 807 429;1;1;1;2;1982.0;1;1;17;11;2023;07;2;62;62041;2;2;2;3;50,28597000;2,77279000;4;2;2;0;1;1;2;0;1;50;4;Indemne
202300018427;155 647 905;1;0;2;3;1;5;203 807 422;1;1;3;1;1992.0;1;2;14;3;2023;08;1;33;33039;2;3;2;3;44,79788452; -0,55269331;4;2;2;1;2;1;2;2;1;50;1;Blessé hospitalisé
202300018427;155 647 905;1;0;2;3;1;5;203 807 424;2;2;4;1;2019.0;1;3;14;3;2023;08;1;33;33039;2;3;2;3;44,79788452; -0,55269331;4;2;2;1;2;1;2;2;1;50;1;Blessé léger
202300018427;155 647 909;7;0;2;2;16;1;203 807 427;1;1;1;2;1992.0;1;1;14;3;2023;08;1;33;33039;2;3;2;3;44,79788452; -0,55269331;4;2;2;1;2;1;2;2;1;50;1;Indemne
202300018453;155 647 857;80;0;2;4;11;3;203 807 363;1;1;1;1;2007.0;2;8;30;5;2023;17;1;974;97416;1;1;1;2; -21,31265000;55,49532000;2;2;2;0;2;1;2;0;1;50;1;Indemne
202300018453;155 647 858;31;0;2;7;13;3;203 807 365;1;1;4;1;1974.0;1;2;30;5;2023;17;1;974;97416;1;1;1;2; -21,31265000;55,49532000;2;2;2;0;2;1;2;0;1;50;1;Blessé léger
202300018469;155 647 830;1;0;0;1;1;5;203 807 328;1;1;4;1;2004.0;1;8;17;11;2023;19;5;43;43041;2;1;1;7;45,05279300;3,91106800;3;2;2;1;1;1;2;0;1;50;4;Blessé léger
202300018470;155 647 831;7;0;2;5;22;1;203 807 329;1;1;1;1;1971.0;2;1;14;3;2023;07;1;75;75117;2;4;1;2;48,88221000;2,30117000;4;2;4;0;1;1;1;0;1;30;1;Indemne
202300018470;155 647 832;1;0;2;1;18;5;203 807 330;1;1;4;2;1991.0;1;2;14;3;2023;07;1;75;75117;2;4;1;2;48,88221000;2,30117000;4;2;4;0;1;1;1;0;1;30;1;Blessé léger
202300018476;155 647 817;80;0;2;2;9;3;203 807 314;1;1;4;1;2001.0;0;8;17;11;2023;05;3;42;42184;2;6;2;1;46,05081000;4,06645000;3;2;4;0;1;1;2;0;1;50;4;Blessé léger
202300018476;155 647 817;80;0;2;2;9;3;203 807 314;1;1;4;1;2001.0;0;8;17;11;2023;05;3;42;42184;2;6;2;1;46,05081000;4,06645000;3;2;2;0;1;1;2;0;1;50;4;Blessé léger
202300018476;155 647 820;7;0;2;1;1;1;203 807 317;1;1;1;1;1977.0;1;1;17;11;2023;05;3;42;42184;2;6;2;1;46,05081000;4,06645000;3;2;4;0;1;1;2;0;1;50;4;Indemne
202300018476;155 647 820;7;0;2;1;1;1;203 807 317;1;1;1;1;1977.0;1;1;17;11;2023;05;3;42;42184;2;6;2;1;46,05081000;4,06645000;3;2;2;0;1;1;2;0;1;50;4;Indemne
202300018477;155 647 818;1;0;2;2;14;5;203 807 315;1;1;4;2;1992.0;9;8;14;3;2023;12;1;75;75116;2;3;1;3;48,87296700;2,29312300;4;2;2;0;1;1;1;0;1;30;1;Blessé léger
202300018477;155 647 819;10;0;2;3;1;1;203 807 316;1;1;1;1;1953.0;5;1;14;3;2023;12;1;75;75116;2;3;1;3;48,87296700;2,29312300;4;2;2;0;1;1;1;0;1;30;1;Indemne
202300018485;155 647 802;1;0;2;4;19;5;203 807 295;1;1;4;2;1976.0;9;2;14;3;2023;09;1;75;75112;2;3;2;3;48,84878500;2,36798400;4;1;2;0;1;1;2;0;1;30;1;Blessé léger
202300018485;155 647 802;1;0;2;4;19;5;203 807 295;1;1;4;2;1976.0;9;2;14;3;2023;09;1;75;75112;2;3;2;3;48,84878500;2,36798400;4;1;0;0;1;1;2;0;1;30;1;Blessé léger
202300018485;155 647 806;33;0;2;1;1;1;203 807 299;1;1;1;1;1982.0;9;2;14;3;2023;09;1;75;75112;2;3;2;3;48,84878500;2,36798400;4;1;2;0;1;1;2;0;1;30;1;Indemne
202300018485;155 647 806;33;0;2;1;1;1;203 807 299;1;1;1;1;1982.0;9;2;14;3;2023;09;1;75;75112;2;3;2;3;48,84878500;2,36798400;4;1;0;0;1;1;2;0;1;30;1;Indemne
202300018492;155 647 790;1;0;2;3;9;5;203 807 282;1;1;4;2;1989.0;5;8;14;3;2023;09;1;75;75110;2;1;3;1;48,87750300;2,35285500;4;1;1;2;1;1;2;0;1;30;1;Blessé léger
202300018492;155 647 792;33;0;2;3;1;1;203 807 284;1;1;1;1;2001.0;1;2;14;3;2023;09;1;75;75110;2;1;3;1;48,87750300;2,35285500;4;1;1;2;1;1;2;0;1;30;1;Indemne
202300018495;155 647 785;7;0;2;1;1;1;203 807 276;1;1;1;1;1963.0;0;8;21;12;2023;08;2;91;91114;2;1;1;3;48,69694000;2,49743000;3;1;0;1;1;1;2;9;5;30;3;Indemne
202300018495;155 647 787;1;0;2;1;1;5;203 807 279;1;1;4;2;1970.0;0;8;21;12;2023;08;2;91;91114;2;1;1;3;48,69694000;2,49743000;3;1;0;1;1;1;2;9;5;30;3;Blessé léger
202300018513;155 647 758;7;0;2;3;22;1;203 807 235;1;1;1;2;1962.0;9;8;16;11;2023;18;5;35;35238;2;1;1;3;48,10629000; -1,66755000;4;2;2;2;1;1;1;0;5;30;3;Indemne
202300018513;155 647 758;7;0;2;3;22;1;203 807 237;2;2;1;2;2000.0;9;8;16;11;2023;18;5;35;35238;2;1;1;3;48,10629000; -1,66755000;4;2;2;2;1;1;1;0;5;30;3;Indemne
202300018513;155 647 761;1;1;0;1;1;5;203 807 241;1;1;4;1;1990.0;0;2;16;11;2023;18;5;35;35238;2;1;1;3;48,10629000; -1,66755000;4;2;2;2;1;1;1;0;5;30;3;Blessé léger
202300018515;155 647 755;1;0;0;0;1;5;203 807 233;1;1;4;1;1994.0;1;2;20;12;2023;16;1;87;87085;2;1;1;7;45,82832000;1,26925000;2;3;4;0;1;1;1;0;1;50;2;Blessé léger
202300018519;155 647 748;1;0;2;7;1;5;203 807 224;1;1;4;1;1967.0;5;2;30;5;2023;20;1;64;64129;2;6;1;3;43,30489000; -0,40116000;3;2;3;2;1;3;1;9;1;50;1;Blessé léger
202300018519;155 647 751;7;0;2;3;9;1;203 807 227;1;1;1;2;1999.0;5;1;30;5;2023;20;1;64;64129;2;6;1;3;43,30489000; -0,40116000;3;2;3;2;1;3;1;9;1;50;1;Indemne
202300018570;155 647 656;1;0;2;1;0;5;203 807 100;1;1;4;1;1966.0;0;8;30;5;2023;12;1;38;38151;2;6;1;3;45,13502000;5,71424000;7;1;2;1;1;2;1;5;1;50;1;Blessé léger
202300018570;155 647 656;1;0;2;1;0;5;203 807 100;1;1;4;1;1966.0;0;8;30;5;2023;12;1;38;38151;2;6;1;3;45,13502000;5,71424000;7;1;2;0;1;2;1;5;1;50;1;Blessé léger
202300018570;155 647 659;7;0;2;3;0;1;203 807 102;1;1;1;2;1951.0;0;1;30;5;2023;12;1;38;38151;2;6;1;3;45,13502000;5,71424000;7;1;2;1;1;2;1;5;1;50;1;Indemne
202300018570;155 647 659;7;0;2;3;0;1;203 807 102;1;1;1;2;1951.0;0;1;30;5;2023;12;1;38;38151;2;6;1;3;45,13502000;5,71424000;7;1;2;0;1;2;1;5;1;50;1;Indemne
202300018579;155 647 640;7;0;2;2;19;1;203 807 082;1;1;1;2;1965.0;1;1;30;5;2023;09;1;37;37261;2;6;1;3;47,36422000;0,68446000;4;2;2;0;1;1;1;0;5;50;1;Indemne
202300018579;155 647 640;7;0;2;2;19;1;203 807 082;1;1;1;2;1965.0;1;1;30;5;2023;09;1;37;37261;2;6;1;3;47,36422000;0,68446000;4;2;4;1;1;1;1;0;5;50;1;Indemne
202300018579;155 647 643;1;0;2;1;19;5;203 807 085;1;1;4;2;2008.0;2;8;30;5;2023;09;1;37;37261;2;6;1;3;47,36422000;0,68446000;4;2;2;0;1;1;1;0;5;50;1;Blessé léger
202300018579;155 647 643;1;0;2;1;19;5;203 807 085;1;1;4;2;2008.0;2;8;30;5;2023;09;1;37;37261;2;6;1;3;47,36422000;0,68446000;4;2;4;1;1;1;1;0;5;50;1;Blessé léger
202300018607;155 647 593;1;0;2;8;1;5;203 807 026;1;1;4;1;1969.0;1;4;14;3;2023;04;3;77;77247;1;1;3;3;48,77011700;3,34046800;3;2;2;0;1;1;2;0;1;80;1;Blessé léger
202300018607;155 647 596;7;0;9;8;1;1;203 807 029;1;1;1;1;1982.0;1;1;14;3;2023;04;3;77;77247;1;1;3;3;48,77011700;3,34046800;3;2;2;0;1;1;2;0;1;80;1;Indemne
202300018613;155 647 585;1;0;2;1;15;5;203 807 016;1;1;4;1;2005.0;2;8;14;9;2023;07;1;973;97302;2;3;1;3;4,93033990; -52,30899274;4;2;2;0;1;1;1;0;1;50;3;Blessé léger
202300018613;155 647 589;7;0;2;1;15;0;203 807 021;1;1;1;2;1984.0;9;1;14;9;2023;07;1;973;97302;2;3;1;3;4,93033990; -52,30899274;4;2;2;0;1;1;1;0;1;50;3;Indemne
202300018625;155 647 560;7;0;2;1;15;1;203 806 987;1;1;1;2;1982.0;9;1;14;9;2023;18;1;69;69387;2;4;1;3;45,73525000;4,83907000;4;1;1;2;1;1;1;0;1;30;3;Indemne
202300018625;155 647 560;7;0;2;1;15;1;203 806 987;1;1;1;2;1982.0;9;1;14;9;2023;18;1;69;69387;2;4;1;3;45,73525000;4,83907000;4;2;2;0;1;1;1;0;1;50;3;Indemne
202300018625;155 647 565;1;0;2;1;1;5;203 806 992;1;1;4;2;1955.0;9;2;14;9;2023;18;1;69;69387;2;4;1;3;45,73525000;4,83907000;4;1;1;2;1;1;1;0;1;30;3;Blessé léger
202300018625;155 647 565;1;0;2;1;1;5;203 806 992;1;1;4;2;1955.0;9;2;14;9;2023;18;1;69;69387;2;4;1;3;45,73525000;4,83907000;4;2;2;0;1;1;1;0;1;50;3;Blessé léger
202300018639;155 647 538;7;0;2;2;16;2;203 806 956;1;1;1;1;1988.0;9;1;17;11;2023;19;5;75;75119;2;1;1;3;48,88375300;2,37397900;4;2;4;1;1;1;1;0;5;30;4;Indemne
202300018639;155 647 542;1;0;2;1;1;5;203 806 960;1;1;4;1;1988.0;9;2;17;11;2023;19;5;75;75119;2;1;1;3;48,88375300;2,37397900;4;2;4;1;1;1;1;0;5;30;4;Blessé léger
202300018681;155 647 462;1;0;0;0;0;5;203 806 865;1;1;3;1;1949.0;5;2;15;3;2023;17;1;64;64230;1;1;1;7;43,20604800; -0,38499400;3;2;2;0;1;2;1;0;1;80;2;Blessé hospitalisé
202300018698;155 647 434;7;0;2;7;9;1;203 806 827;1;1;1;1;1952.0;9;1;14;9;2023;17;1;65;65440;2;3;1;3;43,21841000;0,05750000;3;2;2;0;1;1;1;0;1;50;3;Indemne
202300018698;155 647 434;7;0;2;7;9;1;203 806 827;1;1;1;1;1952.0;9;1;14;9;2023;17;1;65;65440;2;3;1;3;43,21841000;0,05750000;3;2;2;0;1;3;1;0;1;50;3;Indemne
202300018698;155 647 436;1;0;2;3;1;5;203 806 830;1;1;3;2;1956.0;3;8;14;9;2023;17;1;65;65440;2;3;1;3;43,21841000;0,05750000;3;2;2;0;1;1;1;0;1;50;3;Blessé hospitalisé
202300018698;155 647 436;1;0;2;3;1;5;203 806 830;1;1;3;2;1956.0;3;8;14;9;2023;17;1;65;65440;2;3;1;3;43,21841000;0,05750000;3;2;2;0;1;3;1;0;1;50;3;Blessé hospitalisé
202300018704;155 647 422;1;0;2;7;1;5;203 806 812;1;1;4;1;1989.0;0;2;13;9;2023;17;1;64;64102;2;4;1;3;43,48585000; -1,47180000;3;2;5;1;4;2;1;3;1;50;2;Blessé léger
202300018704;155 647 422;1;0;2;7;1;5;203 806 812;1;1;4;1;1989.0;0;2;13;9;2023;17;1;64;64102;2;4;1;3;43,48585000; -1,47180000;3;1;1;0;2;2;1;0;1;50;2;Blessé léger
202300018704;155 647 424;7;0;2;3;9;1;203 806 815;1;1;1;2;2002.0;0;1;13;9;2023;17;1;64;64102;2;4;1;3;43,48585000; -1,47180000;3;2;5;1;4;2;1;3;1;50;2;Indemne
202300018704;155 647 424;7;0;2;3;9;1;203 806 815;1;1;1;2;2002.0;0;1;13;9;2023;17;1;64;64102;2;4;1;3;43,48585000; -1,47180000;3;1;1;0;2;2;1;0;1;50;2;Indemne
202300018707;155 647 416;7;0;2;2;19;1;203 806 804;1;1;1;1;1996.0;1;1;14;9;2023;18;1;63;63113;2;7;1;3;45,79335000;3,10894000;4;2;2;0;1;1;1;0;1;30;3;Indemne
202300018707;155 647 417;1;0;9;3;19;5;203 806 807;1;1;4;1;2019.0;0;8;14;9;2023;18;1;63;63113;2;7;1;3;45,79335000;3,10894000;4;2;2;0;1;1;1;0;1;30;3;Blessé léger
202300018711;155 647 406;1;0;2;8;13;5;203 806 792;1;1;3;2;1954.0;9;8;22;12;2023;08;2;51;51454;2;1;2;3;49,27140000;4,01195000;4;2;3;0;1;1;2;0;1;50;4;Blessé hospitalisé
202300018711;155 647 409;7;0;2;7;17;1;203 806 802;1;1;1;1;1985.0;1;1;22;12;2023;08;2;51;51454;2;1;2;3;49,27140000;4,01195000;4;2;3;0;1;1;2;0;1;50;4;Indemne
202300018721;155 647 386;1;0;2;1;21;5;203 806 766;1;1;4;1;1982.0;3;8;13;9;2023;09;1;56;56121;2;1;1;2;47,74333000; -3,38222000;4;2;2;0;1;1;1;0;1;30;2;Blessé léger
202300018721;155 647 387;7;0;2;6;23;1;203 806 768;1;1;1;2;1991.0;5;1;13;9;2023;09;1;56;56121;2;1;1;2;47,74333000; -3,38222000;4;2;2;0;1;1;1;0;1;30;2;Indemne
202300018728;155 647 373;1;0;2;0;21;5;203 806 753;1;1;4;1;1986.0;0;2;13;9;2023;16;1;54;54395;2;3;1;7;48,67589000;6,16974000;4;1;1;2;1;1;1;0;5;30;2;Blessé léger
202300018728;155 647 375;7;0;2;0;20;1;203 806 755;1;1;1;1;1990.0;0;1;13;9;2023;16;1;54;54395;2;3;1;7;48,67589000;6,16974000;4;1;1;2;1;1;1;0;5;30;2;Indemne
202300018731;155 647 368;1;0;1;0;1;5;203 806 747;1;1;1;1;1996.0;0;2;13;9;2023;10;1;54;54395;2;1;1;6;48,67560114;6,17644608;4;1;2;0;1;1;1;8;8;30;2;Indemne
202300018731;155 647 368;1;0;1;0;1;5;203 806 748;10;3;4;2;1956.0;0;0;13;9;2023;10;1;54;54395;2;1;1;6;48,67560114;6,17644608;4;1;2;0;1;1;1;8;8;30;2;Blessé léger
202300018743;155 647 341;7;0;2;8;14;1;203 806 713;1;1;1;1;1998.0;0;1;12;3;2023;17;1;971;97101;2;9;1;3;16,25488460; -61,53243899;3;2;1;0;1;1;1;0;1;30;6;Indemne
202300018743;155 647 342;1;14;2;1;16;5;203 806 715;1;1;3;1;2015.0;0;8;12;3;2023;17;1;971;97101;2;9;1;3;16,25488460; -61,53243899;3;2;1;0;1;1;1;0;1;30;6;Blessé hospitalisé
202300018750;155 647 330;10;0;2;7;16;1;203 806 698;1;1;1;1;1980.0;1;1;14;9;2023;19;1;50;50218;2;6;1;3;48,83390000; -1,57080000;4;1;1;0;1;3;1;0;1;50;3;Indemne
202300018750;155 647 332;1;0;2;8;1;5;203 806 700;1;1;3;2;1967.0;5;8;14;9;2023;19;1;50;50218;2;6;1;3;48,83390000; -1,57080000;4;1;1;0;1;3;1;0;1;50;3;Blessé hospitalisé
202300018752;155 647 323;7;0;2;6;16;1;203 806 691;1;1;1;1;1983.0;1;8;14;9;2023;07;1;47;47001;2;3;1;3;44,20034000;0,63187000;4;1;1;0;1;1;1;0;1;50;3;Indemne
202300018752;155 647 323;7;0;2;6;16;1;203 806 691;1;1;1;1;1983.0;1;8;14;9;2023;07;1;47;47001;2;3;1;3;44,20034000;0,63187000;4;1;1;0;1;3;1;0;1;50;3;Indemne
202300018752;155 647 326;1;0;2;1;0;5;203 806 694;1;1;4;1;1996.0;1;8;14;9;2023;07;1;47;47001;2;3;1;3;44,20034000;0,63187000;4;1;1;0;1;1;1;0;1;50;3;Blessé léger
202300018752;155 647 326;1;0;2;1;0;5;203 806 694;1;1;4;1;1996.0;1;8;14;9;2023;07;1;47;47001;2;3;1;3;44,20034000;0,63187000;4;1;1;0;1;3;1;0;1;50;3;Blessé léger
202300018788;155 647 262;7;0;2;7;17;1;203 806 618;1;1;1;1;2004.0;5;1;14;9;2023;19;1;25;25056;2;1;1;3;47,24274000;6,01708000;4;2;2;0;3;1;1;0;1;50;3;Indemne
202300018788;155 647 264;1;0;2;8;2;5;203 806 619;1;1;4;1;1948.0;5;8;14;9;2023;19;1;25;25056;2;1;1;3;47,24274000;6,01708000;4;2;2;0;3;1;1;0;1;50;3;Blessé léger
202300018816;155 647 206;1;0;0;4;2;5;203 806 549;1;1;4;1;1990.0;0;2;13;9;2023;18;1;13;13204;2;1;7;2;43,31655256;5,39711476;7;3;2;0;1;1;1;0;1;50;2;Blessé léger
202300018816;155 647 208;7;0;0;2;2;1;203 806 550;1;1;1;1;1983.0;0;1;13;9;2023;18;1;13;13204;2;1;7;2;43,31655256;5,39711476;7;3;2;0;1;1;1;0;1;50;2;Indemne
202300018826;155 647 188;7;0;2;8;22;1;203 806 524;1;1;1;1;1983.0;1;8;13;3;2023;17;1;01;01053;2;1;6;6;46,19766000;5,21684000;3;2;2;0;1;1;1;0;1;50;0;Indemne
202300018826;155 647 189;1;1;0;1;1;5;203 806 525;1;1;4;1;1988.0;1;8;13;3;2023;17;1;01;01053;2;1;6;6;46,19766000;5,21684000;3;2;2;0;1;1;1;0;1;50;0;Blessé léger
202300018858;155 647 133;7;0;2;3;22;3;203 806 451;2;2;1;2;1994.0;9;1;13;3;2023;08;1;75;75112;2;3;2;3;48,83254800;2,39656600;4;2;2;0;1;1;2;0;1;30;0;Indemne
202300018858;155 647 133;7;0;2;3;22;3;203 806 453;1;1;1;1;1992.0;9;1;13;3;2023;08;1;75;75112;2;3;2;3;48,83254800;2,39656600;4;2;2;0;1;1;2;0;1;30;0;Indemne
202300018858;155 647 136;80;0;2;1;1;3;203 806 456;2;2;4;1;2013.0;9;8;13;3;2023;08;1;75;75112;2;3;2;3;48,83254800;2,39656600;4;2;2;0;1;1;2;0;1;30;0;Blessé léger
202300018858;155 647 136;80;0;2;1;1;3;203 806 458;2;2;4;1;2016.0;9;8;13;3;2023;08;1;75;75112;2;3;2;3;48,83254800;2,39656600;4;2;2;0;1;1;2;0;1;30;0;Blessé léger
202300018858;155 647 136;80;0;2;1;1;3;203 806 459;1;1;4;2;1981.0;9;8;13;3;2023;08;1;75;75112;2;3;2;3;48,83254800;2,39656600;4;2;2;0;1;1;2;0;1;30;0;Blessé léger
202300018864;155 647 124;1;0;9;0;23;5;203 806 440;1;1;4;1;2000.0;4;8;13;3;2023;08;1;94;94043;2;2;2;6;48,80498900;2,34455200;3;1;1;0;1;1;2;5;1;50;0;Blessé léger
202300018864;155 647 124;1;0;9;0;23;5;203 806 440;1;1;4;1;2000.0;4;8;13;3;2023;08;1;94;94043;2;2;2;6;48,80498900;2,34455200;3;3;2;3;2;1;2;5;1;30;0;Blessé léger
202300018874;155 647 104;7;0;2;7;17;1;203 806 414;1;1;1;1;1976.0;1;1;13;3;2023;09;1;93;93070;2;1;2;3;48,90343207;2,33448476;4;1;1;0;1;1;2;0;1;50;0;Indemne
202300018874;155 647 107;1;14;0;8;21;5;203 806 418;1;1;4;1;1965.0;1;8;13;3;2023;09;1;93;93070;2;1;2;3;48,90343207;2,33448476;4;1;1;0;1;1;2;0;1;50;0;Blessé léger
202300018875;155 647 106;1;0;1;2;1;5;203 806 416;1;1;4;2;1985.0;9;2;14;9;2023;14;1;75;75111;2;2;1;6;48,85130700;2,37614100;4;2;3;3;1;1;1;0;1;30;3;Blessé léger
202300018875;155 647 106;1;0;1;2;1;5;203 806 416;1;1;4;2;1985.0;9;2;14;9;2023;14;1;75;75111;2;2;1;6;48,85130700;2,37614100;4;2;3;3;1;1;1;0;1;30;3;Blessé léger
202300018875;155 647 106;1;0;1;2;1;5;203 806 417;10;3;4;2;1990.0;9;0;14;9;2023;14;1;75;75111;2;2;1;6;48,85130700;2,37614100;4;2;3;3;1;1;1;0;1;30;3;Blessé léger
202300018875;155 647 106;1;0;1;2;1;5;203 806 417;10;3;4;2;1990.0;9;0;14;9;2023;14;1;75;75111;2;2;1;6;48,85130700;2,37614100;4;2;3;3;1;1;1;0;1;30;3;Blessé léger
202300018882;155 647 095;1;0;2;2;19;5;203 806 401;1;1;4;1;1990.0;9;8;22;12;2023;01;5;75;75103;2;2;1;3;48,86341700;2,35093100;4;1;4;3;1;1;1;0;1;30;4;Blessé léger
202300018882;155 647 095;1;0;2;2;19;5;203 806 401;1;1;4;1;1990.0;9;8;22;12;2023;01;5;75;75103;2;2;1;3;48,86341700;2,35093100;4;2;2;0;1;1;1;0;1;30;4;Blessé léger
202300018882;155 647 098;31;0;2;3;1;1;203 806 404;1;1;4;1;1999.0;9;2;22;12;2023;01;5;75;75103;2;2;1;3;48,86341700;2,35093100;4;1;4;3;1;1;1;0;1;30;4;Blessé léger
202300018882;155 647 098;31;0;2;3;1;1;203 806 404;1;1;4;1;1999.0;9;2;22;12;2023;01;5;75;75103;2;2;1;3;48,86341700;2,35093100;4;2;2;0;1;1;1;0;1;30;4;Blessé léger
202300018884;155 647 090;7;0;2;1;15;1;203 806 396;1;1;1;2;1983.0;5;1;13;9;2023;20;1;94;94046;2;9;1;1;48,79987096;2,43763051;4;2;2;0;1;1;1;0;1;50;2;Indemne