Num_Acc;id_vehicule;catv;obs;obsm;choc;manv;motor;id_usager;place;catu;grav;sexe;an_nais;trajet;secu1;jour;mois;an;hrmn;lum;dep;com;agg;int;atm;col;lat;long;catr;circ;nbv;vosp;prof;plan;surf;infra;situ;vma;day_of_week;gravity
202300019644;155 645 722;7;1;0;2;1;1;203 804 602;1;1;1;2;1999.0;5;1;20;4;2023;23;3;49;49007;1;1;1;3;47,46475000; -0,57521000;3;3;3;0;1;1;1;2;1;90;3;Indemne
202300019644;155 645 724;1;0;2;0;23;5;203 804 604;1;1;4;1;2000.0;5;8;20;4;2023;23;3;49;49007;1;1;1;3;47,46475000; -0,57521000;3;3;3;0;1;1;1;2;1;90;3;Blessé léger
202300019658;155 645 695;1;0;2;1;1;5;203 804 570;1;1;4;1;1998.0;1;8;20;4;2023;18;1;29;29019;2;1;1;2;48,41326670; -4,46843469;4;2;2;0;2;1;1;0;1;30;3;Blessé léger
202300019658;155 645 696;7;0;2;4;23;1;203 804 571;1;1;1;2;1988.0;9;1;20;4;2023;18;1;29;29019;2;1;1;2;48,41326670; -4,46843469;4;2;2;0;2;1;1;0;1;30;3;Indemne
202300019680;155 645 658;1;6;0;0;21;5;203 804 521;1;1;3;1;1971.0;5;2;15;6;2023;18;1;68;68069;2;4;1;7;47,97435600;7,48976800;3;2;2;0;1;2;1;0;4;50;3;Blessé hospitalisé
202300019683;155 645 655;1;0;2;1;23;5;203 804 517;1;1;3;1;1953.0;5;2;5;7;2023;08;1;55;55366;1;2;7;1;48,81513000;5,10463000;3;2;1;0;1;1;1;9;1;90;2;Blessé hospitalisé
202300019683;155 645 656;7;1;0;2;15;1;203 804 518;1;1;1;1;1983.0;5;1;5;7;2023;08;1;55;55366;1;2;7;1;48,81513000;5,10463000;3;2;1;0;1;1;1;9;1;90;2;Indemne
202300019688;155 645 643;7;7;2;0;1;1;203 804 501;1;1;4;1;1967.0;5;1;4;7;2023;19;1;17;17360;1;1;3;4;46,15376500; -1,29638700;3;2;2;1;1;1;2;0;5;80;1;Blessé léger
202300019688;155 645 645;1;0;2;4;1;5;203 804 503;1;1;3;1;1998.0;5;2;4;7;2023;19;1;17;17360;1;1;3;4;46,15376500; -1,29638700;3;2;2;1;1;1;2;0;5;80;1;Blessé hospitalisé
202300019688;155 645 648;1;0;2;4;1;5;203 804 506;1;1;3;1;1992.0;5;2;4;7;2023;19;1;17;17360;1;1;3;4;46,15376500; -1,29638700;3;2;2;1;1;1;2;0;5;80;1;Blessé hospitalisé
202300019695;155 645 631;7;0;2;1;9;1;203 804 488;1;1;1;1;1934.0;3;1;30;6;2023;15;1;44;44204;2;6;1;3;47,26679001; -1,44122601;7;2;2;0;1;2;1;5;1;50;4;Indemne
202300019695;155 645 632;1;0;2;7;16;5;203 804 490;1;1;3;1;1957.0;5;0;30;6;2023;15;1;44;44204;2;6;1;3;47,26679001; -1,44122601;7;2;2;0;1;2;1;5;1;50;4;Blessé hospitalisé
202300019696;155 645 627;7;0;2;1;1;1;203 804 484;1;1;1;1;1957.0;5;8;22;4;2023;09;1;75;75119;2;3;2;3;48,88581100;2,37064000;4;1;3;1;1;1;2;0;1;30;5;Indemne
202300019696;155 645 627;7;0;2;1;1;1;203 804 484;1;1;1;1;1957.0;5;8;22;4;2023;09;1;75;75119;2;3;2;3;48,88581100;2,37064000;4;2;1;0;1;1;2;0;1;30;5;Indemne
202300019696;155 645 629;1;0;2;7;1;5;203 804 486;1;1;4;1;2001.0;9;8;22;4;2023;09;1;75;75119;2;3;2;3;48,88581100;2,37064000;4;1;3;1;1;1;2;0;1;30;5;Blessé léger
202300019696;155 645 629;1;0;2;7;1;5;203 804 486;1;1;4;1;2001.0;9;8;22;4;2023;09;1;75;75119;2;3;2;3;48,88581100;2,37064000;4;2;1;0;1;1;2;0;1;30;5;Blessé léger
202300019704;155 645 611;1;0;2;8;19;5;203 804 465;1;1;4;2;1999.0;9;8;22;4;2023;14;1;75;75108;2;7;8;3;48,86437363;2,32030928;4;1;5;0;1;1;1;0;1;30;5;Blessé léger
202300019704;155 645 613;7;0;2;1;2;3;203 804 467;1;1;1;1;1972.0;9;1;22;4;2023;14;1;75;75108;2;7;8;3;48,86437363;2,32030928;4;1;5;0;1;1;1;0;1;30;5;Indemne
202300019712;155 645 596;1;0;2;1;1;5;203 804 446;1;1;4;1;1976.0;9;8;21;4;2023;23;5;75;75102;2;1;1;2;48,86386700;2,34901100;4;1;3;0;1;1;1;0;1;30;4;Blessé léger
202300019712;155 645 598;7;0;2;4;23;3;203 804 448;1;1;1;1;1972.0;9;1;21;4;2023;23;5;75;75102;2;1;1;2;48,86386700;2,34901100;4;1;3;0;1;1;1;0;1;30;4;Indemne
202300019720;155 645 584;30;0;2;8;25;1;203 804 425;1;1;1;1;2000.0;0;2;22;4;2023;15;1;93;93048;2;1;1;3;48,86361761;2,45428896;4;1;1;1;1;1;1;0;5;30;5;Indemne
202300019720;155 645 585;1;0;2;7;25;5;203 804 428;1;1;4;1;2000.0;0;8;22;4;2023;15;1;93;93048;2;1;1;3;48,86361761;2,45428896;4;1;1;1;1;1;1;0;5;30;5;Blessé léger
202300019766;155 645 506;1;0;2;1;1;5;203 804 297;1;1;4;1;1994.0;9;8;3;7;2023;08;1;75;75119;2;4;1;3;48,90040200;2,37150600;4;1;0;0;1;3;1;0;1;30;0;Blessé léger
202300019766;155 645 507;10;0;2;2;16;1;203 804 298;1;1;1;1;1981.0;4;1;3;7;2023;08;1;75;75119;2;4;1;3;48,90040200;2,37150600;4;1;0;0;1;3;1;0;1;30;0;Indemne
202300019781;155 645 484;30;0;2;1;1;1;203 804 272;1;1;1;1;2003.0;0;2;3;7;2023;18;1;69;69387;2;2;1;3;45,75105000;4,84819000;4;1;1;2;1;1;1;0;1;50;0;Indemne
202300019781;155 645 484;30;0;2;1;1;1;203 804 272;1;1;1;1;2003.0;0;2;3;7;2023;18;1;69;69387;2;2;1;3;45,75105000;4,84819000;4;1;2;2;1;1;1;0;1;50;0;Indemne
202300019781;155 645 486;1;0;0;1;1;5;203 804 274;1;1;4;1;1996.0;0;2;3;7;2023;18;1;69;69387;2;2;1;3;45,75105000;4,84819000;4;1;1;2;1;1;1;0;1;50;0;Blessé léger
202300019781;155 645 486;1;0;0;1;1;5;203 804 274;1;1;4;1;1996.0;0;2;3;7;2023;18;1;69;69387;2;2;1;3;45,75105000;4,84819000;4;1;2;2;1;1;1;0;1;50;0;Blessé léger
202300019785;155 645 475;7;0;0;0;22;1;203 804 259;1;1;1;1;1960.0;0;1;4;8;2023;18;1;56;56121;2;1;1;7;47,73178650; -3,36347580;4;2;2;2;1;1;1;0;5;50;4;Indemne
202300019785;155 645 476;80;0;0;0;21;3;203 804 261;1;1;4;2;1990.0;5;2;4;8;2023;18;1;56;56121;2;1;1;7;47,73178650; -3,36347580;4;2;2;2;1;1;1;0;5;50;4;Blessé léger
202300019785;155 645 476;80;0;0;0;21;3;203 804 263;2;2;4;2;2018.0;5;3;4;8;2023;18;1;56;56121;2;1;1;7;47,73178650; -3,36347580;4;2;2;2;1;1;1;0;5;50;4;Blessé léger
202300019793;155 645 461;7;0;2;3;1;1;203 804 241;1;1;1;2;1975.0;1;1;3;7;2023;13;1;91;91216;2;1;1;3;48,66866000;2,33816000;3;3;0;0;1;1;1;0;1;50;0;Indemne
202300019793;155 645 463;1;0;2;7;19;5;203 804 244;1;1;3;1;1964.0;5;2;3;7;2023;13;1;91;91216;2;1;1;3;48,66866000;2,33816000;3;3;0;0;1;1;1;0;1;50;0;Blessé hospitalisé
202300019802;155 645 445;1;0;1;1;1;5;203 804 222;1;1;1;2;1999.0;0;8;7;8;2023;16;1;41;41018;2;1;1;6;47,58693000;1,33130000;4;2;2;0;1;1;1;6;1;30;0;Indemne
202300019802;155 645 445;1;0;1;1;1;5;203 804 223;10;3;4;2;1954.0;0;0;7;8;2023;16;1;41;41018;2;1;1;6;47,58693000;1,33130000;4;2;2;0;1;1;1;6;1;30;0;Blessé léger
202300019808;155 645 435;7;0;2;1;16;1;203 804 210;1;1;1;1;1970.0;3;1;7;8;2023;17;1;35;35238;2;3;1;3;48,11024000; -1,68552000;4;2;4;2;1;1;1;0;1;50;0;Indemne
202300019808;155 645 435;7;0;2;1;16;1;203 804 210;1;1;1;1;1970.0;3;1;7;8;2023;17;1;35;35238;2;3;1;3;48,11024000; -1,68552000;4;1;1;2;1;3;1;0;1;30;0;Indemne
202300019808;155 645 437;1;0;2;1;2;5;203 804 212;1;1;4;1;2001.0;3;8;7;8;2023;17;1;35;35238;2;3;1;3;48,11024000; -1,68552000;4;2;4;2;1;1;1;0;1;50;0;Blessé léger
202300019808;155 645 437;1;0;2;1;2;5;203 804 212;1;1;4;1;2001.0;3;8;7;8;2023;17;1;35;35238;2;3;1;3;48,11024000; -1,68552000;4;1;1;2;1;3;1;0;1;30;0;Blessé léger
202300019812;155 645 426;7;0;2;1;23;1;203 804 199;1;1;1;2;2000.0;1;1;8;8;2023;07;2;31;31555;2;1;1;6;43,56599200;1,43986200;4;2;3;0;1;1;1;0;1;50;1;Indemne
202300019812;155 645 427;7;0;2;1;15;1;203 804 200;1;1;1;2;1963.0;1;1;8;8;2023;07;2;31;31555;2;1;1;6;43,56599200;1,43986200;4;2;3;0;1;1;1;0;1;50;1;Indemne
202300019812;155 645 429;1;0;2;1;1;5;203 804 202;1;1;3;1;1990.0;1;2;8;8;2023;07;2;31;31555;2;1;1;6;43,56599200;1,43986200;4;2;3;0;1;1;1;0;1;50;1;Blessé hospitalisé
202300019823;155 645 407;7;0;2;3;13;1;203 804 174;1;1;1;2;2005.0;4;1;7;8;2023;09;1;10;10297;2;1;1;3;48,31543000;4,09791000;3;2;2;1;2;1;1;0;1;50;0;Indemne
202300019823;155 645 409;1;0;2;1;1;5;203 804 176;1;1;4;2;1994.0;0;0;7;8;2023;09;1;10;10297;2;1;1;3;48,31543000;4,09791000;3;2;2;1;2;1;1;0;1;50;0;Blessé léger
202300019836;155 645 384;1;0;2;1;13;5;203 804 146;1;1;4;2;2000.0;5;8;8;8;2023;18;1;75;75105;2;1;1;1;48,84787600;2,35945400;4;2;2;1;1;1;1;0;5;30;1;Blessé léger
202300019836;155 645 386;80;0;2;1;1;3;203 804 148;1;1;4;2;1995.0;5;8;8;8;2023;18;1;75;75105;2;1;1;1;48,84787600;2,35945400;4;2;2;1;1;1;1;0;5;30;1;Blessé léger
202300019838;155 645 381;10;0;2;8;22;1;203 804 142;1;1;1;1;1989.0;4;1;8;8;2023;11;1;75;75120;2;1;1;3;48,86046000;2,40061000;4;3;2;0;2;1;1;0;1;30;1;Indemne
202300019838;155 645 382;1;0;2;1;1;5;203 804 143;1;1;4;2;1985.0;9;2;8;8;2023;11;1;75;75120;2;1;1;3;48,86046000;2,40061000;4;3;2;0;2;1;1;0;1;30;1;Blessé léger
202300019852;155 645 355;1;0;2;1;1;5;203 804 112;1;1;4;1;1989.0;1;8;8;8;2023;17;1;75;75101;2;3;1;3;48,85529900;2,34587700;4;2;2;3;1;1;1;8;5;30;1;Blessé léger
202300019852;155 645 355;1;0;2;1;1;5;203 804 112;1;1;4;1;1989.0;1;8;8;8;2023;17;1;75;75101;2;3;1;3;48,85529900;2,34587700;4;1;1;3;1;1;1;8;5;30;1;Blessé léger
202300019852;155 645 356;10;0;2;3;9;1;203 804 113;1;1;1;1;2001.0;4;8;8;8;2023;17;1;75;75101;2;3;1;3;48,85529900;2,34587700;4;2;2;3;1;1;1;8;5;30;1;Indemne
202300019852;155 645 356;10;0;2;3;9;1;203 804 113;1;1;1;1;2001.0;4;8;8;8;2023;17;1;75;75101;2;3;1;3;48,85529900;2,34587700;4;1;1;3;1;1;1;8;5;30;1;Indemne
202300019855;155 645 348;10;0;2;3;1;1;203 804 105;1;1;1;1;1966.0;4;1;3;7;2023;11;1;35;35238;2;2;1;3;48,11419000; -1,69424000;4;2;2;0;2;1;1;0;1;30;0;Indemne
202300019855;155 645 348;10;0;2;3;1;1;203 804 105;1;1;1;1;1966.0;4;1;3;7;2023;11;1;35;35238;2;2;1;3;48,11419000; -1,69424000;4;2;2;0;2;3;1;0;1;30;0;Indemne
202300019855;155 645 350;1;0;2;1;1;5;203 804 107;1;1;4;1;1992.0;0;8;3;7;2023;11;1;35;35238;2;2;1;3;48,11419000; -1,69424000;4;2;2;0;2;1;1;0;1;30;0;Blessé léger
202300019855;155 645 350;1;0;2;1;1;5;203 804 107;1;1;4;1;1992.0;0;8;3;7;2023;11;1;35;35238;2;2;1;3;48,11419000; -1,69424000;4;2;2;0;2;3;1;0;1;30;0;Blessé léger
202300019858;155 645 344;7;0;2;1;21;1;203 804 100;2;2;1;1;2004.0;0;1;2;7;2023;18;1;34;34172;2;2;1;3;43,63742000;3,82234000;4;1;2;0;1;1;1;5;1;50;6;Indemne
202300019858;155 645 344;7;0;2;1;21;1;203 804 101;1;1;4;1;2002.0;5;1;2;7;2023;18;1;34;34172;2;2;1;3;43,63742000;3,82234000;4;1;2;0;1;1;1;5;1;50;6;Blessé léger
202300019858;155 645 345;1;0;2;7;1;5;203 804 102;1;1;3;2;1982.0;0;2;2;7;2023;18;1;34;34172;2;2;1;3;43,63742000;3,82234000;4;1;2;0;1;1;1;5;1;50;6;Blessé hospitalisé
202300019864;155 645 334;7;0;2;3;21;1;203 804 087;1;1;1;1;1993.0;5;1;8;8;2023;17;1;94;94002;2;1;1;1;48,81221000;2,41272000;4;1;1;1;1;1;1;0;1;50;1;Indemne
202300019864;155 645 335;1;0;2;1;1;5;203 804 088;1;1;4;1;1968.0;5;2;8;8;2023;17;1;94;94002;2;1;1;1;48,81221000;2,41272000;4;1;1;1;1;1;1;0;1;50;1;Blessé léger
202300019891;155 645 281;10;0;2;8;22;1;203 804 019;2;2;1;1;2000.0;4;8;30;5;2023;17;1;75;75107;2;2;1;3;48,86097300;2,30119500;4;1;5;0;1;1;1;0;1;30;1;Indemne
202300019891;155 645 281;10;0;2;8;22;1;203 804 019;2;2;1;1;2000.0;4;8;30;5;2023;17;1;75;75107;2;2;1;3;48,86097300;2,30119500;4;1;1;0;1;1;1;0;1;30;1;Indemne
202300019891;155 645 281;10;0;2;8;22;1;203 804 021;1;1;4;1;1994.0;4;8;30;5;2023;17;1;75;75107;2;2;1;3;48,86097300;2,30119500;4;1;5;0;1;1;1;0;1;30;1;Blessé léger
202300019891;155 645 281;10;0;2;8;22;1;203 804 021;1;1;4;1;1994.0;4;8;30;5;2023;17;1;75;75107;2;2;1;3;48,86097300;2,30119500;4;1;1;0;1;1;1;0;1;30;1;Blessé léger
202300019891;155 645 282;80;1;0;1;1;3;203 804 022;1;1;4;1;1992.0;9;8;30;5;2023;17;1;75;75107;2;2;1;3;48,86097300;2,30119500;4;1;5;0;1;1;1;0;1;30;1;Blessé léger
202300019891;155 645 282;80;1;0;1;1;3;203 804 022;1;1;4;1;1992.0;9;8;30;5;2023;17;1;75;75107;2;2;1;3;48,86097300;2,30119500;4;1;1;0;1;1;1;0;1;30;1;Blessé léger
202300019894;155 645 276;1;0;1;1;5;5;203 804 013;1;1;1;1;2011.0;5;8;3;7;2023;11;1;75;75114;2;3;1;6;48,83263600;2,31567400;4;1;1;0;1;1;1;0;1;30;0;Indemne
202300019894;155 645 276;1;0;1;1;5;5;203 804 015;10;3;4;2;1945.0;5;0;3;7;2023;11;1;75;75114;2;3;1;6;48,83263600;2,31567400;4;1;1;0;1;1;1;0;1;30;0;Blessé léger
202300019897;155 645 272;14;0;0;0;23;6;203 804 008;1;1;1;1;1963.0;4;1;3;7;2023;08;1;75;75114;2;3;1;6;48,82045700;2,34282700;4;2;2;3;2;1;1;0;1;30;0;Indemne
202300019897;155 645 273;1;0;0;0;17;5;203 804 011;1;1;4;1;1980.0;9;8;3;7;2023;08;1;75;75114;2;3;1;6;48,82045700;2,34282700;4;2;2;3;2;1;1;0;1;30;0;Blessé léger
202300019904;155 645 262;80;0;2;1;1;3;203 803 998;1;1;3;1;1995.0;9;8;30;5;2023;10;1;75;75119;2;3;1;3;48,88324600;2,38110800;4;2;2;1;2;1;1;0;5;30;1;Blessé hospitalisé
202300019904;155 645 263;10;0;2;5;14;1;203 803 999;1;1;1;1;1968.0;9;1;30;5;2023;10;1;75;75119;2;3;1;3;48,88324600;2,38110800;4;2;2;1;2;1;1;0;5;30;1;Indemne
202300019913;155 645 241;10;0;9;2;22;1;203 803 970;2;2;1;1;2000.0;0;0;4;7;2023;18;1;68;68145;2;1;1;6;48,08023700;7,40129800;3;2;2;2;1;2;1;0;5;50;1;Indemne
202300019913;155 645 241;10;0;9;2;22;1;203 803 972;1;1;1;1;1979.0;0;0;4;7;2023;18;1;68;68145;2;1;1;6;48,08023700;7,40129800;3;2;2;2;1;2;1;0;5;50;1;Indemne
202300019913;155 645 245;1;0;2;1;26;5;203 803 976;1;1;4;1;1949.0;5;2;4;7;2023;18;1;68;68145;2;1;1;6;48,08023700;7,40129800;3;2;2;2;1;2;1;0;5;50;1;Blessé léger
202300019921;155 645 231;1;0;2;6;1;5;203 803 960;1;1;4;1;1972.0;4;2;30;5;2023;08;1;75;75108;2;2;1;3;48,88164000;2,31883300;4;2;2;0;1;1;1;0;1;30;1;Blessé léger
202300019921;155 645 235;7;0;2;1;15;1;203 803 961;1;1;1;1;1957.0;5;1;30;5;2023;08;1;75;75108;2;2;1;3;48,88164000;2,31883300;4;2;2;0;1;1;1;0;1;30;1;Indemne
202300019922;155 645 228;1;0;0;1;1;5;203 803 955;1;1;4;1;1991.0;5;2;3;7;2023;08;1;92;92014;2;1;1;7;48,78190000;2,31639000;3;1;2;2;1;1;1;0;5;50;0;Blessé léger
202300019937;155 645 207;1;0;1;3;1;5;203 803 925;1;1;4;2;1996.0;9;8;30;5;2023;09;1;75;75114;2;3;1;6;48,82351200;2,33569600;4;1;3;1;2;1;1;0;5;30;1;Blessé léger
202300019937;155 645 207;1;0;1;3;1;5;203 803 928;10;3;4;2;1959.0;5;0;30;5;2023;09;1;75;75114;2;3;1;6;48,82351200;2,33569600;4;1;3;1;2;1;1;0;5;30;1;Blessé léger
202300019939;155 645 203;1;0;1;1;7;5;203 803 920;1;1;4;1;1995.0;5;8;29;5;2023;17;1;75;75114;2;4;1;6;48,82879100;2,32775300;4;2;6;0;1;1;1;0;6;50;0;Blessé léger
202300019939;155 645 203;1;0;1;1;7;5;203 803 920;1;1;4;1;1995.0;5;8;29;5;2023;17;1;75;75114;2;4;1;6;48,82879100;2,32775300;4;1;1;1;1;1;1;0;6;50;0;Blessé léger
202300019939;155 645 203;1;0;1;1;7;5;203 803 922;10;3;4;2;1950.0;5;0;29;5;2023;17;1;75;75114;2;4;1;6;48,82879100;2,32775300;4;2;6;0;1;1;1;0;6;50;0;Blessé léger
202300019939;155 645 203;1;0;1;1;7;5;203 803 922;10;3;4;2;1950.0;5;0;29;5;2023;17;1;75;75114;2;4;1;6;48,82879100;2,32775300;4;1;1;1;1;1;1;0;6;50;0;Blessé léger
202300019942;155 645 198;1;0;2;1;1;5;203 803 915;1;1;1;1;2008.0;5;8;30;5;2023;19;1;75;75111;2;3;1;3;48,86418600;2,38023700;4;2;2;1;1;1;1;0;5;30;1;Indemne
202300019942;155 645 201;1;0;0;0;18;5;203 803 918;1;1;4;1;1982.0;9;8;30;5;2023;19;1;75;75111;2;3;1;3;48,86418600;2,38023700;4;2;2;1;1;1;1;0;5;30;1;Blessé léger
202300019945;155 645 194;1;0;0;1;21;5;203 803 911;1;1;4;1;2004.0;1;8;30;5;2023;10;1;75;75110;2;2;1;7;48,86985800;2,36072900;4;2;2;1;1;1;1;0;5;30;1;Blessé léger
202300019948;155 645 189;1;8;0;1;21;5;203 803 905;1;1;4;1;1973.0;1;8;17;11;2023;09;1;75;75115;2;2;2;6;48,84500301;2,31069088;4;1;1;1;1;1;2;0;1;50;4;Blessé léger
202300019953;155 645 180;7;0;2;3;15;1;203 803 893;1;1;1;2;2002.0;1;1;16;11;2023;11;1;75;75115;2;3;3;3;48,83875100;2,29925200;4;2;4;1;1;1;2;0;1;30;3;Indemne
202300019953;155 645 180;7;0;2;3;15;1;203 803 893;1;1;1;2;2002.0;1;1;16;11;2023;11;1;75;75115;2;3;3;3;48,83875100;2,29925200;4;2;2;0;1;1;2;0;1;30;3;Indemne
202300019953;155 645 182;1;0;2;7;1;5;203 803 896;1;1;4;1;1984.0;1;8;16;11;2023;11;1;75;75115;2;3;3;3;48,83875100;2,29925200;4;2;4;1;1;1;2;0;1;30;3;Blessé léger
202300019953;155 645 182;1;0;2;7;1;5;203 803 896;1;1;4;1;1984.0;1;8;16;11;2023;11;1;75;75115;2;3;3;3;48,83875100;2,29925200;4;2;2;0;1;1;2;0;1;30;3;Blessé léger
202300019959;155 645 170;7;0;2;1;1;2;203 803 878;1;1;1;1;2002.0;5;1;17;11;2023;01;5;75;75107;2;2;2;3;48,86241200;2,30160100;4;3;7;3;1;1;2;0;1;30;4;Indemne
202300019959;155 645 170;7;0;2;1;1;2;203 803 878;1;1;1;1;2002.0;5;1;17;11;2023;01;5;75;75107;2;2;2;3;48,86241200;2,30160100;4;3;5;1;1;1;2;0;1;30;4;Indemne
202300019959;155 645 172;1;0;2;7;1;5;203 803 880;1;1;4;1;1972.0;9;2;17;11;2023;01;5;75;75107;2;2;2;3;48,86241200;2,30160100;4;3;7;3;1;1;2;0;1;30;4;Blessé léger
202300019959;155 645 172;1;0;2;7;1;5;203 803 880;1;1;4;1;1972.0;9;2;17;11;2023;01;5;75;75107;2;2;2;3;48,86241200;2,30160100;4;3;5;1;1;1;2;0;1;30;4;Blessé léger
202300019966;155 645 156;7;0;2;2;22;3;203 803 859;1;1;1;1;1964.0;1;1;17;11;2023;18;3;75;75111;2;1;8;3;48,86654200;2,37303000;4;1;1;0;1;1;2;0;1;30;4;Indemne
202300019966;155 645 159;1;0;2;2;1;5;203 803 863;1;1;4;1;1998.0;9;8;17;11;2023;18;3;75;75111;2;1;8;3;48,86654200;2,37303000;4;1;1;0;1;1;2;0;1;30;4;Blessé léger
202300019973;155 645 145;1;0;1;1;1;5;203 803 843;10;3;4;2;1966.0;5;0;17;11;2023;18;5;75;75108;2;5;1;6;48,87965000;2,32702100;4;1;1;0;2;1;1;9;1;30;4;Blessé léger
202300019973;155 645 145;1;0;1;1;1;5;203 803 845;1;1;4;1;1965.0;9;8;17;11;2023;18;5;75;75108;2;5;1;6;48,87965000;2,32702100;4;1;1;0;2;1;1;9;1;30;4;Blessé léger
202300019983;155 645 127;7;0;2;2;17;1;203 803 818;1;1;1;1;2001.0;3;1;9;8;2023;14;1;15;15028;1;1;1;3;44,89589000;2,55131700;3;2;2;0;1;1;1;0;1;90;2;Indemne
202300019983;155 645 129;1;0;2;8;1;5;203 803 820;1;1;4;1;1947.0;5;2;9;8;2023;14;1;15;15028;1;1;1;3;44,89589000;2,55131700;3;2;2;0;1;1;1;0;1;90;2;Blessé léger
202300019995;155 645 102;7;0;2;3;17;1;203 803 785;1;1;1;1;2006.0;5;1;26;5;2023;20;1;92;92036;2;2;1;1;48,92193546;2,29985207;4;2;2;0;1;1;1;0;1;50;4;Indemne
202300019995;155 645 104;1;0;2;1;1;5;203 803 787;1;1;4;1;1990.0;0;2;26;5;2023;20;1;92;92036;2;2;1;1;48,92193546;2,29985207;4;2;2;0;1;1;1;0;1;50;4;Blessé léger
202300020001;155 645 093;1;0;2;1;19;5;203 803 774;1;1;4;2;1980.0;1;8;17;11;2023;10;1;94;94076;2;9;2;3;48,80110000;2,36521000;3;1;5;1;2;3;2;0;1;50;4;Blessé léger
202300020001;155 645 093;1;0;2;1;19;5;203 803 774;1;1;4;2;1980.0;1;8;17;11;2023;10;1;94;94076;2;9;2;3;48,80110000;2,36521000;3;1;5;0;2;3;2;0;1;50;4;Blessé léger
202300020001;155 645 096;10;0;2;7;16;1;203 803 777;1;1;1;1;1973.0;4;1;17;11;2023;10;1;94;94076;2;9;2;3;48,80110000;2,36521000;3;1;5;1;2;3;2;0;1;50;4;Indemne
202300020001;155 645 096;10;0;2;7;16;1;203 803 777;1;1;1;1;1973.0;4;1;17;11;2023;10;1;94;94076;2;9;2;3;48,80110000;2,36521000;3;1;5;0;2;3;2;0;1;50;4;Indemne
202300020003;155 645 090;1;0;2;3;9;5;203 803 769;1;1;3;2;1943.0;5;2;28;7;2023;11;1;40;40273;2;1;1;3;43,49789300; -1,38131800;3;2;2;2;1;1;1;0;1;50;4;Blessé hospitalisé
202300020003;155 645 091;7;0;2;2;1;1;203 803 770;1;1;1;1;1959.0;5;1;28;7;2023;11;1;40;40273;2;1;1;3;43,49789300; -1,38131800;3;2;2;2;1;1;1;0;1;50;4;Indemne
202300020014;155 645 075;33;0;2;1;3;1;203 803 748;1;1;4;1;1974.0;1;2;30;5;2023;08;1;92;92012;2;1;1;2;48,82618000;2,25122000;3;3;4;1;1;2;1;0;1;50;1;Blessé léger
202300020014;155 645 076;1;0;2;4;12;5;203 803 750;1;1;4;2;1984.0;1;2;30;5;2023;08;1;92;92012;2;1;1;2;48,82618000;2,25122000;3;3;4;1;1;2;1;0;1;50;1;Blessé léger
202300020024;155 645 055;1;0;2;1;1;5;203 803 722;1;1;4;1;1957.0;5;2;31;5;2023;14;1;60;60406;2;3;1;3;49,31602700;2,54759400;3;2;2;0;1;1;1;9;1;30;2;Blessé léger
202300020024;155 645 058;7;0;9;1;9;1;203 803 724;1;1;1;1;1995.0;0;1;31;5;2023;14;1;60;60406;2;3;1;3;49,31602700;2,54759400;3;2;2;0;1;1;1;9;1;30;2;Indemne
202300020033;155 645 035;1;0;0;4;11;5;203 803 699;1;1;4;1;1966.0;5;2;8;8;2023;18;1;95;95351;1;6;1;2;49,02880800;2,50003300;3;3;4;0;1;2;1;0;1;50;1;Blessé léger
202300020033;155 645 037;7;0;2;2;9;1;203 803 701;1;1;1;1;1971.0;5;1;8;8;2023;18;1;95;95351;1;6;1;2;49,02880800;2,50003300;3;3;4;0;1;2;1;0;1;50;1;Indemne
202300020053;155 644 998;15;0;2;2;2;0;203 803 653;1;1;1;1;1971.0;4;1;8;8;2023;17;1;40;40244;1;1;1;6;43,69621800; -1,15802500;3;2;2;0;1;2;1;0;1;80;1;Indemne
202300020053;155 645 000;1;0;2;3;2;5;203 803 655;1;1;3;1;1956.0;5;0;8;8;2023;17;1;40;40244;1;1;1;6;43,69621800; -1,15802500;3;2;2;0;1;2;1;0;1;80;1;Blessé hospitalisé
202300020063;155 644 980;1;0;2;8;16;5;203 803 628;1;1;4;2;1972.0;1;2;17;11;2023;08;1;92;92063;2;6;1;1;48,86204653;2,19621509;4;2;2;0;1;2;1;0;1;50;4;Blessé léger
202300020063;155 644 980;1;0;2;8;16;5;203 803 628;1;1;4;2;1972.0;1;2;17;11;2023;08;1;92;92063;2;6;1;1;48,86204653;2,19621509;4;2;2;0;1;1;1;0;1;50;4;Blessé léger
202300020063;155 644 981;7;0;0;0;0;3;203 803 629;1;1;1;1;1977.0;2;1;17;11;2023;08;1;92;92063;2;6;1;1;48,86204653;2,19621509;4;2;2;0;1;2;1;0;1;50;4;Indemne
202300020063;155 644 981;7;0;0;0;0;3;203 803 629;1;1;1;1;1977.0;2;1;17;11;2023;08;1;92;92063;2;6;1;1;48,86204653;2,19621509;4;2;2;0;1;1;1;0;1;50;4;Indemne
202300020105;155 644 899;7;0;9;1;1;1;203 803 498;7;2;1;1;2008.0;5;1;18;11;2023;11;1;21;21339;1;1;1;1;47,33783560;4,85839021;3;2;2;0;2;2;2;0;1;80;5;Indemne
202300020105;155 644 899;7;0;9;1;1;1;203 803 499;2;2;4;1;2008.0;5;1;18;11;2023;11;1;21;21339;1;1;1;1;47,33783560;4,85839021;3;2;2;0;2;2;2;0;1;80;5;Blessé léger