Num_Acc;id_vehicule;catv;obs;obsm;choc;manv;motor;id_usager;place;catu;grav;sexe;an_nais;trajet;secu1;jour;mois;an;hrmn;lum;dep;com;agg;int;atm;col;lat;long;catr;circ;nbv;vosp;prof;plan;surf;infra;situ;vma;day_of_week;gravity
202300020105;155 644 899;7;0;9;1;1;1;203 803 501;9;2;1;2;2005.0;5;1;18;11;2023;11;1;21;21339;1;1;1;1;47,33783560;4,85839021;3;2;2;0;2;2;2;0;1;80;5;Indemne
202300020105;155 644 899;7;0;9;1;1;1;203 803 503;1;1;1;1;2004.0;5;1;18;11;2023;11;1;21;21339;1;1;1;1;47,33783560;4,85839021;3;2;2;0;2;2;2;0;1;80;5;Indemne
202300020105;155 644 902;1;0;2;1;1;5;203 803 508;1;1;3;1;1974.0;5;2;18;11;2023;11;1;21;21339;1;1;1;1;47,33783560;4,85839021;3;2;2;0;2;2;2;0;1;80;5;Blessé hospitalisé
202300020160;155 644 806;1;0;2;8;15;5;203 803 364;1;1;4;1;1970.0;9;0;17;11;2023;18;5;64;64386;2;2;1;3;43,18927100; -0,25037900;3;2;2;0;1;1;1;0;1;50;4;Blessé léger
202300020160;155 644 809;7;0;0;2;17;0;203 803 367;1;1;1;1;1969.0;0;1;17;11;2023;18;5;64;64386;2;2;1;3;43,18927100; -0,25037900;3;2;2;0;1;1;1;0;1;50;4;Indemne
202300020177;155 644 776;10;0;2;2;1;1;203 803 324;1;1;1;1;1968.0;1;1;7;8;2023;07;1;37;37261;2;9;1;3;47,39313000;0,67366000;4;1;1;0;1;1;1;0;1;50;0;Indemne
202300020177;155 644 778;1;0;2;6;2;5;203 803 326;1;1;4;2;1966.0;1;8;7;8;2023;07;1;37;37261;2;9;1;3;47,39313000;0,67366000;4;1;1;0;1;1;1;0;1;50;0;Blessé léger
202300020196;155 644 742;31;0;2;3;20;1;203 803 287;1;1;1;1;1980.0;4;2;7;8;2023;08;1;75;75120;2;2;1;3;48,85436500;2,39618300;4;1;1;2;2;1;1;0;1;30;0;Indemne
202300020196;155 644 744;1;0;2;1;1;5;203 803 289;1;1;4;1;1989.0;9;8;7;8;2023;08;1;75;75120;2;2;1;3;48,85436500;2,39618300;4;1;1;2;2;1;1;0;1;30;0;Blessé léger
202300020217;155 644 705;37;0;2;2;13;1;203 803 232;1;1;1;1;1991.0;4;1;7;8;2023;18;1;75;75107;2;3;1;1;48,85238800;2,32646600;4;1;3;3;1;1;1;0;6;30;0;Indemne
202300020217;155 644 708;1;0;2;3;13;5;203 803 235;1;1;4;1;1983.0;5;8;7;8;2023;18;1;75;75107;2;3;1;1;48,85238800;2,32646600;4;1;3;3;1;1;1;0;6;30;0;Blessé léger
202300020224;155 644 692;1;0;2;7;1;5;203 803 215;1;1;4;1;1991.0;0;2;18;11;2023;16;1;63;63284;2;6;1;3;45,81208100;3,24002300;3;1;1;0;1;2;1;0;1;90;5;Blessé léger
202300020224;155 644 696;7;0;9;1;9;0;203 803 218;1;1;1;1;2002.0;0;1;18;11;2023;16;1;63;63284;2;6;1;3;45,81208100;3,24002300;3;1;1;0;1;2;1;0;1;90;5;Indemne
202300020271;155 644 597;7;0;9;8;9;0;203 803 088;1;1;1;2;1957.0;5;1;8;8;2023;07;2;06;06118;1;6;1;3;43,65026800;6,81597600;3;2;2;0;1;1;1;0;1;70;1;Indemne
202300020271;155 644 600;1;0;2;7;1;5;203 803 091;1;1;3;1;1963.0;5;2;8;8;2023;07;2;06;06118;1;6;1;3;43,65026800;6,81597600;3;2;2;0;1;1;1;0;1;70;1;Blessé hospitalisé
202300020352;155 644 455;1;1;0;1;1;5;203 802 879;1;1;4;1;1998.0;5;2;29;5;2023;20;1;75;75113;2;1;1;6;48,81923300;2,35821500;4;2;8;1;2;1;1;0;5;50;0;Blessé léger
202300020352;155 644 457;7;0;2;8;22;1;203 802 881;1;1;1;1;1962.0;5;8;29;5;2023;20;1;75;75113;2;1;1;6;48,81923300;2,35821500;4;2;8;1;2;1;1;0;5;50;0;Indemne
202300020355;155 644 450;1;0;2;1;1;5;203 802 873;1;1;4;1;1969.0;5;8;29;5;2023;16;1;75;75112;2;1;1;3;48,83382000;2,41582000;4;2;2;0;1;1;1;0;1;30;0;Blessé léger
202300020355;155 644 451;7;0;2;3;13;1;203 802 875;1;1;1;1;1992.0;5;1;29;5;2023;16;1;75;75112;2;1;1;3;48,83382000;2,41582000;4;2;2;0;1;1;1;0;1;30;0;Indemne
202300020358;155 644 446;1;0;2;2;1;5;203 802 864;1;1;4;1;1975.0;5;2;29;5;2023;11;1;75;75110;2;2;1;1;48,87791600;2,35162400;4;3;3;0;1;1;1;0;5;50;0;Blessé léger
202300020358;155 644 446;1;0;2;2;1;5;203 802 864;1;1;4;1;1975.0;5;2;29;5;2023;11;1;75;75110;2;2;1;1;48,87791600;2,35162400;4;2;0;1;1;1;1;0;5;30;0;Blessé léger
202300020358;155 644 447;7;0;2;1;1;1;203 802 866;1;1;1;1;1985.0;4;1;29;5;2023;11;1;75;75110;2;2;1;1;48,87791600;2,35162400;4;3;3;0;1;1;1;0;5;50;0;Indemne
202300020358;155 644 447;7;0;2;1;1;1;203 802 866;1;1;1;1;1985.0;4;1;29;5;2023;11;1;75;75110;2;2;1;1;48,87791600;2,35162400;4;2;0;1;1;1;1;0;5;30;0;Indemne
202300020390;155 644 391;7;0;2;2;2;0;203 802 782;1;1;1;2;1989.0;1;1;30;5;2023;08;1;76;76342;1;1;1;3;49,65686700;0,54519900;4;2;2;0;2;1;1;0;1;80;1;Indemne
202300020390;155 644 392;1;0;2;8;26;5;203 802 783;1;1;3;1;2013.0;2;2;30;5;2023;08;1;76;76342;1;1;1;3;49,65686700;0,54519900;4;2;2;0;2;1;1;0;1;80;1;Blessé hospitalisé
202300020415;155 644 354;1;2;0;0;1;5;203 802 727;1;1;3;1;1958.0;5;0;30;5;2023;15;1;23;23193;1;1;1;7;46,13953000;1,90694300;4;2;2;0;2;1;1;0;1;90;1;Blessé hospitalisé
202300020422;155 644 339;80;0;2;1;19;3;203 802 704;1;1;4;2;2001.0;0;8;16;11;2023;17;5;67;67482;2;3;3;3;48,57502000;7,73378000;4;2;6;1;2;2;2;5;1;50;3;Blessé léger
202300020422;155 644 339;80;0;2;1;19;3;203 802 704;1;1;4;2;2001.0;0;8;16;11;2023;17;5;67;67482;2;3;3;3;48,57502000;7,73378000;4;1;3;1;1;1;2;8;1;50;3;Blessé léger
202300020422;155 644 340;7;0;2;3;16;3;203 802 706;1;1;1;2;1972.0;0;1;16;11;2023;17;5;67;67482;2;3;3;3;48,57502000;7,73378000;4;2;6;1;2;2;2;5;1;50;3;Indemne
202300020422;155 644 340;7;0;2;3;16;3;203 802 706;1;1;1;2;1972.0;0;1;16;11;2023;17;5;67;67482;2;3;3;3;48,57502000;7,73378000;4;1;3;1;1;1;2;8;1;50;3;Indemne
202300020424;155 644 333;1;0;2;4;2;5;203 802 696;1;1;3;1;1949.0;5;0;30;5;2023;07;1;84;84134;1;1;1;2;44,18120700;4,88716300;3;2;2;0;1;2;1;0;1;80;1;Blessé hospitalisé
202300020424;155 644 334;10;0;2;2;2;1;203 802 697;1;1;1;1;1974.0;4;1;30;5;2023;07;1;84;84134;1;1;1;2;44,18120700;4,88716300;3;2;2;0;1;2;1;0;1;80;1;Indemne
202300020442;155 644 306;80;0;0;1;1;3;203 802 660;1;1;2;2;1960.0;5;0;27;5;2023;10;1;65;65343;1;1;1;7;43,06844900; -0,06875000;3;2;2;0;2;1;1;0;1;80;5;Tué
202300020463;155 644 267;7;0;2;2;1;1;203 802 609;1;1;1;2;1942.0;5;1;15;11;2023;10;1;49;49007;2;1;1;2;47,48194000; -0,57722000;4;3;2;0;1;1;1;0;1;50;2;Indemne
202300020463;155 644 269;1;0;2;4;15;5;203 802 611;1;1;3;1;1940.0;5;8;15;11;2023;10;1;49;49007;2;1;1;2;47,48194000; -0,57722000;4;3;2;0;1;1;1;0;1;50;2;Blessé hospitalisé
202300020476;155 644 245;1;0;0;0;23;5;203 802 580;1;1;4;2;1971.0;4;2;16;11;2023;12;1;43;43157;2;9;2;7;45,03472000;3,88724000;4;3;3;0;2;1;2;0;1;50;3;Blessé léger
202300020478;155 644 242;7;0;2;2;0;2;203 802 575;1;1;1;2;1942.0;0;1;9;9;2023;18;1;73;73065;2;9;1;3;45,59942900;5,92071000;4;2;2;0;2;4;1;0;1;30;5;Indemne
202300020478;155 644 244;1;0;2;0;0;5;203 802 577;1;1;3;2;1990.0;0;2;9;9;2023;18;1;73;73065;2;9;1;3;45,59942900;5,92071000;4;2;2;0;2;4;1;0;1;30;5;Blessé hospitalisé
202300020492;155 644 216;7;0;9;3;18;1;203 802 539;1;1;1;1;1965.0;1;1;13;9;2023;16;1;64;64445;2;6;1;3;43,31875000; -0,30739000;3;1;2;0;1;2;1;0;1;50;2;Indemne
202300020492;155 644 216;7;0;9;3;18;1;203 802 539;1;1;1;1;1965.0;1;1;13;9;2023;16;1;64;64445;2;6;1;3;43,31875000; -0,30739000;3;1;2;0;1;3;1;0;1;50;2;Indemne
202300020492;155 644 217;1;0;2;2;2;5;203 802 541;1;1;4;1;1955.0;9;8;13;9;2023;16;1;64;64445;2;6;1;3;43,31875000; -0,30739000;3;1;2;0;1;2;1;0;1;50;2;Blessé léger
202300020492;155 644 217;1;0;2;2;2;5;203 802 541;1;1;4;1;1955.0;9;8;13;9;2023;16;1;64;64445;2;6;1;3;43,31875000; -0,30739000;3;1;2;0;1;3;1;0;1;50;2;Blessé léger
202300020507;155 644 189;1;0;2;1;5;5;203 802 505;1;1;4;2;1968.0;5;0;10;11;2023;12;1;35;35115;2;2;8;1;48,35038367; -1,19539350;4;2;2;0;1;3;2;0;5;30;4;Blessé léger
202300020507;155 644 189;1;0;2;1;5;5;203 802 505;1;1;4;2;1968.0;5;0;10;11;2023;12;1;35;35115;2;2;8;1;48,35038367; -1,19539350;4;1;2;2;1;1;2;0;5;30;4;Blessé léger
202300020507;155 644 192;7;0;2;1;26;1;203 802 509;1;1;1;2;1986.0;9;1;10;11;2023;12;1;35;35115;2;2;8;1;48,35038367; -1,19539350;4;2;2;0;1;3;2;0;5;30;4;Indemne
202300020507;155 644 192;7;0;2;1;26;1;203 802 509;1;1;1;2;1986.0;9;1;10;11;2023;12;1;35;35115;2;2;8;1;48,35038367; -1,19539350;4;1;2;2;1;1;2;0;5;30;4;Indemne
202300020509;155 644 187;1;0;2;8;21;5;203 802 502;1;1;4;1;1981.0;0;8;13;9;2023;07;2;56;56083;2;2;1;3;47,80235000; -3,28434000;3;2;2;0;1;1;1;0;1;30;2;Blessé léger
202300020509;155 644 187;1;0;2;8;21;5;203 802 502;1;1;4;1;1981.0;0;8;13;9;2023;07;2;56;56083;2;2;1;3;47,80235000; -3,28434000;3;2;2;0;2;2;1;0;1;50;2;Blessé léger
202300020509;155 644 190;7;0;2;2;19;1;203 802 504;1;1;1;1;1982.0;1;1;13;9;2023;07;2;56;56083;2;2;1;3;47,80235000; -3,28434000;3;2;2;0;1;1;1;0;1;30;2;Indemne
202300020509;155 644 190;7;0;2;2;19;1;203 802 504;1;1;1;1;1982.0;1;1;13;9;2023;07;2;56;56083;2;2;1;3;47,80235000; -3,28434000;3;2;2;0;2;2;1;0;1;50;2;Indemne
202300020519;155 644 168;7;0;2;4;1;1;203 802 482;1;1;1;1;1987.0;0;1;12;9;2023;13;1;54;54395;2;1;1;2;48,68974686;6,15914047;4;2;2;0;2;1;1;0;1;50;1;Indemne
202300020519;155 644 171;1;0;2;1;1;5;203 802 485;1;1;4;1;2002.0;4;8;12;9;2023;13;1;54;54395;2;1;1;2;48,68974686;6,15914047;4;2;2;0;2;1;1;0;1;50;1;Blessé léger
202300020529;155 644 150;1;0;2;1;1;5;203 802 459;1;1;4;1;1981.0;1;8;11;9;2023;20;5;51;51454;2;2;1;3;49,24604000;4,04680000;4;2;2;0;1;1;1;5;1;50;0;Blessé léger
202300020529;155 644 150;1;0;2;1;1;5;203 802 459;1;1;4;1;1981.0;1;8;11;9;2023;20;5;51;51454;2;2;1;3;49,24604000;4,04680000;4;2;4;1;2;1;1;5;1;50;0;Blessé léger
202300020529;155 644 152;7;0;2;2;15;1;203 802 461;1;1;1;2;2004.0;0;1;11;9;2023;20;5;51;51454;2;2;1;3;49,24604000;4,04680000;4;2;2;0;1;1;1;5;1;50;0;Indemne
202300020529;155 644 152;7;0;2;2;15;1;203 802 461;1;1;1;2;2004.0;0;1;11;9;2023;20;5;51;51454;2;2;1;3;49,24604000;4,04680000;4;2;4;1;2;1;1;5;1;50;0;Indemne
202300020538;155 644 134;1;0;2;1;1;5;203 802 440;1;1;4;1;1969.0;1;2;30;1;2023;07;5;37;37233;2;9;1;3;47,39059000;0,73872000;4;2;4;2;1;1;1;9;1;50;0;Blessé léger
202300020538;155 644 137;7;0;2;2;15;1;203 802 443;1;1;1;1;1983.0;1;1;30;1;2023;07;5;37;37233;2;9;1;3;47,39059000;0,73872000;4;2;4;2;1;1;1;9;1;50;0;Indemne
202300020547;155 644 120;1;0;2;1;1;5;203 802 419;1;1;4;1;1964.0;1;8;13;9;2023;07;1;38;38516;2;3;2;3;45,20775000;5,74141000;7;2;2;0;2;1;2;0;1;30;2;Blessé léger
202300020547;155 644 120;1;0;2;1;1;5;203 802 419;1;1;4;1;1964.0;1;8;13;9;2023;07;1;38;38516;2;3;2;3;45,20775000;5,74141000;7;2;2;0;1;1;2;0;1;30;2;Blessé léger
202300020547;155 644 122;7;0;2;2;15;1;203 802 421;1;1;1;2;1955.0;1;1;13;9;2023;07;1;38;38516;2;3;2;3;45,20775000;5,74141000;7;2;2;0;2;1;2;0;1;30;2;Indemne
202300020547;155 644 122;7;0;2;2;15;1;203 802 421;1;1;1;2;1955.0;1;1;13;9;2023;07;1;38;38516;2;3;2;3;45,20775000;5,74141000;7;2;2;0;1;1;2;0;1;30;2;Indemne
202300020552;155 644 111;1;0;2;1;15;5;203 802 410;1;1;3;2;1964.0;1;2;30;1;2023;08;2;33;33063;2;3;1;3;44,83362000; -0,59088000;4;1;2;0;1;1;1;5;1;50;0;Blessé hospitalisé
202300020552;155 644 111;1;0;2;1;15;5;203 802 410;1;1;3;2;1964.0;1;2;30;1;2023;08;2;33;33063;2;3;1;3;44,83362000; -0,59088000;4;1;1;0;1;1;1;5;1;50;0;Blessé hospitalisé
202300020552;155 644 116;1;0;2;1;25;5;203 802 415;1;1;1;1;1988.0;1;2;30;1;2023;08;2;33;33063;2;3;1;3;44,83362000; -0,59088000;4;1;2;0;1;1;1;5;1;50;0;Indemne
202300020552;155 644 116;1;0;2;1;25;5;203 802 415;1;1;1;1;1988.0;1;2;30;1;2023;08;2;33;33063;2;3;1;3;44,83362000; -0,59088000;4;1;1;0;1;1;1;5;1;50;0;Indemne
202300020554;155 644 106;1;0;2;4;2;5;203 802 401;1;1;4;1;1953.0;5;2;12;3;2023;16;1;64;64189;1;1;1;2;43,37331000; -1,64632000;4;2;1;0;1;1;1;0;1;70;6;Blessé léger
202300020554;155 644 108;30;0;9;4;26;0;203 802 403;2;2;4;1;2007.0;5;2;12;3;2023;16;1;64;64189;1;1;1;2;43,37331000; -1,64632000;4;2;1;0;1;1;1;0;1;70;6;Blessé léger
202300020554;155 644 108;30;0;9;4;26;0;203 802 406;1;1;4;1;2007.0;5;8;12;3;2023;16;1;64;64189;1;1;1;2;43,37331000; -1,64632000;4;2;1;0;1;1;1;0;1;70;6;Blessé léger
202300020556;155 644 102;7;0;2;2;0;1;203 802 397;1;1;1;1;1995.0;0;1;13;9;2023;20;2;35;35238;2;1;1;3;48,12300000; -1,70753000;4;2;2;0;1;1;1;0;1;30;2;Indemne
202300020556;155 644 104;1;0;2;0;0;5;203 802 399;1;1;4;1;2016.0;5;0;13;9;2023;20;2;35;35238;2;1;1;3;48,12300000; -1,70753000;4;2;2;0;1;1;1;0;1;30;2;Blessé léger
202300020561;155 644 094;1;0;2;0;0;5;203 802 388;1;1;4;1;1984.0;1;8;30;1;2023;17;1;28;28085;2;1;8;3;48,43666000;1,49240000;4;1;1;2;2;1;1;0;5;30;0;Blessé léger
202300020561;155 644 096;10;6;0;3;9;1;203 802 391;1;1;1;1;1985.0;4;8;30;1;2023;17;1;28;28085;2;1;8;3;48,43666000;1,49240000;4;1;1;2;2;1;1;0;5;30;0;Indemne
202300020567;155 644 084;33;0;2;8;1;1;203 802 373;1;1;1;1;2001.0;5;2;13;9;2023;22;5;33;33063;2;3;1;3;44,84341000; -0,57011000;4;2;4;0;1;1;1;5;1;50;2;Indemne
202300020567;155 644 084;33;0;2;8;1;1;203 802 373;1;1;1;1;2001.0;5;2;13;9;2023;22;5;33;33063;2;3;1;3;44,84341000; -0,57011000;4;2;3;0;2;1;1;5;1;30;2;Indemne
202300020567;155 644 084;33;0;2;8;1;1;203 802 375;2;2;1;1;1998.0;5;2;13;9;2023;22;5;33;33063;2;3;1;3;44,84341000; -0,57011000;4;2;4;0;1;1;1;5;1;50;2;Indemne
202300020567;155 644 084;33;0;2;8;1;1;203 802 375;2;2;1;1;1998.0;5;2;13;9;2023;22;5;33;33063;2;3;1;3;44,84341000; -0,57011000;4;2;3;0;2;1;1;5;1;30;2;Indemne
202300020567;155 644 087;80;0;2;1;19;3;203 802 379;1;1;3;2;2005.0;5;0;13;9;2023;22;5;33;33063;2;3;1;3;44,84341000; -0,57011000;4;2;4;0;1;1;1;5;1;50;2;Blessé hospitalisé
202300020567;155 644 087;80;0;2;1;19;3;203 802 379;1;1;3;2;2005.0;5;0;13;9;2023;22;5;33;33063;2;3;1;3;44,84341000; -0,57011000;4;2;3;0;2;1;1;5;1;30;2;Blessé hospitalisé
202300020573;155 644 075;7;14;2;3;15;1;203 802 360;1;1;1;2;1951.0;5;1;13;9;2023;18;1;29;29232;2;6;1;3;48,00406000; -4,12158000;4;3;2;0;2;1;1;0;1;50;2;Indemne
202300020573;155 644 075;7;14;2;3;15;1;203 802 360;1;1;1;2;1951.0;5;1;13;9;2023;18;1;29;29232;2;6;1;3;48,00406000; -4,12158000;4;3;2;0;2;1;1;0;1;50;2;Indemne
202300020573;155 644 076;1;0;2;1;21;5;203 802 362;1;1;4;1;2006.0;5;8;13;9;2023;18;1;29;29232;2;6;1;3;48,00406000; -4,12158000;4;3;2;0;2;1;1;0;1;50;2;Blessé léger
202300020573;155 644 076;1;0;2;1;21;5;203 802 362;1;1;4;1;2006.0;5;8;13;9;2023;18;1;29;29232;2;6;1;3;48,00406000; -4,12158000;4;3;2;0;2;1;1;0;1;50;2;Blessé léger
202300020574;155 644 072;1;0;2;9;0;5;203 802 356;1;1;3;1;1993.0;0;8;12;3;2023;04;5;31;31555;2;1;2;3;43,62642000;1,43398000;7;2;2;0;1;1;2;0;1;50;6;Blessé hospitalisé
202300020574;155 644 073;7;0;2;3;1;1;203 802 358;1;1;1;1;2000.0;0;1;12;3;2023;04;5;31;31555;2;1;2;3;43,62642000;1,43398000;7;2;2;0;1;1;2;0;1;50;6;Indemne
202300020578;155 644 066;7;0;9;3;1;1;203 802 348;1;1;1;1;2001.0;9;1;29;1;2023;20;5;974;97409;2;1;3;3; -20,97345000;55,65637000;4;2;1;0;1;1;2;9;1;50;6;Indemne
202300020578;155 644 067;1;0;2;1;1;5;203 802 349;1;1;4;1;2003.0;0;8;29;1;2023;20;5;974;97409;2;1;3;3; -20,97345000;55,65637000;4;2;1;0;1;1;2;9;1;50;6;Blessé léger
202300020603;155 644 020;7;0;9;5;16;0;203 802 289;1;1;1;2;2003.0;0;1;16;11;2023;20;5;25;25056;2;9;2;3;47,23793900;6,03251900;4;2;2;1;1;1;2;2;5;50;3;Indemne
202300020603;155 644 025;1;0;2;1;1;5;203 802 292;1;1;4;1;1953.0;0;2;16;11;2023;20;5;25;25056;2;9;2;3;47,23793900;6,03251900;4;2;2;1;1;1;2;2;5;50;3;Blessé léger
202300020606;155 644 013;1;0;2;0;0;5;203 802 277;1;1;4;1;1943.0;5;2;15;2;2023;12;1;04;04070;2;6;1;6;44,07702000;6,18697000;4;1;1;0;1;2;1;5;1;50;2;Blessé léger
202300020606;155 644 013;1;0;2;0;0;5;203 802 277;1;1;4;1;1943.0;5;2;15;2;2023;12;1;04;04070;2;6;1;6;44,07702000;6,18697000;4;1;1;0;1;2;1;5;1;50;2;Blessé léger
202300020606;155 644 014;7;0;2;0;0;1;203 802 278;1;1;1;2;1988.0;9;1;15;2;2023;12;1;04;04070;2;6;1;6;44,07702000;6,18697000;4;1;1;0;1;2;1;5;1;50;2;Indemne
202300020606;155 644 014;7;0;2;0;0;1;203 802 278;1;1;1;2;1988.0;9;1;15;2;2023;12;1;04;04070;2;6;1;6;44,07702000;6,18697000;4;1;1;0;1;2;1;5;1;50;2;Indemne
202300020627;155 643 971;1;0;2;1;0;5;203 802 223;1;1;4;2;2001.0;0;8;12;3;2023;19;1;94;94077;2;2;1;1;48,74255779;2,42224717;4;1;1;0;1;1;1;0;1;50;6;Blessé léger
202300020627;155 643 972;7;0;2;1;5;1;203 802 224;1;1;1;2;1976.0;5;1;12;3;2023;19;1;94;94077;2;2;1;1;48,74255779;2,42224717;4;1;1;0;1;1;1;0;1;50;6;Indemne
202300020647;155 643 931;1;0;2;1;1;5;203 802 172;1;1;4;2;1983.0;1;8;13;9;2023;08;1;75;75103;2;2;1;1;48,86375000;2,35488400;4;1;3;1;1;1;1;0;5;30;2;Blessé léger
202300020647;155 643 931;1;0;2;1;1;5;203 802 172;1;1;4;2;1983.0;1;8;13;9;2023;08;1;75;75103;2;2;1;1;48,86375000;2,35488400;4;1;1;0;1;1;1;0;5;30;2;Blessé léger
202300020647;155 643 933;7;0;2;1;22;3;203 802 175;4;2;1;2;1989.0;9;1;13;9;2023;08;1;75;75103;2;2;1;1;48,86375000;2,35488400;4;1;3;1;1;1;1;0;5;30;2;Indemne
202300020647;155 643 933;7;0;2;1;22;3;203 802 175;4;2;1;2;1989.0;9;1;13;9;2023;08;1;75;75103;2;2;1;1;48,86375000;2,35488400;4;1;1;0;1;1;1;0;5;30;2;Indemne
202300020647;155 643 933;7;0;2;1;22;3;203 802 176;1;1;1;1;1983.0;1;1;13;9;2023;08;1;75;75103;2;2;1;1;48,86375000;2,35488400;4;1;3;1;1;1;1;0;5;30;2;Indemne
202300020647;155 643 933;7;0;2;1;22;3;203 802 176;1;1;1;1;1983.0;1;1;13;9;2023;08;1;75;75103;2;2;1;1;48,86375000;2,35488400;4;1;1;0;1;1;1;0;5;30;2;Indemne
202300020656;155 643 914;1;0;2;7;0;5;203 802 151;1;1;4;1;1947.0;0;8;12;9;2023;20;2;94;94028;2;2;8;3;48,79638000;2,45777000;3;1;4;0;1;1;2;0;5;50;1;Blessé léger
202300020656;155 643 915;7;0;2;2;1;2;203 802 153;1;1;1;1;1941.0;5;1;12;9;2023;20;2;94;94028;2;2;8;3;48,79638000;2,45777000;3;1;4;0;1;1;2;0;5;50;1;Indemne
202300020663;155 643 901;1;0;2;1;5;5;203 802 135;1;1;3;1;1978.0;0;8;28;1;2023;14;1;42;42218;2;3;2;1;45,43903000;4,37930000;4;2;1;0;1;1;2;0;1;50;5;Blessé hospitalisé
202300020663;155 643 901;1;0;2;1;5;5;203 802 135;1;1;3;1;1978.0;0;8;28;1;2023;14;1;42;42218;2;3;2;1;45,43903000;4,37930000;4;3;1;0;1;1;2;0;1;50;5;Blessé hospitalisé
202300020663;155 643 905;7;0;2;1;15;1;203 802 140;1;1;1;1;1972.0;0;8;28;1;2023;14;1;42;42218;2;3;2;1;45,43903000;4,37930000;4;2;1;0;1;1;2;0;1;50;5;Indemne
202300020663;155 643 905;7;0;2;1;15;1;203 802 140;1;1;1;1;1972.0;0;8;28;1;2023;14;1;42;42218;2;3;2;1;45,43903000;4,37930000;4;3;1;0;1;1;2;0;1;50;5;Indemne
202300020677;155 643 883;1;0;0;1;0;5;203 802 111;1;1;4;2;1970.0;5;2;12;3;2023;09;1;29;29008;1;1;1;7;48,06712500; -4,56112900;3;2;2;0;1;1;2;0;1;80;6;Blessé léger
202300020682;155 643 877;7;0;9;3;0;0;203 802 105;1;1;1;1;1996.0;1;1;10;3;2023;12;1;06;06085;2;2;6;3;43,61352500;6,99895500;4;2;2;0;2;1;1;0;1;50;4;Indemne
202300020682;155 643 880;1;0;2;1;16;5;203 802 108;1;1;3;1;1973.0;5;0;10;3;2023;12;1;06;06085;2;2;6;3;43,61352500;6,99895500;4;2;2;0;2;1;1;0;1;50;4;Blessé hospitalisé
202300020714;155 643 815;1;0;2;1;1;5;203 802 013;1;1;4;1;1968.0;1;4;11;9;2023;07;3;17;17131;2;2;1;3;45,58357900; -0,83669900;4;2;2;0;1;1;1;0;1;50;0;Blessé léger
202300020714;155 643 815;1;0;2;1;1;5;203 802 013;1;1;4;1;1968.0;1;4;11;9;2023;07;3;17;17131;2;2;1;3;45,58357900; -0,83669900;4;2;2;0;3;1;1;0;1;50;0;Blessé léger
202300020714;155 643 818;7;0;2;3;19;1;203 802 017;1;1;1;1;1970.0;1;1;11;9;2023;07;3;17;17131;2;2;1;3;45,58357900; -0,83669900;4;2;2;0;1;1;1;0;1;50;0;Indemne
202300020714;155 643 818;7;0;2;3;19;1;203 802 017;1;1;1;1;1970.0;1;1;11;9;2023;07;3;17;17131;2;2;1;3;45,58357900; -0,83669900;4;2;2;0;3;1;1;0;1;50;0;Indemne
202300020716;155 643 811;7;0;2;4;2;1;203 802 008;1;1;1;1;1980.0;4;1;29;1;2023;18;5;75;75108;2;1;1;2;48,87325600;2,30563500;4;1;1;0;1;1;1;0;1;50;6;Indemne
202300020716;155 643 812;1;0;2;1;2;5;203 802 009;1;1;4;2;1963.0;9;2;29;1;2023;18;5;75;75108;2;1;1;2;48,87325600;2,30563500;4;1;1;0;1;1;1;0;1;50;6;Blessé léger
202300020718;155 643 808;1;14;0;7;14;5;203 802 005;1;1;4;2;1971.0;1;2;30;1;2023;09;1;75;75115;2;3;8;6;48,83991800;2,30251300;4;2;2;2;1;1;2;8;5;30;0;Blessé léger
202300020747;155 643 759;1;0;2;2;1;5;203 801 943;1;1;3;1;1942.0;5;2;14;9;2023;11;1;65;65108;1;3;7;3;43,29026400;0,09403800;3;2;2;0;1;1;1;5;1;80;3;Blessé hospitalisé
202300020747;155 643 759;1;0;2;2;1;5;203 801 943;1;1;3;1;1942.0;5;2;14;9;2023;11;1;65;65108;1;3;7;3;43,29026400;0,09403800;3;2;2;0;1;1;1;0;1;80;3;Blessé hospitalisé
202300020747;155 643 763;17;0;2;3;9;1;203 801 948;1;1;1;1;1988.0;4;8;14;9;2023;11;1;65;65108;1;3;7;3;43,29026400;0,09403800;3;2;2;0;1;1;1;5;1;80;3;Indemne
202300020747;155 643 763;17;0;2;3;9;1;203 801 948;1;1;1;1;1988.0;4;8;14;9;2023;11;1;65;65108;1;3;7;3;43,29026400;0,09403800;3;2;2;0;1;1;1;0;1;80;3;Indemne
202300020756;155 643 743;80;0;0;8;19;3;203 801 919;2;2;4;1;2019.0;0;2;30;1;2023;09;1;93;93048;2;3;8;3;48,86144979;2,45610550;4;2;2;0;1;1;2;0;1;50;0;Blessé léger
202300020756;155 643 743;80;0;0;8;19;3;203 801 920;3;2;4;1;2022.0;0;2;30;1;2023;09;1;93;93048;2;3;8;3;48,86144979;2,45610550;4;2;2;0;1;1;2;0;1;50;0;Blessé léger
202300020756;155 643 743;80;0;0;8;19;3;203 801 922;1;1;4;1;1968.0;0;2;30;1;2023;09;1;93;93048;2;3;8;3;48,86144979;2,45610550;4;2;2;0;1;1;2;0;1;50;0;Blessé léger