Num_Acc;id_vehicule;catv;obs;obsm;choc;manv;motor;id_usager;place;catu;grav;sexe;an_nais;trajet;secu1;jour;mois;an;hrmn;lum;dep;com;agg;int;atm;col;lat;long;catr;circ;nbv;vosp;prof;plan;surf;infra;situ;vma;day_of_week;gravity
202300022031;155 641 504;99;0;9;1;26;5;203 798 915;1;1;1;1;1971.0;5;0;6;5;2023;15;1;38;38205;1;1;1;6;45,12464800;5,59047500;4;2;2;0;1;1;1;0;1;50;5;Indemne
202300022074;155 641 425;7;0;2;3;22;1;203 798 812;1;1;1;1;1969.0;5;8;6;8;2023;11;1;32;32013;1;1;1;3;43,62689000;0,58726000;4;2;2;0;1;1;1;0;1;30;6;Indemne
202300022074;155 641 427;1;0;2;0;0;5;203 798 816;1;1;4;1;1954.0;5;2;6;8;2023;11;1;32;32013;1;1;1;3;43,62689000;0,58726000;4;2;2;0;1;1;1;0;1;30;6;Blessé léger
202300022075;155 641 423;1;0;0;0;3;5;203 798 811;1;1;3;1;1963.0;1;2;27;3;2023;06;3;74;74012;2;1;2;7;46,18500000;6,22399000;3;2;2;0;1;1;2;0;1;50;0;Blessé hospitalisé
202300022076;155 641 422;1;0;2;1;1;5;203 798 809;1;1;4;2;1994.0;0;8;9;3;2023;18;5;76;76540;2;2;2;3;49,43791000;1,10210000;4;2;2;0;1;1;2;0;1;30;3;Blessé léger
202300022076;155 641 422;1;0;2;1;1;5;203 798 809;1;1;4;2;1994.0;0;8;9;3;2023;18;5;76;76540;2;2;2;3;49,43791000;1,10210000;4;2;2;0;1;1;2;0;1;30;3;Blessé léger
202300022076;155 641 428;7;0;2;7;1;1;203 798 815;1;1;1;1;1948.0;9;8;9;3;2023;18;5;76;76540;2;2;2;3;49,43791000;1,10210000;4;2;2;0;1;1;2;0;1;30;3;Indemne
202300022076;155 641 428;7;0;2;7;1;1;203 798 815;1;1;1;1;1948.0;9;8;9;3;2023;18;5;76;76540;2;2;2;3;49,43791000;1,10210000;4;2;2;0;1;1;2;0;1;30;3;Indemne
202300022081;155 641 412;1;0;2;2;15;5;203 798 794;1;1;1;1;1988.0;5;8;15;11;2023;12;1;75;75115;2;2;1;3;48,83925600;2,29193400;4;2;3;1;1;1;1;0;1;30;2;Indemne
202300022081;155 641 412;1;0;2;2;15;5;203 798 794;1;1;1;1;1988.0;5;8;15;11;2023;12;1;75;75115;2;2;1;3;48,83925600;2,29193400;4;1;3;1;1;1;1;0;1;30;2;Indemne
202300022081;155 641 415;50;0;2;1;1;3;203 798 797;1;1;3;2;1998.0;1;8;15;11;2023;12;1;75;75115;2;2;1;3;48,83925600;2,29193400;4;2;3;1;1;1;1;0;1;30;2;Blessé hospitalisé
202300022081;155 641 415;50;0;2;1;1;3;203 798 797;1;1;3;2;1998.0;1;8;15;11;2023;12;1;75;75115;2;2;1;3;48,83925600;2,29193400;4;1;3;1;1;1;1;0;1;30;2;Blessé hospitalisé
202300022082;155 641 406;80;0;2;1;19;3;203 798 786;1;1;4;1;1995.0;0;8;28;1;2023;12;1;77;77243;2;4;1;1;48,87554800;2,70162200;3;2;2;0;2;3;1;5;1;50;5;Blessé léger
202300022082;155 641 406;80;0;2;1;19;3;203 798 786;1;1;4;1;1995.0;0;8;28;1;2023;12;1;77;77243;2;4;1;1;48,87554800;2,70162200;3;2;2;0;2;1;1;5;8;50;5;Blessé léger
202300022082;155 641 410;7;0;2;1;1;0;203 798 789;2;2;1;2;1996.0;0;1;28;1;2023;12;1;77;77243;2;4;1;1;48,87554800;2,70162200;3;2;2;0;2;3;1;5;1;50;5;Indemne
202300022082;155 641 410;7;0;2;1;1;0;203 798 789;2;2;1;2;1996.0;0;1;28;1;2023;12;1;77;77243;2;4;1;1;48,87554800;2,70162200;3;2;2;0;2;1;1;5;8;50;5;Indemne
202300022082;155 641 410;7;0;2;1;1;0;203 798 791;1;1;1;1;1999.0;0;1;28;1;2023;12;1;77;77243;2;4;1;1;48,87554800;2,70162200;3;2;2;0;2;3;1;5;1;50;5;Indemne
202300022082;155 641 410;7;0;2;1;1;0;203 798 791;1;1;1;1;1999.0;0;1;28;1;2023;12;1;77;77243;2;4;1;1;48,87554800;2,70162200;3;2;2;0;2;1;1;5;8;50;5;Indemne
202300022087;155 641 399;7;0;2;3;24;1;203 798 774;1;1;1;2;1967.0;5;8;10;3;2023;14;1;69;69013;2;1;1;1;46,00464383;4,71964671;3;2;2;0;1;1;1;0;1;50;4;Indemne
202300022087;155 641 403;80;0;2;1;13;3;203 798 781;1;1;3;1;1942.0;5;2;10;3;2023;14;1;69;69013;2;1;1;1;46,00464383;4,71964671;3;2;2;0;1;1;1;0;1;50;4;Blessé hospitalisé
202300022098;155 641 377;10;0;2;1;16;1;203 798 744;1;1;1;1;1972.0;4;1;10;3;2023;05;5;64;64102;2;3;1;6;43,49301000; -1,47268000;4;2;2;0;1;1;1;0;1;30;4;Indemne
202300022098;155 641 377;10;0;2;1;16;1;203 798 744;1;1;1;1;1972.0;4;1;10;3;2023;05;5;64;64102;2;3;1;6;43,49301000; -1,47268000;4;2;2;0;1;1;1;0;1;30;4;Indemne
202300022098;155 641 384;1;0;2;7;19;5;203 798 752;1;1;3;1;1977.0;1;8;10;3;2023;05;5;64;64102;2;3;1;6;43,49301000; -1,47268000;4;2;2;0;1;1;1;0;1;30;4;Blessé hospitalisé
202300022098;155 641 384;1;0;2;7;19;5;203 798 752;1;1;3;1;1977.0;1;8;10;3;2023;05;5;64;64102;2;3;1;6;43,49301000; -1,47268000;4;2;2;0;1;1;1;0;1;30;4;Blessé hospitalisé
202300022102;155 641 368;7;0;2;1;20;1;203 798 734;1;1;1;1;2000.0;0;1;10;3;2023;08;1;63;63113;2;1;1;1;45,78181000;3,09542000;4;1;2;1;1;1;2;0;1;50;4;Indemne
202300022102;155 641 372;1;0;2;1;5;5;203 798 737;1;1;4;1;1995.0;0;2;10;3;2023;08;1;63;63113;2;1;1;1;45,78181000;3,09542000;4;1;2;1;1;1;2;0;1;50;4;Blessé léger
202300022109;155 641 358;1;14;0;1;1;5;203 798 718;1;1;4;1;1947.0;5;2;6;8;2023;11;1;29;29039;1;1;1;7;47,88531200; -3,90454800;4;2;1;2;2;1;1;0;1;50;6;Blessé léger
202300022114;155 641 347;1;0;2;8;13;5;203 798 702;1;1;4;1;2001.0;1;8;9;3;2023;11;1;57;57221;2;1;2;3;49,32184000;6,11254000;3;2;2;0;1;1;2;0;1;50;3;Blessé léger
202300022114;155 641 349;7;0;2;2;1;1;203 798 707;1;1;1;2;1943.0;5;1;9;3;2023;11;1;57;57221;2;1;2;3;49,32184000;6,11254000;3;2;2;0;1;1;2;0;1;50;3;Indemne
202300022120;155 641 338;1;0;0;2;2;5;203 798 686;1;1;4;1;1992.0;5;8;15;11;2023;19;5;75;75103;2;2;1;7;48,86248500;2,36333400;4;1;2;1;1;1;1;0;1;30;2;Blessé léger
202300022120;155 641 338;1;0;0;2;2;5;203 798 686;1;1;4;1;1992.0;5;8;15;11;2023;19;5;75;75103;2;2;1;7;48,86248500;2,36333400;4;2;2;1;1;1;1;0;1;30;2;Blessé léger
202300022123;155 641 332;7;0;2;3;0;1;203 798 678;1;1;1;2;1988.0;0;1;28;1;2023;13;1;44;44109;2;6;1;3;47,24336000; -1,55659000;4;2;3;3;1;1;1;0;1;50;5;Indemne
202300022123;155 641 332;7;0;2;3;0;1;203 798 678;1;1;1;2;1988.0;0;1;28;1;2023;13;1;44;44109;2;6;1;3;47,24336000; -1,55659000;4;1;2;0;1;1;1;0;1;30;5;Indemne
202300022123;155 641 336;80;0;2;1;0;3;203 798 682;1;1;3;1;1986.0;0;8;28;1;2023;13;1;44;44109;2;6;1;3;47,24336000; -1,55659000;4;2;3;3;1;1;1;0;1;50;5;Blessé hospitalisé
202300022123;155 641 336;80;0;2;1;0;3;203 798 682;1;1;3;1;1986.0;0;8;28;1;2023;13;1;44;44109;2;6;1;3;47,24336000; -1,55659000;4;1;2;0;1;1;1;0;1;30;5;Blessé hospitalisé
202300022125;155 641 328;7;0;2;2;17;1;203 798 674;1;1;4;1;1998.0;5;1;9;3;2023;16;1;55;55545;2;1;1;6;49,14800000;5,39100000;4;2;2;0;1;1;1;0;1;50;3;Blessé léger
202300022125;155 641 329;1;0;2;1;13;5;203 798 675;1;1;4;1;1974.0;5;2;9;3;2023;16;1;55;55545;2;1;1;6;49,14800000;5,39100000;4;2;2;0;1;1;1;0;1;50;3;Blessé léger
202300022140;155 641 306;7;0;2;3;1;1;203 798 638;1;1;1;1;1967.0;0;1;28;1;2023;18;5;31;31555;2;1;1;3;43,59952000;1,42969000;4;3;3;0;1;1;1;5;1;50;5;Indemne
202300022140;155 641 308;1;0;2;1;19;5;203 798 639;1;1;4;1;1994.0;0;2;28;1;2023;18;5;31;31555;2;1;1;3;43,59952000;1,42969000;4;3;3;0;1;1;1;5;1;50;5;Blessé léger
202300022147;155 641 293;7;0;2;3;14;1;203 798 622;1;1;1;1;1976.0;1;1;15;11;2023;08;1;94;94033;2;6;1;3;48,85250184;2,49063697;3;1;2;0;1;2;1;2;1;50;2;Indemne
202300022147;155 641 293;7;0;2;3;14;1;203 798 622;1;1;1;1;1976.0;1;1;15;11;2023;08;1;94;94033;2;6;1;3;48,85250184;2,49063697;3;1;2;0;1;2;1;2;1;50;2;Indemne
202300022147;155 641 298;1;0;2;8;1;5;203 798 627;1;1;4;1;1979.0;1;8;15;11;2023;08;1;94;94033;2;6;1;3;48,85250184;2,49063697;3;1;2;0;1;2;1;2;1;50;2;Blessé léger
202300022147;155 641 298;1;0;2;8;1;5;203 798 627;1;1;4;1;1979.0;1;8;15;11;2023;08;1;94;94033;2;6;1;3;48,85250184;2,49063697;3;1;2;0;1;2;1;2;1;50;2;Blessé léger
202300022185;155 641 231;2;0;9;0;2;1;203 798 539;1;1;1;1;2006.0;5;2;28;5;2023;02;5;83;83137;2;1;1;2;43,12915000;5,89727000;3;2;2;1;1;1;1;0;1;50;6;Indemne
202300022185;155 641 232;1;0;2;0;0;5;203 798 540;1;1;4;1;2002.0;5;8;28;5;2023;02;5;83;83137;2;1;1;2;43,12915000;5,89727000;3;2;2;1;1;1;1;0;1;50;6;Blessé léger
202300022199;155 641 205;7;0;0;0;26;1;203 798 507;1;1;1;2;1981.0;1;1;16;11;2023;09;1;92;92075;2;1;2;7;48,82148725;2,28766716;3;3;3;2;2;1;2;0;1;50;3;Indemne
202300022199;155 641 206;1;0;0;0;1;5;203 798 508;1;1;4;2;1990.0;1;8;16;11;2023;09;1;92;92075;2;1;2;7;48,82148725;2,28766716;3;3;3;2;2;1;2;0;1;50;3;Blessé léger
202300022205;155 641 192;7;0;2;3;15;1;203 798 494;1;1;1;2;1974.0;4;1;10;3;2023;09;1;33;33069;2;3;6;3;44,85583000; -0,59477000;4;1;1;2;1;1;1;0;1;30;4;Indemne
202300022205;155 641 192;7;0;2;3;15;1;203 798 494;1;1;1;2;1974.0;4;1;10;3;2023;09;1;33;33069;2;3;6;3;44,85583000; -0,59477000;4;2;2;0;1;1;1;0;1;30;4;Indemne
202300022205;155 641 195;1;0;2;1;1;5;203 798 497;1;1;3;1;2000.0;0;0;10;3;2023;09;1;33;33069;2;3;6;3;44,85583000; -0,59477000;4;1;1;2;1;1;1;0;1;30;4;Blessé hospitalisé
202300022205;155 641 195;1;0;2;1;1;5;203 798 497;1;1;3;1;2000.0;0;0;10;3;2023;09;1;33;33069;2;3;6;3;44,85583000; -0,59477000;4;2;2;0;1;1;1;0;1;30;4;Blessé hospitalisé
202300022207;155 641 190;1;12;0;1;13;5;203 798 491;1;1;4;1;1976.0;9;8;28;1;2023;01;5;75;75101;2;1;1;6;48,86231386;2,33104616;4;3;4;0;4;1;1;1;1;30;5;Blessé léger
202300022217;155 641 168;1;0;2;1;1;5;203 798 464;1;1;4;1;2018.0;0;2;15;11;2023;11;1;92;92012;2;9;1;3;48,82649769;2,23967546;4;2;1;0;1;1;1;0;4;50;2;Blessé léger
202300022217;155 641 170;7;0;2;3;1;1;203 798 467;1;1;1;1;1974.0;0;1;15;11;2023;11;1;92;92012;2;9;1;3;48,82649769;2,23967546;4;2;1;0;1;1;1;0;4;50;2;Indemne
202300022252;155 641 106;1;0;0;8;25;5;203 798 384;1;1;3;1;2005.0;5;0;27;1;2023;15;1;91;91235;2;1;1;6;48,62260000;2,37137900;4;2;2;0;1;1;1;0;4;50;4;Blessé hospitalisé
202300022252;155 641 108;7;0;2;2;26;1;203 798 386;1;1;1;2;1980.0;1;1;27;1;2023;15;1;91;91235;2;1;1;6;48,62260000;2,37137900;4;2;2;0;1;1;1;0;4;50;4;Indemne
202300022259;155 641 092;7;0;2;2;17;1;203 798 344;1;1;1;2;1996.0;0;1;28;5;2023;19;1;25;25056;2;1;1;2;47,26123000;6,03469000;4;3;4;0;2;1;1;0;1;50;6;Indemne
202300022259;155 641 092;7;0;2;2;17;1;203 798 347;2;2;1;2;2003.0;5;1;28;5;2023;19;1;25;25056;2;1;1;2;47,26123000;6,03469000;4;3;4;0;2;1;1;0;1;50;6;Indemne
202300022259;155 641 096;1;0;2;4;0;5;203 798 354;1;1;4;1;2009.0;5;8;28;5;2023;19;1;25;25056;2;1;1;2;47,26123000;6,03469000;4;3;4;0;2;1;1;0;1;50;6;Blessé léger
202300022261;155 641 089;1;0;0;1;1;5;203 798 338;1;1;4;1;1994.0;4;8;11;3;2023;19;5;75;75120;2;4;2;7;48,86778700;2,39621000;4;2;2;2;2;1;2;0;1;30;5;Blessé léger
202300022282;155 641 057;1;0;1;1;1;5;203 798 287;1;1;1;1;2007.0;0;8;26;5;2023;17;1;17;17415;2;1;7;6;45,74734100; -0,63553200;4;2;2;0;2;1;1;0;1;30;4;Indemne
202300022282;155 641 057;1;0;1;1;1;5;203 798 289;10;3;3;2;1968.0;5;0;26;5;2023;17;1;17;17415;2;1;7;6;45,74734100; -0,63553200;4;2;2;0;2;1;1;0;1;30;4;Blessé hospitalisé
202300022303;155 641 020;7;0;2;2;2;0;203 798 238;1;1;1;1;1974.0;0;8;16;11;2023;18;2;56;56147;1;1;1;2;47,53747100; -2,27088700;3;2;2;0;2;1;1;0;1;80;3;Indemne
202300022303;155 641 024;80;0;0;4;1;3;203 798 242;1;1;4;2;1972.0;5;0;16;11;2023;18;2;56;56147;1;1;1;2;47,53747100; -2,27088700;3;2;2;0;2;1;1;0;1;80;3;Blessé léger
202300022356;155 640 928;7;0;2;3;9;1;203 798 113;1;1;1;2;1942.0;5;1;11;3;2023;15;1;56;56164;2;6;1;3;47,65682600; -2,86277800;4;2;2;0;1;1;1;5;1;30;5;Indemne
202300022356;155 640 931;1;0;2;1;1;5;203 798 117;1;1;3;1;1972.0;5;2;11;3;2023;15;1;56;56164;2;6;1;3;47,65682600; -2,86277800;4;2;2;0;1;1;1;5;1;30;5;Blessé hospitalisé
202300022386;155 640 874;1;0;2;2;14;5;203 798 046;1;1;4;1;1970.0;9;2;28;5;2023;18;1;75;75112;2;2;1;3;48,83866217;2,37575054;4;1;4;1;1;1;1;2;1;30;6;Blessé léger
202300022386;155 640 877;7;0;2;1;1;1;203 798 049;1;1;1;1;1981.0;9;1;28;5;2023;18;1;75;75112;2;2;1;3;48,83866217;2,37575054;4;1;4;1;1;1;1;2;1;30;6;Indemne
202300022389;155 640 867;1;0;0;0;0;5;203 798 037;1;1;2;1;1942.0;5;0;12;3;2023;15;1;85;85104;1;1;2;7;46,39365100; -1,29394600;4;2;2;0;1;1;2;0;3;80;6;Tué
202300022415;155 640 823;1;0;2;5;1;5;203 797 974;1;1;3;2;1989.0;0;2;28;1;2023;20;5;69;69383;2;2;1;6;45,75069000;4,87394000;4;1;1;2;1;1;1;0;1;50;5;Blessé hospitalisé
202300022415;155 640 823;1;0;2;5;1;5;203 797 974;1;1;3;2;1989.0;0;2;28;1;2023;20;5;69;69383;2;2;1;6;45,75069000;4,87394000;4;1;1;2;1;1;1;0;8;50;5;Blessé hospitalisé
202300022415;155 640 823;1;0;2;5;1;5;203 797 974;1;1;3;2;1989.0;0;2;28;1;2023;20;5;69;69383;2;2;1;6;45,75069000;4,87394000;4;1;1;3;1;1;1;0;6;50;5;Blessé hospitalisé
202300022415;155 640 823;1;0;2;5;1;5;203 797 977;10;3;1;1;1989.0;0;0;28;1;2023;20;5;69;69383;2;2;1;6;45,75069000;4,87394000;4;1;1;2;1;1;1;0;1;50;5;Indemne
202300022415;155 640 823;1;0;2;5;1;5;203 797 977;10;3;1;1;1989.0;0;0;28;1;2023;20;5;69;69383;2;2;1;6;45,75069000;4,87394000;4;1;1;2;1;1;1;0;8;50;5;Indemne
202300022415;155 640 823;1;0;2;5;1;5;203 797 977;10;3;1;1;1989.0;0;0;28;1;2023;20;5;69;69383;2;2;1;6;45,75069000;4,87394000;4;1;1;3;1;1;1;0;6;50;5;Indemne
202300022428;155 640 796;7;0;2;1;2;1;203 797 937;2;2;1;1;2003.0;5;1;27;1;2023;04;5;69;69382;2;2;1;3;45,76320000;4,83849000;4;1;5;3;1;1;1;0;1;50;4;Indemne
202300022428;155 640 796;7;0;2;1;2;1;203 797 937;2;2;1;1;2003.0;5;1;27;1;2023;04;5;69;69382;2;2;1;3;45,76320000;4,83849000;4;2;2;3;1;1;1;0;1;50;4;Indemne
202300022428;155 640 796;7;0;2;1;2;1;203 797 939;4;2;1;1;2004.0;0;1;27;1;2023;04;5;69;69382;2;2;1;3;45,76320000;4,83849000;4;1;5;3;1;1;1;0;1;50;4;Indemne
202300022428;155 640 796;7;0;2;1;2;1;203 797 939;4;2;1;1;2004.0;0;1;27;1;2023;04;5;69;69382;2;2;1;3;45,76320000;4,83849000;4;2;2;3;1;1;1;0;1;50;4;Indemne
202300022428;155 640 796;7;0;2;1;2;1;203 797 940;3;2;1;1;2001.0;0;1;27;1;2023;04;5;69;69382;2;2;1;3;45,76320000;4,83849000;4;1;5;3;1;1;1;0;1;50;4;Indemne
202300022428;155 640 796;7;0;2;1;2;1;203 797 940;3;2;1;1;2001.0;0;1;27;1;2023;04;5;69;69382;2;2;1;3;45,76320000;4,83849000;4;2;2;3;1;1;1;0;1;50;4;Indemne
202300022428;155 640 796;7;0;2;1;2;1;203 797 941;1;1;1;1;2002.0;5;1;27;1;2023;04;5;69;69382;2;2;1;3;45,76320000;4,83849000;4;1;5;3;1;1;1;0;1;50;4;Indemne
202300022428;155 640 796;7;0;2;1;2;1;203 797 941;1;1;1;1;2002.0;5;1;27;1;2023;04;5;69;69382;2;2;1;3;45,76320000;4,83849000;4;2;2;3;1;1;1;0;1;50;4;Indemne
202300022428;155 640 800;1;0;2;7;19;5;203 797 944;1;1;3;1;2001.0;5;0;27;1;2023;04;5;69;69382;2;2;1;3;45,76320000;4,83849000;4;1;5;3;1;1;1;0;1;50;4;Blessé hospitalisé
202300022428;155 640 800;1;0;2;7;19;5;203 797 944;1;1;3;1;2001.0;5;0;27;1;2023;04;5;69;69382;2;2;1;3;45,76320000;4,83849000;4;2;2;3;1;1;1;0;1;50;4;Blessé hospitalisé
202300022448;155 640 764;7;0;2;7;17;1;203 797 896;1;1;1;2;1994.0;9;1;28;5;2023;15;1;92;92025;2;9;1;3;48,90975196;2,23532349;3;1;1;0;1;1;1;0;1;50;6;Indemne
202300022448;155 640 766;1;0;2;8;2;5;203 797 898;1;1;4;1;1934.0;9;8;28;5;2023;15;1;92;92025;2;9;1;3;48,90975196;2,23532349;3;1;1;0;1;1;1;0;1;50;6;Blessé léger
202300022457;155 640 748;1;0;2;8;18;5;203 797 874;1;1;3;1;1969.0;5;2;11;3;2023;11;1;62;62056;2;2;1;3;50,82063400;1,59572900;3;2;2;0;4;1;1;0;1;50;5;Blessé hospitalisé
202300022457;155 640 748;1;0;2;8;18;5;203 797 874;1;1;3;1;1969.0;5;2;11;3;2023;11;1;62;62056;2;2;1;3;50,82063400;1,59572900;3;2;2;0;1;1;1;0;1;50;5;Blessé hospitalisé
202300022457;155 640 750;7;0;2;2;16;0;203 797 876;1;1;1;1;1985.0;5;1;11;3;2023;11;1;62;62056;2;2;1;3;50,82063400;1,59572900;3;2;2;0;4;1;1;0;1;50;5;Indemne
202300022457;155 640 750;7;0;2;2;16;0;203 797 876;1;1;1;1;1985.0;5;1;11;3;2023;11;1;62;62056;2;2;1;3;50,82063400;1,59572900;3;2;2;0;1;1;1;0;1;50;5;Indemne
202300022460;155 640 744;1;0;2;0;2;5;203 797 870;1;1;3;1;1998.0;0;8;17;1;2023;12;1;86;86066;2;2;8;3;46,82281000;0,53307000;4;2;2;0;1;1;1;0;1;50;1;Blessé hospitalisé
202300022460;155 640 744;1;0;2;0;2;5;203 797 870;1;1;3;1;1998.0;0;8;17;1;2023;12;1;86;86066;2;2;8;3;46,82281000;0,53307000;4;2;2;1;1;1;1;0;1;50;1;Blessé hospitalisé
202300022460;155 640 745;7;0;2;2;1;1;203 797 871;1;1;1;1;1998.0;0;8;17;1;2023;12;1;86;86066;2;2;8;3;46,82281000;0,53307000;4;2;2;0;1;1;1;0;1;50;1;Indemne
202300022460;155 640 745;7;0;2;2;1;1;203 797 871;1;1;1;1;1998.0;0;8;17;1;2023;12;1;86;86066;2;2;8;3;46,82281000;0,53307000;4;2;2;1;1;1;1;0;1;50;1;Indemne
202300022468;155 640 728;1;0;2;8;1;5;203 797 845;1;1;3;1;1983.0;1;0;14;11;2023;18;3;38;38189;1;1;3;3;45,63868500;5,05725100;3;2;2;0;1;1;2;0;1;80;1;Blessé hospitalisé
202300022468;155 640 729;7;0;9;7;2;1;203 797 848;1;1;1;1;1996.0;1;1;14;11;2023;18;3;38;38189;1;1;3;3;45,63868500;5,05725100;3;2;2;0;1;1;2;0;1;80;1;Indemne
202300022471;155 640 721;30;0;2;7;16;1;203 797 836;1;1;4;2;1975.0;9;2;10;3;2023;09;1;75;75119;2;7;2;3;48,87802600;2,37069600;4;1;1;0;1;3;2;0;1;30;4;Blessé léger
202300022471;155 640 723;1;0;2;1;1;5;203 797 839;1;1;1;1;2001.0;2;8;10;3;2023;09;1;75;75119;2;7;2;3;48,87802600;2,37069600;4;1;1;0;1;3;2;0;1;30;4;Indemne
202300022487;155 640 695;7;0;2;3;15;3;203 797 799;1;1;1;2;1971.0;0;1;27;1;2023;14;1;64;64445;2;2;8;3;43,29999000; -0,36979000;4;1;2;1;1;1;2;0;5;30;4;Indemne
202300022487;155 640 698;1;0;2;8;1;5;203 797 802;1;1;4;1;1984.0;0;8;27;1;2023;14;1;64;64445;2;2;8;3;43,29999000; -0,36979000;4;1;2;1;1;1;2;0;5;30;4;Blessé léger
202300022496;155 640 682;7;0;0;7;16;1;203 797 783;1;1;1;2;1943.0;5;1;15;11;2023;15;1;59;59034;2;6;1;3;50,53435000;3,08494300;3;1;2;0;1;3;1;0;1;50;2;Indemne
202300022496;155 640 686;1;0;2;1;1;5;203 797 787;1;1;3;1;1972.0;5;2;15;11;2023;15;1;59;59034;2;6;1;3;50,53435000;3,08494300;3;1;2;0;1;3;1;0;1;50;2;Blessé hospitalisé
202300022529;155 640 621;80;1;0;1;1;3;203 797 692;1;1;4;1;1989.0;1;0;27;1;2023;17;2;35;35238;2;1;8;3;48,09323490; -1,67426169;4;3;4;2;1;1;2;0;5;50;4;Blessé léger
202300022529;155 640 623;7;0;2;8;22;1;203 797 694;1;1;1;2;1981.0;1;1;27;1;2023;17;2;35;35238;2;1;8;3;48,09323490; -1,67426169;4;3;4;2;1;1;2;0;5;50;4;Indemne
202300022529;155 640 623;7;0;2;8;22;1;203 797 696;2;2;1;2;1987.0;1;1;27;1;2023;17;2;35;35238;2;1;8;3;48,09323490; -1,67426169;4;3;4;2;1;1;2;0;5;50;4;Indemne
202300022537;155 640 607;1;0;2;8;1;5;203 797 677;1;1;4;2;1971.0;0;2;27;1;2023;20;5;33;33063;2;3;8;3;44,83924000; -0,58464000;4;2;2;0;1;1;1;0;1;50;4;Blessé léger
202300022537;155 640 610;7;0;2;1;15;2;203 797 680;1;1;1;1;1985.0;0;1;27;1;2023;20;5;33;33063;2;3;8;3;44,83924000; -0,58464000;4;2;2;0;1;1;1;0;1;50;4;Indemne
202300022538;155 640 606;7;0;2;3;2;1;203 797 676;1;1;1;2;1982.0;3;1;28;5;2023;12;1;49;49026;1;6;1;3;47,50921900; -0,80199700;3;1;2;0;1;2;1;0;1;50;6;Indemne
202300022538;155 640 606;7;0;2;3;2;1;203 797 676;1;1;1;2;1982.0;3;1;28;5;2023;12;1;49;49026;1;6;1;3;47,50921900; -0,80199700;3;1;2;0;1;3;1;0;1;50;6;Indemne
202300022538;155 640 608;1;0;2;2;2;5;203 797 678;1;1;3;1;1953.0;5;2;28;5;2023;12;1;49;49026;1;6;1;3;47,50921900; -0,80199700;3;1;2;0;1;2;1;0;1;50;6;Blessé hospitalisé
202300022538;155 640 608;1;0;2;2;2;5;203 797 678;1;1;3;1;1953.0;5;2;28;5;2023;12;1;49;49026;1;6;1;3;47,50921900; -0,80199700;3;1;2;0;1;3;1;0;1;50;6;Blessé hospitalisé
202300022578;155 640 545;1;0;2;0;0;0;203 797 587;1;1;4;2;2003.0;0;0;15;11;2023;18;2;69;69387;2;1;2;2;45,73573000;4,83625000;4;2;2;2;1;1;2;9;1;50;2;Blessé léger
202300022578;155 640 548;7;1;2;4;0;1;203 797 593;1;1;1;1;1989.0;0;1;15;11;2023;18;2;69;69387;2;1;2;2;45,73573000;4,83625000;4;2;2;2;1;1;2;9;1;50;2;Indemne
202300022608;155 640 493;1;0;0;0;1;5;203 797 510;1;1;2;1;1954.0;5;2;29;5;2023;15;1;24;24356;2;1;7;7;45,04646900;0,97619500;3;2;2;0;2;1;1;0;1;50;0;Tué
202300022617;155 640 478;7;0;2;2;15;1;203 797 488;3;2;1;2;2008.0;5;1;28;5;2023;13;1;48;48146;1;4;1;3;44,40594100;3,43183800;3;2;2;0;2;2;1;0;1;90;6;Indemne
202300022617;155 640 478;7;0;2;2;15;1;203 797 489;4;2;1;2;2007.0;5;1;28;5;2023;13;1;48;48146;1;4;1;3;44,40594100;3,43183800;3;2;2;0;2;2;1;0;1;90;6;Indemne
202300022617;155 640 478;7;0;2;2;15;1;203 797 491;1;1;1;2;1944.0;5;1;28;5;2023;13;1;48;48146;1;4;1;3;44,40594100;3,43183800;3;2;2;0;2;2;1;0;1;90;6;Indemne
202300022617;155 640 480;1;0;2;1;1;5;203 797 492;1;1;3;1;1961.0;5;2;28;5;2023;13;1;48;48146;1;4;1;3;44,40594100;3,43183800;3;2;2;0;2;2;1;0;1;90;6;Blessé hospitalisé
202300022652;155 640 419;1;0;1;1;1;5;203 797 403;1;1;1;1;1997.0;5;8;27;1;2023;16;1;75;75103;2;2;8;6;48,86898600;2,35557600;4;2;5;2;1;1;1;0;1;30;4;Indemne
202300022652;155 640 419;1;0;1;1;1;5;203 797 403;1;1;1;1;1997.0;5;8;27;1;2023;16;1;75;75103;2;2;8;6;48,86898600;2,35557600;4;1;3;3;1;1;1;0;1;30;4;Indemne
202300022652;155 640 419;1;0;1;1;1;5;203 797 404;10;3;4;2;1937.0;5;0;27;1;2023;16;1;75;75103;2;2;8;6;48,86898600;2,35557600;4;2;5;2;1;1;1;0;1;30;4;Blessé léger
202300022652;155 640 419;1;0;1;1;1;5;203 797 404;10;3;4;2;1937.0;5;0;27;1;2023;16;1;75;75103;2;2;8;6;48,86898600;2,35557600;4;1;3;3;1;1;1;0;1;30;4;Blessé léger
202300022657;155 640 410;7;0;1;3;1;1;203 797 391;1;1;1;1;1950.0;0;1;26;5;2023;14;1;91;91200;2;3;1;5;48,53310700;2,00144800;3;2;2;0;2;1;1;0;1;50;4;Indemne