Num_Acc;id_vehicule;catv;obs;obsm;choc;manv;motor;id_usager;place;catu;grav;sexe;an_nais;trajet;secu1;jour;mois;an;hrmn;lum;dep;com;agg;int;atm;col;lat;long;catr;circ;nbv;vosp;prof;plan;surf;infra;situ;vma;day_of_week;gravity
202300022657;155 640 410;7;0;1;3;1;1;203 797 391;1;1;1;1;1950.0;0;1;26;5;2023;14;1;91;91200;2;3;1;5;48,53310700;2,00144800;3;2;2;0;1;1;1;0;1;50;4;Indemne
202300022657;155 640 410;7;0;1;3;1;1;203 797 392;10;3;4;1;2011.0;0;0;26;5;2023;14;1;91;91200;2;3;1;5;48,53310700;2,00144800;3;2;2;0;2;1;1;0;1;50;4;Blessé léger
202300022657;155 640 410;7;0;1;3;1;1;203 797 392;10;3;4;1;2011.0;0;0;26;5;2023;14;1;91;91200;2;3;1;5;48,53310700;2,00144800;3;2;2;0;1;1;1;0;1;50;4;Blessé léger
202300022657;155 640 414;1;1;0;1;1;5;203 797 395;1;1;4;1;2011.0;0;0;26;5;2023;14;1;91;91200;2;3;1;5;48,53310700;2,00144800;3;2;2;0;2;1;1;0;1;50;4;Blessé léger
202300022657;155 640 414;1;1;0;1;1;5;203 797 395;1;1;4;1;2011.0;0;0;26;5;2023;14;1;91;91200;2;3;1;5;48,53310700;2,00144800;3;2;2;0;1;1;1;0;1;50;4;Blessé léger
202300022657;155 640 416;7;0;2;2;23;1;203 797 398;1;1;1;2;1961.0;0;1;26;5;2023;14;1;91;91200;2;3;1;5;48,53310700;2,00144800;3;2;2;0;2;1;1;0;1;50;4;Indemne
202300022657;155 640 416;7;0;2;2;23;1;203 797 398;1;1;1;2;1961.0;0;1;26;5;2023;14;1;91;91200;2;3;1;5;48,53310700;2,00144800;3;2;2;0;1;1;1;0;1;50;4;Indemne
202300022686;155 640 357;1;0;1;1;2;5;203 797 316;1;1;4;1;1967.0;0;8;27;1;2023;08;1;92;92040;2;1;1;6;48,82011000;2,26121000;3;2;0;0;4;1;1;0;1;50;4;Blessé léger
202300022686;155 640 357;1;0;1;1;2;5;203 797 317;10;3;1;1;1983.0;0;0;27;1;2023;08;1;92;92040;2;1;1;6;48,82011000;2,26121000;3;2;0;0;4;1;1;0;1;50;4;Indemne
202300022690;155 640 352;7;0;2;2;1;1;203 797 306;2;2;1;1;1984.0;0;1;29;5;2023;09;1;38;38349;1;2;1;3;45,30795300;4,80167400;4;2;2;0;1;1;1;0;1;50;0;Indemne
202300022690;155 640 352;7;0;2;2;1;1;203 797 308;4;2;1;1;1957.0;0;1;29;5;2023;09;1;38;38349;1;2;1;3;45,30795300;4,80167400;4;2;2;0;1;1;1;0;1;50;0;Indemne
202300022690;155 640 352;7;0;2;2;1;1;203 797 310;1;1;1;1;1986.0;0;1;29;5;2023;09;1;38;38349;1;2;1;3;45,30795300;4,80167400;4;2;2;0;1;1;1;0;1;50;0;Indemne
202300022690;155 640 355;1;0;2;8;19;5;203 797 314;1;1;3;1;2007.0;5;0;29;5;2023;09;1;38;38349;1;2;1;3;45,30795300;4,80167400;4;2;2;0;1;1;1;0;1;50;0;Blessé hospitalisé
202300022750;155 640 253;1;0;2;2;0;5;203 797 166;1;1;4;1;1995.0;1;8;15;11;2023;08;2;47;47001;2;6;1;3;44,19508000;0,61231000;3;1;2;1;1;2;1;0;1;50;2;Blessé léger
202300022750;155 640 255;7;0;9;2;26;1;203 797 169;1;1;1;2;1981.0;9;1;15;11;2023;08;2;47;47001;2;6;1;3;44,19508000;0,61231000;3;1;2;1;1;2;1;0;1;50;2;Indemne
202300022765;155 640 227;7;0;2;3;2;1;203 797 134;1;1;1;2;1965.0;2;8;19;12;2023;07;2;69;69266;2;1;5;3;45,76756206;4,89001231;4;2;2;2;1;1;1;6;1;30;1;Indemne
202300022765;155 640 230;1;0;2;2;19;5;203 797 137;1;1;4;2;1985.0;1;4;19;12;2023;07;2;69;69266;2;1;5;3;45,76756206;4,89001231;4;2;2;2;1;1;1;6;1;30;1;Blessé léger
202300022777;155 640 205;7;0;9;1;1;1;203 797 106;1;1;1;1;1983.0;9;1;1;12;2023;16;1;62;62510;2;1;1;3;50,42525000;2,79413000;3;2;0;3;1;1;1;0;1;50;4;Indemne
202300022777;155 640 206;1;0;2;1;19;5;203 797 107;1;1;4;2;2009.0;2;8;1;12;2023;16;1;62;62510;2;1;1;3;50,42525000;2,79413000;3;2;0;3;1;1;1;0;1;50;4;Blessé léger
202300022787;155 640 186;1;0;2;7;1;5;203 797 084;1;1;3;1;1955.0;5;2;17;12;2023;15;1;59;59350;2;3;1;3;50,64129000;2,97892000;4;2;3;0;1;1;1;0;1;50;6;Blessé hospitalisé
202300022787;155 640 186;1;0;2;7;1;5;203 797 084;1;1;3;1;1955.0;5;2;17;12;2023;15;1;59;59350;2;3;1;3;50,64129000;2,97892000;4;2;2;0;1;1;1;0;1;50;6;Blessé hospitalisé
202300022787;155 640 189;7;0;2;7;15;0;203 797 087;1;1;1;1;1962.0;0;1;17;12;2023;15;1;59;59350;2;3;1;3;50,64129000;2,97892000;4;2;3;0;1;1;1;0;1;50;6;Indemne
202300022787;155 640 189;7;0;2;7;15;0;203 797 087;1;1;1;1;1962.0;0;1;17;12;2023;15;1;59;59350;2;3;1;3;50,64129000;2,97892000;4;2;2;0;1;1;1;0;1;50;6;Indemne
202300022794;155 640 173;7;0;2;6;24;1;203 797 070;1;1;1;2;1969.0;5;8;10;9;2023;13;1;64;64024;2;1;1;3;43,49474000; -1,52899000;4;2;1;1;1;2;1;0;1;30;6;Indemne
202300022794;155 640 176;1;1;0;1;1;5;203 797 073;1;1;4;2;1987.0;5;8;10;9;2023;13;1;64;64024;2;1;1;3;43,49474000; -1,52899000;4;2;1;1;1;2;1;0;1;30;6;Blessé léger
202300022811;155 640 147;7;0;2;2;15;1;203 797 033;1;1;1;1;1984.0;0;1;20;12;2023;16;2;41;41018;2;3;1;3;47,60347000;1,33400000;4;2;2;0;1;1;1;0;1;50;2;Indemne
202300022811;155 640 147;7;0;2;2;15;1;203 797 033;1;1;1;1;1984.0;0;1;20;12;2023;16;2;41;41018;2;3;1;3;47,60347000;1,33400000;4;2;2;1;2;1;1;0;1;50;2;Indemne
202300022811;155 640 149;1;0;2;1;26;5;203 797 035;1;1;3;2;1961.0;0;8;20;12;2023;16;2;41;41018;2;3;1;3;47,60347000;1,33400000;4;2;2;0;1;1;1;0;1;50;2;Blessé hospitalisé
202300022811;155 640 149;1;0;2;1;26;5;203 797 035;1;1;3;2;1961.0;0;8;20;12;2023;16;2;41;41018;2;3;1;3;47,60347000;1,33400000;4;2;2;1;2;1;1;0;1;50;2;Blessé hospitalisé
202300022817;155 640 135;10;0;2;2;15;0;203 797 018;1;1;1;1;1967.0;0;1;12;9;2023;20;5;59;59328;2;2;1;3;50,64451000;3,02866000;4;4;0;0;1;1;1;0;1;30;1;Indemne
202300022817;155 640 135;10;0;2;2;15;0;203 797 018;1;1;1;1;1967.0;0;1;12;9;2023;20;5;59;59328;2;2;1;3;50,64451000;3,02866000;4;4;0;0;1;1;1;0;1;30;1;Indemne
202300022817;155 640 138;1;0;2;0;1;5;203 797 021;1;1;4;1;1989.0;0;8;12;9;2023;20;5;59;59328;2;2;1;3;50,64451000;3,02866000;4;4;0;0;1;1;1;0;1;30;1;Blessé léger
202300022817;155 640 138;1;0;2;0;1;5;203 797 021;1;1;4;1;1989.0;0;8;12;9;2023;20;5;59;59328;2;2;1;3;50,64451000;3,02866000;4;4;0;0;1;1;1;0;1;30;1;Blessé léger
202300022820;155 640 133;1;0;2;4;5;5;203 797 014;1;1;1;1;1976.0;2;0;15;11;2023;11;1;75;75119;2;2;1;2;48,88508400;2,38377300;4;1;1;0;1;1;1;0;1;30;2;Indemne
202300022820;155 640 133;1;0;2;4;5;5;203 797 016;5;2;4;1;2019.0;2;8;15;11;2023;11;1;75;75119;2;2;1;2;48,88508400;2,38377300;4;1;1;0;1;1;1;0;1;30;2;Blessé léger
202300022820;155 640 134;10;0;2;4;4;1;203 797 017;1;1;1;1;2000.0;4;1;15;11;2023;11;1;75;75119;2;2;1;2;48,88508400;2,38377300;4;1;1;0;1;1;1;0;1;30;2;Indemne
202300022821;155 640 128;7;0;2;2;20;1;203 797 009;1;1;1;2;1997.0;5;1;16;12;2023;16;1;36;36044;2;1;1;3;46,81739430;1,69703901;4;3;2;1;2;1;1;0;1;50;5;Indemne
202300022821;155 640 129;1;0;2;0;1;5;203 797 010;1;1;3;1;1974.0;4;2;16;12;2023;16;1;36;36044;2;1;1;3;46,81739430;1,69703901;4;3;2;1;2;1;1;0;1;50;5;Blessé hospitalisé
202300022824;155 640 124;1;0;2;8;17;5;203 797 002;1;1;4;2;2000.0;1;8;20;12;2023;08;1;35;35238;2;1;1;2;48,12558000; -1,69682000;4;3;2;2;1;1;1;0;1;50;2;Blessé léger
202300022824;155 640 125;7;0;2;1;1;1;203 797 004;1;1;1;1;2002.0;1;1;20;12;2023;08;1;35;35238;2;1;1;2;48,12558000; -1,69682000;4;3;2;2;1;1;1;0;1;50;2;Indemne
202300022824;155 640 125;7;0;2;1;1;1;203 797 005;2;2;1;1;2002.0;2;1;20;12;2023;08;1;35;35238;2;1;1;2;48,12558000; -1,69682000;4;3;2;2;1;1;1;0;1;50;2;Indemne
202300022834;155 640 108;7;0;2;2;1;1;203 796 980;1;1;1;2;2000.0;0;1;8;9;2023;21;5;57;57491;2;3;1;3;49,25177000;6,05154000;4;1;1;0;1;1;1;0;1;30;4;Indemne
202300022834;155 640 108;7;0;2;2;1;1;203 796 980;1;1;1;2;2000.0;0;1;8;9;2023;21;5;57;57491;2;3;1;3;49,25177000;6,05154000;4;2;2;0;2;1;1;0;1;30;4;Indemne
202300022834;155 640 109;1;0;2;8;5;5;203 796 982;1;1;4;1;2008.0;5;8;8;9;2023;21;5;57;57491;2;3;1;3;49,25177000;6,05154000;4;1;1;0;1;1;1;0;1;30;4;Blessé léger
202300022834;155 640 109;1;0;2;8;5;5;203 796 982;1;1;4;1;2008.0;5;8;8;9;2023;21;5;57;57491;2;3;1;3;49,25177000;6,05154000;4;2;2;0;2;1;1;0;1;30;4;Blessé léger
202300022841;155 640 096;1;0;2;1;9;5;203 796 964;1;1;4;1;2011.0;5;2;18;12;2023;10;1;21;21278;2;6;1;3;47,34704000;5,03491000;4;1;1;0;1;1;1;0;1;50;0;Blessé léger
202300022841;155 640 098;7;0;2;3;9;1;203 796 966;1;1;1;1;1954.0;5;1;18;12;2023;10;1;21;21278;2;6;1;3;47,34704000;5,03491000;4;1;1;0;1;1;1;0;1;50;0;Indemne
202300022844;155 640 090;50;0;2;2;26;3;203 796 956;1;1;1;1;1984.0;0;2;11;9;2023;19;2;54;54274;2;1;1;3;48,67120857;6,21171176;4;2;1;2;2;3;1;9;5;50;0;Indemne
202300022844;155 640 092;1;0;2;8;26;5;203 796 959;1;1;3;1;1968.0;0;2;11;9;2023;19;2;54;54274;2;1;1;3;48,67120857;6,21171176;4;2;1;2;2;3;1;9;5;50;0;Blessé hospitalisé
202300022853;155 640 075;10;0;2;2;16;1;203 796 936;1;1;1;1;1980.0;1;1;12;9;2023;08;1;51;51454;2;9;1;3;49,23670000;4,07110000;4;1;2;0;1;1;1;0;1;50;1;Indemne
202300022853;155 640 076;80;0;0;1;19;3;203 796 937;1;1;4;1;1975.0;1;0;12;9;2023;08;1;51;51454;2;9;1;3;49,23670000;4,07110000;4;1;2;0;1;1;1;0;1;50;1;Blessé léger
202300022857;155 640 068;7;0;9;3;2;1;203 796 930;1;1;1;1;1941.0;0;1;17;12;2023;08;1;07;07186;2;3;1;3;44,73619000;4,60125000;3;1;2;0;3;1;1;0;1;50;6;Indemne
202300022857;155 640 068;7;0;9;3;2;1;203 796 930;1;1;1;1;1941.0;0;1;17;12;2023;08;1;07;07186;2;3;1;3;44,73619000;4,60125000;3;2;2;0;3;2;1;0;1;50;6;Indemne
202300022857;155 640 070;1;0;2;1;1;5;203 796 931;1;1;4;1;1967.0;5;2;17;12;2023;08;1;07;07186;2;3;1;3;44,73619000;4,60125000;3;1;2;0;3;1;1;0;1;50;6;Blessé léger
202300022857;155 640 070;1;0;2;1;1;5;203 796 931;1;1;4;1;1967.0;5;2;17;12;2023;08;1;07;07186;2;3;1;3;44,73619000;4,60125000;3;2;2;0;3;2;1;0;1;50;6;Blessé léger
202300022872;155 640 041;7;0;2;2;15;1;203 796 895;1;1;1;1;1986.0;1;1;12;9;2023;18;1;38;38516;2;4;1;3;45,20782000;5,74152000;3;2;2;0;2;2;1;0;1;50;1;Indemne
202300022872;155 640 041;7;0;2;2;15;1;203 796 895;1;1;1;1;1986.0;1;1;12;9;2023;18;1;38;38516;2;4;1;3;45,20782000;5,74152000;3;2;2;0;2;1;1;0;8;50;1;Indemne
202300022872;155 640 042;1;0;2;1;2;5;203 796 896;1;1;3;2;1987.0;0;8;12;9;2023;18;1;38;38516;2;4;1;3;45,20782000;5,74152000;3;2;2;0;2;2;1;0;1;50;1;Blessé hospitalisé
202300022872;155 640 042;1;0;2;1;2;5;203 796 896;1;1;3;2;1987.0;0;8;12;9;2023;18;1;38;38516;2;4;1;3;45,20782000;5,74152000;3;2;2;0;2;1;1;0;8;50;1;Blessé hospitalisé
202300022891;155 640 011;80;0;1;1;1;3;203 796 853;1;1;1;2;1983.0;4;8;20;12;2023;17;5;75;75119;2;3;1;6;48,87635500;2,39312400;4;1;3;2;2;1;2;0;5;30;2;Indemne
202300022891;155 640 011;80;0;1;1;1;3;203 796 853;1;1;1;2;1983.0;4;8;20;12;2023;17;5;75;75119;2;3;1;6;48,87635500;2,39312400;4;1;1;0;2;1;2;0;5;30;2;Indemne
202300022891;155 640 011;80;0;1;1;1;3;203 796 858;10;3;4;2;1954.0;5;0;20;12;2023;17;5;75;75119;2;3;1;6;48,87635500;2,39312400;4;1;3;2;2;1;2;0;5;30;2;Blessé léger
202300022891;155 640 011;80;0;1;1;1;3;203 796 858;10;3;4;2;1954.0;5;0;20;12;2023;17;5;75;75119;2;3;1;6;48,87635500;2,39312400;4;1;1;0;2;1;2;0;5;30;2;Blessé léger
202300022893;155 640 006;1;0;1;1;1;5;203 796 844;1;1;1;2;1999.0;5;8;20;12;2023;16;2;75;75118;2;3;2;6;48,89041100;2,32660200;4;2;4;1;2;1;2;0;5;30;2;Indemne
202300022893;155 640 006;1;0;1;1;1;5;203 796 845;10;3;4;2;1953.0;5;0;20;12;2023;16;2;75;75118;2;3;2;6;48,89041100;2,32660200;4;2;4;1;2;1;2;0;5;30;2;Blessé léger
202300022895;155 639 999;7;0;2;1;1;1;203 796 835;1;1;1;1;1998.0;0;1;7;9;2023;08;1;30;30189;2;3;1;3;43,82933357;4,36694473;4;2;2;0;1;1;1;0;1;50;3;Indemne
202300022895;155 639 999;7;0;2;1;1;1;203 796 835;1;1;1;1;1998.0;0;1;7;9;2023;08;1;30;30189;2;3;1;3;43,82933357;4,36694473;4;1;1;0;1;1;1;0;1;50;3;Indemne
202300022895;155 640 000;1;0;2;1;1;5;203 796 837;1;1;3;1;1982.0;0;0;7;9;2023;08;1;30;30189;2;3;1;3;43,82933357;4,36694473;4;2;2;0;1;1;1;0;1;50;3;Blessé hospitalisé
202300022895;155 640 000;1;0;2;1;1;5;203 796 837;1;1;3;1;1982.0;0;0;7;9;2023;08;1;30;30189;2;3;1;3;43,82933357;4,36694473;4;1;1;0;1;1;1;0;1;50;3;Blessé hospitalisé
202300022897;155 639 998;10;0;2;4;4;1;203 796 836;1;1;1;1;1982.0;4;1;20;12;2023;12;1;75;75116;2;3;1;2;48,87439200;2,28285000;4;1;1;0;1;1;1;0;1;30;2;Indemne
202300022897;155 640 001;1;0;2;1;1;5;203 796 838;1;1;4;1;2000.0;5;8;20;12;2023;12;1;75;75116;2;3;1;2;48,87439200;2,28285000;4;1;1;0;1;1;1;0;1;30;2;Blessé léger
202300022907;155 639 982;7;0;2;1;15;1;203 796 812;1;1;1;1;1934.0;3;1;7;9;2023;09;1;19;19031;2;3;1;3;45,16473000;1,51318000;4;2;2;0;1;1;1;0;1;50;3;Indemne
202300022907;155 639 982;7;0;2;1;15;1;203 796 812;1;1;1;1;1934.0;3;1;7;9;2023;09;1;19;19031;2;3;1;3;45,16473000;1,51318000;4;2;2;0;1;1;1;0;1;50;3;Indemne
202300022907;155 639 983;1;0;2;1;1;5;203 796 813;1;1;4;2;1962.0;1;2;7;9;2023;09;1;19;19031;2;3;1;3;45,16473000;1,51318000;4;2;2;0;1;1;1;0;1;50;3;Blessé léger
202300022907;155 639 983;1;0;2;1;1;5;203 796 813;1;1;4;2;1962.0;1;2;7;9;2023;09;1;19;19031;2;3;1;3;45,16473000;1,51318000;4;2;2;0;1;1;1;0;1;50;3;Blessé léger
202300022913;155 639 976;80;0;2;1;13;3;203 796 800;1;1;1;1;2003.0;1;8;20;12;2023;00;5;75;75115;2;2;2;1;48,84442700;2,31769200;4;2;2;1;1;1;2;0;5;30;2;Indemne
202300022913;155 639 976;80;0;2;1;13;3;203 796 800;1;1;1;1;2003.0;1;8;20;12;2023;00;5;75;75115;2;2;2;1;48,84442700;2,31769200;4;1;1;0;1;1;2;0;5;30;2;Indemne
202300022913;155 639 977;80;0;2;1;1;3;203 796 804;1;1;4;2;1998.0;1;2;20;12;2023;00;5;75;75115;2;2;2;1;48,84442700;2,31769200;4;2;2;1;1;1;2;0;5;30;2;Blessé léger
202300022913;155 639 977;80;0;2;1;1;3;203 796 804;1;1;4;2;1998.0;1;2;20;12;2023;00;5;75;75115;2;2;2;1;48,84442700;2,31769200;4;1;1;0;1;1;2;0;5;30;2;Blessé léger
202300022923;155 639 959;1;0;1;1;1;5;203 796 778;1;1;1;1;2004.0;5;8;20;12;2023;14;1;75;75102;2;2;1;6;48,86411500;2,35013260;4;2;3;1;1;1;1;0;5;30;2;Indemne
202300022923;155 639 959;1;0;1;1;1;5;203 796 779;10;3;4;2;1970.0;5;0;20;12;2023;14;1;75;75102;2;2;1;6;48,86411500;2,35013260;4;2;3;1;1;1;1;0;5;30;2;Blessé léger
202300022944;155 639 921;10;0;0;0;16;1;203 796 726;1;1;1;2;1999.0;4;1;12;9;2023;07;1;75;75105;2;3;1;3;48,85375600;2,34429000;4;3;2;1;1;1;1;0;5;30;1;Indemne
202300022944;155 639 923;80;0;0;8;2;3;203 796 729;1;1;4;1;1972.0;1;2;12;9;2023;07;1;75;75105;2;3;1;3;48,85375600;2,34429000;4;3;2;1;1;1;1;0;5;30;1;Blessé léger
202300022945;155 639 918;7;0;2;2;2;4;203 796 723;1;1;1;1;1985.0;2;1;20;12;2023;08;2;92;92026;2;6;1;3;48,90255816;2,27459908;3;1;1;1;1;1;1;0;5;30;2;Indemne
202300022945;155 639 920;1;0;2;1;2;5;203 796 725;1;1;4;2;1964.0;1;2;20;12;2023;08;2;92;92026;2;6;1;3;48,90255816;2,27459908;3;1;1;1;1;1;1;0;5;30;2;Blessé léger
202300022951;155 639 908;1;0;1;1;2;5;203 796 712;10;3;4;1;2001.0;5;0;12;9;2023;16;1;75;75114;2;3;2;6;48,82878642;2,32774615;4;2;4;3;1;1;2;0;5;30;1;Blessé léger
202300022951;155 639 908;1;0;1;1;2;5;203 796 713;1;1;1;1;1972.0;1;8;12;9;2023;16;1;75;75114;2;3;2;6;48,82878642;2,32774615;4;2;4;3;1;1;2;0;5;30;1;Indemne
202300022957;155 639 895;7;0;0;8;9;2;203 796 697;1;1;1;2;1972.0;1;1;12;9;2023;18;1;75;75114;2;1;8;3;48,83830000;2,33200000;4;1;1;2;1;1;2;0;1;30;1;Indemne
202300022957;155 639 896;1;0;0;0;1;5;203 796 698;1;1;4;2;1989.0;1;8;12;9;2023;18;1;75;75114;2;1;8;3;48,83830000;2,33200000;4;1;1;2;1;1;2;0;1;30;1;Blessé léger
202300022960;155 639 887;1;0;2;8;6;5;203 796 688;1;1;4;1;1997.0;5;8;12;9;2023;11;1;75;75112;2;2;3;1;48,84348300;2,37069300;4;1;2;0;1;1;2;0;1;30;1;Blessé léger
202300022960;155 639 887;1;0;2;8;6;5;203 796 688;1;1;4;1;1997.0;5;8;12;9;2023;11;1;75;75112;2;2;3;1;48,84348300;2,37069300;4;2;2;1;1;1;2;0;1;30;1;Blessé léger
202300022960;155 639 888;7;0;2;1;15;2;203 796 689;1;1;1;1;1955.0;4;1;12;9;2023;11;1;75;75112;2;2;3;1;48,84348300;2,37069300;4;1;2;0;1;1;2;0;1;30;1;Indemne
202300022960;155 639 888;7;0;2;1;15;2;203 796 689;1;1;1;1;1955.0;4;1;12;9;2023;11;1;75;75112;2;2;3;1;48,84348300;2,37069300;4;2;2;1;1;1;2;0;1;30;1;Indemne
202300022972;155 639 863;50;0;2;4;1;3;203 796 652;1;1;4;2;1991.0;5;8;12;9;2023;18;1;75;75104;2;2;8;2;48,85594200;2,35796600;4;2;3;2;1;1;2;0;1;30;1;Blessé léger
202300022972;155 639 863;50;0;2;4;1;3;203 796 652;1;1;4;2;1991.0;5;8;12;9;2023;18;1;75;75104;2;2;8;2;48,85594200;2,35796600;4;1;2;1;1;1;2;0;1;30;1;Blessé léger
202300022972;155 639 864;80;0;2;1;1;3;203 796 653;1;1;4;1;2004.0;2;8;12;9;2023;18;1;75;75104;2;2;8;2;48,85594200;2,35796600;4;2;3;2;1;1;2;0;1;30;1;Blessé léger
202300022972;155 639 864;80;0;2;1;1;3;203 796 653;1;1;4;1;2004.0;2;8;12;9;2023;18;1;75;75104;2;2;8;2;48,85594200;2,35796600;4;1;2;1;1;1;2;0;1;30;1;Blessé léger
202300022991;155 639 828;80;12;0;1;13;3;203 796 611;1;1;3;1;1959.0;5;2;20;12;2023;10;1;29;29024;2;1;1;6;48,27129000; -3,57563700;4;2;2;0;1;1;2;0;1;50;2;Blessé hospitalisé
202300023006;155 639 805;1;0;5;8;1;5;203 796 579;1;1;4;1;1956.0;5;0;20;12;2023;15;1;85;85172;1;1;1;6;46,79862300; -1,97846300;3;2;2;0;1;1;1;0;1;80;2;Blessé léger
202300023021;155 639 778;7;0;9;7;1;1;203 796 547;1;1;1;2;1966.0;1;1;12;9;2023;07;1;84;84088;1;2;1;3;44,02218000;5,04741300;4;2;2;1;1;1;1;5;1;50;1;Indemne
202300023021;155 639 780;80;0;2;1;19;3;203 796 550;1;1;3;2;1967.0;5;0;12;9;2023;07;1;84;84088;1;2;1;3;44,02218000;5,04741300;4;2;2;1;1;1;1;5;1;50;1;Blessé hospitalisé
202300023027;155 639 764;7;0;2;3;1;1;203 796 528;1;1;1;1;1972.0;5;1;20;12;2023;19;5;971;97125;1;2;1;2;16,25627500; -61,28974200;2;2;2;0;2;1;1;0;1;80;2;Indemne
202300023027;155 639 764;7;0;2;3;1;1;203 796 528;1;1;1;1;1972.0;5;1;20;12;2023;19;5;971;97125;1;2;1;2;16,25627500; -61,28974200;2;2;2;0;1;1;1;0;1;80;2;Indemne
202300023027;155 639 767;1;0;2;5;15;5;203 796 531;1;1;2;1;1974.0;5;0;20;12;2023;19;5;971;97125;1;2;1;2;16,25627500; -61,28974200;2;2;2;0;2;1;1;0;1;80;2;Tué
202300023027;155 639 767;1;0;2;5;15;5;203 796 531;1;1;2;1;1974.0;5;0;20;12;2023;19;5;971;97125;1;2;1;2;16,25627500; -61,28974200;2;2;2;0;1;1;1;0;1;80;2;Tué
202300023035;155 639 748;37;0;9;2;1;1;203 796 496;1;1;1;1;1981.0;4;1;8;9;2023;08;1;59;59624;2;1;1;2;50,03165600;3,29432700;3;2;2;0;1;1;1;0;1;80;4;Indemne
202300023035;155 639 750;1;0;2;3;26;5;203 796 498;1;1;3;2;2001.0;5;2;8;9;2023;08;1;59;59624;2;1;1;2;50,03165600;3,29432700;3;2;2;0;1;1;1;0;1;80;4;Blessé hospitalisé
202300023046;155 639 727;1;0;0;0;1;5;203 796 473;1;1;2;2;1948.0;5;2;13;9;2023;12;1;2B;2B049;1;1;1;7;42,48969400;8,68460700;3;2;2;0;1;1;1;0;1;80;2;Tué
202300023051;155 639 719;7;0;9;1;2;1;203 796 461;1;1;1;1;1980.0;1;8;11;9;2023;06;3;22;22204;1;1;1;2;48,69626700; -3,21809000;3;2;2;0;1;1;1;0;1;80;0;Indemne
202300023051;155 639 721;1;0;0;4;2;5;203 796 463;1;1;3;1;1997.0;0;0;11;9;2023;06;3;22;22204;1;1;1;2;48,69626700; -3,21809000;3;2;2;0;1;1;1;0;1;80;0;Blessé hospitalisé
202300023052;155 639 718;1;0;2;1;1;5;203 796 460;1;1;3;1;1957.0;5;2;19;12;2023;16;1;69;69143;2;9;1;3;45,88633700;4,83137200;7;2;2;1;1;1;1;6;5;50;1;Blessé hospitalisé
202300023052;155 639 720;7;0;2;2;16;1;203 796 462;1;1;1;1;1969.0;3;1;19;12;2023;16;1;69;69143;2;9;1;3;45,88633700;4,83137200;7;2;2;1;1;1;1;6;5;50;1;Indemne
202300023059;155 639 706;1;0;0;0;1;5;203 796 447;1;1;2;1;1943.0;5;2;13;9;2023;14;1;84;84075;1;1;1;7;44,01313831;5,24676098;3;2;2;0;2;3;1;0;1;80;2;Tué
202300023060;155 639 705;1;0;2;1;2;5;203 796 446;1;1;3;2;1970.0;5;2;9;9;2023;12;1;84;84005;1;1;1;2;44,14215100;5,34137200;3;2;2;0;2;1;1;0;1;80;5;Blessé hospitalisé
202300023063;155 639 698;1;0;2;1;5;5;203 796 438;1;1;3;1;2011.0;5;0;12;9;2023;16;1;58;58147;2;1;1;1;47,15972300;3,38574700;4;2;2;0;2;3;1;0;1;50;1;Blessé hospitalisé
202300023063;155 639 700;7;0;2;3;1;1;203 796 440;1;1;1;2;1946.0;3;1;12;9;2023;16;1;58;58147;2;1;1;1;47,15972300;3,38574700;4;2;2;0;2;3;1;0;1;50;1;Indemne
202300023160;155 639 528;1;0;0;0;1;5;203 796 212;1;1;4;1;1972.0;9;8;13;10;2023;23;5;75;75119;2;3;2;3;48,88837600;2,37413600;4;1;3;1;1;1;2;5;5;30;4;Blessé léger
202300023160;155 639 528;1;0;0;0;1;5;203 796 212;1;1;4;1;1972.0;9;8;13;10;2023;23;5;75;75119;2;3;2;3;48,88837600;2,37413600;4;3;2;0;1;1;2;0;5;30;4;Blessé léger
202300023160;155 639 530;7;8;0;0;15;1;203 796 214;1;1;1;1;1981.0;9;1;13;10;2023;23;5;75;75119;2;3;2;3;48,88837600;2,37413600;4;1;3;1;1;1;2;5;5;30;4;Indemne
202300023160;155 639 530;7;8;0;0;15;1;203 796 214;1;1;1;1;1981.0;9;1;13;10;2023;23;5;75;75119;2;3;2;3;48,88837600;2,37413600;4;3;2;0;1;1;2;0;5;30;4;Indemne
202300023162;155 639 525;1;0;1;1;1;5;203 796 208;1;1;1;1;1999.0;1;8;12;10;2023;21;5;75;75116;2;1;1;6;48,86064700;2,24062900;4;1;1;1;1;1;1;0;5;30;3;Indemne
202300023162;155 639 525;1;0;1;1;1;5;203 796 209;10;3;4;1;1987.0;9;0;12;10;2023;21;5;75;75116;2;1;1;6;48,86064700;2,24062900;4;1;1;1;1;1;1;0;5;30;3;Blessé léger
202300023168;155 639 514;80;0;0;1;1;3;203 796 195;1;1;4;2;2001.0;1;8;13;10;2023;09;1;75;75115;2;1;1;7;48,83036400;2,29399300;4;1;2;1;2;1;1;0;5;50;4;Blessé léger
202300023172;155 639 507;7;0;9;2;2;1;203 796 188;1;1;1;2;1965.0;4;1;19;4;2023;16;1;74;74278;2;6;1;2;46,08233600;6,53827600;3;1;1;0;1;2;1;0;1;50;2;Indemne
202300023172;155 639 508;1;0;2;4;15;5;203 796 189;1;1;4;1;1970.0;5;2;19;4;2023;16;1;74;74278;2;6;1;2;46,08233600;6,53827600;3;1;1;0;1;2;1;0;1;50;2;Blessé léger