Num_Acc;id_vehicule;catv;obs;obsm;choc;manv;motor;id_usager;place;catu;grav;sexe;an_nais;trajet;secu1;jour;mois;an;hrmn;lum;dep;com;agg;int;atm;col;lat;long;catr;circ;nbv;vosp;prof;plan;surf;infra;situ;vma;day_of_week;gravity
202300023758;155 638 449;1;0;2;1;1;5;203 794 796;1;1;4;1;1992.0;5;8;3;8;2023;15;1;75;75103;2;2;2;1;48,86200500;2,36466400;4;1;1;0;1;1;2;0;1;30;3;Blessé léger
202300023758;155 638 451;7;0;2;1;15;1;203 794 798;1;1;1;1;1968.0;4;1;3;8;2023;15;1;75;75103;2;2;2;1;48,86200500;2,36466400;4;2;2;0;1;1;2;0;1;30;3;Indemne
202300023758;155 638 451;7;0;2;1;15;1;203 794 798;1;1;1;1;1968.0;4;1;3;8;2023;15;1;75;75103;2;2;2;1;48,86200500;2,36466400;4;1;1;0;1;1;2;0;1;30;3;Indemne
202300023765;155 638 436;80;0;2;1;19;3;203 794 774;1;1;4;2;1969.0;5;8;6;8;2023;11;1;94;94073;2;3;1;1;48,76643000;2,38648000;4;1;0;0;1;1;1;0;1;50;6;Blessé léger
202300023765;155 638 436;80;0;2;1;19;3;203 794 774;1;1;4;2;1969.0;5;8;6;8;2023;11;1;94;94073;2;3;1;1;48,76643000;2,38648000;4;2;2;0;1;1;1;0;1;50;6;Blessé léger
202300023765;155 638 438;7;0;2;2;23;0;203 794 776;1;1;1;1;1973.0;5;1;6;8;2023;11;1;94;94073;2;3;1;1;48,76643000;2,38648000;4;1;0;0;1;1;1;0;1;50;6;Indemne
202300023765;155 638 438;7;0;2;2;23;0;203 794 776;1;1;1;1;1973.0;5;1;6;8;2023;11;1;94;94073;2;3;1;1;48,76643000;2,38648000;4;2;2;0;1;1;1;0;1;50;6;Indemne
202300023784;155 638 406;7;0;9;2;15;1;203 794 731;1;1;1;1;1970.0;1;8;19;4;2023;06;2;02;02820;2;2;1;3;49,63111300;3,24316100;4;2;2;0;2;1;1;5;1;50;2;Indemne
202300023784;155 638 407;80;0;2;3;1;3;203 794 732;1;1;4;1;2003.0;1;0;19;4;2023;06;2;02;02820;2;2;1;3;49,63111300;3,24316100;4;2;2;0;2;1;1;5;1;50;2;Blessé léger
202300023792;155 638 391;10;0;2;7;2;1;203 794 712;1;1;1;1;1994.0;4;1;20;4;2023;09;1;50;50209;1;1;1;3;49,64525600; -1,45639100;3;2;2;0;1;1;1;0;1;80;3;Indemne
202300023792;155 638 393;1;0;0;8;2;5;203 794 715;1;1;4;1;1959.0;5;2;20;4;2023;09;1;50;50209;1;1;1;3;49,64525600; -1,45639100;3;2;2;0;1;1;1;0;1;80;3;Blessé léger
202300023804;155 638 368;7;0;2;7;1;1;203 794 677;1;1;1;1;1958.0;5;8;11;3;2023;11;1;01;01185;2;3;2;1;45,89348400;5,59763100;4;2;2;0;1;1;2;0;1;50;5;Indemne
202300023804;155 638 368;7;0;2;7;1;1;203 794 679;4;2;1;1;1975.0;5;8;11;3;2023;11;1;01;01185;2;3;2;1;45,89348400;5,59763100;4;2;2;0;1;1;2;0;1;50;5;Indemne
202300023804;155 638 368;7;0;2;7;1;1;203 794 682;2;2;1;1;1973.0;5;8;11;3;2023;11;1;01;01185;2;3;2;1;45,89348400;5,59763100;4;2;2;0;1;1;2;0;1;50;5;Indemne
202300023804;155 638 368;7;0;2;7;1;1;203 794 684;3;2;1;1;1978.0;5;8;11;3;2023;11;1;01;01185;2;3;2;1;45,89348400;5,59763100;4;2;2;0;1;1;2;0;1;50;5;Indemne
202300023804;155 638 368;7;0;2;7;1;1;203 794 685;2;2;1;1;1958.0;5;8;11;3;2023;11;1;01;01185;2;3;2;1;45,89348400;5,59763100;4;2;2;0;1;1;2;0;1;50;5;Indemne
202300023804;155 638 372;1;0;2;1;0;5;203 794 690;1;1;3;1;2011.0;5;0;11;3;2023;11;1;01;01185;2;3;2;1;45,89348400;5,59763100;4;2;2;0;1;1;2;0;1;50;5;Blessé hospitalisé
202300023823;155 638 333;7;0;9;2;1;1;203 794 628;1;1;4;2;1984.0;0;1;27;5;2023;13;1;973;97302;2;3;1;3;4,93739888; -52,32509288;4;2;2;0;1;1;1;0;1;50;5;Blessé léger
202300023823;155 638 334;1;0;2;8;19;5;203 794 629;1;1;4;1;2012.0;0;8;27;5;2023;13;1;973;97302;2;3;1;3;4,93739888; -52,32509288;4;2;2;0;1;1;1;0;1;50;5;Blessé léger
202300023840;155 638 306;1;0;2;1;1;5;203 794 594;1;1;4;1;1993.0;1;2;5;8;2023;06;1;92;92035;2;3;1;3;48,90543000;2,24437000;4;1;1;1;1;1;1;0;1;30;5;Blessé léger
202300023840;155 638 306;1;0;2;1;1;5;203 794 594;1;1;4;1;1993.0;1;2;5;8;2023;06;1;92;92035;2;3;1;3;48,90543000;2,24437000;4;2;2;1;1;1;1;0;1;30;5;Blessé léger
202300023840;155 638 310;3;0;9;3;1;1;203 794 599;1;1;1;1;1982.0;0;1;5;8;2023;06;1;92;92035;2;3;1;3;48,90543000;2,24437000;4;1;1;1;1;1;1;0;1;30;5;Indemne
202300023840;155 638 310;3;0;9;3;1;1;203 794 599;1;1;1;1;1982.0;0;1;5;8;2023;06;1;92;92035;2;3;1;3;48,90543000;2,24437000;4;2;2;1;1;1;1;0;1;30;5;Indemne
202300023845;155 638 296;7;0;2;3;15;1;203 794 581;1;1;1;1;1992.0;0;1;9;3;2023;08;1;69;69388;2;2;1;3;45,72756000;4,86198000;4;2;2;2;1;1;1;0;1;50;3;Indemne
202300023845;155 638 296;7;0;2;3;15;1;203 794 581;1;1;1;1;1992.0;0;1;9;3;2023;08;1;69;69388;2;2;1;3;45,72756000;4,86198000;4;2;2;2;1;1;1;0;1;50;3;Indemne
202300023845;155 638 300;1;0;2;8;1;5;203 794 583;1;1;3;1;1998.0;1;8;9;3;2023;08;1;69;69388;2;2;1;3;45,72756000;4,86198000;4;2;2;2;1;1;1;0;1;50;3;Blessé hospitalisé
202300023845;155 638 300;1;0;2;8;1;5;203 794 583;1;1;3;1;1998.0;1;8;9;3;2023;08;1;69;69388;2;2;1;3;45,72756000;4,86198000;4;2;2;2;1;1;1;0;1;50;3;Blessé hospitalisé
202300023854;155 638 282;1;0;2;1;1;5;203 794 561;1;1;4;1;1978.0;0;8;3;8;2023;21;5;92;92009;2;3;2;3;48,91387145;2,27363527;3;1;1;0;1;1;2;0;1;50;3;Blessé léger
202300023854;155 638 282;1;0;2;1;1;5;203 794 561;1;1;4;1;1978.0;0;8;3;8;2023;21;5;92;92009;2;3;2;3;48,91387145;2,27363527;3;1;1;0;1;1;2;0;1;50;3;Blessé léger
202300023854;155 638 285;7;0;2;2;15;1;203 794 565;1;1;1;2;1979.0;0;1;3;8;2023;21;5;92;92009;2;3;2;3;48,91387145;2,27363527;3;1;1;0;1;1;2;0;1;50;3;Indemne
202300023854;155 638 285;7;0;2;2;15;1;203 794 565;1;1;1;2;1979.0;0;1;3;8;2023;21;5;92;92009;2;3;2;3;48,91387145;2,27363527;3;1;1;0;1;1;2;0;1;50;3;Indemne
202300023857;155 638 278;10;0;2;6;9;1;203 794 556;1;1;1;1;1984.0;4;8;3;8;2023;19;1;92;92004;2;1;2;2;48,91387000;2,28347000;3;2;2;0;1;1;2;0;1;50;3;Indemne
202300023857;155 638 280;80;0;2;1;1;3;203 794 558;1;1;4;1;2002.0;0;8;3;8;2023;19;1;92;92004;2;1;2;2;48,91387000;2,28347000;3;2;2;0;1;1;2;0;1;50;3;Blessé léger
202300023873;155 638 252;1;0;2;7;19;5;203 794 517;1;1;4;2;2002.0;1;8;26;5;2023;18;1;69;69264;2;1;7;3;45,98496000;4,73038000;3;2;2;2;1;1;1;0;1;50;4;Blessé léger
202300023873;155 638 256;7;0;2;1;1;1;203 794 522;1;1;1;1;1947.0;5;1;26;5;2023;18;1;69;69264;2;1;7;3;45,98496000;4,73038000;3;2;2;2;1;1;1;0;1;50;4;Indemne
202300023888;155 638 229;7;0;2;1;1;1;203 794 476;1;1;1;1;2003.0;5;1;27;5;2023;16;1;67;67218;2;3;1;3;48,51250000;7,71810000;7;2;2;0;1;1;1;0;5;50;5;Indemne
202300023888;155 638 229;7;0;2;1;1;1;203 794 476;1;1;1;1;2003.0;5;1;27;5;2023;16;1;67;67218;2;3;1;3;48,51250000;7,71810000;7;2;4;2;1;1;1;0;5;50;5;Indemne
202300023888;155 638 233;1;0;2;7;19;5;203 794 482;1;1;4;1;1968.0;0;8;27;5;2023;16;1;67;67218;2;3;1;3;48,51250000;7,71810000;7;2;2;0;1;1;1;0;5;50;5;Blessé léger
202300023888;155 638 233;1;0;2;7;19;5;203 794 482;1;1;4;1;1968.0;0;8;27;5;2023;16;1;67;67218;2;3;1;3;48,51250000;7,71810000;7;2;4;2;1;1;1;0;5;50;5;Blessé léger
202300023894;155 638 221;10;0;2;3;16;1;203 794 465;1;1;1;1;1960.0;0;1;27;5;2023;10;1;67;67267;2;3;1;3;48,56377000;7,68967000;4;2;2;0;1;1;1;0;5;50;5;Indemne
202300023894;155 638 221;10;0;2;3;16;1;203 794 465;1;1;1;1;1960.0;0;1;27;5;2023;10;1;67;67267;2;3;1;3;48,56377000;7,68967000;4;2;1;1;1;1;1;0;5;50;5;Indemne
202300023894;155 638 225;1;0;2;7;0;5;203 794 472;1;1;4;1;2005.0;5;8;27;5;2023;10;1;67;67267;2;3;1;3;48,56377000;7,68967000;4;2;2;0;1;1;1;0;5;50;5;Blessé léger
202300023894;155 638 225;1;0;2;7;0;5;203 794 472;1;1;4;1;2005.0;5;8;27;5;2023;10;1;67;67267;2;3;1;3;48,56377000;7,68967000;4;2;1;1;1;1;1;0;5;50;5;Blessé léger
202300023916;155 638 184;7;0;2;3;9;1;203 794 406;1;1;1;1;1949.0;5;1;9;3;2023;07;2;65;65440;2;6;1;3;43,24095000;0,07364300;3;2;2;0;1;1;1;0;1;50;3;Indemne
202300023916;155 638 188;1;0;2;1;1;5;203 794 411;1;1;3;1;1977.0;1;8;9;3;2023;07;2;65;65440;2;6;1;3;43,24095000;0,07364300;3;2;2;0;1;1;1;0;1;50;3;Blessé hospitalisé
202300023922;155 638 174;1;0;2;7;14;5;203 794 394;1;1;4;1;1936.0;5;2;1;8;2023;10;1;63;63001;1;6;1;3;46,00945200;3,19727900;3;1;2;0;1;2;1;5;1;90;1;Blessé léger
202300023922;155 638 176;7;0;2;6;1;1;203 794 397;1;1;1;1;1956.0;5;1;1;8;2023;10;1;63;63001;1;6;1;3;46,00945200;3,19727900;3;1;2;0;1;2;1;5;1;90;1;Indemne
202300023957;155 638 117;7;0;2;2;1;1;203 794 303;1;1;1;2;1964.0;4;1;9;3;2023;09;1;59;59350;2;1;2;2;50,63650000;3,03691000;7;2;4;1;2;1;2;2;1;50;3;Indemne
202300023957;155 638 119;1;0;2;4;11;5;203 794 308;1;1;4;1;1994.0;0;8;9;3;2023;09;1;59;59350;2;1;2;2;50,63650000;3,03691000;7;2;4;1;2;1;2;2;1;50;3;Blessé léger
202300023960;155 638 109;14;0;2;2;16;1;203 794 292;1;1;1;1;1962.0;4;8;8;3;2023;15;1;59;59350;2;9;2;3;50,62197000;3,08866000;7;2;3;2;1;1;2;0;5;50;2;Indemne
202300023960;155 638 112;1;0;2;1;1;5;203 794 295;1;1;2;2;1991.0;9;8;8;3;2023;15;1;59;59350;2;9;2;3;50,62197000;3,08866000;7;2;3;2;1;1;2;0;5;50;2;Tué
202300023970;155 638 092;1;13;0;4;2;5;203 794 262;1;1;3;1;1948.0;5;0;26;1;2023;07;3;44;44066;1;1;2;2;47,35251800; -1,65925700;3;2;2;0;1;1;2;0;1;80;3;Blessé hospitalisé
202300023970;155 638 095;7;0;2;2;2;1;203 794 264;1;1;1;1;1989.0;1;1;26;1;2023;07;3;44;44066;1;1;2;2;47,35251800; -1,65925700;3;2;2;0;1;1;2;0;1;80;3;Indemne
202300023988;155 638 066;1;0;2;0;9;5;203 794 228;1;1;4;1;1973.0;0;8;9;3;2023;19;5;37;37261;2;4;1;3;47,39656000;0,70358000;4;1;1;0;1;3;1;0;1;30;3;Blessé léger
202300023988;155 638 066;1;0;2;0;9;5;203 794 228;1;1;4;1;1973.0;0;8;9;3;2023;19;5;37;37261;2;4;1;3;47,39656000;0,70358000;4;2;4;0;1;1;1;9;1;50;3;Blessé léger
202300023988;155 638 071;7;0;2;2;9;1;203 794 233;1;1;1;1;1994.0;5;1;9;3;2023;19;5;37;37261;2;4;1;3;47,39656000;0,70358000;4;1;1;0;1;3;1;0;1;30;3;Indemne
202300023988;155 638 071;7;0;2;2;9;1;203 794 233;1;1;1;1;1994.0;5;1;9;3;2023;19;5;37;37261;2;4;1;3;47,39656000;0,70358000;4;2;4;0;1;1;1;9;1;50;3;Indemne
202300024015;155 638 016;7;0;2;3;1;1;203 794 159;1;1;1;1;1974.0;0;1;9;3;2023;18;1;33;33192;2;4;2;3;44,76910000; -0,59709000;4;1;1;0;2;3;2;9;1;30;3;Indemne
202300024015;155 638 016;7;0;2;3;1;1;203 794 159;1;1;1;1;1974.0;0;1;9;3;2023;18;1;33;33192;2;4;2;3;44,76910000; -0,59709000;4;2;2;0;2;2;2;0;1;30;3;Indemne
202300024015;155 638 019;1;0;2;1;15;5;203 794 164;1;1;4;1;2008.0;0;2;9;3;2023;18;1;33;33192;2;4;2;3;44,76910000; -0,59709000;4;1;1;0;2;3;2;9;1;30;3;Blessé léger
202300024015;155 638 019;1;0;2;1;15;5;203 794 164;1;1;4;1;2008.0;0;2;9;3;2023;18;1;33;33192;2;4;2;3;44,76910000; -0,59709000;4;2;2;0;2;2;2;0;1;30;3;Blessé léger
202300024030;155 637 989;14;0;2;7;16;1;203 794 124;1;1;1;1;1980.0;4;1;25;1;2023;08;1;69;69387;2;3;1;3;45,73136000;4,83361000;4;2;3;3;1;1;1;0;1;30;2;Indemne
202300024030;155 637 989;14;0;2;7;16;1;203 794 124;1;1;1;1;1980.0;4;1;25;1;2023;08;1;69;69387;2;3;1;3;45,73136000;4,83361000;4;2;2;3;1;1;1;0;1;30;2;Indemne
202300024030;155 637 991;1;0;2;3;1;5;203 794 126;1;1;4;2;2002.0;0;8;25;1;2023;08;1;69;69387;2;3;1;3;45,73136000;4,83361000;4;2;3;3;1;1;1;0;1;30;2;Blessé léger
202300024030;155 637 991;1;0;2;3;1;5;203 794 126;1;1;4;2;2002.0;0;8;25;1;2023;08;1;69;69387;2;3;1;3;45,73136000;4,83361000;4;2;2;3;1;1;1;0;1;30;2;Blessé léger
202300024031;155 637 987;80;0;2;4;1;3;203 794 122;1;1;4;1;1987.0;1;2;7;3;2023;08;1;29;29019;2;6;2;2;48,40776231; -4,51321274;4;1;1;0;1;2;2;5;1;50;1;Blessé léger
202300024031;155 637 990;7;0;2;1;9;1;203 794 125;1;1;1;1;1946.0;5;1;7;3;2023;08;1;29;29019;2;6;2;2;48,40776231; -4,51321274;4;1;1;0;1;2;2;5;1;50;1;Indemne
202300024067;155 637 919;1;0;2;2;1;5;203 794 025;1;1;4;1;1986.0;9;2;9;3;2023;11;1;75;75118;2;2;1;3;48,88835000;2,34961100;4;2;4;0;1;1;1;0;1;30;3;Blessé léger
202300024067;155 637 919;1;0;2;2;1;5;203 794 025;1;1;4;1;1986.0;9;2;9;3;2023;11;1;75;75118;2;2;1;3;48,88835000;2,34961100;4;2;1;0;1;1;1;0;1;30;3;Blessé léger
202300024067;155 637 923;30;0;2;1;1;1;203 794 030;1;1;1;1;1980.0;9;2;9;3;2023;11;1;75;75118;2;2;1;3;48,88835000;2,34961100;4;2;4;0;1;1;1;0;1;30;3;Indemne
202300024067;155 637 923;30;0;2;1;1;1;203 794 030;1;1;1;1;1980.0;9;2;9;3;2023;11;1;75;75118;2;2;1;3;48,88835000;2,34961100;4;2;1;0;1;1;1;0;1;30;3;Indemne
202300024070;155 637 909;1;0;2;1;16;5;203 794 012;2;2;4;2;2007.0;5;8;27;5;2023;21;5;75;75105;2;3;1;1;48,85137500;2,34320200;4;1;3;3;1;1;1;8;1;30;5;Blessé léger
202300024070;155 637 909;1;0;2;1;16;5;203 794 012;2;2;4;2;2007.0;5;8;27;5;2023;21;5;75;75105;2;3;1;1;48,85137500;2,34320200;4;1;2;0;1;1;1;0;1;30;5;Blessé léger
202300024070;155 637 909;1;0;2;1;16;5;203 794 014;1;1;4;1;2006.0;5;8;27;5;2023;21;5;75;75105;2;3;1;1;48,85137500;2,34320200;4;1;3;3;1;1;1;8;1;30;5;Blessé léger
202300024070;155 637 909;1;0;2;1;16;5;203 794 014;1;1;4;1;2006.0;5;8;27;5;2023;21;5;75;75105;2;3;1;1;48,85137500;2,34320200;4;1;2;0;1;1;1;0;1;30;5;Blessé léger
202300024070;155 637 913;7;0;2;1;1;1;203 794 017;1;1;1;1;1959.0;4;1;27;5;2023;21;5;75;75105;2;3;1;1;48,85137500;2,34320200;4;1;3;3;1;1;1;8;1;30;5;Indemne
202300024070;155 637 913;7;0;2;1;1;1;203 794 017;1;1;1;1;1959.0;4;1;27;5;2023;21;5;75;75105;2;3;1;1;48,85137500;2,34320200;4;1;2;0;1;1;1;0;1;30;5;Indemne
202300024080;155 637 893;10;0;2;2;1;1;203 793 976;1;1;1;1;1974.0;9;1;8;3;2023;09;1;75;75114;2;2;8;1;48,82304200;2,32548800;4;2;4;0;1;1;2;0;1;50;2;Indemne
202300024080;155 637 893;10;0;2;2;1;1;203 793 976;1;1;1;1;1974.0;9;1;8;3;2023;09;1;75;75114;2;2;8;1;48,82304200;2,32548800;4;3;8;0;1;1;2;0;1;50;2;Indemne
202300024080;155 637 896;80;0;2;3;5;3;203 793 979;1;1;4;2;1974.0;9;2;8;3;2023;09;1;75;75114;2;2;8;1;48,82304200;2,32548800;4;2;4;0;1;1;2;0;1;50;2;Blessé léger
202300024080;155 637 896;80;0;2;3;5;3;203 793 979;1;1;4;2;1974.0;9;2;8;3;2023;09;1;75;75114;2;2;8;1;48,82304200;2,32548800;4;3;8;0;1;1;2;0;1;50;2;Blessé léger
202300024096;155 637 862;1;2;0;1;0;5;203 793 942;1;1;3;1;1979.0;5;0;4;8;2023;16;1;42;42302;1;1;1;2;45,48324400;4,45983200;4;2;2;0;2;2;2;0;1;50;4;Blessé hospitalisé
202300024096;155 637 866;1;2;0;1;0;5;203 793 946;1;1;4;1;1977.0;5;0;4;8;2023;16;1;42;42302;1;1;1;2;45,48324400;4,45983200;4;2;2;0;2;2;2;0;1;50;4;Blessé léger
202300024107;155 637 846;1;0;2;8;18;5;203 793 921;1;1;1;2;1971.0;9;2;9;3;2023;09;1;75;75111;2;3;8;3;48,85545165;2,37047732;4;1;2;0;1;1;2;0;1;30;3;Indemne
202300024107;155 637 849;50;1;2;1;1;3;203 793 927;1;1;4;1;1971.0;9;2;9;3;2023;09;1;75;75111;2;3;8;3;48,85545165;2,37047732;4;1;2;0;1;1;2;0;1;30;3;Blessé léger
202300024119;155 637 823;80;0;2;8;1;3;203 793 890;1;1;3;2;1957.0;3;0;19;1;2023;10;1;35;35288;2;2;1;3;48,66261000; -1,98333000;4;2;2;0;1;1;1;0;1;30;3;Blessé hospitalisé
202300024119;155 637 823;80;0;2;8;1;3;203 793 890;1;1;3;2;1957.0;3;0;19;1;2023;10;1;35;35288;2;2;1;3;48,66261000; -1,98333000;4;2;2;0;1;1;1;0;1;50;3;Blessé hospitalisé
202300024119;155 637 824;7;0;2;2;19;1;203 793 891;1;1;1;2;1946.0;5;1;19;1;2023;10;1;35;35288;2;2;1;3;48,66261000; -1,98333000;4;2;2;0;1;1;1;0;1;30;3;Indemne
202300024119;155 637 824;7;0;2;2;19;1;203 793 891;1;1;1;2;1946.0;5;1;19;1;2023;10;1;35;35288;2;2;1;3;48,66261000; -1,98333000;4;2;2;0;1;1;1;0;1;50;3;Indemne
202300024128;155 637 807;7;0;9;1;1;6;203 793 870;1;1;1;1;1947.0;5;1;2;8;2023;10;1;34;34074;2;1;1;1;43,45163800;3,05061000;4;2;2;0;1;2;1;0;1;50;2;Indemne
202300024128;155 637 809;1;0;2;1;1;5;203 793 874;1;1;4;1;1950.0;5;2;2;8;2023;10;1;34;34074;2;1;1;1;43,45163800;3,05061000;4;2;2;0;1;2;1;0;1;50;2;Blessé léger
202300024133;155 637 797;1;0;2;1;1;5;203 793 855;1;1;4;2;1995.0;9;2;14;11;2023;08;1;75;75118;2;2;8;3;48,88835200;2,34958400;4;2;6;1;1;1;2;0;1;30;1;Blessé léger
202300024133;155 637 801;10;0;2;3;1;1;203 793 863;1;1;1;1;1996.0;1;1;14;11;2023;08;1;75;75118;2;2;8;3;48,88835200;2,34958400;4;2;6;1;1;1;2;0;1;30;1;Indemne
202300024134;155 637 796;80;0;0;0;21;3;203 793 854;1;1;4;1;1954.0;1;2;8;3;2023;09;1;75;75101;2;1;2;7;48,85668000;2,34835000;4;2;2;2;1;1;2;6;5;25;2;Blessé léger
202300024146;155 637 776;7;0;2;6;23;1;203 793 822;1;1;1;1;1968.0;5;1;27;5;2023;11;1;92;92048;2;4;1;2;48,80875623;2,24462762;4;2;2;0;2;2;1;0;1;50;5;Indemne
202300024146;155 637 776;7;0;2;6;23;1;203 793 822;1;1;1;1;1968.0;5;1;27;5;2023;11;1;92;92048;2;4;1;2;48,80875623;2,24462762;4;2;2;0;1;1;1;0;1;50;5;Indemne
202300024146;155 637 777;1;0;2;1;1;5;203 793 825;1;1;4;1;1953.0;5;8;27;5;2023;11;1;92;92048;2;4;1;2;48,80875623;2,24462762;4;2;2;0;2;2;1;0;1;50;5;Blessé léger
202300024146;155 637 777;1;0;2;1;1;5;203 793 825;1;1;4;1;1953.0;5;8;27;5;2023;11;1;92;92048;2;4;1;2;48,80875623;2,24462762;4;2;2;0;1;1;1;0;1;50;5;Blessé léger
202300024170;155 637 739;7;0;2;2;16;1;203 793 772;1;1;1;1;1965.0;5;1;15;11;2023;09;1;75;75107;2;2;1;3;48,86282800;2,31346600;4;2;2;1;1;1;1;0;5;30;2;Indemne
202300024170;155 637 740;1;0;2;1;1;5;203 793 774;1;1;4;2;1999.0;1;8;15;11;2023;09;1;75;75107;2;2;1;3;48,86282800;2,31346600;4;2;2;1;1;1;1;0;5;30;2;Blessé léger
202300024187;155 637 712;1;0;2;8;1;5;203 793 733;1;1;4;2;1984.0;0;2;9;3;2023;08;1;92;92072;2;1;1;1;48,82422000;2,21254000;3;1;2;2;1;1;2;5;5;50;3;Blessé léger
202300024187;155 637 716;7;0;9;1;16;1;203 793 737;1;1;1;1;1994.0;1;1;9;3;2023;08;1;92;92072;2;1;1;1;48,82422000;2,21254000;3;1;2;2;1;1;2;5;5;50;3;Indemne
202300024189;155 637 709;7;0;2;3;26;0;203 793 730;1;1;1;1;1996.0;0;1;14;11;2023;19;5;94;94015;2;1;2;1;48,83134500;2,51677600;4;2;2;0;1;1;2;6;1;30;1;Indemne
202300024189;155 637 711;1;0;2;1;21;5;203 793 732;1;1;4;1;1963.0;0;2;14;11;2023;19;5;94;94015;2;1;2;1;48,83134500;2,51677600;4;2;2;0;1;1;2;6;1;30;1;Blessé léger
202300024222;155 637 656;14;0;9;1;1;1;203 793 652;1;1;1;1;1964.0;4;8;7;3;2023;17;2;972;97223;2;4;1;1;14,55846500; -60,94280400;3;2;2;0;1;1;1;0;1;50;1;Indemne
202300024222;155 637 657;1;0;2;1;19;5;203 793 653;1;1;2;1;2007.0;5;0;7;3;2023;17;2;972;97223;2;4;1;1;14,55846500; -60,94280400;3;2;2;0;1;1;1;0;1;50;1;Tué
202300024234;155 637 635;1;0;2;7;1;5;203 793 620;1;1;4;1;1939.0;0;2;26;1;2023;17;2;93;93073;2;2;2;3;48,95288000;2,58949000;4;2;2;0;1;1;2;0;1;50;3;Blessé léger
202300024234;155 637 635;1;0;2;7;1;5;203 793 620;1;1;4;1;1939.0;0;2;26;1;2023;17;2;93;93073;2;2;2;3;48,95288000;2,58949000;4;2;2;0;1;1;2;0;1;50;3;Blessé léger
202300024234;155 637 637;7;0;2;1;1;1;203 793 622;1;1;1;2;1961.0;4;8;26;1;2023;17;2;93;93073;2;2;2;3;48,95288000;2,58949000;4;2;2;0;1;1;2;0;1;50;3;Indemne
202300024234;155 637 637;7;0;2;1;1;1;203 793 622;1;1;1;2;1961.0;4;8;26;1;2023;17;2;93;93073;2;2;2;3;48,95288000;2,58949000;4;2;2;0;1;1;2;0;1;50;3;Indemne
202300024250;155 637 606;1;0;2;7;2;5;203 793 574;1;1;4;1;1965.0;0;2;26;1;2023;07;2;93;93006;2;2;1;3;48,87425000;2,42804000;3;1;2;0;1;1;1;0;1;50;3;Blessé léger
202300024250;155 637 606;1;0;2;7;2;5;203 793 574;1;1;4;1;1965.0;0;2;26;1;2023;07;2;93;93006;2;2;1;3;48,87425000;2,42804000;3;2;2;2;1;1;1;0;1;50;3;Blessé léger
202300024250;155 637 607;7;0;2;1;16;1;203 793 578;1;1;1;1;1977.0;0;1;26;1;2023;07;2;93;93006;2;2;1;3;48,87425000;2,42804000;3;1;2;0;1;1;1;0;1;50;3;Indemne
202300024250;155 637 607;7;0;2;1;16;1;203 793 578;1;1;1;1;1977.0;0;1;26;1;2023;07;2;93;93006;2;2;1;3;48,87425000;2,42804000;3;2;2;2;1;1;1;0;1;50;3;Indemne
202300024273;155 637 566;1;0;2;1;1;5;203 793 521;1;1;2;1;1994.0;5;2;26;1;2023;19;3;51;51527;1;1;8;1;49,25804910;3,78746688;3;2;2;0;2;1;2;0;1;80;3;Tué
202300024273;155 637 568;7;0;9;3;17;3;203 793 525;1;1;1;2;1986.0;1;1;26;1;2023;19;3;51;51527;1;1;8;1;49,25804910;3,78746688;3;2;2;0;2;1;2;0;1;80;3;Indemne
202300024275;155 637 567;7;0;2;3;9;0;203 793 524;1;1;1;2;1995.0;1;1;15;11;2023;18;5;68;68145;2;1;1;3;48,08137800;7,39232400;3;2;2;2;1;1;1;0;5;50;2;Indemne
202300024275;155 637 570;1;0;2;7;2;5;203 793 528;1;1;3;1;1990.0;9;8;15;11;2023;18;5;68;68145;2;1;1;3;48,08137800;7,39232400;3;2;2;2;1;1;1;0;5;50;2;Blessé hospitalisé
202300024280;155 637 559;1;0;2;1;1;5;203 793 513;1;1;3;1;1970.0;5;2;28;5;2023;10;1;63;63239;2;1;1;3;45,70315800;3,35742800;3;2;2;0;1;1;1;0;1;50;6;Blessé hospitalisé
202300024280;155 637 562;7;0;2;2;15;1;203 793 516;1;1;1;1;1932.0;5;1;28;5;2023;10;1;63;63239;2;1;1;3;45,70315800;3,35742800;3;2;2;0;1;1;1;0;1;50;6;Indemne
202300024298;155 637 530;1;13;0;0;1;5;203 793 465;1;1;4;1;1944.0;5;2;26;1;2023;10;1;29;29062;1;1;1;6;48,16287600; -4,01139400;3;2;2;0;2;1;1;0;3;80;3;Blessé léger
202300024335;155 637 471;7;0;9;2;17;1;203 793 395;1;1;1;1;1948.0;5;1;28;5;2023;11;1;02;02382;1;1;1;3;49,85113200;3,20282100;3;2;2;0;1;1;1;0;1;80;6;Indemne
202300024335;155 637 474;1;0;2;3;1;5;203 793 399;1;1;3;2;1953.0;5;0;28;5;2023;11;1;02;02382;1;1;1;3;49,85113200;3,20282100;3;2;2;0;1;1;1;0;1;80;6;Blessé hospitalisé
202300024347;155 637 447;80;0;0;0;0;3;203 793 368;1;1;2;1;1965.0;5;0;26;1;2023;10;1;987;98749;2;9;1;7; -14,67300000; -144,89700000;4;2;2;0;1;1;1;0;1;30;3;Tué
202300024355;155 637 434;10;0;2;2;21;1;203 793 353;1;1;1;1;1966.0;1;1;15;11;2023;10;1;17;17003;1;6;1;2;46,10333700; -0,94054300;3;1;1;0;1;3;1;0;1;80;2;Indemne
202300024355;155 637 436;1;0;2;4;0;5;203 793 357;1;1;4;1;1966.0;5;2;15;11;2023;10;1;17;17003;1;6;1;2;46,10333700; -0,94054300;3;1;1;0;1;3;1;0;1;80;2;Blessé léger