Num_Acc;id_vehicule;catv;obs;obsm;choc;manv;motor;id_usager;place;catu;grav;sexe;an_nais;trajet;secu1;jour;mois;an;hrmn;lum;dep;com;agg;int;atm;col;lat;long;catr;circ;nbv;vosp;prof;plan;surf;infra;situ;vma;day_of_week;gravity
202300024389;155 637 376;7;0;2;2;0;1;203 793 267;2;2;1;1;1948.0;0;1;15;11;2023;18;3;84;84067;2;1;1;2;44,06874000;5,01973300;3;2;2;0;1;1;1;0;1;70;2;Indemne
202300024389;155 637 376;7;0;2;2;0;1;203 793 268;1;1;1;2;1955.0;0;1;15;11;2023;18;3;84;84067;2;1;1;2;44,06874000;5,01973300;3;2;2;0;1;1;1;0;1;70;2;Indemne
202300024389;155 637 379;1;0;0;4;0;5;203 793 272;1;1;3;1;1969.0;0;0;15;11;2023;18;3;84;84067;2;1;1;2;44,06874000;5,01973300;3;2;2;0;1;1;1;0;1;70;2;Blessé hospitalisé
202300024391;155 637 371;7;0;9;2;15;1;203 793 262;1;1;1;2;1975.0;3;1;10;3;2023;15;1;26;26220;2;9;1;1;44,36486300;5,12599600;3;2;2;0;2;1;1;5;1;50;4;Indemne
202300024391;155 637 373;1;0;2;1;1;5;203 793 265;1;1;3;1;1954.0;5;2;10;3;2023;15;1;26;26220;2;9;1;1;44,36486300;5,12599600;3;2;2;0;2;1;1;5;1;50;4;Blessé hospitalisé
202300024411;155 637 335;1;0;0;0;23;5;203 793 215;1;1;3;1;1953.0;0;2;9;3;2023;16;1;59;59497;1;2;2;7;50,71358400;2,37041800;3;2;2;0;1;1;2;0;1;50;3;Blessé hospitalisé
202300024445;155 637 280;1;0;0;0;21;5;203 793 145;1;1;3;1;1942.0;5;2;27;5;2023;09;1;38;38236;2;3;1;7;45,40484600;5,69200700;4;2;2;0;2;1;1;0;1;50;5;Blessé hospitalisé
202300024445;155 637 280;1;0;0;0;21;5;203 793 145;1;1;3;1;1942.0;5;2;27;5;2023;09;1;38;38236;2;3;1;7;45,40484600;5,69200700;4;2;2;0;1;2;1;0;1;50;5;Blessé hospitalisé
202300024460;155 637 253;7;0;2;3;1;1;203 793 103;1;1;1;2;1999.0;5;1;8;3;2023;10;1;91;91514;2;6;2;3;48,67817000;2,52710000;3;2;2;0;1;1;2;5;1;30;2;Indemne
202300024460;155 637 253;7;0;2;3;1;1;203 793 103;1;1;1;2;1999.0;5;1;8;3;2023;10;1;91;91514;2;6;2;3;48,67817000;2,52710000;3;2;2;0;1;1;2;0;1;50;2;Indemne
202300024460;155 637 255;1;0;2;2;1;5;203 793 107;1;1;4;1;1947.0;5;2;8;3;2023;10;1;91;91514;2;6;2;3;48,67817000;2,52710000;3;2;2;0;1;1;2;5;1;30;2;Blessé léger
202300024460;155 637 255;1;0;2;2;1;5;203 793 107;1;1;4;1;1947.0;5;2;8;3;2023;10;1;91;91514;2;6;2;3;48,67817000;2,52710000;3;2;2;0;1;1;2;0;1;50;2;Blessé léger
202300024467;155 637 236;1;0;2;6;2;5;203 793 082;1;1;4;1;1987.0;5;2;27;5;2023;16;1;22;22260;1;1;1;5;48,23746500; -2,90005800;3;2;2;0;2;1;1;0;1;80;5;Blessé léger
202300024467;155 637 238;1;0;2;5;2;5;203 793 085;1;1;4;1;1983.0;5;2;27;5;2023;16;1;22;22260;1;1;1;5;48,23746500; -2,90005800;3;2;2;0;2;1;1;0;1;80;5;Blessé léger
202300024467;155 637 241;10;0;2;2;2;1;203 793 089;1;1;1;1;1937.0;5;1;27;5;2023;16;1;22;22260;1;1;1;5;48,23746500; -2,90005800;3;2;2;0;2;1;1;0;1;80;5;Indemne
202300024493;155 637 189;1;0;2;7;1;5;203 793 012;1;1;4;1;1986.0;5;2;12;9;2023;12;1;84;84119;2;6;1;1;43,95688900;4,93085000;4;2;2;0;1;1;1;5;1;30;1;Blessé léger
202300024493;155 637 191;10;0;9;1;2;1;203 793 014;1;1;1;1;1967.0;4;1;12;9;2023;12;1;84;84119;2;6;1;1;43,95688900;4,93085000;4;2;2;0;1;1;1;5;1;30;1;Indemne
202300024500;155 637 175;7;0;2;7;1;1;203 792 996;1;1;1;1;2003.0;0;1;8;3;2023;10;1;67;67482;2;1;1;3;48,58228800;7,76529200;4;3;6;2;1;1;1;0;1;50;2;Indemne
202300024500;155 637 177;1;0;2;1;11;5;203 792 998;1;1;4;2;2004.0;0;8;8;3;2023;10;1;67;67482;2;1;1;3;48,58228800;7,76529200;4;3;6;2;1;1;1;0;1;50;2;Blessé léger
202300024527;155 637 116;1;0;1;1;1;5;203 792 919;1;1;1;2;2004.0;2;8;6;3;2023;13;1;51;51454;2;1;1;6;49,24503000;4,01696000;4;2;2;1;1;1;1;0;5;50;0;Indemne
202300024527;155 637 116;1;0;1;1;1;5;203 792 921;10;3;4;2;1952.0;5;0;6;3;2023;13;1;51;51454;2;1;1;6;49,24503000;4,01696000;4;2;2;1;1;1;1;0;5;50;0;Blessé léger
202300024537;155 637 097;1;0;2;7;1;5;203 792 897;1;1;3;2;1954.0;3;8;23;2;2023;17;1;73;73011;2;6;1;3;45,66703000;6,38151000;4;2;2;0;1;1;1;0;1;50;3;Blessé hospitalisé
202300024537;155 637 097;1;0;2;7;1;5;203 792 897;1;1;3;2;1954.0;3;8;23;2;2023;17;1;73;73011;2;6;1;3;45,66703000;6,38151000;4;2;2;0;1;2;1;0;1;50;3;Blessé hospitalisé
202300024537;155 637 104;7;0;2;1;1;1;203 792 905;1;1;1;2;1949.0;3;1;23;2;2023;17;1;73;73011;2;6;1;3;45,66703000;6,38151000;4;2;2;0;1;1;1;0;1;50;3;Indemne
202300024537;155 637 104;7;0;2;1;1;1;203 792 905;1;1;1;2;1949.0;3;1;23;2;2023;17;1;73;73011;2;6;1;3;45,66703000;6,38151000;4;2;2;0;1;2;1;0;1;50;3;Indemne
202300024539;155 637 095;7;0;9;1;15;1;203 792 894;1;1;1;1;1982.0;5;1;20;8;2023;12;1;74;74082;1;2;7;1;46,13696500;6,16130200;3;2;2;0;2;1;1;0;1;80;6;Indemne
202300024539;155 637 095;7;0;9;1;15;1;203 792 895;7;2;1;1;2018.0;5;1;20;8;2023;12;1;74;74082;1;2;7;1;46,13696500;6,16130200;3;2;2;0;2;1;1;0;1;80;6;Indemne
202300024539;155 637 095;7;0;9;1;15;1;203 792 898;9;2;1;2;1983.0;5;1;20;8;2023;12;1;74;74082;1;2;7;1;46,13696500;6,16130200;3;2;2;0;2;1;1;0;1;80;6;Indemne
202300024539;155 637 100;1;0;2;1;1;5;203 792 903;1;1;4;1;1972.0;5;2;20;8;2023;12;1;74;74082;1;2;7;1;46,13696500;6,16130200;3;2;2;0;2;1;1;0;1;80;6;Blessé léger
202300024545;155 637 082;7;0;2;3;15;1;203 792 878;1;1;1;2;1930.0;0;8;26;5;2023;14;1;69;69386;2;2;1;1;45,77110000;4,84850000;4;1;1;2;1;1;1;0;1;30;4;Indemne
202300024545;155 637 082;7;0;2;3;15;1;203 792 878;1;1;1;2;1930.0;0;8;26;5;2023;14;1;69;69386;2;2;1;1;45,77110000;4,84850000;4;1;1;2;1;1;1;0;5;30;4;Indemne
202300024545;155 637 084;1;0;2;3;23;0;203 792 882;1;1;4;1;1969.0;9;2;26;5;2023;14;1;69;69386;2;2;1;1;45,77110000;4,84850000;4;1;1;2;1;1;1;0;1;30;4;Blessé léger
202300024545;155 637 084;1;0;2;3;23;0;203 792 882;1;1;4;1;1969.0;9;2;26;5;2023;14;1;69;69386;2;2;1;1;45,77110000;4,84850000;4;1;1;2;1;1;1;0;5;30;4;Blessé léger
202300024549;155 637 074;7;0;2;7;19;1;203 792 870;1;1;1;1;1966.0;5;8;8;3;2023;15;1;38;38185;2;1;8;3;45,17147000;5,72414000;4;2;5;2;1;1;2;0;5;50;2;Indemne
202300024549;155 637 077;1;0;2;1;1;5;203 792 873;1;1;4;1;1964.0;1;8;8;3;2023;15;1;38;38185;2;1;8;3;45,17147000;5,72414000;4;2;5;2;1;1;2;0;5;50;2;Blessé léger
202300024554;155 637 065;1;0;0;0;0;5;203 792 861;1;1;3;2;1975.0;5;2;2;8;2023;09;1;74;74033;1;1;1;7;46,35237800;6,63893900;4;2;2;0;2;1;1;0;1;80;2;Blessé hospitalisé
202300024577;155 637 023;7;0;2;3;9;1;203 792 820;1;1;1;1;1945.0;3;1;8;3;2023;15;1;31;31483;2;6;1;3;43,09522000;0,73650000;3;1;2;0;1;3;1;0;1;50;2;Indemne
202300024577;155 637 023;7;0;2;3;9;1;203 792 820;1;1;1;1;1945.0;3;1;8;3;2023;15;1;31;31483;2;6;1;3;43,09522000;0,73650000;3;2;2;0;1;3;1;0;1;90;2;Indemne
202300024577;155 637 034;1;0;2;2;1;5;203 792 822;1;1;4;1;1958.0;5;2;8;3;2023;15;1;31;31483;2;6;1;3;43,09522000;0,73650000;3;1;2;0;1;3;1;0;1;50;2;Blessé léger
202300024577;155 637 034;1;0;2;2;1;5;203 792 822;1;1;4;1;1958.0;5;2;8;3;2023;15;1;31;31483;2;6;1;3;43,09522000;0,73650000;3;2;2;0;1;3;1;0;1;90;2;Blessé léger
202300024588;155 637 001;37;0;0;6;0;1;203 792 778;1;1;1;1;1979.0;4;1;26;5;2023;15;1;86;86194;2;1;1;7;46,59215300;0,34800800;3;2;2;0;1;1;1;0;1;50;4;Indemne
202300024588;155 637 002;1;0;2;1;1;5;203 792 779;1;1;4;1;2003.0;0;0;26;5;2023;15;1;86;86194;2;1;1;7;46,59215300;0,34800800;3;2;2;0;1;1;1;0;1;50;4;Blessé léger
202300024588;155 637 004;7;0;0;2;1;1;203 792 782;1;1;4;2;1989.0;0;1;26;5;2023;15;1;86;86194;2;1;1;7;46,59215300;0,34800800;3;2;2;0;1;1;1;0;1;50;4;Blessé léger
202300024591;155 636 995;1;0;2;8;13;5;203 792 771;1;1;2;2;1950.0;5;2;26;5;2023;13;1;83;83137;2;1;1;3;43,12830000;5,90052000;4;1;2;0;1;1;1;0;1;30;4;Tué
202300024591;155 636 996;17;0;9;7;1;1;203 792 772;1;1;1;1;1949.0;4;1;26;5;2023;13;1;83;83137;2;1;1;3;43,12830000;5,90052000;4;1;2;0;1;1;1;0;1;30;4;Indemne
202300024608;155 636 965;7;0;2;3;15;1;203 792 736;1;1;1;1;1962.0;5;1;19;4;2023;15;1;62;62765;2;3;1;3;50,75952000;2,27916000;3;2;2;0;1;1;1;0;1;50;2;Indemne
202300024608;155 636 967;1;0;2;1;1;5;203 792 738;1;1;4;1;1955.0;5;2;19;4;2023;15;1;62;62765;2;3;1;3;50,75952000;2,27916000;3;2;2;0;1;1;1;0;1;50;2;Blessé léger
202300024609;155 636 964;7;0;2;2;15;1;203 792 735;1;1;1;1;1972.0;1;1;14;11;2023;18;5;69;69388;2;2;2;1;45,72685111;4,88542132;4;2;2;2;1;1;2;0;5;30;1;Indemne
202300024609;155 636 964;7;0;2;2;15;1;203 792 735;1;1;1;1;1972.0;1;1;14;11;2023;18;5;69;69388;2;2;2;1;45,72685111;4,88542132;4;1;1;0;1;1;2;0;1;30;1;Indemne
202300024609;155 636 966;1;0;2;1;1;5;203 792 737;1;1;4;1;1989.0;9;2;14;11;2023;18;5;69;69388;2;2;2;1;45,72685111;4,88542132;4;2;2;2;1;1;2;0;5;30;1;Blessé léger
202300024609;155 636 966;1;0;2;1;1;5;203 792 737;1;1;4;1;1989.0;9;2;14;11;2023;18;5;69;69388;2;2;2;1;45,72685111;4,88542132;4;1;1;0;1;1;2;0;1;30;1;Blessé léger
202300024612;155 636 958;1;0;2;8;1;5;203 792 726;1;1;4;1;2007.0;5;2;11;7;2023;08;1;74;74173;2;9;1;6;45,85991300;6,63061400;3;2;2;0;2;1;1;0;1;50;1;Blessé léger
202300024612;155 636 959;7;0;9;2;15;1;203 792 727;1;1;1;1;2002.0;4;1;11;7;2023;08;1;74;74173;2;9;1;6;45,85991300;6,63061400;3;2;2;0;2;1;1;0;1;50;1;Indemne
202300024634;155 636 920;1;0;2;4;1;5;203 792 673;1;1;4;1;1970.0;5;8;11;9;2023;12;1;75;75118;2;4;1;2;48,88707500;2,34754300;4;1;1;0;1;1;1;0;1;50;0;Blessé léger
202300024634;155 636 921;10;0;2;1;1;1;203 792 674;1;1;1;1;1953.0;5;1;11;9;2023;12;1;75;75118;2;4;1;2;48,88707500;2,34754300;4;1;1;0;1;1;1;0;1;50;0;Indemne
202300024640;155 636 910;1;0;2;4;9;5;203 792 660;1;1;4;2;1975.0;3;8;19;12;2023;20;5;69;69275;2;1;1;2;45,74807000;4,93773000;4;2;2;0;1;1;1;0;1;50;1;Blessé léger
202300024640;155 636 911;7;0;2;1;1;1;203 792 661;1;1;1;1;1998.0;1;1;19;12;2023;20;5;69;69275;2;1;1;2;45,74807000;4,93773000;4;2;2;0;1;1;1;0;1;50;1;Indemne
202300024649;155 636 896;1;0;0;0;18;5;203 792 633;1;1;4;1;1970.0;1;8;11;9;2023;08;1;75;75109;2;1;1;7;48,87937200;2,33142700;4;1;0;0;1;1;1;0;1;30;0;Blessé léger
202300024651;155 636 891;1;12;0;1;25;5;203 792 628;1;1;4;2;2003.0;5;8;10;9;2023;23;5;75;75109;2;3;1;6;48,87148200;2,34308000;4;2;4;1;1;1;1;0;5;30;6;Blessé léger
202300024655;155 636 885;1;1;0;7;2;5;203 792 622;1;1;4;2;1977.0;5;8;11;9;2023;18;1;75;75107;2;1;1;3;48,85523500;2,29454900;4;2;2;0;1;1;1;0;1;30;0;Blessé léger
202300024655;155 636 886;7;0;2;8;20;1;203 792 623;1;1;1;1;1997.0;5;8;11;9;2023;18;1;75;75107;2;1;1;3;48,85523500;2,29454900;4;2;2;0;1;1;1;0;1;30;0;Indemne
202300024658;155 636 881;7;0;2;8;22;2;203 792 616;4;2;1;1;1970.0;5;8;11;9;2023;16;1;75;75101;2;1;1;3;48,86439100;2,34415700;4;1;2;1;1;1;1;0;1;30;0;Indemne
202300024658;155 636 881;7;0;2;8;22;2;203 792 617;1;1;1;1;1964.0;4;1;11;9;2023;16;1;75;75101;2;1;1;3;48,86439100;2,34415700;4;1;2;1;1;1;1;0;1;30;0;Indemne
202300024658;155 636 882;1;0;2;1;17;5;203 792 618;1;1;4;1;2003.0;5;8;11;9;2023;16;1;75;75101;2;1;1;3;48,86439100;2,34415700;4;1;2;1;1;1;1;0;1;30;0;Blessé léger
202300024662;155 636 876;80;12;0;0;20;3;203 792 610;1;1;3;2;1979.0;5;2;2;10;2023;12;1;87;87085;2;1;1;7;45,83590000;1,26952000;4;2;2;0;1;1;1;0;4;50;0;Blessé hospitalisé
202300024680;155 636 843;1;0;2;2;1;5;203 792 563;1;1;3;1;1946.0;0;8;12;11;2023;10;1;84;84007;2;6;1;3;43,93933000;4,82126000;4;2;2;0;1;1;1;5;1;50;6;Blessé hospitalisé
202300024680;155 636 843;1;0;2;2;1;5;203 792 563;1;1;3;1;1946.0;0;8;12;11;2023;10;1;84;84007;2;6;1;3;43,93933000;4,82126000;4;2;2;0;1;1;1;5;1;50;6;Blessé hospitalisé
202300024680;155 636 846;7;0;2;1;19;1;203 792 567;1;1;1;2;1968.0;0;1;12;11;2023;10;1;84;84007;2;6;1;3;43,93933000;4,82126000;4;2;2;0;1;1;1;5;1;50;6;Indemne
202300024680;155 636 846;7;0;2;1;19;1;203 792 567;1;1;1;2;1968.0;0;1;12;11;2023;10;1;84;84007;2;6;1;3;43,93933000;4,82126000;4;2;2;0;1;1;1;5;1;50;6;Indemne
202300024689;155 636 830;1;0;2;0;0;5;203 792 544;1;1;4;1;2011.0;2;8;19;12;2023;08;2;49;49007;2;1;1;3;47,47310000; -0,60237000;4;2;2;0;1;1;1;0;1;50;1;Blessé léger
202300024689;155 636 831;7;0;2;0;1;1;203 792 547;1;1;1;2;1971.0;0;1;19;12;2023;08;2;49;49007;2;1;1;3;47,47310000; -0,60237000;4;2;2;0;1;1;1;0;1;50;1;Indemne
202300024729;155 636 756;7;0;2;1;2;1;203 792 443;1;1;1;1;1994.0;0;1;14;11;2023;17;5;69;69256;2;1;2;3;45,74836704;4,92028606;7;2;2;3;1;1;2;0;1;50;1;Indemne
202300024729;155 636 758;1;0;2;8;11;5;203 792 445;1;1;4;1;1993.0;1;8;14;11;2023;17;5;69;69256;2;1;2;3;45,74836704;4,92028606;7;2;2;3;1;1;2;0;1;50;1;Blessé léger
202300024749;155 636 723;7;0;9;2;1;1;203 792 396;1;1;1;1;1970.0;1;1;13;11;2023;07;2;63;63300;1;9;1;3;45,90778000;3,09437000;3;2;2;2;2;3;2;0;1;70;0;Indemne
202300024749;155 636 727;1;0;2;2;1;5;203 792 400;1;1;4;1;1997.0;1;8;13;11;2023;07;2;63;63300;1;9;1;3;45,90778000;3,09437000;3;2;2;2;2;3;2;0;1;70;0;Blessé léger
202300024751;155 636 721;1;15;0;1;25;5;203 792 394;1;1;4;2;1998.0;5;8;19;12;2023;15;1;10;10387;2;1;1;7;48,29423000;4,07262000;4;1;1;0;1;1;1;9;4;50;1;Blessé léger
202300024768;155 636 697;1;0;2;8;1;5;203 792 362;1;1;4;1;1982.0;0;2;13;11;2023;18;5;56;56121;2;6;8;3;47,74780000; -3,36494000;4;4;2;3;1;1;2;5;6;30;0;Blessé léger
202300024768;155 636 697;1;0;2;8;1;5;203 792 362;1;1;4;1;1982.0;0;2;13;11;2023;18;5;56;56121;2;6;8;3;47,74780000; -3,36494000;4;1;1;0;1;1;2;5;6;30;0;Blessé léger
202300024768;155 636 699;7;0;2;1;9;1;203 792 364;1;1;1;1;1948.0;0;1;13;11;2023;18;5;56;56121;2;6;8;3;47,74780000; -3,36494000;4;4;2;3;1;1;2;5;6;30;0;Indemne
202300024768;155 636 699;7;0;2;1;9;1;203 792 364;1;1;1;1;1948.0;0;1;13;11;2023;18;5;56;56121;2;6;8;3;47,74780000; -3,36494000;4;1;1;0;1;1;2;5;6;30;0;Indemne
202300024771;155 636 693;1;0;2;0;0;5;203 792 356;1;1;4;2;2001.0;0;8;14;11;2023;18;5;54;54395;2;1;2;3;48,68841000;6,17341000;4;1;2;2;1;1;2;0;1;50;1;Blessé léger
202300024771;155 636 695;1;0;2;0;0;5;203 792 360;1;1;4;1;1972.0;0;8;14;11;2023;18;5;54;54395;2;1;2;3;48,68841000;6,17341000;4;1;2;2;1;1;2;0;1;50;1;Blessé léger
202300024776;155 636 683;7;0;2;1;16;1;203 792 342;1;1;1;1;1988.0;5;8;19;12;2023;19;5;75;75106;2;1;2;3;48,84523100;2,32521700;4;2;4;0;1;1;2;0;1;30;1;Indemne
202300024776;155 636 686;1;0;2;8;1;5;203 792 345;1;1;4;1;1960.0;5;8;19;12;2023;19;5;75;75106;2;1;2;3;48,84523100;2,32521700;4;2;4;0;1;1;2;0;1;30;1;Blessé léger
202300024786;155 636 668;1;0;2;1;1;5;203 792 323;1;1;4;1;2002.0;0;8;14;11;2023;08;2;51;51454;2;2;8;3;49,26516600;4,02896300;4;1;3;1;2;1;2;9;1;30;1;Blessé léger
202300024786;155 636 670;7;0;2;1;9;1;203 792 325;1;1;1;1;1982.0;0;1;14;11;2023;08;2;51;51454;2;2;8;3;49,26516600;4,02896300;4;1;3;1;2;1;2;9;1;30;1;Indemne
202300024794;155 636 650;1;0;2;1;1;5;203 792 303;1;1;4;2;1995.0;9;8;19;12;2023;12;1;75;75115;2;1;1;5;48,84046900;2,29075100;4;2;2;0;1;1;1;0;1;30;1;Blessé léger
202300024794;155 636 652;7;0;2;2;9;3;203 792 305;1;1;1;2;1973.0;9;1;19;12;2023;12;1;75;75115;2;1;1;5;48,84046900;2,29075100;4;2;2;0;1;1;1;0;1;30;1;Indemne
202300024794;155 636 654;33;0;2;1;1;1;203 792 308;1;1;4;1;1970.0;9;2;19;12;2023;12;1;75;75115;2;1;1;5;48,84046900;2,29075100;4;2;2;0;1;1;1;0;1;30;1;Blessé léger
202300024799;155 636 644;1;0;2;1;1;5;203 792 295;1;1;4;1;2003.0;5;2;19;12;2023;12;1;75;75115;2;3;1;3;48,84852800;2,28285800;4;2;4;1;1;1;1;0;5;30;1;Blessé léger
202300024799;155 636 646;7;0;2;5;16;1;203 792 297;1;1;1;2;1959.0;5;1;19;12;2023;12;1;75;75115;2;3;1;3;48,84852800;2,28285800;4;2;4;1;1;1;1;0;5;30;1;Indemne
202300024820;155 636 608;7;0;2;7;19;1;203 792 239;1;1;1;2;1972.0;1;1;11;9;2023;16;1;86;86294;2;2;1;3;46,63895600;0,16551100;3;2;1;0;1;1;1;0;1;50;0;Indemne
202300024820;155 636 608;7;0;2;7;19;1;203 792 239;1;1;1;2;1972.0;1;1;11;9;2023;16;1;86;86294;2;2;1;3;46,63895600;0,16551100;3;2;1;0;1;1;1;0;1;50;0;Indemne
202300024820;155 636 610;1;0;2;8;1;5;203 792 245;1;1;4;1;1965.0;5;2;11;9;2023;16;1;86;86294;2;2;1;3;46,63895600;0,16551100;3;2;1;0;1;1;1;0;1;50;0;Blessé léger
202300024820;155 636 610;1;0;2;8;1;5;203 792 245;1;1;4;1;1965.0;5;2;11;9;2023;16;1;86;86294;2;2;1;3;46,63895600;0,16551100;3;2;1;0;1;1;1;0;1;50;0;Blessé léger
202300024837;155 636 585;7;0;9;3;1;1;203 792 205;1;1;1;1;1980.0;4;1;11;9;2023;13;1;59;59034;2;1;1;3;50,52291900;3,08709100;3;2;2;0;1;1;1;0;1;30;0;Indemne
202300024837;155 636 586;1;0;2;6;1;5;203 792 206;1;1;3;1;1960.0;5;2;11;9;2023;13;1;59;59034;2;1;1;3;50,52291900;3,08709100;3;2;2;0;1;1;1;0;1;30;0;Blessé hospitalisé
202300024841;155 636 576;1;0;2;7;1;5;203 792 195;1;1;4;1;1983.0;0;8;19;12;2023;08;1;92;92046;2;1;8;6;48,81821680;2,30856478;3;2;4;2;1;1;1;0;1;50;1;Blessé léger
202300024841;155 636 579;10;0;9;1;15;1;203 792 197;1;1;1;1;1993.0;1;1;19;12;2023;08;1;92;92046;2;1;8;6;48,81821680;2,30856478;3;2;4;2;1;1;1;0;1;50;1;Indemne
202300024851;155 636 560;1;0;2;0;1;5;203 792 176;1;1;4;1;1952.0;5;2;14;11;2023;19;2;33;33281;2;6;2;3;44,84340713; -0,63200891;4;2;2;0;1;2;2;0;1;50;1;Blessé léger
202300024851;155 636 560;1;0;2;0;1;5;203 792 176;1;1;4;1;1952.0;5;2;14;11;2023;19;2;33;33281;2;6;2;3;44,84340713; -0,63200891;4;3;2;0;1;2;2;0;1;50;1;Blessé léger
202300024851;155 636 562;7;0;2;8;9;2;203 792 179;1;1;1;1;1972.0;5;1;14;11;2023;19;2;33;33281;2;6;2;3;44,84340713; -0,63200891;4;2;2;0;1;2;2;0;1;50;1;Indemne
202300024851;155 636 562;7;0;2;8;9;2;203 792 179;1;1;1;1;1972.0;5;1;14;11;2023;19;2;33;33281;2;6;2;3;44,84340713; -0,63200891;4;3;2;0;1;2;2;0;1;50;1;Indemne
202300024858;155 636 548;1;0;2;3;13;5;203 792 162;1;1;4;1;1945.0;5;2;14;11;2023;10;1;33;33529;2;1;1;3;44,64736900; -1,15613400;3;2;2;0;1;1;2;0;1;50;1;Blessé léger
202300024858;155 636 549;2;0;2;1;1;1;203 792 164;2;2;4;1;2006.0;2;2;14;11;2023;10;1;33;33529;2;1;1;3;44,64736900; -1,15613400;3;2;2;0;1;1;2;0;1;50;1;Blessé léger
202300024858;155 636 549;2;0;2;1;1;1;203 792 166;1;1;1;2;2006.0;2;2;14;11;2023;10;1;33;33529;2;1;1;3;44,64736900; -1,15613400;3;2;2;0;1;1;2;0;1;50;1;Indemne
202300024862;155 636 541;7;0;2;3;26;1;203 792 153;1;1;1;1;1967.0;4;1;13;11;2023;22;5;29;29019;2;6;1;3;48,39813800; -4,48901900;4;1;3;0;2;2;1;8;1;50;0;Indemne
202300024862;155 636 541;7;0;2;3;26;1;203 792 153;1;1;1;1;1967.0;4;1;13;11;2023;22;5;29;29019;2;6;1;3;48,39813800; -4,48901900;4;2;4;3;1;1;1;1;1;50;0;Indemne
202300024862;155 636 545;1;0;2;1;26;5;203 792 158;1;1;4;1;2004.0;0;0;13;11;2023;22;5;29;29019;2;6;1;3;48,39813800; -4,48901900;4;1;3;0;2;2;1;8;1;50;0;Blessé léger
202300024862;155 636 545;1;0;2;1;26;5;203 792 158;1;1;4;1;2004.0;0;0;13;11;2023;22;5;29;29019;2;6;1;3;48,39813800; -4,48901900;4;2;4;3;1;1;1;1;1;50;0;Blessé léger
202300024865;155 636 536;7;0;2;2;19;1;203 792 147;1;1;1;2;1968.0;9;1;13;11;2023;07;5;29;29019;2;8;3;3;48,38896900; -4,51488700;4;2;2;1;1;1;2;4;1;30;0;Indemne
202300024865;155 636 538;1;0;2;1;1;5;203 792 149;1;1;3;1;2005.0;2;2;13;11;2023;07;5;29;29019;2;8;3;3;48,38896900; -4,51488700;4;2;2;1;1;1;2;4;1;30;0;Blessé hospitalisé
202300024874;155 636 515;1;0;0;0;0;5;203 792 120;1;1;2;1;1959.0;5;2;28;6;2023;17;1;74;74010;1;1;1;7;45,95960100;6,11847300;4;2;2;0;2;3;1;0;1;50;2;Tué
202300024888;155 636 488;1;0;2;7;1;5;203 792 090;1;1;4;1;1990.0;0;8;9;11;2023;18;3;17;17306;2;9;2;3;45,63186000; -1,03194000;4;3;2;0;2;1;2;5;1;50;3;Blessé léger
202300024888;155 636 491;7;0;9;7;12;1;203 792 093;1;1;1;2;1948.0;0;1;9;11;2023;18;3;17;17306;2;9;2;3;45,63186000; -1,03194000;4;3;2;0;2;1;2;5;1;50;3;Indemne
202300024898;155 636 473;33;0;9;2;17;0;203 792 068;1;1;3;1;1979.0;5;2;17;6;2023;11;1;74;74136;1;1;1;1;45,97620000;6,46509500;3;2;2;0;2;2;1;0;1;80;5;Blessé hospitalisé
202300024898;155 636 474;1;0;2;3;1;5;203 792 072;1;1;3;1;1990.0;5;2;17;6;2023;11;1;74;74136;1;1;1;1;45,97620000;6,46509500;3;2;2;0;2;2;1;0;1;80;5;Blessé hospitalisé
202300024902;155 636 466;7;0;9;1;1;1;203 792 063;1;1;1;1;1992.0;5;1;12;6;2023;10;1;74;74147;2;9;1;3;45,79144500;6,21331600;3;2;2;1;1;1;1;0;1;50;0;Indemne
202300024902;155 636 468;1;0;2;8;9;5;203 792 064;1;1;3;1;1940.0;5;2;12;6;2023;10;1;74;74147;2;9;1;3;45,79144500;6,21331600;3;2;2;1;1;1;1;0;1;50;0;Blessé hospitalisé
202300024919;155 636 439;1;13;0;6;13;5;203 792 030;1;1;3;1;1938.0;3;0;19;12;2023;11;1;71;71240;1;1;8;2;46,41074500;4,65850400;3;2;2;0;1;1;1;0;1;80;1;Blessé hospitalisé
202300024919;155 636 445;10;0;2;2;1;1;203 792 036;1;1;1;1;1930.0;5;1;19;12;2023;11;1;71;71240;1;1;8;2;46,41074500;4,65850400;3;2;2;0;1;1;1;0;1;80;1;Indemne
202300024929;155 636 415;10;0;2;2;26;1;203 791 997;1;1;1;1;1988.0;0;1;10;9;2023;17;1;69;69266;2;4;1;4;45,76607000;4,90163000;4;1;1;2;1;2;1;0;1;30;6;Indemne
202300024929;155 636 415;10;0;2;2;26;1;203 791 997;1;1;1;1;1988.0;0;1;10;9;2023;17;1;69;69266;2;4;1;4;45,76607000;4,90163000;4;1;2;2;1;1;1;0;1;30;6;Indemne
202300024929;155 636 416;1;0;2;1;0;0;203 791 998;1;1;4;2;1981.0;0;8;10;9;2023;17;1;69;69266;2;4;1;4;45,76607000;4,90163000;4;1;1;2;1;2;1;0;1;30;6;Blessé léger