Num_Acc;id_vehicule;catv;obs;obsm;choc;manv;motor;id_usager;place;catu;grav;sexe;an_nais;trajet;secu1;jour;mois;an;hrmn;lum;dep;com;agg;int;atm;col;lat;long;catr;circ;nbv;vosp;prof;plan;surf;infra;situ;vma;day_of_week;gravity
202300026032;155 634 445;1;0;2;0;1;5;203 789 425;1;1;3;1;1946.0;5;2;7;3;2023;11;1;06;06161;1;1;1;4;43,61866700;7,12983300;3;2;2;2;1;1;1;0;5;70;1;Blessé hospitalisé
202300026036;155 634 427;7;0;2;1;15;1;203 789 405;1;1;1;1;1960.0;9;1;14;11;2023;14;1;75;75111;2;2;2;3;48,85041100;2,39251700;4;2;4;1;1;1;2;0;1;30;1;Indemne
202300026036;155 634 427;7;0;2;1;15;1;203 789 405;1;1;1;1;1960.0;9;1;14;11;2023;14;1;75;75111;2;2;2;3;48,85041100;2,39251700;4;2;2;2;2;1;2;0;1;30;1;Indemne
202300026036;155 634 434;1;0;2;3;15;5;203 789 412;1;1;4;1;1965.0;9;8;14;11;2023;14;1;75;75111;2;2;2;3;48,85041100;2,39251700;4;2;4;1;1;1;2;0;1;30;1;Blessé léger
202300026036;155 634 434;1;0;2;3;15;5;203 789 412;1;1;4;1;1965.0;9;8;14;11;2023;14;1;75;75111;2;2;2;3;48,85041100;2,39251700;4;2;2;2;2;1;2;0;1;30;1;Blessé léger
202300026041;155 634 417;38;0;2;8;15;1;203 789 394;1;1;1;1;1973.0;4;1;26;5;2023;08;1;75;75116;2;7;1;3;48,87166900;2,27405200;4;2;2;2;1;3;1;0;1;50;4;Indemne
202300026041;155 634 417;38;0;2;8;15;1;203 789 394;1;1;1;1;1973.0;4;1;26;5;2023;08;1;75;75116;2;7;1;3;48,87166900;2,27405200;4;1;2;0;1;1;1;0;1;50;4;Indemne
202300026041;155 634 422;1;0;2;8;1;5;203 789 400;1;1;4;1;1987.0;1;2;26;5;2023;08;1;75;75116;2;7;1;3;48,87166900;2,27405200;4;2;2;2;1;3;1;0;1;50;4;Blessé léger
202300026041;155 634 422;1;0;2;8;1;5;203 789 400;1;1;4;1;1987.0;1;2;26;5;2023;08;1;75;75116;2;7;1;3;48,87166900;2,27405200;4;1;2;0;1;1;1;0;1;50;4;Blessé léger
202300026042;155 634 416;13;0;2;7;22;1;203 789 392;1;1;1;1;1976.0;4;1;14;11;2023;10;1;75;75111;2;3;2;3;48,86380200;2,38227100;4;2;4;1;1;1;2;0;5;30;1;Indemne
202300026042;155 634 416;13;0;2;7;22;1;203 789 393;2;2;1;1;2003.0;9;1;14;11;2023;10;1;75;75111;2;3;2;3;48,86380200;2,38227100;4;2;4;1;1;1;2;0;5;30;1;Indemne
202300026042;155 634 418;1;1;0;0;1;5;203 789 395;1;1;4;1;1994.0;1;2;14;11;2023;10;1;75;75111;2;3;2;3;48,86380200;2,38227100;4;2;4;1;1;1;2;0;5;30;1;Blessé léger
202300026049;155 634 403;1;0;1;1;1;5;203 789 374;10;3;4;1;1997.0;9;0;24;1;2023;22;5;75;75105;2;3;1;6;48,84370700;2,35368900;4;1;1;1;2;1;1;0;1;30;1;Blessé léger
202300026049;155 634 403;1;0;1;1;1;5;203 789 376;1;1;1;1;2000.0;9;8;24;1;2023;22;5;75;75105;2;3;1;6;48,84370700;2,35368900;4;1;1;1;2;1;1;0;1;30;1;Indemne
202300026054;155 634 393;1;0;2;5;17;5;203 789 363;1;1;1;1;1973.0;5;2;26;5;2023;18;1;75;75113;2;3;1;3;48,82579500;2,35739800;4;1;6;1;1;1;1;0;5;30;4;Indemne
202300026054;155 634 398;1;0;2;3;1;5;203 789 367;1;1;4;1;1985.0;5;2;26;5;2023;18;1;75;75113;2;3;1;3;48,82579500;2,35739800;4;1;6;1;1;1;1;0;5;30;4;Blessé léger
202300026058;155 634 387;1;0;2;1;1;5;203 789 356;1;1;3;1;1973.0;5;2;26;5;2023;17;1;75;75112;2;1;1;2;48,83757600;2,43685800;4;2;2;1;1;1;1;0;5;30;4;Blessé hospitalisé
202300026058;155 634 391;80;0;0;4;1;3;203 789 359;1;1;4;1;1945.0;5;8;26;5;2023;17;1;75;75112;2;1;1;2;48,83757600;2,43685800;4;2;2;1;1;1;1;0;5;30;4;Blessé léger
202300026063;155 634 383;7;0;2;3;22;1;203 789 352;1;1;4;1;1982.0;1;1;25;1;2023;09;1;75;75115;2;2;1;3;48,83580400;2,28971500;4;2;2;0;1;1;1;0;1;30;2;Blessé léger
202300026063;155 634 386;1;0;2;1;1;5;203 789 354;1;1;1;2;1975.0;1;8;25;1;2023;09;1;75;75115;2;2;1;3;48,83580400;2,28971500;4;2;2;0;1;1;1;0;1;30;2;Indemne
202300026069;155 634 367;7;0;2;3;1;2;203 789 333;1;1;1;1;1973.0;4;1;26;5;2023;17;1;75;75109;2;2;1;3;48,87313600;2,32673800;4;1;1;0;1;1;1;0;5;30;4;Indemne
202300026069;155 634 367;7;0;2;3;1;2;203 789 333;1;1;1;1;1973.0;4;1;26;5;2023;17;1;75;75109;2;2;1;3;48,87313600;2,32673800;4;2;3;1;1;1;1;0;5;30;4;Indemne
202300026069;155 634 371;80;0;2;1;1;3;203 789 337;1;1;4;1;2002.0;1;8;26;5;2023;17;1;75;75109;2;2;1;3;48,87313600;2,32673800;4;1;1;0;1;1;1;0;5;30;4;Blessé léger
202300026069;155 634 371;80;0;2;1;1;3;203 789 337;1;1;4;1;2002.0;1;8;26;5;2023;17;1;75;75109;2;2;1;3;48,87313600;2,32673800;4;2;3;1;1;1;1;0;5;30;4;Blessé léger
202300026071;155 634 360;1;0;2;1;1;5;203 789 320;1;1;4;1;2000.0;1;8;14;11;2023;18;5;75;75102;2;2;1;3;48,86339800;2,35096900;4;2;5;1;1;1;2;0;1;30;1;Blessé léger
202300026071;155 634 360;1;0;2;1;1;5;203 789 320;1;1;4;1;2000.0;1;8;14;11;2023;18;5;75;75102;2;2;1;3;48,86339800;2,35096900;4;2;3;3;1;1;2;0;1;30;1;Blessé léger
202300026071;155 634 366;7;0;2;3;15;2;203 789 328;1;1;1;1;1966.0;9;1;14;11;2023;18;5;75;75102;2;2;1;3;48,86339800;2,35096900;4;2;5;1;1;1;2;0;1;30;1;Indemne
202300026071;155 634 366;7;0;2;3;15;2;203 789 328;1;1;1;1;1966.0;9;1;14;11;2023;18;5;75;75102;2;2;1;3;48,86339800;2,35096900;4;2;3;3;1;1;2;0;1;30;1;Indemne
202300026084;155 634 339;7;0;2;8;22;2;203 789 291;1;1;1;1;1979.0;4;8;24;1;2023;13;1;75;75112;2;2;1;3;48,84867400;2,37258500;4;2;4;0;1;1;1;0;1;30;1;Indemne
202300026084;155 634 341;1;0;2;2;1;5;203 789 294;1;1;4;1;1984.0;1;8;24;1;2023;13;1;75;75112;2;2;1;3;48,84867400;2,37258500;4;2;4;0;1;1;1;0;1;30;1;Blessé léger
202300026102;155 634 310;32;0;2;1;1;1;203 789 254;1;1;1;1;1979.0;5;2;25;1;2023;18;5;75;75109;2;1;1;1;48,87491000;2,33246300;4;3;3;0;1;1;1;0;1;30;2;Indemne
202300026102;155 634 310;32;0;2;1;1;1;203 789 255;2;2;1;1;2011.0;5;2;25;1;2023;18;5;75;75109;2;1;1;1;48,87491000;2,33246300;4;3;3;0;1;1;1;0;1;30;2;Indemne
202300026102;155 634 312;1;0;2;1;21;5;203 789 257;1;1;4;1;1995.0;1;0;25;1;2023;18;5;75;75109;2;1;1;1;48,87491000;2,33246300;4;3;3;0;1;1;1;0;1;30;2;Blessé léger
202300026109;155 634 297;7;0;2;3;19;1;203 789 237;1;1;1;1;1989.0;1;1;25;1;2023;17;2;94;94080;2;2;1;3;48,84530000;2,43966000;4;1;1;0;1;1;1;0;1;50;2;Indemne
202300026109;155 634 297;7;0;2;3;19;1;203 789 237;1;1;1;1;1989.0;1;1;25;1;2023;17;2;94;94080;2;2;1;3;48,84530000;2,43966000;4;1;1;1;1;1;1;0;1;50;2;Indemne
202300026109;155 634 300;1;0;2;3;19;5;203 789 242;1;1;4;1;1984.0;5;8;25;1;2023;17;2;94;94080;2;2;1;3;48,84530000;2,43966000;4;1;1;0;1;1;1;0;1;50;2;Blessé léger
202300026109;155 634 300;1;0;2;3;19;5;203 789 242;1;1;4;1;1984.0;5;8;25;1;2023;17;2;94;94080;2;2;1;3;48,84530000;2,43966000;4;1;1;1;1;1;1;0;1;50;2;Blessé léger
202300026113;155 634 289;1;0;0;9;1;5;203 789 230;1;1;3;1;1951.0;0;2;9;3;2023;15;1;12;12090;1;1;1;7;44,38965100;2,47879000;3;2;2;0;1;1;1;0;1;90;3;Blessé hospitalisé
202300026147;155 634 235;1;0;2;8;19;5;203 789 160;1;1;2;1;1942.0;0;2;13;11;2023;20;5;92;92036;2;3;1;3;48,91911964;2,29024887;3;3;4;0;1;1;1;0;1;50;0;Tué
202300026147;155 634 235;1;0;2;8;19;5;203 789 160;1;1;2;1;1942.0;0;2;13;11;2023;20;5;92;92036;2;3;1;3;48,91911964;2,29024887;3;1;1;0;1;1;1;0;1;50;0;Tué
202300026147;155 634 238;7;0;2;1;1;1;203 789 165;1;1;1;1;1963.0;0;1;13;11;2023;20;5;92;92036;2;3;1;3;48,91911964;2,29024887;3;3;4;0;1;1;1;0;1;50;0;Indemne
202300026147;155 634 238;7;0;2;1;1;1;203 789 165;1;1;1;1;1963.0;0;1;13;11;2023;20;5;92;92036;2;3;1;3;48,91911964;2,29024887;3;1;1;0;1;1;1;0;1;50;0;Indemne
202300026151;155 634 230;80;12;0;7;12;3;203 789 156;1;1;4;2;1956.0;5;2;26;5;2023;15;1;92;92049;2;1;1;6;48,81468000;2,30872100;3;2;2;1;1;1;1;0;4;50;4;Blessé léger
202300026168;155 634 201;7;0;2;3;1;0;203 789 120;1;1;1;2;1982.0;5;1;27;5;2023;20;1;39;39097;2;3;1;3;46,73963300;5,91524000;4;2;2;0;2;1;1;0;1;50;5;Indemne
202300026168;155 634 201;7;0;2;3;1;0;203 789 121;2;2;1;1;1991.0;5;1;27;5;2023;20;1;39;39097;2;3;1;3;46,73963300;5,91524000;4;2;2;0;2;1;1;0;1;50;5;Indemne
202300026168;155 634 205;1;0;2;7;19;5;203 789 124;1;1;3;1;2011.0;5;0;27;5;2023;20;1;39;39097;2;3;1;3;46,73963300;5,91524000;4;2;2;0;2;1;1;0;1;50;5;Blessé hospitalisé
202300026169;155 634 198;1;0;2;8;1;5;203 789 117;1;1;2;1;1936.0;5;2;15;11;2023;11;1;86;86007;1;2;7;3;46,85369100;0,53598000;3;2;2;0;1;1;1;0;1;80;2;Tué
202300026169;155 634 202;7;0;2;2;19;1;203 789 122;1;1;1;2;1938.0;5;1;15;11;2023;11;1;86;86007;1;2;7;3;46,85369100;0,53598000;3;2;2;0;1;1;1;0;1;80;2;Indemne
202300026224;155 634 097;7;0;2;1;9;1;203 788 984;1;1;1;1;1982.0;5;1;25;1;2023;18;5;37;37273;1;6;1;2;47,39396984;0,78866065;3;2;2;0;1;1;1;5;1;50;2;Indemne
202300026224;155 634 097;7;0;2;1;9;1;203 788 984;1;1;1;1;1982.0;5;1;25;1;2023;18;5;37;37273;1;6;1;2;47,39396984;0,78866065;3;2;2;0;1;2;1;5;1;70;2;Indemne
202300026224;155 634 099;1;0;2;4;1;5;203 788 988;1;1;3;1;1968.0;1;2;25;1;2023;18;5;37;37273;1;6;1;2;47,39396984;0,78866065;3;2;2;0;1;1;1;5;1;50;2;Blessé hospitalisé
202300026224;155 634 099;1;0;2;4;1;5;203 788 988;1;1;3;1;1968.0;1;2;25;1;2023;18;5;37;37273;1;6;1;2;47,39396984;0,78866065;3;2;2;0;1;2;1;5;1;70;2;Blessé hospitalisé
202300026233;155 634 083;1;12;0;0;21;5;203 788 959;1;1;3;1;2011.0;5;0;8;3;2023;13;1;987;98712;2;1;1;7; -17,27900000; -149,54200000;2;3;2;0;1;1;1;0;4;60;2;Blessé hospitalisé
202300026242;155 634 067;7;0;9;3;1;1;203 788 938;1;1;1;1;2000.0;0;1;15;11;2023;06;3;25;25466;1;1;2;2;47,19653600;5,84554200;3;2;2;0;1;1;2;0;1;80;2;Indemne
202300026242;155 634 069;1;0;2;4;11;5;203 788 940;1;1;2;1;1994.0;1;4;15;11;2023;06;3;25;25466;1;1;2;2;47,19653600;5,84554200;3;2;2;0;1;1;2;0;1;80;2;Tué
202300026255;155 634 042;1;0;2;1;1;5;203 788 911;1;1;3;1;1996.0;5;2;26;5;2023;18;1;01;01010;1;1;1;2;45,88435700;5,77942600;3;2;2;0;2;1;1;0;1;80;4;Blessé hospitalisé
202300026255;155 634 046;1;0;0;0;1;5;203 788 915;1;1;3;2;1993.0;5;2;26;5;2023;18;1;01;01010;1;1;1;2;45,88435700;5,77942600;3;2;2;0;2;1;1;0;1;80;4;Blessé hospitalisé
202300026262;155 634 032;1;0;5;0;1;5;203 788 899;1;1;3;1;1955.0;5;2;26;1;2023;14;1;64;64139;1;1;8;7;43,17963300; -0,34705100;4;2;2;0;3;1;1;0;1;70;3;Blessé hospitalisé
202300026265;155 634 027;1;0;2;8;2;5;203 788 895;1;1;3;1;1954.0;5;2;9;3;2023;07;1;83;83112;2;3;1;2;43,18016500;5,70922100;3;2;2;0;1;1;1;5;1;50;3;Blessé hospitalisé
202300026265;155 634 031;10;0;9;2;2;0;203 788 898;1;1;1;1;1945.0;4;1;9;3;2023;07;1;83;83112;2;3;1;2;43,18016500;5,70922100;3;2;2;0;1;1;1;5;1;50;3;Indemne
202300026268;155 634 021;7;0;9;3;17;1;203 788 886;1;1;1;1;1975.0;0;1;26;1;2023;08;5;14;14488;2;1;2;3;49,27959300; -0,24984200;3;2;2;0;1;1;2;0;1;50;3;Indemne
202300026268;155 634 025;80;0;0;2;5;3;203 788 890;1;1;4;1;2008.0;2;0;26;1;2023;08;5;14;14488;2;1;2;3;49,27959300; -0,24984200;3;2;2;0;1;1;2;0;1;50;3;Blessé léger
202300026361;155 633 868;1;0;0;4;1;5;203 788 682;1;1;2;1;1966.0;5;6;15;11;2023;12;1;83;83104;1;1;7;2;43,61432600;5,76405100;3;2;2;1;2;1;1;0;5;80;2;Tué
202300026361;155 633 871;7;0;9;2;2;1;203 788 684;1;1;1;2;1991.0;3;1;15;11;2023;12;1;83;83104;1;1;7;2;43,61432600;5,76405100;3;2;2;1;2;1;1;0;5;80;2;Indemne
202300026392;155 633 810;1;0;2;3;0;5;203 788 610;1;1;4;1;2008.0;2;8;7;3;2023;14;1;69;69264;2;1;1;3;45,99046000;4,70818000;4;1;1;3;1;1;1;0;1;50;1;Blessé léger
202300026392;155 633 813;37;0;2;2;1;1;203 788 612;1;1;1;1;1984.0;4;1;7;3;2023;14;1;69;69264;2;1;1;3;45,99046000;4,70818000;4;1;1;3;1;1;1;0;1;50;1;Indemne
202300026397;155 633 799;7;0;2;0;17;1;203 788 597;1;1;1;1;1959.0;5;1;6;3;2023;15;1;66;66136;2;1;1;7;42,69726843;2,92466462;4;3;2;0;1;1;1;0;1;30;0;Indemne
202300026397;155 633 802;1;0;2;7;1;5;203 788 599;1;1;3;1;1977.0;5;8;6;3;2023;15;1;66;66136;2;1;1;7;42,69726843;2,92466462;4;3;2;0;1;1;1;0;1;30;0;Blessé hospitalisé
202300026407;155 633 774;80;1;0;1;2;3;203 788 569;1;1;4;2;2003.0;1;8;6;3;2023;15;1;62;62617;2;1;1;3;50,47311000;2,66788000;3;2;1;0;1;1;1;0;1;50;0;Blessé léger
202300026407;155 633 775;7;0;9;3;22;1;203 788 570;1;1;1;1;1971.0;5;1;6;3;2023;15;1;62;62617;2;1;1;3;50,47311000;2,66788000;3;2;1;0;1;1;1;0;1;50;0;Indemne
202300026425;155 633 743;80;0;2;1;1;3;203 788 532;1;1;4;1;2003.0;0;8;7;3;2023;06;2;51;51454;2;2;1;3;49,24192000;4,01417000;4;2;3;0;3;1;1;0;1;50;1;Blessé léger
202300026425;155 633 743;80;0;2;1;1;3;203 788 532;1;1;4;1;2003.0;0;8;7;3;2023;06;2;51;51454;2;2;1;3;49,24192000;4,01417000;4;2;3;0;1;1;1;0;1;50;1;Blessé léger
202300026425;155 633 745;7;0;2;3;1;1;203 788 535;1;1;1;2;1987.0;1;1;7;3;2023;06;2;51;51454;2;2;1;3;49,24192000;4,01417000;4;2;3;0;3;1;1;0;1;50;1;Indemne
202300026425;155 633 745;7;0;2;3;1;1;203 788 535;1;1;1;2;1987.0;1;1;7;3;2023;06;2;51;51454;2;2;1;3;49,24192000;4,01417000;4;2;3;0;1;1;1;0;1;50;1;Indemne
202300026441;155 633 706;1;0;2;1;1;5;203 788 486;1;1;4;1;1961.0;9;8;7;3;2023;14;1;38;38169;2;2;8;3;45,19242000;5,69844000;7;1;2;0;1;1;1;9;1;30;1;Blessé léger
202300026441;155 633 706;1;0;2;1;1;5;203 788 486;1;1;4;1;1961.0;9;8;7;3;2023;14;1;38;38169;2;2;8;3;45,19242000;5,69844000;7;2;2;0;1;1;1;5;1;30;1;Blessé léger
202300026441;155 633 707;7;0;2;3;15;1;203 788 487;1;1;1;2;1968.0;0;1;7;3;2023;14;1;38;38169;2;2;8;3;45,19242000;5,69844000;7;1;2;0;1;1;1;9;1;30;1;Indemne
202300026441;155 633 707;7;0;2;3;15;1;203 788 487;1;1;1;2;1968.0;0;1;7;3;2023;14;1;38;38169;2;2;8;3;45,19242000;5,69844000;7;2;2;0;1;1;1;5;1;30;1;Indemne
202300026444;155 633 701;1;0;2;1;1;5;203 788 481;1;1;4;1;1978.0;0;8;25;5;2023;19;1;69;69383;2;1;1;3;45,75950000;4,85550000;4;1;2;2;1;1;1;0;5;30;3;Blessé léger
202300026444;155 633 703;7;0;2;2;14;1;203 788 483;1;1;1;1;1997.0;3;1;25;5;2023;19;1;69;69383;2;1;1;3;45,75950000;4,85550000;4;1;2;2;1;1;1;0;5;30;3;Indemne
202300026451;155 633 691;7;0;2;8;16;1;203 788 467;1;1;1;2;1998.0;1;1;25;5;2023;09;1;69;69388;2;2;1;3;45,72943000;4,85109000;4;2;2;2;1;3;1;0;1;50;3;Indemne
202300026451;155 633 691;7;0;2;8;16;1;203 788 467;1;1;1;2;1998.0;1;1;25;5;2023;09;1;69;69388;2;2;1;3;45,72943000;4,85109000;4;2;2;0;1;1;1;0;1;50;3;Indemne
202300026451;155 633 693;1;0;2;7;16;5;203 788 469;1;1;4;2;1996.0;0;8;25;5;2023;09;1;69;69388;2;2;1;3;45,72943000;4,85109000;4;2;2;2;1;3;1;0;1;50;3;Blessé léger
202300026451;155 633 693;1;0;2;7;16;5;203 788 469;1;1;4;2;1996.0;0;8;25;5;2023;09;1;69;69388;2;2;1;3;45,72943000;4,85109000;4;2;2;0;1;1;1;0;1;50;3;Blessé léger
202300026476;155 633 636;1;12;0;1;25;5;203 788 399;1;1;4;2;2003.0;1;8;25;5;2023;09;1;87;87075;2;1;1;6;45,80646000;1,22620000;4;2;2;0;1;1;1;0;4;50;3;Blessé léger
202300026483;155 633 624;7;0;2;2;1;1;203 788 386;1;1;1;2;1991.0;0;1;10;9;2023;06;2;06;06088;2;3;1;3;43,68966000;7,20611000;4;2;2;0;2;1;1;0;1;50;6;Indemne
202300026483;155 633 624;7;0;2;2;1;1;203 788 386;1;1;1;2;1991.0;0;1;10;9;2023;06;2;06;06088;2;3;1;3;43,68966000;7,20611000;4;2;2;0;1;1;1;0;1;50;6;Indemne
202300026483;155 633 627;1;0;2;1;9;5;203 788 389;1;1;3;1;2005.0;0;8;10;9;2023;06;2;06;06088;2;3;1;3;43,68966000;7,20611000;4;2;2;0;2;1;1;0;1;50;6;Blessé hospitalisé
202300026483;155 633 627;1;0;2;1;9;5;203 788 389;1;1;3;1;2005.0;0;8;10;9;2023;06;2;06;06088;2;3;1;3;43,68966000;7,20611000;4;2;2;0;1;1;1;0;1;50;6;Blessé hospitalisé
202300026489;155 633 613;1;0;0;7;0;5;203 788 373;1;1;4;1;1954.0;5;0;24;5;2023;18;1;79;79329;2;1;1;7;46,97362000; -0,21643000;3;1;1;0;1;1;1;0;1;50;2;Blessé léger
202300026495;155 633 600;1;0;2;1;0;5;203 788 358;1;1;4;1;1950.0;5;2;21;5;2023;11;1;77;77133;2;1;1;6;48,41388000;3,05267000;4;2;2;0;2;1;1;0;1;50;6;Blessé léger
202300026495;155 633 603;31;0;2;1;26;1;203 788 360;1;1;4;1;1957.0;0;2;21;5;2023;11;1;77;77133;2;1;1;6;48,41388000;3,05267000;4;2;2;0;2;1;1;0;1;50;6;Blessé léger
202300026495;155 633 604;1;0;2;1;5;5;203 788 361;1;1;3;1;1952.0;5;8;21;5;2023;11;1;77;77133;2;1;1;6;48,41388000;3,05267000;4;2;2;0;2;1;1;0;1;50;6;Blessé hospitalisé
202300026505;155 633 588;7;0;2;1;19;1;203 788 336;1;1;1;1;1991.0;0;1;10;11;2023;15;2;84;84007;2;2;1;3;43,94390000;4,81929000;4;2;2;0;1;1;1;5;1;50;4;Indemne
202300026505;155 633 588;7;0;2;1;19;1;203 788 336;1;1;1;1;1991.0;0;1;10;11;2023;15;2;84;84007;2;2;1;3;43,94390000;4,81929000;4;2;2;2;1;1;1;5;1;50;4;Indemne
202300026505;155 633 591;1;0;2;7;1;5;203 788 341;1;1;3;2;1981.0;0;8;10;11;2023;15;2;84;84007;2;2;1;3;43,94390000;4,81929000;4;2;2;0;1;1;1;5;1;50;4;Blessé hospitalisé
202300026505;155 633 591;1;0;2;7;1;5;203 788 341;1;1;3;2;1981.0;0;8;10;11;2023;15;2;84;84007;2;2;1;3;43,94390000;4,81929000;4;2;2;2;1;1;1;5;1;50;4;Blessé hospitalisé
202300026520;155 633 559;1;0;2;4;9;5;203 788 299;1;1;4;1;1950.0;5;8;9;9;2023;12;1;75;75105;2;3;1;2;48,84989200;2,34946400;4;1;2;3;1;1;1;0;1;30;5;Blessé léger
202300026520;155 633 560;7;0;2;1;1;3;203 788 300;1;1;1;1;1955.0;5;1;9;9;2023;12;1;75;75105;2;3;1;2;48,84989200;2,34946400;4;1;2;3;1;1;1;0;1;30;5;Indemne
202300026529;155 633 540;1;1;0;1;1;5;203 788 275;1;1;4;2;1991.0;1;2;9;9;2023;07;1;75;75117;2;2;1;3;48,87993000;2,28824000;4;2;4;0;1;1;1;0;1;30;5;Blessé léger
202300026529;155 633 543;7;1;0;3;16;2;203 788 278;1;1;1;1;1998.0;5;1;9;9;2023;07;1;75;75117;2;2;1;3;48,87993000;2,28824000;4;2;4;0;1;1;1;0;1;30;5;Indemne
202300026534;155 633 534;80;0;0;7;1;3;203 788 269;1;1;4;2;1964.0;5;8;10;9;2023;12;1;75;75114;2;3;1;7;48,82445100;2,31965300;4;2;8;1;1;1;1;0;5;50;6;Blessé léger
202300026546;155 633 508;10;0;2;8;22;1;203 788 236;1;1;1;1;1971.0;4;1;24;5;2023;09;1;64;64024;2;1;1;6;43,50285800; -1,50492600;4;2;2;0;1;1;1;0;1;50;2;Indemne
202300026546;155 633 513;1;1;0;3;2;5;203 788 242;1;1;4;2;1959.0;5;8;24;5;2023;09;1;64;64024;2;1;1;6;43,50285800; -1,50492600;4;2;2;0;1;1;1;0;1;50;2;Blessé léger
202300026547;155 633 509;1;0;2;4;1;5;203 788 237;1;1;4;1;1993.0;5;2;10;9;2023;11;1;75;75107;2;3;1;2;48,85620700;2,30248900;4;1;2;3;1;1;1;0;1;30;6;Blessé léger
202300026547;155 633 510;43;0;2;1;18;1;203 788 238;1;1;1;1;1949.0;9;2;10;9;2023;11;1;75;75107;2;3;1;2;48,85620700;2,30248900;4;1;2;3;1;1;1;0;1;30;6;Indemne
202300026565;155 633 475;7;0;2;3;15;1;203 788 192;1;1;1;2;1999.0;0;1;13;11;2023;15;1;64;64445;2;2;1;3;43,30486000; -0,37057000;4;2;2;0;1;1;1;0;1;50;0;Indemne
202300026565;155 633 475;7;0;2;3;15;1;203 788 192;1;1;1;2;1999.0;0;1;13;11;2023;15;1;64;64445;2;2;1;3;43,30486000; -0,37057000;4;2;2;0;1;1;1;0;1;50;0;Indemne
202300026565;155 633 477;1;0;2;1;1;5;203 788 193;1;1;4;2;1966.0;0;2;13;11;2023;15;1;64;64445;2;2;1;3;43,30486000; -0,37057000;4;2;2;0;1;1;1;0;1;50;0;Blessé léger
202300026565;155 633 477;1;0;2;1;1;5;203 788 193;1;1;4;2;1966.0;0;2;13;11;2023;15;1;64;64445;2;2;1;3;43,30486000; -0,37057000;4;2;2;0;1;1;1;0;1;50;0;Blessé léger
202300026577;155 633 457;1;0;0;0;1;5;203 788 161;1;1;4;1;1982.0;5;2;10;9;2023;09;1;92;92012;2;1;1;7;48,83492000;2,22576000;3;3;0;0;1;1;1;0;1;50;6;Blessé léger
202300026581;155 633 451;7;0;9;2;2;0;203 788 154;1;1;1;1;2004.0;5;8;11;9;2023;11;1;54;54296;1;1;7;6;48,72634200;6,28331100;3;2;2;0;1;1;1;0;1;80;0;Indemne
202300026581;155 633 452;1;0;2;0;1;5;203 788 155;1;1;3;1;1983.0;5;2;11;9;2023;11;1;54;54296;1;1;7;6;48,72634200;6,28331100;3;2;2;0;1;1;1;0;1;80;0;Blessé hospitalisé
202300026604;155 633 411;7;0;0;0;20;1;203 788 104;1;1;1;1;1989.0;0;1;11;11;2023;15;1;49;49099;2;1;1;7;47,06524000; -0,88595000;4;1;1;0;1;1;1;0;1;30;5;Indemne
202300026604;155 633 412;1;6;0;1;1;5;203 788 105;1;1;4;1;1971.0;0;8;11;11;2023;15;1;49;49099;2;1;1;7;47,06524000; -0,88595000;4;1;1;0;1;1;1;0;1;30;5;Blessé léger
202300026616;155 633 390;80;0;0;1;16;3;203 788 079;1;1;4;1;1966.0;5;8;13;11;2023;07;2;43;43157;2;9;8;7;45,04191700;3,88264800;4;1;2;0;1;3;8;0;1;50;0;Blessé léger
202300026617;155 633 389;1;9;0;1;1;5;203 788 078;1;1;2;1;1953.0;5;0;2;9;2023;17;1;71;71263;2;1;1;6;46,62968400;5,24691600;9;2;2;0;1;1;1;0;5;20;5;Tué
202300026621;155 633 381;7;0;2;2;15;1;203 788 069;1;1;1;2;1968.0;1;1;13;11;2023;18;5;38;38185;2;7;2;2;45,19825000;5,70934000;7;1;2;0;1;2;2;0;1;50;0;Indemne
202300026621;155 633 382;1;0;2;1;19;5;203 788 071;1;1;4;1;1972.0;1;8;13;11;2023;18;5;38;38185;2;7;2;2;45,19825000;5,70934000;7;1;2;0;1;2;2;0;1;50;0;Blessé léger
202300026629;155 633 368;7;0;2;1;15;1;203 788 047;1;1;1;2;1969.0;0;1;13;11;2023;17;5;37;37208;2;4;3;3;47,35563000;0,73772000;4;2;2;0;4;2;2;0;1;50;0;Indemne
202300026629;155 633 368;7;0;2;1;15;1;203 788 047;1;1;1;2;1969.0;0;1;13;11;2023;17;5;37;37208;2;4;3;3;47,35563000;0,73772000;4;2;2;1;1;2;2;0;1;50;0;Indemne
202300026629;155 633 371;1;0;2;7;1;5;203 788 051;4;2;4;1;2018.0;0;2;13;11;2023;17;5;37;37208;2;4;3;3;47,35563000;0,73772000;4;2;2;0;4;2;2;0;1;50;0;Blessé léger
202300026629;155 633 371;1;0;2;7;1;5;203 788 051;4;2;4;1;2018.0;0;2;13;11;2023;17;5;37;37208;2;4;3;3;47,35563000;0,73772000;4;2;2;1;1;2;2;0;1;50;0;Blessé léger
202300026629;155 633 371;1;0;2;7;1;5;203 788 052;1;1;4;2;1992.0;0;2;13;11;2023;17;5;37;37208;2;4;3;3;47,35563000;0,73772000;4;2;2;0;4;2;2;0;1;50;0;Blessé léger
202300026629;155 633 371;1;0;2;7;1;5;203 788 052;1;1;4;2;1992.0;0;2;13;11;2023;17;5;37;37208;2;4;3;3;47,35563000;0,73772000;4;2;2;1;1;2;2;0;1;50;0;Blessé léger