Num_Acc;id_vehicule;catv;obs;obsm;choc;manv;motor;id_usager;place;catu;grav;sexe;an_nais;trajet;secu1;jour;mois;an;hrmn;lum;dep;com;agg;int;atm;col;lat;long;catr;circ;nbv;vosp;prof;plan;surf;infra;situ;vma;day_of_week;gravity
202300026652;155 633 335;1;0;2;7;2;5;203 787 998;1;1;4;2;1955.0;5;2;13;11;2023;11;1;31;31483;2;1;1;3;43,11295797;0,71414350;3;2;1;0;1;2;1;0;1;50;0;Blessé léger
202300026652;155 633 336;7;0;2;3;2;1;203 787 999;1;1;1;2;1987.0;1;1;13;11;2023;11;1;31;31483;2;1;1;3;43,11295797;0,71414350;3;2;1;0;1;2;1;0;1;50;0;Indemne
202300026653;155 633 331;1;0;2;6;13;5;203 787 992;1;1;4;1;2004.0;4;8;18;12;2023;18;5;75;75113;2;3;1;1;48,83294900;2,37874100;4;3;4;1;1;1;1;0;5;30;0;Blessé léger
202300026653;155 633 331;1;0;2;6;13;5;203 787 992;1;1;4;1;2004.0;4;8;18;12;2023;18;5;75;75113;2;3;1;1;48,83294900;2,37874100;4;1;1;0;1;1;1;0;5;30;0;Blessé léger
202300026653;155 633 333;80;0;2;3;1;3;203 787 995;2;2;4;1;2001.0;5;2;18;12;2023;18;5;75;75113;2;3;1;1;48,83294900;2,37874100;4;3;4;1;1;1;1;0;5;30;0;Blessé léger
202300026653;155 633 333;80;0;2;3;1;3;203 787 995;2;2;4;1;2001.0;5;2;18;12;2023;18;5;75;75113;2;3;1;1;48,83294900;2,37874100;4;1;1;0;1;1;1;0;5;30;0;Blessé léger
202300026653;155 633 333;80;0;2;3;1;3;203 787 996;1;1;4;1;1999.0;1;8;18;12;2023;18;5;75;75113;2;3;1;1;48,83294900;2,37874100;4;3;4;1;1;1;1;0;5;30;0;Blessé léger
202300026653;155 633 333;80;0;2;3;1;3;203 787 996;1;1;4;1;1999.0;1;8;18;12;2023;18;5;75;75113;2;3;1;1;48,83294900;2,37874100;4;1;1;0;1;1;1;0;5;30;0;Blessé léger
202300026657;155 633 326;30;0;2;1;1;3;203 787 986;1;1;1;1;1977.0;5;2;18;12;2023;08;1;75;75111;2;3;2;2;48,85715400;2,37890000;4;1;1;0;1;1;2;0;1;30;0;Indemne
202300026657;155 633 328;1;0;2;4;1;5;203 787 988;1;1;4;2;1999.0;1;8;18;12;2023;08;1;75;75111;2;3;2;2;48,85715400;2,37890000;4;1;1;0;1;1;2;0;1;30;0;Blessé léger
202300026660;155 633 321;1;12;0;8;13;5;203 787 980;1;1;4;1;1949.0;5;8;18;12;2023;19;5;75;75101;2;2;1;7;48,86198300;2,35017900;4;2;0;1;1;1;2;0;5;30;0;Blessé léger
202300026660;155 633 321;1;12;0;8;13;5;203 787 980;1;1;4;1;1949.0;5;8;18;12;2023;19;5;75;75101;2;2;1;7;48,86198300;2,35017900;4;2;0;3;1;1;2;0;5;30;0;Blessé léger
202300026665;155 633 307;10;0;2;3;24;0;203 787 963;1;1;1;1;1981.0;0;1;18;12;2023;20;5;94;94052;2;1;8;3;48,83592400;2,47499600;3;1;0;0;1;1;1;0;1;50;0;Indemne
202300026665;155 633 309;1;0;2;2;26;5;203 787 965;1;1;4;2;2002.0;0;2;18;12;2023;20;5;94;94052;2;1;8;3;48,83592400;2,47499600;3;1;0;0;1;1;1;0;1;50;0;Blessé léger
202300026684;155 633 274;7;0;9;8;1;1;203 787 922;1;1;1;1;1999.0;0;8;17;12;2023;14;1;92;92044;2;1;1;3;48,89434000;2,28299000;4;1;2;0;1;1;1;0;1;50;6;Indemne
202300026684;155 633 276;1;0;2;7;2;5;203 787 924;1;1;4;1;2000.0;0;8;17;12;2023;14;1;92;92044;2;1;1;3;48,89434000;2,28299000;4;1;2;0;1;1;1;0;1;50;6;Blessé léger
202300026686;155 633 271;7;0;2;3;1;2;203 787 919;1;1;1;1;1967.0;4;1;13;11;2023;07;1;75;75117;2;7;2;3;48,88540200;2,29763100;4;4;4;2;1;1;2;9;1;30;0;Indemne
202300026686;155 633 273;1;0;2;7;1;5;203 787 921;1;1;4;1;1999.0;9;8;13;11;2023;07;1;75;75117;2;7;2;3;48,88540200;2,29763100;4;4;4;2;1;1;2;9;1;30;0;Blessé léger
202300026688;155 633 268;7;0;9;3;19;3;203 787 915;1;1;1;2;1968.0;0;1;10;9;2023;09;1;43;43141;2;2;1;3;45,18843800;4,32326000;3;2;2;0;1;1;1;0;1;50;6;Indemne
202300026688;155 633 270;1;0;2;6;19;5;203 787 917;1;1;3;1;1949.0;5;0;10;9;2023;09;1;43;43141;2;2;1;3;45,18843800;4,32326000;3;2;2;0;1;1;1;0;1;50;6;Blessé hospitalisé
202300026695;155 633 257;7;0;2;5;1;1;203 787 901;1;1;1;1;1988.0;4;1;13;11;2023;17;5;75;75113;2;1;2;2;48,82978300;2,35620700;4;2;4;0;1;1;2;0;1;30;0;Indemne
202300026695;155 633 259;1;0;2;1;2;5;203 787 904;1;1;4;1;2005.0;9;8;13;11;2023;17;5;75;75113;2;1;2;2;48,82978300;2,35620700;4;2;4;0;1;1;2;0;1;30;0;Blessé léger
202300026727;155 633 210;14;0;2;2;1;1;203 787 830;1;1;1;1;1968.0;4;1;11;9;2023;09;1;01;01200;2;2;1;3;46,09382500;5,48226900;3;2;2;0;1;1;1;0;1;50;0;Indemne
202300026727;155 633 210;14;0;2;2;1;1;203 787 830;1;1;1;1;1968.0;4;1;11;9;2023;09;1;01;01200;2;2;1;3;46,09382500;5,48226900;3;2;2;0;4;1;1;0;1;50;0;Indemne
202300026727;155 633 212;1;0;2;3;16;5;203 787 832;1;1;3;2;1956.0;5;2;11;9;2023;09;1;01;01200;2;2;1;3;46,09382500;5,48226900;3;2;2;0;1;1;1;0;1;50;0;Blessé hospitalisé
202300026727;155 633 212;1;0;2;3;16;5;203 787 832;1;1;3;2;1956.0;5;2;11;9;2023;09;1;01;01200;2;2;1;3;46,09382500;5,48226900;3;2;2;0;4;1;1;0;1;50;0;Blessé hospitalisé
202300026749;155 633 170;7;0;9;3;1;0;203 787 772;1;1;1;1;1943.0;5;1;10;9;2023;08;1;84;84053;1;3;1;1;44,38201800;4,91598000;4;2;2;0;1;1;1;0;1;50;6;Indemne
202300026749;155 633 171;1;0;2;3;15;5;203 787 773;1;1;3;1;1942.0;5;2;10;9;2023;08;1;84;84053;1;3;1;1;44,38201800;4,91598000;4;2;2;0;1;1;1;0;1;50;6;Blessé hospitalisé
202300026750;155 633 166;7;0;1;2;17;1;203 787 767;1;1;1;1;2002.0;3;1;7;9;2023;14;1;84;84004;2;1;1;3;44,08279200;5,03616900;3;2;2;1;1;1;1;0;1;50;3;Indemne
202300026750;155 633 167;1;0;2;8;11;5;203 787 768;1;1;3;2;1977.0;1;0;7;9;2023;14;1;84;84004;2;1;1;3;44,08279200;5,03616900;3;2;2;1;1;1;1;0;1;50;3;Blessé hospitalisé
202300026768;155 633 139;1;0;2;8;1;5;203 787 729;1;1;3;1;1966.0;1;2;19;12;2023;08;1;04;04049;2;3;1;1;44,07420300;5,99181900;3;2;2;0;1;1;1;0;8;50;1;Blessé hospitalisé
202300026768;155 633 140;7;0;9;1;19;1;203 787 730;1;1;1;2;1979.0;1;1;19;12;2023;08;1;04;04049;2;3;1;1;44,07420300;5,99181900;3;2;2;0;1;1;1;0;8;50;1;Indemne
202300026769;155 633 137;1;0;2;4;2;5;203 787 727;1;1;3;1;1954.0;5;2;8;9;2023;10;1;54;54173;1;1;1;2;48,65949089;6,41676664;3;2;2;0;3;1;1;0;1;80;4;Blessé hospitalisé
202300026769;155 633 138;7;0;9;2;2;1;203 787 728;1;1;1;1;1982.0;0;1;8;9;2023;10;1;54;54173;1;1;1;2;48,65949089;6,41676664;3;2;2;0;3;1;1;0;1;80;4;Indemne
202300026778;155 633 122;1;0;0;3;1;5;203 787 703;1;1;2;1;1938.0;5;2;10;9;2023;10;1;07;07136;2;1;1;2;44,59346500;3,90613400;3;2;2;0;1;1;1;0;1;50;6;Tué
202300026778;155 633 123;7;0;0;5;15;1;203 787 708;1;1;1;2;1948.0;5;8;10;9;2023;10;1;07;07136;2;1;1;2;44,59346500;3,90613400;3;2;2;0;1;1;1;0;1;50;6;Indemne
202300026794;155 633 096;10;0;2;2;2;1;203 787 666;1;1;1;1;1964.0;9;1;18;12;2023;14;1;05;05178;1;2;7;3;44,36819100;5,92214000;3;2;2;0;1;1;1;0;1;50;0;Indemne
202300026794;155 633 098;1;0;2;8;0;5;203 787 667;1;1;3;1;1951.0;5;2;18;12;2023;14;1;05;05178;1;2;7;3;44,36819100;5,92214000;3;2;2;0;1;1;1;0;1;50;0;Blessé hospitalisé
202300026795;155 633 094;15;0;9;3;0;1;203 787 664;1;1;1;1;1961.0;4;1;7;9;2023;06;3;59;59058;1;1;1;2;50,23187400;3,95004900;3;2;2;0;2;1;1;0;1;80;3;Indemne
202300026795;155 633 095;1;0;0;4;13;5;203 787 665;1;1;3;1;1991.0;1;0;7;9;2023;06;3;59;59058;1;1;1;2;50,23187400;3,95004900;3;2;2;0;2;1;1;0;1;80;3;Blessé hospitalisé
202300026796;155 633 091;1;0;2;1;26;5;203 787 661;1;1;3;1;2002.0;5;2;16;12;2023;11;2;13;13072;1;3;1;3;43,45907100;5,62942600;3;2;2;0;2;1;1;0;1;80;5;Blessé hospitalisé
202300026796;155 633 093;7;0;9;7;15;3;203 787 663;1;1;1;2;1965.0;4;1;16;12;2023;11;2;13;13072;1;3;1;3;43,45907100;5,62942600;3;2;2;0;2;1;1;0;1;80;5;Indemne
202300026847;155 632 994;10;0;2;3;15;1;203 787 536;1;1;1;2;1985.0;5;1;9;9;2023;18;1;67;67482;2;3;7;3;48,57798000;7,70403000;4;2;2;0;1;1;1;0;1;50;5;Indemne
202300026847;155 632 994;10;0;2;3;15;1;203 787 536;1;1;1;2;1985.0;5;1;9;9;2023;18;1;67;67482;2;3;7;3;48,57798000;7,70403000;4;2;2;0;1;1;1;0;5;50;5;Indemne
202300026847;155 632 995;1;0;2;8;1;5;203 787 537;1;1;3;1;1988.0;0;2;9;9;2023;18;1;67;67482;2;3;7;3;48,57798000;7,70403000;4;2;2;0;1;1;1;0;1;50;5;Blessé hospitalisé
202300026847;155 632 995;1;0;2;8;1;5;203 787 537;1;1;3;1;1988.0;0;2;9;9;2023;18;1;67;67482;2;3;7;3;48,57798000;7,70403000;4;2;2;0;1;1;1;0;5;50;5;Blessé hospitalisé
202300026860;155 632 969;1;1;0;1;1;5;203 787 503;1;1;4;1;1941.0;5;2;17;12;2023;10;1;50;50218;2;1;7;6;48,83654000; -1,56325000;4;2;2;0;1;1;1;0;1;50;6;Blessé léger
202300026873;155 632 948;7;0;2;1;15;1;203 787 475;1;1;1;2;1980.0;5;1;17;12;2023;10;1;22;22113;2;3;1;3;48,74220000; -3,47378000;4;2;2;0;1;1;1;0;1;50;6;Indemne
202300026873;155 632 948;7;0;2;1;15;1;203 787 475;1;1;1;2;1980.0;5;1;17;12;2023;10;1;22;22113;2;3;1;3;48,74220000; -3,47378000;4;2;2;0;2;1;1;0;1;50;6;Indemne
202300026873;155 632 948;7;0;2;1;15;1;203 787 477;2;2;1;1;1984.0;5;1;17;12;2023;10;1;22;22113;2;3;1;3;48,74220000; -3,47378000;4;2;2;0;1;1;1;0;1;50;6;Indemne
202300026873;155 632 948;7;0;2;1;15;1;203 787 477;2;2;1;1;1984.0;5;1;17;12;2023;10;1;22;22113;2;3;1;3;48,74220000; -3,47378000;4;2;2;0;2;1;1;0;1;50;6;Indemne
202300026873;155 632 950;1;0;2;7;1;5;203 787 479;1;1;4;1;1959.0;5;2;17;12;2023;10;1;22;22113;2;3;1;3;48,74220000; -3,47378000;4;2;2;0;1;1;1;0;1;50;6;Blessé léger
202300026873;155 632 950;1;0;2;7;1;5;203 787 479;1;1;4;1;1959.0;5;2;17;12;2023;10;1;22;22113;2;3;1;3;48,74220000; -3,47378000;4;2;2;0;2;1;1;0;1;50;6;Blessé léger
202300026897;155 632 906;7;0;2;1;1;1;203 787 421;1;1;1;2;1982.0;5;1;17;12;2023;15;1;75;75112;2;2;1;3;48,83404900;2,44486500;4;2;2;0;1;1;1;0;1;30;6;Indemne
202300026897;155 632 907;1;0;2;7;19;5;203 787 422;1;1;4;2;1995.0;5;8;17;12;2023;15;1;75;75112;2;2;1;3;48,83404900;2,44486500;4;2;2;0;1;1;1;0;1;30;6;Blessé léger
202300026902;155 632 901;1;0;0;0;21;5;203 787 412;1;1;4;1;2005.0;5;8;17;12;2023;16;2;75;75101;2;2;1;7;48,85949300;2,34519600;4;1;1;0;1;1;1;0;5;30;6;Blessé léger
202300026902;155 632 901;1;0;0;0;21;5;203 787 412;1;1;4;1;2005.0;5;8;17;12;2023;16;2;75;75101;2;2;1;7;48,85949300;2,34519600;4;1;3;1;1;1;1;0;5;30;6;Blessé léger
202300026907;155 632 892;1;1;2;1;25;5;203 787 399;1;1;4;1;1970.0;0;0;17;12;2023;18;5;94;94043;2;1;1;3;48,81089000;2,36403000;3;1;2;0;1;3;1;1;3;30;6;Blessé léger
202300026907;155 632 893;7;0;2;2;9;1;203 787 400;1;1;1;1;1959.0;0;1;17;12;2023;18;5;94;94043;2;1;1;3;48,81089000;2,36403000;3;1;2;0;1;3;1;1;3;30;6;Indemne
202300026919;155 632 872;7;0;2;3;0;1;203 787 372;1;1;1;2;1978.0;5;1;9;9;2023;19;1;07;07281;2;6;1;3;44,94366000;4,85801000;4;1;2;0;1;2;1;0;1;50;5;Indemne
202300026919;155 632 872;7;0;2;3;0;1;203 787 372;1;1;1;2;1978.0;5;1;9;9;2023;19;1;07;07281;2;6;1;3;44,94366000;4,85801000;4;1;2;0;1;2;1;0;1;50;5;Indemne
202300026919;155 632 874;1;0;2;4;0;5;203 787 375;1;1;4;2;2001.0;1;2;9;9;2023;19;1;07;07281;2;6;1;3;44,94366000;4,85801000;4;1;2;0;1;2;1;0;1;50;5;Blessé léger
202300026919;155 632 874;1;0;2;4;0;5;203 787 375;1;1;4;2;2001.0;1;2;9;9;2023;19;1;07;07281;2;6;1;3;44,94366000;4,85801000;4;1;2;0;1;2;1;0;1;50;5;Blessé léger
202300026932;155 632 855;1;0;0;7;1;5;203 787 347;1;1;3;1;1977.0;5;2;17;12;2023;10;1;56;56179;2;1;1;7;47,83639200; -3,39471100;3;2;2;0;2;3;7;0;1;50;6;Blessé hospitalisé
202300026948;155 632 828;1;0;2;4;0;5;203 787 316;1;1;4;1;1995.0;1;4;10;11;2023;19;3;85;85081;1;1;2;2;46,73708000; -1,39803100;3;2;2;0;1;1;2;0;1;80;4;Blessé léger
202300026948;155 632 829;7;0;0;1;1;1;203 787 317;1;1;1;1;1979.0;3;1;10;11;2023;19;3;85;85081;1;1;2;2;46,73708000; -1,39803100;3;2;2;0;1;1;2;0;1;80;4;Indemne
202300026981;155 632 767;7;0;9;2;17;1;203 787 235;1;1;1;2;1931.0;5;1;8;4;2023;11;1;22;22207;1;1;1;3;48,62709400; -3,46614600;3;2;2;0;1;1;1;0;1;80;5;Indemne
202300026981;155 632 768;1;0;2;3;0;5;203 787 236;1;1;4;1;1969.0;5;2;8;4;2023;11;1;22;22207;1;1;1;3;48,62709400; -3,46614600;3;2;2;0;1;1;1;0;1;80;5;Blessé léger
202300026992;155 632 747;7;1;2;2;1;1;203 787 209;1;1;1;2;1968.0;5;1;29;6;2023;11;1;09;09064;1;1;1;2;42,80190300;1,65009500;2;3;0;0;3;1;1;0;5;110;3;Indemne
202300026992;155 632 748;1;0;0;4;1;5;203 787 210;1;1;3;1;1962.0;5;2;29;6;2023;11;1;09;09064;1;1;1;2;42,80190300;1,65009500;2;3;0;0;3;1;1;0;5;110;3;Blessé hospitalisé
202300027035;155 632 661;80;0;2;5;16;3;203 787 096;1;1;4;2;2001.0;0;2;15;6;2023;10;1;974;97411;2;6;8;3; -20,90060000;55,48710000;2;2;2;0;2;1;1;0;1;50;3;Blessé léger
202300027035;155 632 661;80;0;2;5;16;3;203 787 096;1;1;4;2;2001.0;0;2;15;6;2023;10;1;974;97411;2;6;8;3; -20,90060000;55,48710000;2;3;4;1;1;4;1;0;1;70;3;Blessé léger
202300027035;155 632 662;10;0;2;7;16;1;203 787 097;1;1;1;1;1957.0;0;1;15;6;2023;10;1;974;97411;2;6;8;3; -20,90060000;55,48710000;2;2;2;0;2;1;1;0;1;50;3;Indemne
202300027035;155 632 662;10;0;2;7;16;1;203 787 097;1;1;1;1;1957.0;0;1;15;6;2023;10;1;974;97411;2;6;8;3; -20,90060000;55,48710000;2;3;4;1;1;4;1;0;1;70;3;Indemne
202300027050;155 632 631;1;0;2;1;25;5;203 787 056;1;1;4;1;2010.0;0;8;28;6;2023;08;1;67;67218;2;1;1;3;48,52270000;7,71690000;4;1;2;0;1;1;1;0;4;30;2;Blessé léger
202300027050;155 632 632;7;0;2;3;9;1;203 787 057;1;1;1;1;1985.0;1;1;28;6;2023;08;1;67;67218;2;1;1;3;48,52270000;7,71690000;4;1;2;0;1;1;1;0;4;30;2;Indemne
202300027060;155 632 612;1;0;2;8;1;5;203 787 030;1;1;4;1;1982.0;0;8;27;6;2023;08;1;49;49007;2;1;1;2;47,47656000; -0,56644000;4;2;2;0;1;1;1;0;1;50;1;Blessé léger
202300027060;155 632 613;7;0;2;5;16;1;203 787 031;1;1;1;1;1997.0;0;1;27;6;2023;08;1;49;49007;2;1;1;2;47,47656000; -0,56644000;4;2;2;0;1;1;1;0;1;50;1;Indemne
202300027066;155 632 600;1;0;2;8;2;5;203 787 015;1;1;4;1;1977.0;1;2;28;6;2023;07;1;33;33318;2;1;1;3;44,77977000; -0,65987000;4;1;1;0;1;1;1;0;1;30;2;Blessé léger
202300027066;155 632 601;37;0;2;7;2;1;203 787 016;1;1;1;1;1968.0;4;1;28;6;2023;07;1;33;33318;2;1;1;3;44,77977000; -0,65987000;4;1;1;0;1;1;1;0;1;30;2;Indemne
202300027090;155 632 554;30;0;2;1;2;1;203 786 958;1;1;1;1;2001.0;0;2;28;6;2023;19;1;94;94011;2;1;1;3;48,76187961;2,47900057;3;1;1;0;1;4;1;6;1;50;2;Indemne
202300027090;155 632 555;1;0;2;8;19;5;203 786 959;1;1;4;1;1960.0;0;8;28;6;2023;19;1;94;94011;2;1;1;3;48,76187961;2,47900057;3;1;1;0;1;4;1;6;1;50;2;Blessé léger
202300027093;155 632 548;1;0;2;8;1;5;203 786 950;1;1;4;1;1971.0;0;8;27;6;2023;19;1;94;94017;2;1;1;3;48,82005000;2,48313000;3;2;4;0;1;1;1;0;1;50;1;Blessé léger
202300027093;155 632 549;10;0;2;2;17;1;203 786 951;1;1;1;1;2002.0;4;1;27;6;2023;19;1;94;94017;2;1;1;3;48,82005000;2,48313000;3;2;4;0;1;1;1;0;1;50;1;Indemne
202300027102;155 632 534;1;1;2;0;3;5;203 786 932;1;1;4;1;1970.0;5;8;14;6;2023;20;1;92;92051;2;1;7;7;48,88407087;2,27070183;4;2;3;3;1;1;1;0;1;50;2;Blessé léger
202300027106;155 632 527;7;0;2;1;1;1;203 786 924;1;1;1;2;1997.0;5;1;28;6;2023;19;1;92;92040;2;2;1;3;48,82395145;2,27280915;3;2;2;0;2;1;1;5;1;30;2;Indemne
202300027106;155 632 528;1;0;2;7;1;5;203 786 925;1;1;4;2;2002.0;2;8;28;6;2023;19;1;92;92040;2;2;1;3;48,82395145;2,27280915;3;2;2;0;2;1;1;5;1;30;2;Blessé léger
202300027119;155 632 507;80;0;2;1;5;3;203 786 898;1;1;3;1;1955.0;5;0;28;6;2023;16;1;50;50565;1;1;1;1;48,75656800; -1,41057300;3;2;2;0;4;3;1;0;1;80;2;Blessé hospitalisé
202300027119;155 632 508;7;0;0;3;0;1;203 786 899;1;1;1;1;1958.0;5;1;28;6;2023;16;1;50;50565;1;1;1;1;48,75656800; -1,41057300;3;2;2;0;4;3;1;0;1;80;2;Indemne
202300027131;155 632 485;7;0;0;5;15;1;203 786 867;2;2;1;1;1995.0;5;1;24;6;2023;16;1;71;71401;2;3;1;3;46,57279000;5,24655200;3;2;2;0;1;1;1;0;1;50;5;Indemne
202300027131;155 632 485;7;0;0;5;15;1;203 786 867;2;2;1;1;1995.0;5;1;24;6;2023;16;1;71;71401;2;3;1;3;46,57279000;5,24655200;3;2;2;0;1;3;1;0;1;50;5;Indemne
202300027131;155 632 485;7;0;0;5;15;1;203 786 868;7;2;1;1;1992.0;5;1;24;6;2023;16;1;71;71401;2;3;1;3;46,57279000;5,24655200;3;2;2;0;1;1;1;0;1;50;5;Indemne
202300027131;155 632 485;7;0;0;5;15;1;203 786 868;7;2;1;1;1992.0;5;1;24;6;2023;16;1;71;71401;2;3;1;3;46,57279000;5,24655200;3;2;2;0;1;3;1;0;1;50;5;Indemne
202300027131;155 632 485;7;0;0;5;15;1;203 786 869;1;1;1;2;1997.0;5;1;24;6;2023;16;1;71;71401;2;3;1;3;46,57279000;5,24655200;3;2;2;0;1;1;1;0;1;50;5;Indemne
202300027131;155 632 485;7;0;0;5;15;1;203 786 869;1;1;1;2;1997.0;5;1;24;6;2023;16;1;71;71401;2;3;1;3;46,57279000;5,24655200;3;2;2;0;1;3;1;0;1;50;5;Indemne
202300027131;155 632 486;1;0;2;1;1;5;203 786 870;1;1;4;1;1994.0;5;0;24;6;2023;16;1;71;71401;2;3;1;3;46,57279000;5,24655200;3;2;2;0;1;1;1;0;1;50;5;Blessé léger
202300027131;155 632 486;1;0;2;1;1;5;203 786 870;1;1;4;1;1994.0;5;0;24;6;2023;16;1;71;71401;2;3;1;3;46,57279000;5,24655200;3;2;2;0;1;3;1;0;1;50;5;Blessé léger
202300027136;155 632 476;37;0;9;2;5;1;203 786 857;1;1;1;2;1976.0;4;1;26;6;2023;08;1;38;38431;1;1;1;1;45,25001100;5,84728000;4;2;2;0;2;3;1;0;1;50;0;Indemne
202300027136;155 632 477;1;0;2;1;1;5;203 786 858;1;1;3;1;2001.0;1;0;26;6;2023;08;1;38;38431;1;1;1;1;45,25001100;5,84728000;4;2;2;0;2;3;1;0;1;50;0;Blessé hospitalisé
202300027141;155 632 465;31;0;2;1;1;1;203 786 846;1;1;4;1;2005.0;2;2;2;6;2023;16;1;40;40217;2;3;1;3;44,34292900; -1,06075400;4;2;2;0;1;1;1;0;1;50;4;Blessé léger
202300027141;155 632 466;1;0;2;1;19;5;203 786 847;1;1;3;1;2011.0;9;0;2;6;2023;16;1;40;40217;2;3;1;3;44,34292900; -1,06075400;4;2;2;0;1;1;1;0;1;50;4;Blessé hospitalisé
202300027159;155 632 430;1;0;2;8;1;5;203 786 799;1;1;3;1;1994.0;5;2;29;6;2023;10;1;46;46272;1;4;1;3;44,62101300;2,11436400;3;2;2;0;1;2;1;0;1;80;3;Blessé hospitalisé
202300027159;155 632 431;2;0;2;8;13;1;203 786 800;1;1;3;1;2008.0;5;2;29;6;2023;10;1;46;46272;1;4;1;3;44,62101300;2,11436400;3;2;2;0;1;2;1;0;1;80;3;Blessé hospitalisé
202300027171;155 632 402;1;0;2;1;1;5;203 786 768;1;1;3;1;1990.0;4;2;10;10;2023;23;5;75;75102;2;2;1;3;48,86623400;2,35253900;4;1;3;2;1;1;1;0;1;30;1;Blessé hospitalisé
202300027171;155 632 402;1;0;2;1;1;5;203 786 768;1;1;3;1;1990.0;4;2;10;10;2023;23;5;75;75102;2;2;1;3;48,86623400;2,35253900;4;2;4;3;1;1;1;0;1;30;1;Blessé hospitalisé
202300027171;155 632 403;7;0;2;3;1;1;203 786 769;1;1;1;1;1985.0;4;1;10;10;2023;23;5;75;75102;2;2;1;3;48,86623400;2,35253900;4;1;3;2;1;1;1;0;1;30;1;Indemne
202300027171;155 632 403;7;0;2;3;1;1;203 786 769;1;1;1;1;1985.0;4;1;10;10;2023;23;5;75;75102;2;2;1;3;48,86623400;2,35253900;4;2;4;3;1;1;1;0;1;30;1;Indemne
202300027174;155 632 396;80;0;2;7;1;3;203 786 757;1;1;3;2;1970.0;1;8;11;10;2023;10;1;75;75119;2;2;1;3;48,88447800;2,36481900;4;1;1;1;1;1;1;0;1;30;2;Blessé hospitalisé
202300027174;155 632 396;80;0;2;7;1;3;203 786 757;1;1;3;2;1970.0;1;8;11;10;2023;10;1;75;75119;2;2;1;3;48,88447800;2,36481900;4;1;1;0;1;1;1;0;1;30;2;Blessé hospitalisé
202300027174;155 632 397;10;0;2;1;1;3;203 786 758;1;1;1;1;1994.0;1;1;11;10;2023;10;1;75;75119;2;2;1;3;48,88447800;2,36481900;4;1;1;1;1;1;1;0;1;30;2;Indemne
202300027174;155 632 397;10;0;2;1;1;3;203 786 758;1;1;1;1;1994.0;1;1;11;10;2023;10;1;75;75119;2;2;1;3;48,88447800;2,36481900;4;1;1;0;1;1;1;0;1;30;2;Indemne
202300027177;155 632 391;1;0;2;1;1;5;203 786 749;1;1;4;1;1994.0;9;8;11;10;2023;16;1;75;75115;2;3;1;3;48,83362500;2,30901500;4;2;2;2;1;1;1;0;1;30;2;Blessé léger
202300027177;155 632 391;1;0;2;1;1;5;203 786 749;1;1;4;1;1994.0;9;8;11;10;2023;16;1;75;75115;2;3;1;3;48,83362500;2,30901500;4;1;1;0;1;1;1;0;1;30;2;Blessé léger
202300027177;155 632 392;7;0;2;7;1;2;203 786 750;4;2;1;1;2006.0;5;1;11;10;2023;16;1;75;75115;2;3;1;3;48,83362500;2,30901500;4;2;2;2;1;1;1;0;1;30;2;Indemne
202300027177;155 632 392;7;0;2;7;1;2;203 786 750;4;2;1;1;2006.0;5;1;11;10;2023;16;1;75;75115;2;3;1;3;48,83362500;2,30901500;4;1;1;0;1;1;1;0;1;30;2;Indemne
202300027177;155 632 392;7;0;2;7;1;2;203 786 751;1;1;1;1;1963.0;4;1;11;10;2023;16;1;75;75115;2;3;1;3;48,83362500;2,30901500;4;2;2;2;1;1;1;0;1;30;2;Indemne
202300027177;155 632 392;7;0;2;7;1;2;203 786 751;1;1;1;1;1963.0;4;1;11;10;2023;16;1;75;75115;2;3;1;3;48,83362500;2,30901500;4;1;1;0;1;1;1;0;1;30;2;Indemne
202300027179;155 632 387;1;0;2;4;1;5;203 786 744;1;1;4;2;1994.0;1;8;11;10;2023;08;1;75;75115;2;2;1;6;48,83806400;2,29460400;4;2;2;0;1;1;1;0;1;50;2;Blessé léger
202300027179;155 632 388;7;0;2;3;22;3;203 786 745;1;1;1;2;1965.0;1;1;11;10;2023;08;1;75;75115;2;2;1;6;48,83806400;2,29460400;4;2;2;0;1;1;1;0;1;50;2;Indemne
202300027179;155 632 389;1;1;2;1;1;5;203 786 746;1;1;4;2;1999.0;1;8;11;10;2023;08;1;75;75115;2;2;1;6;48,83806400;2,29460400;4;2;2;0;1;1;1;0;1;50;2;Blessé léger
202300027180;155 632 385;1;0;2;4;1;5;203 786 742;1;1;4;1;2001.0;5;2;11;10;2023;18;1;75;75112;2;3;1;2;48,83475100;2,43748000;4;2;1;1;1;1;1;9;5;50;2;Blessé léger
202300027180;155 632 386;1;0;2;1;1;5;203 786 743;1;1;3;1;1973.0;5;2;11;10;2023;18;1;75;75112;2;3;1;2;48,83475100;2,43748000;4;2;1;1;1;1;1;9;5;50;2;Blessé hospitalisé
202300027184;155 632 380;1;1;2;1;1;5;203 786 734;1;1;4;2;1964.0;9;2;11;10;2023;16;1;75;75109;2;3;1;3;48,88077300;2,34023700;4;2;2;0;1;1;1;0;1;30;2;Blessé léger
202300027184;155 632 381;10;0;2;3;24;1;203 786 735;1;1;1;1;1971.0;4;8;11;10;2023;16;1;75;75109;2;3;1;3;48,88077300;2,34023700;4;2;2;0;1;1;1;0;1;30;2;Indemne