Num_Acc;id_vehicule;catv;obs;obsm;choc;manv;motor;id_usager;place;catu;grav;sexe;an_nais;trajet;secu1;jour;mois;an;hrmn;lum;dep;com;agg;int;atm;col;lat;long;catr;circ;nbv;vosp;prof;plan;surf;infra;situ;vma;day_of_week;gravity
202300028801;155 629 487;1;0;0;0;0;5;203 782 954;1;1;3;1;1957.0;5;2;16;12;2023;16;2;14;14542;1;3;1;7;49,23073600; -0,45482500;3;2;2;0;1;1;1;0;3;80;5;Blessé hospitalisé
202300028801;155 629 487;1;0;0;0;0;5;203 782 954;1;1;3;1;1957.0;5;2;16;12;2023;16;2;14;14542;1;3;1;7;49,23073600; -0,45482500;3;4;2;0;1;1;1;9;1;30;5;Blessé hospitalisé
202300028804;155 629 482;1;0;2;7;1;5;203 782 946;1;1;4;1;1953.0;5;2;17;12;2023;11;1;50;50341;2;6;1;3;49,49034700; -1,39263500;3;1;2;0;1;1;1;0;1;50;6;Blessé léger
202300028804;155 629 483;7;0;2;2;9;1;203 782 948;1;1;1;1;1953.0;3;1;17;12;2023;11;1;50;50341;2;6;1;3;49,49034700; -1,39263500;3;1;2;0;1;1;1;0;1;50;6;Indemne
202300028810;155 629 472;1;0;2;6;0;5;203 782 930;1;1;2;1;1948.0;3;2;16;12;2023;21;3;87;87140;1;1;1;2;45,92997600;0,94005000;3;2;2;0;1;1;1;0;1;90;5;Tué
202300028810;155 629 473;10;0;2;5;17;1;203 782 931;1;1;1;1;1985.0;5;8;16;12;2023;21;3;87;87140;1;1;1;2;45,92997600;0,94005000;3;2;2;0;1;1;1;0;1;90;5;Indemne
202300028823;155 629 448;7;0;2;2;1;1;203 782 894;1;1;1;1;1977.0;3;1;8;9;2023;18;1;33;33162;2;4;1;3;44,88164014; -0,64222491;4;2;2;3;1;1;1;5;1;50;4;Indemne
202300028823;155 629 448;7;0;2;2;1;1;203 782 894;1;1;1;1;1977.0;3;1;8;9;2023;18;1;33;33162;2;4;1;3;44,88164014; -0,64222491;4;1;1;0;1;1;1;5;1;50;4;Indemne
202300028823;155 629 449;80;0;2;1;15;3;203 782 895;1;1;3;1;2006.0;0;0;8;9;2023;18;1;33;33162;2;4;1;3;44,88164014; -0,64222491;4;2;2;3;1;1;1;5;1;50;4;Blessé hospitalisé
202300028823;155 629 449;80;0;2;1;15;3;203 782 895;1;1;3;1;2006.0;0;0;8;9;2023;18;1;33;33162;2;4;1;3;44,88164014; -0,64222491;4;1;1;0;1;1;1;5;1;50;4;Blessé hospitalisé
202300028829;155 629 439;33;0;2;1;2;1;203 782 878;1;1;4;1;1993.0;0;8;17;12;2023;03;3;971;97126;1;1;1;2;15,94581400; -61,31280900;2;2;2;0;1;1;1;0;1;80;6;Blessé léger
202300028829;155 629 440;1;0;2;4;2;5;203 782 879;1;1;3;1;1965.0;0;0;17;12;2023;03;3;971;97126;1;1;1;2;15,94581400; -61,31280900;2;2;2;0;1;1;1;0;1;80;6;Blessé hospitalisé
202300028839;155 629 424;7;0;2;7;15;0;203 782 855;1;1;1;1;1962.0;3;1;16;12;2023;18;5;88;88321;2;3;1;3;48,35301900;5,68212000;4;2;2;0;1;1;1;9;1;50;5;Indemne
202300028839;155 629 424;7;0;2;7;15;0;203 782 855;1;1;1;1;1962.0;3;1;16;12;2023;18;5;88;88321;2;3;1;3;48,35301900;5,68212000;4;2;2;0;1;2;1;9;1;50;5;Indemne
202300028839;155 629 425;1;0;2;1;19;5;203 782 856;1;1;3;2;2004.0;1;0;16;12;2023;18;5;88;88321;2;3;1;3;48,35301900;5,68212000;4;2;2;0;1;1;1;9;1;50;5;Blessé hospitalisé
202300028839;155 629 425;1;0;2;1;19;5;203 782 856;1;1;3;2;2004.0;1;0;16;12;2023;18;5;88;88321;2;3;1;3;48,35301900;5,68212000;4;2;2;0;1;2;1;9;1;50;5;Blessé hospitalisé
202300028840;155 629 423;80;0;2;1;1;3;203 782 853;1;1;4;2;1998.0;3;8;7;9;2023;17;1;29;29019;2;3;1;3;48,42190000; -4,46351000;4;2;2;0;1;1;1;0;1;50;3;Blessé léger
202300028840;155 629 423;80;0;2;1;1;3;203 782 853;1;1;4;2;1998.0;3;8;7;9;2023;17;1;29;29019;2;3;1;3;48,42190000; -4,46351000;4;2;3;1;1;1;1;0;1;50;3;Blessé léger
202300028840;155 629 426;7;0;2;2;16;2;203 782 857;1;1;1;1;1975.0;1;1;7;9;2023;17;1;29;29019;2;3;1;3;48,42190000; -4,46351000;4;2;2;0;1;1;1;0;1;50;3;Indemne
202300028840;155 629 426;7;0;2;2;16;2;203 782 857;1;1;1;1;1975.0;1;1;7;9;2023;17;1;29;29019;2;3;1;3;48,42190000; -4,46351000;4;2;3;1;1;1;1;0;1;50;3;Indemne
202300028845;155 629 415;7;0;2;7;16;1;203 782 843;1;1;1;1;1949.0;5;1;8;9;2023;16;1;25;25056;2;4;7;3;47,23300000;5,98900000;4;2;2;2;2;4;1;0;5;50;4;Indemne
202300028845;155 629 417;1;0;2;1;15;5;203 782 845;1;1;4;2;1980.0;1;2;8;9;2023;16;1;25;25056;2;4;7;3;47,23300000;5,98900000;4;2;2;2;2;4;1;0;5;50;4;Blessé léger
202300028846;155 629 412;80;0;6;0;1;3;203 782 839;1;1;3;2;1976.0;5;2;17;12;2023;11;1;01;01301;1;1;1;6;46,27303600;5,14331800;3;2;2;0;1;1;1;0;1;80;6;Blessé hospitalisé
202300028881;155 629 344;1;0;2;1;1;5;203 782 754;1;1;4;1;1971.0;0;8;15;12;2023;17;2;86;86194;2;2;1;1;46,58558700;0,33322900;4;2;2;3;2;1;1;2;1;30;4;Blessé léger
202300028881;155 629 344;1;0;2;1;1;5;203 782 754;1;1;4;1;1971.0;0;8;15;12;2023;17;2;86;86194;2;2;1;1;46,58558700;0,33322900;4;2;2;0;2;1;1;0;1;30;4;Blessé léger
202300028881;155 629 346;50;0;2;1;1;3;203 782 756;1;1;1;1;1993.0;0;8;15;12;2023;17;2;86;86194;2;2;1;1;46,58558700;0,33322900;4;2;2;3;2;1;1;2;1;30;4;Indemne
202300028881;155 629 346;50;0;2;1;1;3;203 782 756;1;1;1;1;1993.0;0;8;15;12;2023;17;2;86;86194;2;2;1;1;46,58558700;0,33322900;4;2;2;0;2;1;1;0;1;30;4;Indemne
202300028885;155 629 336;7;0;9;2;1;1;203 782 745;1;1;1;1;1935.0;0;1;14;12;2023;18;5;83;83062;2;1;1;3;43,12494000;6,00476000;4;2;2;2;1;1;1;0;5;30;3;Indemne
202300028885;155 629 336;7;0;9;2;1;1;203 782 746;2;2;1;2;1935.0;0;1;14;12;2023;18;5;83;83062;2;1;1;3;43,12494000;6,00476000;4;2;2;2;1;1;1;0;5;30;3;Indemne
202300028885;155 629 337;1;0;2;5;19;5;203 782 747;1;1;4;1;1988.0;1;8;14;12;2023;18;5;83;83062;2;1;1;3;43,12494000;6,00476000;4;2;2;2;1;1;1;0;5;30;3;Blessé léger
202300028899;155 629 311;7;0;2;1;1;1;203 782 703;1;1;1;1;2003.0;0;1;27;6;2023;23;5;69;69387;2;2;1;1;45,74683000;4,83678000;4;1;2;3;1;1;1;0;1;50;1;Indemne
202300028899;155 629 311;7;0;2;1;1;1;203 782 703;1;1;1;1;2003.0;0;1;27;6;2023;23;5;69;69387;2;2;1;1;45,74683000;4,83678000;4;1;1;1;1;1;1;0;1;30;1;Indemne
202300028899;155 629 312;1;0;2;1;11;5;203 782 704;1;1;4;2;1990.0;0;8;27;6;2023;23;5;69;69387;2;2;1;1;45,74683000;4,83678000;4;1;2;3;1;1;1;0;1;50;1;Blessé léger
202300028899;155 629 312;1;0;2;1;11;5;203 782 704;1;1;4;2;1990.0;0;8;27;6;2023;23;5;69;69387;2;2;1;1;45,74683000;4,83678000;4;1;1;1;1;1;1;0;1;30;1;Blessé léger
202300028916;155 629 280;7;0;2;2;1;1;203 782 667;1;1;1;2;1978.0;5;1;26;6;2023;18;1;71;71105;2;3;1;3;46,30973000;4,80018000;4;2;1;0;2;1;1;0;1;50;0;Indemne
202300028916;155 629 280;7;0;2;2;1;1;203 782 667;1;1;1;2;1978.0;5;1;26;6;2023;18;1;71;71105;2;3;1;3;46,30973000;4,80018000;4;1;1;0;1;1;1;0;1;50;0;Indemne
202300028916;155 629 281;1;0;2;1;5;5;203 782 668;1;1;4;1;2005.0;0;0;26;6;2023;18;1;71;71105;2;3;1;3;46,30973000;4,80018000;4;2;1;0;2;1;1;0;1;50;0;Blessé léger
202300028916;155 629 281;1;0;2;1;5;5;203 782 668;1;1;4;1;2005.0;0;0;26;6;2023;18;1;71;71105;2;3;1;3;46,30973000;4,80018000;4;1;1;0;1;1;1;0;1;50;0;Blessé léger
202300028918;155 629 276;1;0;2;1;21;5;203 782 663;1;1;3;2;1972.0;5;8;27;6;2023;22;3;67;67482;2;1;1;1;48,57543000;7,75674000;4;2;2;1;1;1;1;9;5;30;1;Blessé hospitalisé
202300028918;155 629 277;1;0;2;1;1;5;203 782 664;1;1;1;1;1998.0;0;8;27;6;2023;22;3;67;67482;2;1;1;1;48,57543000;7,75674000;4;2;2;1;1;1;1;9;5;30;1;Indemne
202300028927;155 629 261;7;0;2;2;16;1;203 782 640;1;1;1;1;1966.0;9;1;27;6;2023;11;1;54;54395;2;1;1;3;48,68081262;6,19421840;4;2;2;2;1;1;1;0;5;50;1;Indemne
202300028927;155 629 262;1;0;2;1;1;5;203 782 641;1;1;4;1;1971.0;0;2;27;6;2023;11;1;54;54395;2;1;1;3;48,68081262;6,19421840;4;2;2;2;1;1;1;0;5;50;1;Blessé léger
202300028928;155 629 259;80;0;2;0;1;3;203 782 638;1;1;4;1;1981.0;0;2;26;6;2023;12;1;54;54395;2;1;1;3;48,69616795;6,16286606;4;2;2;1;2;1;1;0;1;50;0;Blessé léger
202300028928;155 629 260;7;0;2;2;20;1;203 782 639;1;1;1;1;1973.0;0;1;26;6;2023;12;1;54;54395;2;1;1;3;48,69616795;6,16286606;4;2;2;1;2;1;1;0;1;50;0;Indemne
202300028930;155 629 256;80;9;2;7;2;0;203 782 635;1;1;4;1;1957.0;5;8;27;6;2023;16;1;51;51454;2;1;1;3;49,23283000;4,04788000;4;2;1;1;1;1;1;2;1;30;1;Blessé léger
202300028930;155 629 257;1;0;2;1;9;5;203 782 636;1;1;1;1;2008.0;5;8;27;6;2023;16;1;51;51454;2;1;1;3;49,23283000;4,04788000;4;2;1;1;1;1;1;2;1;30;1;Indemne
202300028934;155 629 251;7;0;2;3;9;3;203 782 627;1;1;1;2;1946.0;5;1;26;6;2023;18;1;49;49015;2;6;1;3;47,51780000; -0,60830000;4;2;2;0;1;1;1;0;1;50;0;Indemne
202300028934;155 629 252;80;0;2;7;1;3;203 782 628;1;1;4;2;1968.0;1;8;26;6;2023;18;1;49;49015;2;6;1;3;47,51780000; -0,60830000;4;2;2;0;1;1;1;0;1;50;0;Blessé léger
202300028937;155 629 245;7;0;2;3;1;1;203 782 620;1;1;1;1;1997.0;5;1;27;6;2023;16;1;45;45234;2;1;1;3;47,90525000;1,88967000;4;1;1;1;2;1;1;0;1;30;1;Indemne
202300028937;155 629 246;1;0;2;8;23;5;203 782 621;1;1;1;2;1987.0;2;2;27;6;2023;16;1;45;45234;2;1;1;3;47,90525000;1,88967000;4;1;1;1;2;1;1;0;1;30;1;Indemne
202300028937;155 629 246;1;0;2;8;23;5;203 782 622;2;2;4;1;2017.0;2;3;27;6;2023;16;1;45;45234;2;1;1;3;47,90525000;1,88967000;4;1;1;1;2;1;1;0;1;30;1;Blessé léger
202300028946;155 629 227;1;0;0;0;0;5;203 782 598;1;1;4;2;1966.0;0;2;27;6;2023;15;1;25;25056;2;2;1;2;47,24896000;6,03135000;3;2;3;0;1;1;1;5;1;50;1;Blessé léger
202300028946;155 629 227;1;0;0;0;0;5;203 782 598;1;1;4;2;1966.0;0;2;27;6;2023;15;1;25;25056;2;2;1;2;47,24896000;6,03135000;3;1;2;3;1;1;1;5;1;50;1;Blessé léger
202300028946;155 629 228;7;0;2;1;2;0;203 782 599;1;1;1;2;1989.0;0;1;27;6;2023;15;1;25;25056;2;2;1;2;47,24896000;6,03135000;3;2;3;0;1;1;1;5;1;50;1;Indemne
202300028946;155 629 228;7;0;2;1;2;0;203 782 599;1;1;1;2;1989.0;0;1;27;6;2023;15;1;25;25056;2;2;1;2;47,24896000;6,03135000;3;1;2;3;1;1;1;5;1;50;1;Indemne
202300028947;155 629 226;1;2;0;2;1;5;203 782 596;1;1;4;1;1987.0;0;8;27;6;2023;11;1;25;25056;2;1;1;6;47,24400000;6,02700000;4;1;2;3;2;1;1;5;1;50;1;Blessé léger
202300028947;155 629 226;1;2;0;2;1;5;203 782 597;10;3;4;1;1939.0;0;0;27;6;2023;11;1;25;25056;2;1;1;6;47,24400000;6,02700000;4;1;2;3;2;1;1;5;1;50;1;Blessé léger
202300028948;155 629 224;10;0;2;5;17;1;203 782 594;1;1;1;1;1999.0;0;1;27;6;2023;08;1;25;25056;2;1;1;3;47,25767400;6,01756800;4;1;1;0;2;1;1;0;1;50;1;Indemne
202300028948;155 629 225;1;0;0;0;0;5;203 782 595;1;1;4;1;1950.0;0;8;27;6;2023;08;1;25;25056;2;1;1;3;47,25767400;6,01756800;4;1;1;0;2;1;1;0;1;50;1;Blessé léger
202300028972;155 629 179;80;1;0;2;1;3;203 782 540;1;1;4;1;1990.0;1;8;26;6;2023;09;1;75;75114;2;1;1;3;48,83178000;2,33031800;4;2;3;1;1;1;1;8;5;50;0;Blessé léger
202300028972;155 629 180;7;0;2;3;22;1;203 782 541;1;1;1;1;1993.0;4;1;26;6;2023;09;1;75;75114;2;1;1;3;48,83178000;2,33031800;4;2;3;1;1;1;1;8;5;50;0;Indemne
202300028973;155 629 177;1;0;2;8;1;5;203 782 538;1;1;4;2;1966.0;1;8;26;6;2023;08;1;75;75115;2;2;1;3;48,84376900;2,28635400;4;1;2;2;1;1;1;0;1;30;0;Blessé léger
202300028973;155 629 177;1;0;2;8;1;5;203 782 538;1;1;4;2;1966.0;1;8;26;6;2023;08;1;75;75115;2;2;1;3;48,84376900;2,28635400;4;1;2;2;1;1;1;0;1;30;0;Blessé léger
202300028973;155 629 178;7;8;2;3;15;1;203 782 539;1;1;1;1;1992.0;1;8;26;6;2023;08;1;75;75115;2;2;1;3;48,84376900;2,28635400;4;1;2;2;1;1;1;0;1;30;0;Indemne
202300028973;155 629 178;7;8;2;3;15;1;203 782 539;1;1;1;1;1992.0;1;8;26;6;2023;08;1;75;75115;2;2;1;3;48,84376900;2,28635400;4;1;2;2;1;1;1;0;1;30;0;Indemne
202300028975;155 629 175;1;0;2;8;1;5;203 782 535;1;1;4;1;2008.0;5;8;16;6;2023;18;1;75;75113;2;4;1;3;48,82263900;2,37307200;4;2;3;0;1;1;1;0;1;30;4;Blessé léger
202300028975;155 629 175;1;0;2;8;1;5;203 782 535;1;1;4;1;2008.0;5;8;16;6;2023;18;1;75;75113;2;4;1;3;48,82263900;2,37307200;4;2;2;0;1;1;1;0;1;30;4;Blessé léger
202300028986;155 629 153;30;0;2;1;1;1;203 782 510;1;1;1;1;1994.0;4;2;27;6;2023;19;1;94;94081;2;1;1;3;48,80264000;2,40354700;3;2;2;0;1;1;1;0;1;50;1;Indemne
202300028986;155 629 154;1;0;2;0;19;5;203 782 511;1;1;4;2;2020.0;5;0;27;6;2023;19;1;94;94081;2;1;1;3;48,80264000;2,40354700;3;2;2;0;1;1;1;0;1;50;1;Blessé léger
202300028994;155 629 138;3;0;0;0;24;1;203 782 488;1;1;1;2;1968.0;0;1;27;6;2023;20;1;92;92064;2;1;1;7;48,85158400;2,21306700;3;2;2;0;2;1;1;0;1;50;1;Indemne
202300028994;155 629 139;1;1;0;1;1;5;203 782 489;1;1;4;2;1982.0;0;2;27;6;2023;20;1;92;92064;2;1;1;7;48,85158400;2,21306700;3;2;2;0;2;1;1;0;1;50;1;Blessé léger
202300029010;155 629 112;1;0;2;1;5;5;203 782 453;1;1;2;1;1961.0;5;2;28;6;2023;11;1;44;44111;1;1;1;1;47,37026900; -1,72533100;4;2;2;0;2;1;1;0;1;80;2;Tué
202300029010;155 629 113;14;0;9;3;1;1;203 782 454;1;1;1;1;1976.0;4;1;28;6;2023;11;1;44;44111;1;1;1;1;47,37026900; -1,72533100;4;2;2;0;2;1;1;0;1;80;2;Indemne
202300029031;155 629 067;1;0;2;1;19;5;203 782 398;1;1;4;1;1981.0;5;2;27;6;2023;19;1;60;60045;2;2;1;1;49,22301400;2,66867500;3;2;2;0;1;1;1;0;1;50;1;Blessé léger
202300029031;155 629 068;2;0;2;1;1;1;203 782 399;1;1;4;1;2008.0;5;2;27;6;2023;19;1;60;60045;2;2;1;1;49,22301400;2,66867500;3;2;2;0;1;1;1;0;1;50;1;Blessé léger
202300029032;155 629 065;1;0;0;4;2;5;203 782 396;1;1;2;1;1955.0;0;2;28;6;2023;07;1;18;18129;1;1;1;2;46,95988700;2,37908900;3;2;2;0;1;1;1;0;1;80;2;Tué
202300029032;155 629 066;10;0;0;2;17;1;203 782 397;1;1;1;1;1994.0;0;1;28;6;2023;07;1;18;18129;1;1;1;2;46,95988700;2,37908900;3;2;2;0;1;1;1;0;1;80;2;Indemne
202300029044;155 629 042;1;0;2;1;15;5;203 782 370;1;1;4;1;2008.0;2;0;15;6;2023;12;1;38;38553;2;3;1;1;45,61849900;5,14806600;4;2;2;0;1;1;1;0;1;50;3;Blessé léger
202300029044;155 629 043;7;0;9;1;23;1;203 782 371;1;1;1;1;2003.0;1;1;15;6;2023;12;1;38;38553;2;3;1;1;45,61849900;5,14806600;4;2;2;0;1;1;1;0;1;50;3;Indemne
202300029063;155 629 007;7;0;2;2;15;1;203 782 319;1;1;1;1;1949.0;3;1;28;6;2023;11;1;33;33413;1;3;1;3;44,84998693; -0,32750845;3;2;2;0;1;1;1;0;1;80;2;Indemne
202300029063;155 629 008;1;0;2;8;1;5;203 782 320;1;1;3;1;1958.0;5;2;28;6;2023;11;1;33;33413;1;3;1;3;44,84998693; -0,32750845;3;2;2;0;1;1;1;0;1;80;2;Blessé hospitalisé
202300029075;155 628 982;7;0;2;1;15;1;203 782 280;1;1;1;2;1979.0;5;1;9;10;2023;10;1;37;37261;2;4;1;3;47,41217000;0,70001000;4;2;2;2;1;1;1;5;1;50;0;Indemne
202300029075;155 628 982;7;0;2;1;15;1;203 782 280;1;1;1;2;1979.0;5;1;9;10;2023;10;1;37;37261;2;4;1;3;47,41217000;0,70001000;4;2;2;0;2;1;1;5;1;50;0;Indemne
202300029075;155 628 983;1;0;2;8;1;5;203 782 281;1;1;4;2;1946.0;5;8;9;10;2023;10;1;37;37261;2;4;1;3;47,41217000;0,70001000;4;2;2;2;1;1;1;5;1;50;0;Blessé léger
202300029075;155 628 983;1;0;2;8;1;5;203 782 281;1;1;4;2;1946.0;5;8;9;10;2023;10;1;37;37261;2;4;1;3;47,41217000;0,70001000;4;2;2;0;2;1;1;5;1;50;0;Blessé léger
202300029081;155 628 969;80;0;2;8;1;3;203 782 265;1;1;3;1;1972.0;9;0;9;10;2023;18;1;33;33063;2;3;1;3;44,86199724; -0,55604607;4;1;1;0;1;1;1;0;1;50;0;Blessé hospitalisé
202300029081;155 628 969;80;0;2;8;1;3;203 782 265;1;1;3;1;1972.0;9;0;9;10;2023;18;1;33;33063;2;3;1;3;44,86199724; -0,55604607;4;2;6;3;1;1;1;5;1;50;0;Blessé hospitalisé
202300029081;155 628 970;7;0;2;7;16;1;203 782 266;1;1;1;1;1980.0;1;1;9;10;2023;18;1;33;33063;2;3;1;3;44,86199724; -0,55604607;4;1;1;0;1;1;1;0;1;50;0;Indemne
202300029081;155 628 970;7;0;2;7;16;1;203 782 266;1;1;1;1;1980.0;1;1;9;10;2023;18;1;33;33063;2;3;1;3;44,86199724; -0,55604607;4;2;6;3;1;1;1;5;1;50;0;Indemne
202300029081;155 628 970;7;0;2;7;16;1;203 782 267;2;2;1;2;1979.0;9;1;9;10;2023;18;1;33;33063;2;3;1;3;44,86199724; -0,55604607;4;1;1;0;1;1;1;0;1;50;0;Indemne
202300029081;155 628 970;7;0;2;7;16;1;203 782 267;2;2;1;2;1979.0;9;1;9;10;2023;18;1;33;33063;2;3;1;3;44,86199724; -0,55604607;4;2;6;3;1;1;1;5;1;50;0;Indemne
202300029083;155 628 965;10;0;2;3;2;1;203 782 261;1;1;1;1;1964.0;1;1;9;10;2023;12;1;31;31483;2;6;1;3;43,09515000;0,73609000;3;2;1;0;1;4;1;0;1;50;0;Indemne
202300029083;155 628 965;10;0;2;3;2;1;203 782 261;1;1;1;1;1964.0;1;1;9;10;2023;12;1;31;31483;2;6;1;3;43,09515000;0,73609000;3;1;1;0;1;3;1;0;1;50;0;Indemne
202300029083;155 628 966;1;0;2;0;0;5;203 782 262;1;1;4;1;1981.0;5;2;9;10;2023;12;1;31;31483;2;6;1;3;43,09515000;0,73609000;3;2;1;0;1;4;1;0;1;50;0;Blessé léger
202300029083;155 628 966;1;0;2;0;0;5;203 782 262;1;1;4;1;1981.0;5;2;9;10;2023;12;1;31;31483;2;6;1;3;43,09515000;0,73609000;3;1;1;0;1;3;1;0;1;50;0;Blessé léger
202300029089;155 628 954;7;0;9;3;16;1;203 782 249;1;1;1;2;1997.0;0;1;9;10;2023;07;5;29;29019;2;3;1;3;48,38839489; -4,51576978;4;4;2;1;1;1;1;9;1;50;0;Indemne
202300029089;155 628 954;7;0;9;3;16;1;203 782 249;1;1;1;2;1997.0;0;1;9;10;2023;07;5;29;29019;2;3;1;3;48,38839489; -4,51576978;4;2;2;0;2;1;1;0;1;50;0;Indemne
202300029089;155 628 955;1;0;2;1;19;5;203 782 250;1;1;4;1;1976.0;0;8;9;10;2023;07;5;29;29019;2;3;1;3;48,38839489; -4,51576978;4;4;2;1;1;1;1;9;1;50;0;Blessé léger
202300029089;155 628 955;1;0;2;1;19;5;203 782 250;1;1;4;1;1976.0;0;8;9;10;2023;07;5;29;29019;2;3;1;3;48,38839489; -4,51576978;4;2;2;0;2;1;1;0;1;50;0;Blessé léger
202300029092;155 628 948;1;0;2;4;1;5;203 782 243;1;1;4;1;1965.0;5;2;8;10;2023;08;1;19;19031;2;6;1;3;45,14464000;1,47591000;3;1;2;0;1;3;1;0;1;50;6;Blessé léger
202300029092;155 628 949;7;0;2;2;9;1;203 782 244;1;1;1;1;1973.0;5;1;8;10;2023;08;1;19;19031;2;6;1;3;45,14464000;1,47591000;3;1;2;0;1;3;1;0;1;50;6;Indemne
202300029104;155 628 926;1;0;2;4;0;5;203 782 216;1;1;4;1;2012.0;5;8;9;10;2023;18;1;07;07281;2;1;1;3;44,94862000;4,84538000;4;2;1;0;1;3;1;0;1;50;0;Blessé léger
202300029104;155 628 927;7;0;9;5;16;1;203 782 217;1;1;1;1;1971.0;0;8;9;10;2023;18;1;07;07281;2;1;1;3;44,94862000;4,84538000;4;2;1;0;1;3;1;0;1;50;0;Indemne
202300029108;155 628 921;1;0;0;1;26;5;203 782 204;1;1;3;1;1987.0;5;8;9;10;2023;13;1;04;04070;2;1;1;7;44,08159000;6,22268000;9;2;1;0;2;1;1;0;1;50;0;Blessé hospitalisé
202300029115;155 628 908;10;0;2;6;14;1;203 782 188;1;1;1;1;1977.0;4;1;10;10;2023;08;1;75;75116;2;7;1;3;48,86453000;2,30130100;4;1;4;0;1;3;1;0;1;30;1;Indemne
202300029115;155 628 909;1;0;2;1;1;5;203 782 189;1;1;4;2;1977.0;9;2;10;10;2023;08;1;75;75116;2;7;1;3;48,86453000;2,30130100;4;1;4;0;1;3;1;0;1;30;1;Blessé léger
202300029118;155 628 904;7;0;2;1;9;1;203 782 184;1;1;1;1;1973.0;5;1;10;10;2023;16;1;75;75113;2;9;1;3;48,82574300;2,36302100;4;1;1;1;2;1;1;0;5;30;1;Indemne
202300029118;155 628 905;1;0;2;7;5;5;203 782 185;1;1;4;1;1966.0;5;2;10;10;2023;16;1;75;75113;2;9;1;3;48,82574300;2,36302100;4;1;1;1;2;1;1;0;5;30;1;Blessé léger
202300029119;155 628 902;7;0;2;3;16;1;203 782 182;1;1;1;1;1991.0;9;8;10;10;2023;11;1;75;75112;2;1;1;3;48,84389000;2,37316300;4;2;4;1;1;1;1;0;5;30;1;Indemne
202300029119;155 628 903;80;0;2;1;1;3;203 782 183;1;1;4;1;2000.0;5;2;10;10;2023;11;1;75;75112;2;1;1;3;48,84389000;2,37316300;4;2;4;1;1;1;1;0;5;30;1;Blessé léger
202300029124;155 628 892;50;0;2;1;13;3;203 782 172;1;1;4;1;1983.0;9;8;10;10;2023;09;1;75;75108;2;7;1;1;48,86421248;2,30180740;4;2;2;1;1;1;1;0;5;30;1;Blessé léger
202300029124;155 628 893;80;0;2;1;1;3;203 782 173;1;1;4;2;1988.0;9;2;10;10;2023;09;1;75;75108;2;7;1;1;48,86421248;2,30180740;4;2;2;1;1;1;1;0;5;30;1;Blessé léger
202300029125;155 628 890;37;0;2;5;17;1;203 782 170;1;1;4;2;1982.0;4;1;9;10;2023;17;1;75;75107;2;3;1;2;48,84883200;2,31142000;4;1;1;0;1;1;1;0;1;30;0;Blessé léger
202300029125;155 628 891;1;0;2;3;21;5;203 782 171;1;1;4;2;1994.0;1;8;9;10;2023;17;1;75;75107;2;3;1;2;48,84883200;2,31142000;4;1;1;0;1;1;1;0;1;30;0;Blessé léger
202300029127;155 628 886;1;0;1;1;1;5;203 782 165;1;1;1;2;2000.0;9;8;10;10;2023;14;1;75;75101;2;2;1;6;48,85963200;2,34481000;4;2;3;1;1;1;1;0;5;30;1;Indemne
202300029127;155 628 886;1;0;1;1;1;5;203 782 165;1;1;1;2;2000.0;9;8;10;10;2023;14;1;75;75101;2;2;1;6;48,85963200;2,34481000;4;1;1;0;1;1;1;0;5;30;1;Indemne
202300029127;155 628 886;1;0;1;1;1;5;203 782 166;10;3;4;2;1994.0;9;0;10;10;2023;14;1;75;75101;2;2;1;6;48,85963200;2,34481000;4;2;3;1;1;1;1;0;5;30;1;Blessé léger
202300029127;155 628 886;1;0;1;1;1;5;203 782 166;10;3;4;2;1994.0;9;0;10;10;2023;14;1;75;75101;2;2;1;6;48,85963200;2,34481000;4;1;1;0;1;1;1;0;5;30;1;Blessé léger
202300029129;155 628 883;1;0;1;1;1;5;203 782 161;10;3;4;2;1960.0;4;0;10;10;2023;09;1;75;75103;2;2;1;6;48,86684400;2,36190900;4;2;2;1;1;1;1;0;5;30;1;Blessé léger
202300029129;155 628 883;1;0;1;1;1;5;203 782 161;10;3;4;2;1960.0;4;0;10;10;2023;09;1;75;75103;2;2;1;6;48,86684400;2,36190900;4;1;3;3;1;1;1;0;5;30;1;Blessé léger
202300029129;155 628 883;1;0;1;1;1;5;203 782 162;1;1;1;2;1997.0;4;8;10;10;2023;09;1;75;75103;2;2;1;6;48,86684400;2,36190900;4;2;2;1;1;1;1;0;5;30;1;Indemne
202300029129;155 628 883;1;0;1;1;1;5;203 782 162;1;1;1;2;1997.0;4;8;10;10;2023;09;1;75;75103;2;2;1;6;48,86684400;2,36190900;4;1;3;3;1;1;1;0;5;30;1;Indemne
202300029140;155 628 865;1;0;2;0;15;5;203 782 137;1;1;4;1;2005.0;9;8;9;10;2023;21;5;93;93071;2;3;1;3;48,94228000;2,53269000;4;2;2;0;1;1;1;0;1;50;0;Blessé léger
202300029140;155 628 865;1;0;2;0;15;5;203 782 137;1;1;4;1;2005.0;9;8;9;10;2023;21;5;93;93071;2;3;1;3;48,94228000;2,53269000;4;1;1;0;1;1;1;0;8;50;0;Blessé léger