Num_Acc;id_vehicule;catv;obs;obsm;choc;manv;motor;id_usager;place;catu;grav;sexe;an_nais;trajet;secu1;jour;mois;an;hrmn;lum;dep;com;agg;int;atm;col;lat;long;catr;circ;nbv;vosp;prof;plan;surf;infra;situ;vma;day_of_week;gravity
202300029140;155 628 866;10;0;2;3;16;1;203 782 138;1;1;1;1;1989.0;4;1;9;10;2023;21;5;93;93071;2;3;1;3;48,94228000;2,53269000;4;2;2;0;1;1;1;0;1;50;0;Indemne
202300029140;155 628 866;10;0;2;3;16;1;203 782 138;1;1;1;1;1989.0;4;1;9;10;2023;21;5;93;93071;2;3;1;3;48,94228000;2,53269000;4;1;1;0;1;1;1;0;8;50;0;Indemne
202300029157;155 628 836;16;0;9;5;1;1;203 782 101;1;1;1;1;1977.0;4;1;10;10;2023;08;1;84;84149;2;1;1;3;44,16878700;4,96058900;3;2;2;0;1;1;1;0;1;50;1;Indemne
202300029157;155 628 837;1;0;2;0;1;5;203 782 102;1;1;2;1;1936.0;0;0;10;10;2023;08;1;84;84149;2;1;1;3;44,16878700;4,96058900;3;2;2;0;1;1;1;0;1;50;1;Tué
202300029169;155 628 819;36;0;2;1;13;1;203 782 080;1;1;1;1;1995.0;5;1;11;10;2023;11;1;35;35187;1;4;1;1;48,07845700; -1,96050200;4;2;2;0;1;3;1;0;1;80;2;Indemne
202300029169;155 628 819;36;0;2;1;13;1;203 782 080;1;1;1;1;1995.0;5;1;11;10;2023;11;1;35;35187;1;4;1;1;48,07845700; -1,96050200;4;2;2;0;2;2;1;0;1;80;2;Indemne
202300029169;155 628 820;1;0;2;1;1;5;203 782 081;1;1;4;1;1961.0;5;2;11;10;2023;11;1;35;35187;1;4;1;1;48,07845700; -1,96050200;4;2;2;0;1;3;1;0;1;80;2;Blessé léger
202300029169;155 628 820;1;0;2;1;1;5;203 782 081;1;1;4;1;1961.0;5;2;11;10;2023;11;1;35;35187;1;4;1;1;48,07845700; -1,96050200;4;2;2;0;2;2;1;0;1;80;2;Blessé léger
202300029181;155 628 803;7;0;2;1;19;1;203 782 056;1;1;1;2;1981.0;1;1;10;10;2023;16;1;17;17483;1;2;7;1;46,01593300; -1,04961500;4;2;2;0;1;1;1;5;1;90;1;Indemne
202300029181;155 628 804;1;0;2;6;1;5;203 782 057;1;1;3;1;1937.0;5;2;10;10;2023;16;1;17;17483;1;2;7;1;46,01593300; -1,04961500;4;2;2;0;1;1;1;5;1;90;1;Blessé hospitalisé
202300029190;155 628 785;1;0;0;0;0;5;203 782 033;1;1;3;2;1972.0;1;0;11;10;2023;07;2;83;83035;2;1;8;7;43,18099300;5,77652600;3;3;0;0;2;1;1;0;1;50;2;Blessé hospitalisé
202300029201;155 628 766;1;0;2;8;13;5;203 782 011;1;1;3;1;1965.0;5;2;10;10;2023;20;3;49;49332;1;1;1;3;47,09361300; -0,92209000;3;2;2;0;1;1;1;0;1;90;1;Blessé hospitalisé
202300029201;155 628 767;21;0;9;6;1;1;203 782 012;1;1;1;1;2003.0;5;0;10;10;2023;20;3;49;49332;1;1;1;3;47,09361300; -0,92209000;3;2;2;0;1;1;1;0;1;90;1;Indemne
202300029235;155 628 698;1;0;0;8;1;5;203 781 932;1;1;4;2;2007.0;2;8;9;10;2023;17;1;75;75115;2;3;1;7;48,83971000;2,28314700;4;1;0;1;1;1;1;0;5;30;0;Blessé léger
202300029238;155 628 694;7;0;0;4;23;1;203 781 927;1;1;1;1;1978.0;9;1;9;10;2023;18;1;75;75110;2;2;1;2;48,88161600;2,36579700;4;2;4;0;1;1;1;0;1;30;0;Indemne
202300029238;155 628 695;1;0;2;1;1;5;203 781 928;1;1;4;1;1998.0;9;2;9;10;2023;18;1;75;75110;2;2;1;2;48,88161600;2,36579700;4;2;4;0;1;1;1;0;1;30;0;Blessé léger
202300029239;155 628 692;7;0;2;7;1;1;203 781 923;1;1;1;1;1994.0;4;1;9;10;2023;00;5;75;75110;2;1;1;3;48,86961100;2,36700000;4;1;2;1;1;1;1;0;1;30;0;Indemne
202300029239;155 628 692;7;0;2;7;1;1;203 781 924;2;2;1;2;1991.0;5;1;9;10;2023;00;5;75;75110;2;1;1;3;48,86961100;2,36700000;4;1;2;1;1;1;1;0;1;30;0;Indemne
202300029239;155 628 692;7;0;2;7;1;1;203 781 925;2;2;1;1;1989.0;5;1;9;10;2023;00;5;75;75110;2;1;1;3;48,86961100;2,36700000;4;1;2;1;1;1;1;0;1;30;0;Indemne
202300029239;155 628 693;80;0;2;8;13;3;203 781 926;1;1;4;1;1992.0;5;8;9;10;2023;00;5;75;75110;2;1;1;3;48,86961100;2,36700000;4;1;2;1;1;1;1;0;1;30;0;Blessé léger
202300029240;155 628 690;7;0;2;2;16;1;203 781 921;1;1;1;2;2000.0;5;1;8;10;2023;22;5;75;75109;2;5;1;3;48,87963400;2,32704200;4;1;1;1;2;1;1;5;1;30;6;Indemne
202300029240;155 628 691;1;14;2;2;2;5;203 781 922;1;1;4;1;1994.0;5;8;8;10;2023;22;5;75;75109;2;5;1;3;48,87963400;2,32704200;4;1;1;1;2;1;1;5;1;30;6;Blessé léger
202300029241;155 628 688;1;0;2;8;5;5;203 781 919;1;1;4;1;1979.0;9;8;9;10;2023;01;3;75;75107;2;1;1;3;48,85208100;2,30763000;4;3;0;0;1;1;1;0;1;30;0;Blessé léger
202300029241;155 628 689;7;0;2;6;2;3;203 781 920;1;1;1;1;1973.0;4;1;9;10;2023;01;3;75;75107;2;1;1;3;48,85208100;2,30763000;4;3;0;0;1;1;1;0;1;30;0;Indemne
202300029255;155 628 666;1;0;2;1;1;5;203 781 890;1;1;4;1;1969.0;1;0;9;10;2023;07;2;93;93031;2;3;1;3;48,96210400;2,31095900;4;2;2;0;1;1;1;0;1;50;0;Blessé léger
202300029255;155 628 666;1;0;2;1;1;5;203 781 890;1;1;4;1;1969.0;1;0;9;10;2023;07;2;93;93031;2;3;1;3;48,96210400;2,31095900;4;2;2;0;1;1;1;0;1;50;0;Blessé léger
202300029255;155 628 667;7;0;2;3;9;1;203 781 891;1;1;1;1;1947.0;5;1;9;10;2023;07;2;93;93031;2;3;1;3;48,96210400;2,31095900;4;2;2;0;1;1;1;0;1;50;0;Indemne
202300029255;155 628 667;7;0;2;3;9;1;203 781 891;1;1;1;1;1947.0;5;1;9;10;2023;07;2;93;93031;2;3;1;3;48,96210400;2,31095900;4;2;2;0;1;1;1;0;1;50;0;Indemne
202300029291;155 628 607;80;0;0;0;1;3;203 781 799;1;1;3;1;1988.0;9;2;18;1;2023;08;1;973;97302;2;1;1;6;4,92794000; -52,31392000;4;2;2;0;1;1;1;0;1;50;2;Blessé hospitalisé
202300029291;155 628 607;80;0;0;0;1;3;203 781 801;2;2;3;2;1988.0;1;2;18;1;2023;08;1;973;97302;2;1;1;6;4,92794000; -52,31392000;4;2;2;0;1;1;1;0;1;50;2;Blessé hospitalisé
202300029298;155 628 598;1;12;0;1;20;5;203 781 788;1;1;4;1;1998.0;5;8;21;1;2023;06;5;69;69388;2;1;4;6;45,74034000;4,88797000;4;2;2;3;1;1;2;0;1;50;5;Blessé léger
202300029319;155 628 558;80;0;2;0;0;3;203 781 732;1;1;4;1;2006.0;1;8;21;1;2023;20;5;76;76319;2;9;1;3;49,34777600;0,99179000;7;2;2;0;1;1;1;0;1;50;5;Blessé léger
202300029319;155 628 559;7;0;2;3;9;1;203 781 733;1;1;1;1;1974.0;1;1;21;1;2023;20;5;76;76319;2;9;1;3;49,34777600;0,99179000;7;2;2;0;1;1;1;0;1;50;5;Indemne
202300029331;155 628 535;37;0;2;2;1;1;203 781 702;1;1;1;1;1991.0;4;1;21;1;2023;16;1;56;56162;2;6;1;3;47,74105000; -3,40645000;3;2;4;3;2;1;1;5;1;50;5;Indemne
202300029331;155 628 536;1;0;2;3;9;5;203 781 704;1;1;4;1;1974.0;5;2;21;1;2023;16;1;56;56162;2;6;1;3;47,74105000; -3,40645000;3;2;4;3;2;1;1;5;1;50;5;Blessé léger
202300029355;155 628 502;1;0;2;4;1;5;203 781 656;1;1;4;1;1962.0;0;0;21;1;2023;06;5;33;33063;2;2;5;3;44,86007000; -0,55410000;4;4;6;3;1;1;1;5;1;50;5;Blessé léger
202300029355;155 628 502;1;0;2;4;1;5;203 781 656;1;1;4;1;1962.0;0;0;21;1;2023;06;5;33;33063;2;2;5;3;44,86007000; -0,55410000;4;3;6;0;1;1;1;5;1;50;5;Blessé léger
202300029355;155 628 504;7;0;2;1;1;1;203 781 658;1;1;1;1;1997.0;5;1;21;1;2023;06;5;33;33063;2;2;5;3;44,86007000; -0,55410000;4;4;6;3;1;1;1;5;1;50;5;Indemne
202300029355;155 628 504;7;0;2;1;1;1;203 781 658;1;1;1;1;1997.0;5;1;21;1;2023;06;5;33;33063;2;2;5;3;44,86007000; -0,55410000;4;3;6;0;1;1;1;5;1;50;5;Indemne
202300029364;155 628 483;7;0;2;3;9;1;203 781 632;1;1;1;2;1952.0;9;8;16;1;2023;16;1;22;22360;2;6;1;3;48,49349000; -2,73784000;4;2;2;0;1;1;2;5;1;50;0;Indemne
202300029364;155 628 483;7;0;2;3;9;1;203 781 632;1;1;1;2;1952.0;9;8;16;1;2023;16;1;22;22360;2;6;1;3;48,49349000; -2,73784000;4;2;2;0;1;1;2;5;1;50;0;Indemne
202300029364;155 628 484;1;0;2;9;1;5;203 781 635;1;1;4;1;1960.0;5;2;16;1;2023;16;1;22;22360;2;6;1;3;48,49349000; -2,73784000;4;2;2;0;1;1;2;5;1;50;0;Blessé léger
202300029364;155 628 484;1;0;2;9;1;5;203 781 635;1;1;4;1;1960.0;5;2;16;1;2023;16;1;22;22360;2;6;1;3;48,49349000; -2,73784000;4;2;2;0;1;1;2;5;1;50;0;Blessé léger
202300029397;155 628 428;1;0;2;1;26;5;203 781 567;1;1;4;2;1969.0;1;8;4;5;2023;14;1;74;74010;2;2;1;3;45,90301000;6,12945000;4;2;3;1;1;1;1;9;5;30;3;Blessé léger
202300029397;155 628 428;1;0;2;1;26;5;203 781 567;1;1;4;2;1969.0;1;8;4;5;2023;14;1;74;74010;2;2;1;3;45,90301000;6,12945000;4;2;3;2;1;1;1;9;5;30;3;Blessé léger
202300029397;155 628 430;7;1;2;2;9;1;203 781 569;1;1;1;2;1983.0;1;1;4;5;2023;14;1;74;74010;2;2;1;3;45,90301000;6,12945000;4;2;3;1;1;1;1;9;5;30;3;Indemne
202300029397;155 628 430;7;1;2;2;9;1;203 781 569;1;1;1;2;1983.0;1;1;4;5;2023;14;1;74;74010;2;2;1;3;45,90301000;6,12945000;4;2;3;2;1;1;1;9;5;30;3;Indemne
202300029398;155 628 426;7;0;9;1;19;0;203 781 565;1;1;1;2;1992.0;0;1;21;1;2023;13;1;92;92012;2;1;1;3;48,83935000;2,23754000;4;1;2;2;1;1;1;0;1;30;5;Indemne
202300029398;155 628 427;80;0;2;1;1;3;203 781 566;1;1;3;1;1985.0;0;2;21;1;2023;13;1;92;92012;2;1;1;3;48,83935000;2,23754000;4;1;2;2;1;1;1;0;1;30;5;Blessé hospitalisé
202300029423;155 628 380;1;0;2;7;1;5;203 781 496;1;1;4;1;1972.0;1;0;18;1;2023;07;2;68;68156;2;3;4;3;47,89729400;7,23059400;3;2;2;0;1;1;2;0;1;50;2;Blessé léger
202300029423;155 628 381;7;0;2;1;15;1;203 781 497;1;1;1;1;1962.0;5;1;18;1;2023;07;2;68;68156;2;3;4;3;47,89729400;7,23059400;3;2;2;0;1;1;2;0;1;50;2;Indemne
202300029426;155 628 375;7;0;9;3;1;2;203 781 490;1;1;1;2;1972.0;5;1;29;7;2023;11;1;86;86066;2;6;3;1;46,81137500;0,54382000;4;2;2;0;1;1;2;5;1;30;5;Indemne
202300029426;155 628 376;1;0;2;8;1;5;203 781 491;1;1;4;1;1932.0;5;8;29;7;2023;11;1;86;86066;2;6;3;1;46,81137500;0,54382000;4;2;2;0;1;1;2;5;1;30;5;Blessé léger
202300029456;155 628 322;1;0;2;1;1;5;203 781 405;1;1;4;1;1968.0;1;2;31;7;2023;17;1;45;45302;2;6;2;5;47,95595201;1,84663653;4;3;2;2;1;1;2;0;1;50;0;Blessé léger
202300029456;155 628 323;1;0;2;8;1;5;203 781 406;1;1;4;1;1973.0;1;2;31;7;2023;17;1;45;45302;2;6;2;5;47,95595201;1,84663653;4;3;2;2;1;1;2;0;1;50;0;Blessé léger
202300029456;155 628 324;7;0;2;1;16;1;203 781 408;1;1;1;1;1975.0;1;1;31;7;2023;17;1;45;45302;2;6;2;5;47,95595201;1,84663653;4;3;2;2;1;1;2;0;1;50;0;Indemne
202300029459;155 628 318;7;0;2;2;15;1;203 781 396;1;1;1;1;1961.0;5;1;31;7;2023;16;1;35;35238;2;3;3;3;48,10740000; -1,67458000;4;2;2;3;1;1;2;0;1;50;0;Indemne
202300029459;155 628 318;7;0;2;2;15;1;203 781 396;1;1;1;1;1961.0;5;1;31;7;2023;16;1;35;35238;2;3;3;3;48,10740000; -1,67458000;4;2;2;0;2;1;2;0;1;50;0;Indemne
202300029459;155 628 318;7;0;2;2;15;1;203 781 397;2;2;1;2;1959.0;5;1;31;7;2023;16;1;35;35238;2;3;3;3;48,10740000; -1,67458000;4;2;2;3;1;1;2;0;1;50;0;Indemne
202300029459;155 628 318;7;0;2;2;15;1;203 781 397;2;2;1;2;1959.0;5;1;31;7;2023;16;1;35;35238;2;3;3;3;48,10740000; -1,67458000;4;2;2;0;2;1;2;0;1;50;0;Indemne
202300029459;155 628 320;1;0;2;1;1;5;203 781 399;1;1;4;2;1997.0;5;0;31;7;2023;16;1;35;35238;2;3;3;3;48,10740000; -1,67458000;4;2;2;3;1;1;2;0;1;50;0;Blessé léger
202300029459;155 628 320;1;0;2;1;1;5;203 781 399;1;1;4;2;1997.0;5;0;31;7;2023;16;1;35;35238;2;3;3;3;48,10740000; -1,67458000;4;2;2;0;2;1;2;0;1;50;0;Blessé léger
202300029498;155 628 253;7;0;2;3;1;2;203 781 304;2;2;1;1;1992.0;5;1;30;7;2023;18;1;06;06004;2;1;1;3;43,57071000;7,09239000;4;2;2;0;1;1;1;0;1;50;6;Indemne
202300029498;155 628 253;7;0;2;3;1;2;203 781 305;1;1;1;1;1990.0;5;1;30;7;2023;18;1;06;06004;2;1;1;3;43,57071000;7,09239000;4;2;2;0;1;1;1;0;1;50;6;Indemne
202300029498;155 628 255;80;0;2;1;13;3;203 781 307;1;1;3;1;1970.0;5;8;30;7;2023;18;1;06;06004;2;1;1;3;43,57071000;7,09239000;4;2;2;0;1;1;1;0;1;50;6;Blessé hospitalisé
202300029505;155 628 243;1;0;1;1;7;5;203 781 292;1;1;1;1;1989.0;5;2;31;7;2023;15;1;75;75114;2;3;2;6;48,82691300;2,32650900;4;2;2;0;1;1;2;0;1;30;0;Indemne
202300029505;155 628 243;1;0;1;1;7;5;203 781 294;10;3;4;2;1948.0;5;8;31;7;2023;15;1;75;75114;2;3;2;6;48,82691300;2,32650900;4;2;2;0;1;1;2;0;1;30;0;Blessé léger
202300029506;155 628 239;7;0;2;2;1;1;203 781 287;1;1;1;2;1939.0;0;1;22;1;2023;16;2;83;83028;1;1;1;2;43,57420400;6,56474400;3;2;2;0;1;1;1;0;1;80;6;Indemne
202300029506;155 628 240;1;0;0;4;1;5;203 781 289;1;1;3;1;1998.0;0;2;22;1;2023;16;2;83;83028;1;1;1;2;43,57420400;6,56474400;3;2;2;0;1;1;1;0;1;80;6;Blessé hospitalisé
202300029511;155 628 230;1;0;2;1;1;5;203 781 275;1;1;4;1;1993.0;1;0;31;7;2023;11;1;75;75113;2;1;2;3;48,81977700;2,37280800;4;1;6;1;1;1;2;0;5;30;0;Blessé léger
202300029511;155 628 231;7;0;2;2;22;1;203 781 276;2;2;1;1;1960.0;4;0;31;7;2023;11;1;75;75113;2;1;2;3;48,81977700;2,37280800;4;1;6;1;1;1;2;0;5;30;0;Indemne
202300029511;155 628 231;7;0;2;2;22;1;203 781 277;1;1;1;1;1966.0;4;1;31;7;2023;11;1;75;75113;2;1;2;3;48,81977700;2,37280800;4;1;6;1;1;1;2;0;5;30;0;Indemne
202300029517;155 628 217;1;0;2;1;5;5;203 781 259;1;1;1;1;1970.0;1;2;31;7;2023;17;1;94;94015;2;1;2;1;48,84255300;2,51263000;4;1;1;1;1;4;2;0;5;30;0;Indemne
202300029517;155 628 220;1;0;2;1;1;5;203 781 261;1;1;4;1;1969.0;1;2;31;7;2023;17;1;94;94015;2;1;2;1;48,84255300;2,51263000;4;1;1;1;1;4;2;0;5;30;0;Blessé léger
202300029520;155 628 213;7;0;9;2;1;1;203 781 254;1;1;1;1;1953.0;5;1;31;7;2023;17;1;94;94046;2;1;2;3;48,81422452;2,42910880;4;1;1;2;1;1;2;0;1;50;0;Indemne
202300029520;155 628 213;7;0;9;2;1;1;203 781 256;2;2;1;1;1955.0;5;1;31;7;2023;17;1;94;94046;2;1;2;3;48,81422452;2,42910880;4;1;1;2;1;1;2;0;1;50;0;Indemne
202300029520;155 628 215;1;0;9;0;0;5;203 781 257;1;1;4;1;1992.0;5;2;31;7;2023;17;1;94;94046;2;1;2;3;48,81422452;2,42910880;4;1;1;2;1;1;2;0;1;50;0;Blessé léger
202300029532;155 628 196;1;0;0;0;1;5;203 781 230;1;1;2;1;1952.0;5;2;22;1;2023;14;1;13;13080;2;1;1;7;43,64757000;5,42179900;3;2;2;0;2;1;1;0;1;30;6;Tué
202300029547;155 628 172;1;0;1;1;1;5;203 781 199;10;3;4;1;1949.0;9;0;30;7;2023;16;1;92;92025;2;1;1;6;48,91819000;2,24443000;4;1;2;1;1;1;1;0;1;30;6;Blessé léger
202300029547;155 628 172;1;0;1;1;1;5;203 781 200;1;1;1;1;2006.0;9;2;30;7;2023;16;1;92;92025;2;1;1;6;48,91819000;2,24443000;4;1;2;1;1;1;1;0;1;30;6;Indemne
202300029591;155 628 092;1;0;0;9;26;5;203 781 084;1;1;4;1;1957.0;5;2;31;7;2023;08;1;12;12102;1;1;1;7;44,30368100;2,59949000;4;2;2;0;2;3;1;0;1;80;0;Blessé léger
202300029592;155 628 091;1;0;2;1;26;5;203 781 085;1;1;3;1;1982.0;5;8;16;4;2023;12;1;06;06068;1;1;1;1;43,72054400;6,97439800;3;2;2;0;2;3;1;0;1;80;6;Blessé hospitalisé
202300029592;155 628 094;7;0;9;2;21;1;203 781 089;1;1;1;2;1982.0;5;8;16;4;2023;12;1;06;06068;1;1;1;1;43,72054400;6,97439800;3;2;2;0;2;3;1;0;1;80;6;Indemne
202300029608;155 628 061;50;0;2;1;5;3;203 781 037;1;1;1;1;2008.0;5;0;30;7;2023;15;1;29;29217;2;1;1;1;47,85255100; -3,74783200;3;2;2;0;1;1;1;6;1;50;6;Indemne
202300029608;155 628 062;1;0;2;1;1;5;203 781 040;1;1;3;2;1972.0;5;2;30;7;2023;15;1;29;29217;2;1;1;1;47,85255100; -3,74783200;3;2;2;0;1;1;1;6;1;50;6;Blessé hospitalisé
202300029611;155 628 055;7;0;2;2;16;1;203 781 030;1;1;1;2;1979.0;2;1;13;1;2023;07;5;56;56007;2;6;1;3;47,66362800; -2,98787400;4;2;2;2;1;2;1;5;5;30;4;Indemne
202300029611;155 628 056;1;0;2;6;2;5;203 781 031;1;1;4;1;1946.0;5;9;13;1;2023;07;5;56;56007;2;6;1;3;47,66362800; -2,98787400;4;2;2;2;1;2;1;5;5;30;4;Blessé léger
202300029612;155 628 053;1;0;0;1;1;5;203 781 028;1;1;3;1;1963.0;5;2;30;7;2023;10;1;29;29211;1;1;2;7;48,32407841; -3,75755437;3;2;2;0;3;1;2;0;3;80;6;Blessé hospitalisé
202300029683;155 627 944;1;1;0;1;1;5;203 780 869;1;1;4;1;1965.0;5;2;17;4;2023;12;1;01;01397;2;6;1;2;46,31475400;6,10816800;3;2;2;0;1;1;1;0;1;50;0;Blessé léger
202300029683;155 627 946;14;0;2;6;24;1;203 780 872;1;1;1;1;1966.0;4;0;17;4;2023;12;1;01;01397;2;6;1;2;46,31475400;6,10816800;3;2;2;0;1;1;1;0;1;50;0;Indemne
202300029694;155 627 926;7;0;0;8;0;0;203 780 840;1;1;1;2;1975.0;5;1;31;7;2023;19;2;09;09130;1;1;1;3;42,94945800;1,57482400;3;2;2;0;2;1;1;0;1;80;0;Indemne
202300029694;155 627 928;1;0;0;1;1;5;203 780 842;1;1;4;1;1982.0;5;2;31;7;2023;19;2;09;09130;1;1;1;3;42,94945800;1,57482400;3;2;2;0;2;1;1;0;1;80;0;Blessé léger
202300029769;155 627 768;7;0;2;2;16;1;203 780 642;1;1;1;1;1961.0;1;8;24;5;2023;07;1;75;75114;2;2;1;3;48,83436200;2,31362500;4;1;1;1;1;1;1;0;5;30;2;Indemne
202300029769;155 627 770;1;0;2;1;1;5;203 780 643;1;1;4;1;1961.0;5;8;24;5;2023;07;1;75;75114;2;2;1;3;48,83436200;2,31362500;4;1;1;1;1;1;1;0;5;30;2;Blessé léger
202300029774;155 627 760;43;0;2;1;1;1;203 780 627;1;1;4;1;1971.0;9;2;24;5;2023;08;1;75;75112;2;2;1;3;48,84644000;2,36683600;4;2;4;2;1;1;1;0;1;30;2;Blessé léger
202300029774;155 627 761;80;0;2;8;19;3;203 780 630;1;1;4;1;1967.0;9;2;24;5;2023;08;1;75;75112;2;2;1;3;48,84644000;2,36683600;4;2;4;2;1;1;1;0;1;30;2;Blessé léger
202300029777;155 627 751;34;0;2;3;2;1;203 780 616;1;1;4;1;1992.0;5;2;24;5;2023;23;5;75;75111;2;1;1;3;48,86953700;2,37969100;4;1;1;0;1;1;1;0;6;30;2;Blessé léger
202300029777;155 627 755;1;0;2;3;2;5;203 780 621;1;1;1;1;1997.0;5;8;24;5;2023;23;5;75;75111;2;1;1;3;48,86953700;2,37969100;4;1;1;0;1;1;1;0;6;30;2;Indemne
202300029782;155 627 747;1;0;0;0;1;5;203 780 611;1;1;4;2;1995.0;1;2;24;5;2023;19;1;75;75110;2;1;1;7;48,87265700;2,35930000;4;2;6;1;1;1;1;0;5;30;2;Blessé léger
202300029786;155 627 740;1;0;1;1;1;5;203 780 603;1;1;4;1;1995.0;1;8;24;5;2023;09;1;75;75109;2;3;1;6;48,87482600;2,32677700;4;2;1;1;1;1;1;0;1;30;2;Blessé léger
202300029786;155 627 740;1;0;1;1;1;5;203 780 606;10;3;4;2;1966.0;9;0;24;5;2023;09;1;75;75109;2;3;1;6;48,87482600;2,32677700;4;2;1;1;1;1;1;0;1;30;2;Blessé léger
202300029795;155 627 722;7;0;2;2;17;1;203 780 577;1;1;1;1;1987.0;4;8;24;5;2023;17;1;75;75102;2;2;1;3;48,87027000;2,33005400;4;1;2;3;1;1;1;0;1;30;2;Indemne
202300029795;155 627 723;80;0;2;3;13;3;203 780 578;1;1;4;1;1971.0;1;2;24;5;2023;17;1;75;75102;2;2;1;3;48,87027000;2,33005400;4;1;2;3;1;1;1;0;1;30;2;Blessé léger
202300029824;155 627 667;1;0;0;0;0;5;203 780 506;1;1;4;1;1952.0;0;0;15;4;2023;18;1;17;17300;2;1;1;3;46,14627100; -1,16125800;4;2;2;0;1;1;1;0;1;30;5;Blessé léger
202300029824;155 627 670;10;1;0;4;24;1;203 780 510;1;1;1;1;1981.0;0;8;15;4;2023;18;1;17;17300;2;1;1;3;46,14627100; -1,16125800;4;2;2;0;1;1;1;0;1;30;5;Indemne
202300029831;155 627 659;1;0;2;6;2;5;203 780 498;1;1;4;2;1998.0;0;8;24;5;2023;17;1;93;93051;2;6;1;3;48,83862215;2,56725669;4;1;1;0;1;2;1;0;1;50;2;Blessé léger
202300029831;155 627 661;7;0;2;2;15;1;203 780 501;1;1;1;2;1981.0;0;1;24;5;2023;17;1;93;93051;2;6;1;3;48,83862215;2,56725669;4;1;1;0;1;2;1;0;1;50;2;Indemne
202300029854;155 627 616;7;0;2;3;26;1;203 780 436;1;1;4;2;1984.0;1;1;24;5;2023;17;1;93;93001;2;1;1;3;48,91275112;2,39843854;4;2;2;0;1;1;1;9;1;50;2;Blessé léger
202300029854;155 627 618;1;0;2;1;1;5;203 780 438;1;1;1;1;2001.0;0;8;24;5;2023;17;1;93;93001;2;1;1;3;48,91275112;2,39843854;4;2;2;0;1;1;1;9;1;50;2;Indemne
202300029868;155 627 592;7;15;2;1;1;1;203 780 400;1;1;4;2;2001.0;5;1;12;11;2023;15;1;01;01262;1;2;2;2;45,89626400;4,96927800;3;2;2;0;1;1;2;0;1;80;6;Blessé léger
202300029868;155 627 592;7;15;2;1;1;1;203 780 400;1;1;4;2;2001.0;5;1;12;11;2023;15;1;01;01262;1;2;2;2;45,89626400;4,96927800;3;2;2;0;1;1;2;0;1;80;6;Blessé léger
202300029868;155 627 596;1;0;0;4;1;5;203 780 404;1;1;3;1;1970.0;5;2;12;11;2023;15;1;01;01262;1;2;2;2;45,89626400;4,96927800;3;2;2;0;1;1;2;0;1;80;6;Blessé hospitalisé
202300029868;155 627 596;1;0;0;4;1;5;203 780 404;1;1;3;1;1970.0;5;2;12;11;2023;15;1;01;01262;1;2;2;2;45,89626400;4,96927800;3;2;2;0;1;1;2;0;1;80;6;Blessé hospitalisé
202300029869;155 627 593;1;14;0;1;1;5;203 780 402;1;1;4;1;2012.0;5;2;24;5;2023;16;1;92;92064;1;1;1;7;48,83667000;2,19481000;5;2;2;0;1;1;1;0;1;50;2;Blessé léger
202300029876;155 627 579;7;0;0;4;23;0;203 780 382;1;1;1;1;1959.0;5;1;4;3;2023;14;1;29;29019;2;1;1;2;48,40379700; -4,48667300;4;2;2;0;2;1;1;0;1;50;5;Indemne
202300029876;155 627 581;80;0;2;1;1;3;203 780 385;1;1;4;1;2003.0;5;2;4;3;2023;14;1;29;29019;2;1;1;2;48,40379700; -4,48667300;4;2;2;0;2;1;1;0;1;50;5;Blessé léger
202300029879;155 627 572;33;0;2;6;1;1;203 780 375;1;1;4;1;1983.0;9;2;15;4;2023;19;1;75;75110;2;2;1;3;48,87175700;2,35720300;4;1;2;1;1;1;1;0;1;30;5;Blessé léger
202300029879;155 627 576;1;0;2;1;1;5;203 780 379;1;1;4;1;2008.0;9;8;15;4;2023;19;1;75;75110;2;2;1;3;48,87175700;2,35720300;4;1;2;1;1;1;1;0;1;30;5;Blessé léger
202300029887;155 627 560;10;0;0;3;1;1;203 780 353;1;1;1;1;1985.0;1;1;12;11;2023;18;3;22;22081;2;9;2;3;48,48558100; -2,64159000;4;3;2;0;1;1;2;0;1;50;6;Indemne
202300029887;155 627 562;80;0;2;1;13;3;203 780 357;1;1;2;1;1963.0;3;0;12;11;2023;18;3;22;22081;2;9;2;3;48,48558100; -2,64159000;4;3;2;0;1;1;2;0;1;50;6;Tué
202300029905;155 627 528;1;0;2;8;16;5;203 780 312;1;1;3;1;2006.0;5;2;25;5;2023;15;1;76;76281;1;1;1;3;49,50980800;0,57562400;3;2;2;0;2;1;1;0;1;70;3;Blessé hospitalisé
202300029905;155 627 531;10;0;2;7;1;1;203 780 315;1;1;1;1;1973.0;4;1;25;5;2023;15;1;76;76281;1;1;1;3;49,50980800;0,57562400;3;2;2;0;2;1;1;0;1;70;3;Indemne
202300029932;155 627 480;7;0;2;3;21;1;203 780 241;1;1;1;1;1976.0;5;1;14;5;2023;18;1;01;01143;1;1;2;1;46,36075700;6,12015700;4;2;2;0;2;3;2;0;1;80;6;Indemne
202300029932;155 627 483;1;0;2;0;13;5;203 780 244;1;1;3;1;1979.0;5;0;14;5;2023;18;1;01;01143;1;1;2;1;46,36075700;6,12015700;4;2;2;0;2;3;2;0;1;80;6;Blessé hospitalisé
202300029952;155 627 445;1;0;2;1;26;5;203 780 198;1;1;4;1;1998.0;0;2;4;3;2023;01;5;69;69386;2;2;1;1;45,76371492;4,85805004;4;1;2;2;1;1;1;0;1;30;5;Blessé léger