Num_Acc;id_vehicule;catv;obs;obsm;choc;manv;motor;id_usager;place;catu;grav;sexe;an_nais;trajet;secu1;jour;mois;an;hrmn;lum;dep;com;agg;int;atm;col;lat;long;catr;circ;nbv;vosp;prof;plan;surf;infra;situ;vma;day_of_week;gravity
202300030511;155 626 444;80;0;2;1;1;3;203 778 880;1;1;4;1;1991.0;9;8;15;12;2023;12;1;75;75111;2;3;1;2;48,85283200;2,37451100;4;1;1;0;1;1;1;0;1;30;4;Blessé léger
202300030511;155 626 447;7;0;2;4;1;1;203 778 884;1;1;1;1;1981.0;9;8;15;12;2023;12;1;75;75111;2;3;1;2;48,85283200;2,37451100;4;1;1;0;1;1;1;0;1;30;4;Indemne
202300030525;155 626 412;7;0;2;2;16;1;203 778 838;1;1;1;2;1972.0;1;1;15;12;2023;07;2;75;75107;2;3;1;1;48,86054900;2,29562600;4;2;4;1;1;1;1;9;5;30;4;Indemne
202300030525;155 626 415;1;0;2;2;1;5;203 778 841;1;1;4;1;1980.0;1;8;15;12;2023;07;2;75;75107;2;3;1;1;48,86054900;2,29562600;4;2;4;1;1;1;1;9;5;30;4;Blessé léger
202300030543;155 626 384;1;0;0;0;1;5;203 778 800;1;1;4;2;2000.0;9;8;8;9;2023;17;1;75;75120;2;4;1;7;48,86304100;2,38804400;4;2;4;1;2;1;1;0;5;30;4;Blessé léger
202300030553;155 626 367;80;0;2;1;1;3;203 778 778;1;1;3;1;2001.0;9;8;8;9;2023;02;5;75;75118;2;3;1;1;48,88732800;2,36706400;4;2;2;1;1;1;1;0;5;30;4;Blessé hospitalisé
202300030553;155 626 369;80;0;2;1;1;3;203 778 781;1;1;4;1;1994.0;9;8;8;9;2023;02;5;75;75118;2;3;1;1;48,88732800;2,36706400;4;2;2;1;1;1;1;0;5;30;4;Blessé léger
202300030560;155 626 355;7;0;2;3;22;1;203 778 764;1;1;1;1;1976.0;9;8;7;9;2023;17;1;75;75116;2;1;1;3;48,83888100;2,25682100;4;2;4;0;1;1;1;0;1;50;3;Indemne
202300030560;155 626 358;1;0;2;1;1;5;203 778 768;1;1;4;1;1998.0;9;8;7;9;2023;17;1;75;75116;2;1;1;3;48,83888100;2,25682100;4;2;4;0;1;1;1;0;1;50;3;Blessé léger
202300030570;155 626 338;1;0;2;1;15;5;203 778 740;1;1;3;2;1967.0;1;0;22;6;2023;15;1;84;84087;1;3;3;3;44,15200000;4,82500000;4;2;2;0;1;1;2;0;1;50;3;Blessé hospitalisé
202300030570;155 626 338;1;0;2;1;15;5;203 778 740;1;1;3;2;1967.0;1;0;22;6;2023;15;1;84;84087;1;3;3;3;44,15200000;4,82500000;4;2;2;0;1;1;2;0;1;50;3;Blessé hospitalisé
202300030570;155 626 340;7;0;2;2;17;1;203 778 742;1;1;1;2;1995.0;1;1;22;6;2023;15;1;84;84087;1;3;3;3;44,15200000;4,82500000;4;2;2;0;1;1;2;0;1;50;3;Indemne
202300030570;155 626 340;7;0;2;2;17;1;203 778 742;1;1;1;2;1995.0;1;1;22;6;2023;15;1;84;84087;1;3;3;3;44,15200000;4,82500000;4;2;2;0;1;1;2;0;1;50;3;Indemne
202300030573;155 626 334;1;0;1;1;1;5;203 778 734;1;1;4;2;1994.0;0;8;26;6;2023;18;1;83;83137;2;9;1;6;43,11894500;5,93466800;4;2;5;2;1;1;1;0;5;50;0;Blessé léger
202300030573;155 626 334;1;0;1;1;1;5;203 778 735;10;3;4;2;1993.0;0;0;26;6;2023;18;1;83;83137;2;9;1;6;43,11894500;5,93466800;4;2;5;2;1;1;1;0;5;50;0;Blessé léger
202300030593;155 626 300;7;0;2;3;1;1;203 778 686;1;1;1;1;1979.0;5;1;16;12;2023;13;1;974;97414;1;1;1;1; -21,27233000;55,41435200;3;2;2;0;2;2;1;0;1;70;5;Indemne
202300030593;155 626 300;7;0;2;3;1;1;203 778 687;2;2;1;2;1983.0;5;1;16;12;2023;13;1;974;97414;1;1;1;1; -21,27233000;55,41435200;3;2;2;0;2;2;1;0;1;70;5;Indemne
202300030593;155 626 300;7;0;2;3;1;1;203 778 688;7;2;1;1;2006.0;5;1;16;12;2023;13;1;974;97414;1;1;1;1; -21,27233000;55,41435200;3;2;2;0;2;2;1;0;1;70;5;Indemne
202300030593;155 626 300;7;0;2;3;1;1;203 778 691;9;2;1;2;2013.0;5;1;16;12;2023;13;1;974;97414;1;1;1;1; -21,27233000;55,41435200;3;2;2;0;2;2;1;0;1;70;5;Indemne
202300030593;155 626 305;1;0;2;1;5;5;203 778 693;1;1;4;1;2008.0;5;0;16;12;2023;13;1;974;97414;1;1;1;1; -21,27233000;55,41435200;3;2;2;0;2;2;1;0;1;70;5;Blessé léger
202300030597;155 626 292;7;0;2;8;24;1;203 778 677;1;1;1;2;1977.0;1;1;26;6;2023;07;1;74;74012;2;1;1;3;46,19076000;6,23442000;4;1;1;2;1;1;1;0;5;50;0;Indemne
202300030597;155 626 295;80;1;0;0;0;3;203 778 680;1;1;4;1;1972.0;1;2;26;6;2023;07;1;74;74012;2;1;1;3;46,19076000;6,23442000;4;1;1;2;1;1;1;0;5;50;0;Blessé léger
202300030616;155 626 261;7;1;0;3;13;1;203 778 637;1;1;1;1;1985.0;0;1;8;9;2023;17;1;93;93048;2;1;1;3;48,85995710;2,43890388;3;2;2;3;1;1;1;0;1;30;4;Indemne
202300030616;155 626 263;1;0;0;7;17;5;203 778 640;1;1;4;1;1988.0;0;8;8;9;2023;17;1;93;93048;2;1;1;3;48,85995710;2,43890388;3;2;2;3;1;1;1;0;1;30;4;Blessé léger
202300030618;155 626 257;1;0;2;4;1;5;203 778 629;1;1;3;2;1962.0;1;2;15;6;2023;11;1;65;65440;2;6;1;3;43,22098500;0,06092700;2;2;2;0;1;1;1;0;1;50;3;Blessé hospitalisé
202300030618;155 626 257;1;0;2;4;1;5;203 778 629;1;1;3;2;1962.0;1;2;15;6;2023;11;1;65;65440;2;6;1;3;43,22098500;0,06092700;2;1;2;0;1;2;1;0;1;50;3;Blessé hospitalisé
202300030618;155 626 259;7;0;2;4;9;1;203 778 632;1;1;1;2;1981.0;1;1;15;6;2023;11;1;65;65440;2;6;1;3;43,22098500;0,06092700;2;2;2;0;1;1;1;0;1;50;3;Indemne
202300030618;155 626 259;7;0;2;4;9;1;203 778 632;1;1;1;2;1981.0;1;1;15;6;2023;11;1;65;65440;2;6;1;3;43,22098500;0,06092700;2;1;2;0;1;2;1;0;1;50;3;Indemne
202300030628;155 626 244;7;0;2;3;1;1;203 778 614;1;1;1;2;1986.0;1;1;15;12;2023;18;3;47;47269;1;3;8;3;44,17425600;0,75126000;3;2;2;0;1;1;1;0;1;80;4;Indemne
202300030628;155 626 245;1;0;2;9;10;5;203 778 615;1;1;2;1;2010.0;5;0;15;12;2023;18;3;47;47269;1;3;8;3;44,17425600;0,75126000;3;2;2;0;1;1;1;0;1;80;4;Tué
202300030634;155 626 234;38;0;2;7;1;1;203 778 601;1;1;1;2;1979.0;4;1;7;6;2023;12;1;59;59526;2;1;1;6;50,44429651;3,41612577;3;2;2;0;1;1;1;2;1;50;2;Indemne
202300030634;155 626 236;1;0;2;8;1;5;203 778 604;1;1;2;1;2011.0;2;8;7;6;2023;12;1;59;59526;2;1;1;6;50,44429651;3,41612577;3;2;2;0;1;1;1;2;1;50;2;Tué
202300030638;155 626 225;7;0;2;1;9;1;203 778 589;1;1;1;2;1983.0;0;1;23;6;2023;07;1;59;59178;2;1;1;3;50,36300000;3,07809000;3;1;3;2;1;2;1;0;5;50;4;Indemne
202300030638;155 626 227;1;0;2;7;1;5;203 778 591;1;1;3;1;1958.0;5;2;23;6;2023;07;1;59;59178;2;1;1;3;50,36300000;3,07809000;3;1;3;2;1;2;1;0;5;50;4;Blessé hospitalisé
202300030652;155 626 200;7;0;2;2;1;1;203 778 559;1;1;1;2;1979.0;0;1;25;6;2023;12;1;56;56107;2;6;1;3;47,70973000; -3,38444000;4;2;2;0;1;1;1;5;1;30;6;Indemne
202300030652;155 626 200;7;0;2;2;1;1;203 778 559;1;1;1;2;1979.0;0;1;25;6;2023;12;1;56;56107;2;6;1;3;47,70973000; -3,38444000;4;1;1;0;1;1;1;5;1;30;6;Indemne
202300030652;155 626 203;1;0;2;1;9;5;203 778 563;1;1;4;1;1985.0;0;2;25;6;2023;12;1;56;56107;2;6;1;3;47,70973000; -3,38444000;4;2;2;0;1;1;1;5;1;30;6;Blessé léger
202300030652;155 626 203;1;0;2;1;9;5;203 778 563;1;1;4;1;1985.0;0;2;25;6;2023;12;1;56;56107;2;6;1;3;47,70973000; -3,38444000;4;1;1;0;1;1;1;5;1;30;6;Blessé léger
202300030675;155 626 160;1;0;2;7;0;5;203 778 508;1;1;2;1;1951.0;0;8;24;6;2023;15;1;44;44109;2;1;1;1;47,20149000; -1,57702000;4;3;4;3;1;1;1;0;1;50;5;Tué
202300030675;155 626 162;7;0;2;1;0;1;203 778 510;1;1;1;1;1984.0;0;1;24;6;2023;15;1;44;44109;2;1;1;1;47,20149000; -1,57702000;4;3;4;3;1;1;1;0;1;50;5;Indemne
202300030681;155 626 154;1;0;0;0;1;5;203 778 499;1;1;3;1;1959.0;5;2;7;9;2023;13;1;65;65018;1;1;1;7;42,95923377; -0,26868886;3;2;2;0;3;1;1;0;1;80;3;Blessé hospitalisé
202300030684;155 626 150;1;0;2;3;1;5;203 778 494;1;1;4;2;1971.0;1;2;7;9;2023;07;2;55;55054;1;1;7;3;48,87117900;5,50694000;3;2;2;0;2;1;1;0;1;90;3;Blessé léger
202300030684;155 626 152;10;0;9;2;1;1;203 778 496;1;1;1;1;1994.0;1;1;7;9;2023;07;2;55;55054;1;1;7;3;48,87117900;5,50694000;3;2;2;0;2;1;1;0;1;90;3;Indemne
202300030685;155 626 147;1;0;2;8;0;5;203 778 490;1;1;3;1;1974.0;5;8;26;6;2023;07;1;34;34172;2;4;1;1;43,64033000;3,82872000;4;2;2;0;1;1;1;5;1;50;0;Blessé hospitalisé
202300030685;155 626 147;1;0;2;8;0;5;203 778 490;1;1;3;1;1974.0;5;8;26;6;2023;07;1;34;34172;2;4;1;1;43,64033000;3,82872000;4;2;2;0;1;3;1;5;1;50;0;Blessé hospitalisé
202300030685;155 626 149;7;0;2;3;15;1;203 778 493;1;1;1;1;1954.0;5;1;26;6;2023;07;1;34;34172;2;4;1;1;43,64033000;3,82872000;4;2;2;0;1;1;1;5;1;50;0;Indemne
202300030685;155 626 149;7;0;2;3;15;1;203 778 493;1;1;1;1;1954.0;5;1;26;6;2023;07;1;34;34172;2;4;1;1;43,64033000;3,82872000;4;2;2;0;1;3;1;5;1;50;0;Indemne
202300030698;155 626 123;10;0;2;3;1;1;203 778 461;1;1;1;1;1992.0;3;1;15;6;2023;14;1;33;33063;2;2;1;3;44,82119000; -0,56580000;4;2;2;0;1;1;1;5;1;30;3;Indemne
202300030698;155 626 123;10;0;2;3;1;1;203 778 461;1;1;1;1;1992.0;3;1;15;6;2023;14;1;33;33063;2;2;1;3;44,82119000; -0,56580000;4;1;1;2;1;1;1;5;1;30;3;Indemne
202300030698;155 626 125;1;0;2;7;1;5;203 778 462;1;1;3;2;2005.0;5;0;15;6;2023;14;1;33;33063;2;2;1;3;44,82119000; -0,56580000;4;2;2;0;1;1;1;5;1;30;3;Blessé hospitalisé
202300030698;155 626 125;1;0;2;7;1;5;203 778 462;1;1;3;2;2005.0;5;0;15;6;2023;14;1;33;33063;2;2;1;3;44,82119000; -0,56580000;4;1;1;2;1;1;1;5;1;30;3;Blessé hospitalisé
202300030713;155 626 097;7;0;9;2;26;1;203 778 431;1;1;1;1;1986.0;5;1;8;9;2023;17;1;976;97614;2;1;1;3; -12,82400600;45,13266800;3;2;2;0;1;1;9;0;1;50;4;Indemne
202300030713;155 626 098;80;0;2;1;1;3;203 778 432;1;1;3;1;1993.0;1;2;8;9;2023;17;1;976;97614;2;1;1;3; -12,82400600;45,13266800;3;2;2;0;1;1;9;0;1;50;4;Blessé hospitalisé
202300030735;155 626 057;1;0;2;1;1;5;203 778 383;1;1;4;1;2004.0;5;8;26;6;2023;08;1;75;75116;2;2;1;2;48,86499500;2,28866300;4;2;2;0;1;1;1;0;1;30;0;Blessé léger
202300030735;155 626 060;7;0;2;5;1;1;203 778 385;1;1;1;1;1966.0;4;1;26;6;2023;08;1;75;75116;2;2;1;2;48,86499500;2,28866300;4;2;2;0;1;1;1;0;1;30;0;Indemne
202300030739;155 626 048;1;0;2;8;15;5;203 778 372;1;1;1;1;2007.0;5;8;26;6;2023;19;1;75;75114;2;2;1;3;48,83945300;2,33757000;4;2;5;1;1;1;1;0;1;30;0;Indemne
202300030739;155 626 048;1;0;2;8;15;5;203 778 372;1;1;1;1;2007.0;5;8;26;6;2023;19;1;75;75114;2;2;1;3;48,83945300;2,33757000;4;1;1;0;2;1;1;0;1;30;0;Indemne
202300030739;155 626 048;1;0;2;8;15;5;203 778 373;2;2;1;1;2006.0;5;8;26;6;2023;19;1;75;75114;2;2;1;3;48,83945300;2,33757000;4;2;5;1;1;1;1;0;1;30;0;Indemne
202300030739;155 626 048;1;0;2;8;15;5;203 778 373;2;2;1;1;2006.0;5;8;26;6;2023;19;1;75;75114;2;2;1;3;48,83945300;2,33757000;4;1;1;0;2;1;1;0;1;30;0;Indemne
202300030739;155 626 051;30;0;2;1;1;1;203 778 375;1;1;4;1;1998.0;9;2;26;6;2023;19;1;75;75114;2;2;1;3;48,83945300;2,33757000;4;2;5;1;1;1;1;0;1;30;0;Blessé léger
202300030739;155 626 051;30;0;2;1;1;1;203 778 375;1;1;4;1;1998.0;9;2;26;6;2023;19;1;75;75114;2;2;1;3;48,83945300;2,33757000;4;1;1;0;2;1;1;0;1;30;0;Blessé léger
202300030743;155 626 037;80;0;2;1;17;3;203 778 358;1;1;4;2;1964.0;1;2;26;6;2023;19;1;75;75112;2;1;1;3;48,83045800;2,39414300;4;2;4;1;1;1;1;0;4;30;0;Blessé léger
202300030743;155 626 039;50;0;2;1;18;3;203 778 360;1;1;1;1;1991.0;1;8;26;6;2023;19;1;75;75112;2;1;1;3;48,83045800;2,39414300;4;2;4;1;1;1;1;0;4;30;0;Indemne
202300030748;155 626 024;80;0;0;1;21;3;203 778 345;1;1;4;2;1988.0;9;2;26;6;2023;19;1;75;75108;2;3;1;7;48,87183900;2,30113800;4;1;1;1;2;1;1;0;5;30;0;Blessé léger
202300030752;155 626 015;1;0;1;1;21;5;203 778 333;1;1;4;1;1981.0;5;2;25;6;2023;12;1;75;75101;2;3;1;6;48,86446100;2,33014400;4;2;4;1;1;1;1;5;5;30;6;Blessé léger
202300030752;155 626 015;1;0;1;1;21;5;203 778 333;1;1;4;1;1981.0;5;2;25;6;2023;12;1;75;75101;2;3;1;6;48,86446100;2,33014400;4;1;1;0;1;1;1;5;5;30;6;Blessé léger
202300030752;155 626 015;1;0;1;1;21;5;203 778 334;10;3;1;2;1991.0;5;0;25;6;2023;12;1;75;75101;2;3;1;6;48,86446100;2,33014400;4;2;4;1;1;1;1;5;5;30;6;Indemne
202300030752;155 626 015;1;0;1;1;21;5;203 778 334;10;3;1;2;1991.0;5;0;25;6;2023;12;1;75;75101;2;3;1;6;48,86446100;2,33014400;4;1;1;0;1;1;1;5;5;30;6;Indemne
202300030805;155 625 906;1;0;1;1;19;0;203 778 204;1;1;1;1;2000.0;0;2;7;9;2023;15;1;69;69383;2;3;1;6;45,75432000;4,84883000;4;3;1;0;1;1;1;9;5;30;3;Indemne
202300030805;155 625 906;1;0;1;1;19;0;203 778 204;1;1;1;1;2000.0;0;2;7;9;2023;15;1;69;69383;2;3;1;6;45,75432000;4,84883000;4;1;1;0;1;1;1;0;1;30;3;Indemne
202300030805;155 625 906;1;0;1;1;19;0;203 778 205;10;3;4;1;1969.0;9;0;7;9;2023;15;1;69;69383;2;3;1;6;45,75432000;4,84883000;4;3;1;0;1;1;1;9;5;30;3;Blessé léger
202300030805;155 625 906;1;0;1;1;19;0;203 778 205;10;3;4;1;1969.0;9;0;7;9;2023;15;1;69;69383;2;3;1;6;45,75432000;4,84883000;4;1;1;0;1;1;1;0;1;30;3;Blessé léger
202300030809;155 625 902;1;0;2;1;1;5;203 778 199;1;1;4;1;1978.0;0;8;7;9;2023;08;1;69;69383;2;1;1;3;45,75215000;4,85269000;4;1;2;3;1;1;1;0;1;50;3;Blessé léger
202300030809;155 625 904;1;0;2;3;1;5;203 778 201;1;1;1;1;1975.0;0;2;7;9;2023;08;1;69;69383;2;1;1;3;45,75215000;4,85269000;4;1;2;3;1;1;1;0;1;50;3;Indemne
202300030826;155 625 872;7;0;2;8;15;1;203 778 158;1;1;1;2;1972.0;1;1;27;6;2023;08;1;62;62179;1;4;1;3;50,71253659;1,87998372;3;2;2;0;2;2;1;0;1;80;1;Indemne
202300030826;155 625 872;7;0;2;8;15;1;203 778 158;1;1;1;2;1972.0;1;1;27;6;2023;08;1;62;62179;1;4;1;3;50,71253659;1,87998372;3;2;2;0;2;1;1;0;1;80;1;Indemne
202300030826;155 625 873;1;0;2;1;1;5;203 778 160;1;1;3;1;1959.0;5;2;27;6;2023;08;1;62;62179;1;4;1;3;50,71253659;1,87998372;3;2;2;0;2;2;1;0;1;80;1;Blessé hospitalisé
202300030826;155 625 873;1;0;2;1;1;5;203 778 160;1;1;3;1;1959.0;5;2;27;6;2023;08;1;62;62179;1;4;1;3;50,71253659;1,87998372;3;2;2;0;2;1;1;0;1;80;1;Blessé hospitalisé
202300030855;155 625 825;7;0;2;8;15;2;203 778 090;1;1;1;1;1985.0;0;1;26;6;2023;17;1;29;29235;2;3;1;3;48,41181757; -4,39438641;4;2;2;0;2;1;1;0;1;50;0;Indemne
202300030855;155 625 827;1;0;2;1;17;5;203 778 094;1;1;3;1;1977.0;0;0;26;6;2023;17;1;29;29235;2;3;1;3;48,41181757; -4,39438641;4;2;2;0;2;1;1;0;1;50;0;Blessé hospitalisé
202300030862;155 625 813;1;0;0;9;1;5;203 778 075;1;1;4;1;1988.0;3;0;23;6;2023;19;2;72;72191;2;1;1;7;47,75652400;0,27382100;4;1;1;0;1;1;1;0;1;50;4;Blessé léger
202300030869;155 625 803;1;0;2;8;11;5;203 778 064;1;1;3;1;2009.0;5;0;27;6;2023;17;1;50;50029;1;3;1;3;48,59937000; -0,83680100;3;2;2;0;2;1;1;0;1;80;1;Blessé hospitalisé
202300030869;155 625 805;7;0;2;1;1;0;203 778 066;1;1;1;1;1981.0;1;1;27;6;2023;17;1;50;50029;1;3;1;3;48,59937000; -0,83680100;3;2;2;0;2;1;1;0;1;80;1;Indemne
202300030870;155 625 799;7;0;2;2;1;1;203 778 059;1;1;1;2;1988.0;2;1;7;9;2023;08;1;77;77438;2;1;1;3;48,86128000;2,67319000;3;2;2;1;2;1;1;6;1;50;3;Indemne
202300030870;155 625 801;1;0;2;8;19;5;203 778 062;1;1;4;1;1960.0;5;2;7;9;2023;08;1;77;77438;2;1;1;3;48,86128000;2,67319000;3;2;2;1;2;1;1;6;1;50;3;Blessé léger
202300030873;155 625 794;7;0;2;2;15;1;203 778 054;1;1;1;1;1998.0;0;1;24;6;2023;16;1;64;64058;2;4;1;3;43,08550200; -0,25315800;3;2;2;0;1;3;1;5;1;50;5;Indemne
202300030873;155 625 795;1;0;2;1;1;5;203 778 056;1;1;3;1;1956.0;5;2;24;6;2023;16;1;64;64058;2;4;1;3;43,08550200; -0,25315800;3;2;2;0;1;3;1;5;1;50;5;Blessé hospitalisé
202300030881;155 625 780;10;0;2;1;1;1;203 778 037;1;1;1;1;2001.0;5;1;23;6;2023;13;1;37;37159;2;1;1;1;47,29604200;0,65800000;4;1;1;0;2;1;1;0;1;50;4;Indemne
202300030881;155 625 782;1;0;2;1;5;5;203 778 039;1;1;4;1;2008.0;5;0;23;6;2023;13;1;37;37159;2;1;1;1;47,29604200;0,65800000;4;1;1;0;2;1;1;0;1;50;4;Blessé léger
202300030886;155 625 771;1;0;2;2;19;5;203 778 022;1;1;4;1;1976.0;5;8;13;12;2023;19;5;89;89387;2;9;2;3;48,19666000;3,30307000;4;3;2;2;1;2;2;0;5;50;2;Blessé léger
202300030886;155 625 774;7;0;9;3;16;1;203 778 026;1;1;1;2;1986.0;1;1;13;12;2023;19;5;89;89387;2;9;2;3;48,19666000;3,30307000;4;3;2;2;1;2;2;0;5;50;2;Indemne
202300030907;155 625 739;7;0;9;8;16;1;203 777 982;1;1;1;2;1985.0;0;1;7;9;2023;15;1;64;64445;2;9;1;3;43,30156500; -0,34362700;4;2;2;0;1;1;1;9;1;30;3;Indemne
202300030907;155 625 742;80;0;2;7;1;3;203 777 985;1;1;4;2;1969.0;1;2;7;9;2023;15;1;64;64445;2;9;1;3;43,30156500; -0,34362700;4;2;2;0;1;1;1;9;1;30;3;Blessé léger
202300030916;155 625 719;7;0;2;1;1;1;203 777 958;1;1;1;1;1946.0;0;1;7;9;2023;10;1;61;61001;2;2;1;3;48,42464000;0,09118000;3;2;3;2;1;1;1;0;1;50;3;Indemne
202300030916;155 625 721;1;0;2;8;16;5;203 777 960;1;1;4;1;2005.0;1;2;7;9;2023;10;1;61;61001;2;2;1;3;48,42464000;0,09118000;3;2;3;2;1;1;1;0;1;50;3;Blessé léger
202300030923;155 625 709;7;0;2;6;13;3;203 777 944;1;1;1;1;1973.0;1;1;27;6;2023;07;1;13;13053;1;6;1;3;43,71806000;5,17838800;3;2;2;0;1;1;1;0;1;80;1;Indemne
202300030923;155 625 710;1;0;2;2;14;5;203 777 945;1;1;3;1;1962.0;0;2;27;6;2023;07;1;13;13053;1;6;1;3;43,71806000;5,17838800;3;2;2;0;1;1;1;0;1;80;1;Blessé hospitalisé
202300030931;155 625 696;33;0;2;9;1;1;203 777 924;1;1;3;1;1973.0;5;6;25;6;2023;13;1;73;73285;1;1;1;3;45,62959200;6,82250700;3;2;2;0;2;3;1;0;1;80;6;Blessé hospitalisé
202300030931;155 625 700;1;0;2;1;1;5;203 777 928;2;2;1;2;1971.0;5;2;25;6;2023;13;1;73;73285;1;1;1;3;45,62959200;6,82250700;3;2;2;0;2;3;1;0;1;80;6;Indemne
202300030931;155 625 700;1;0;2;1;1;5;203 777 929;1;1;1;1;1974.0;5;2;25;6;2023;13;1;73;73285;1;1;1;3;45,62959200;6,82250700;3;2;2;0;2;3;1;0;1;80;6;Indemne
202300030932;155 625 695;7;0;9;1;1;1;203 777 923;1;1;1;2;1970.0;5;1;6;9;2023;07;1;57;57666;2;3;1;2;49,34568087;6,14987612;3;2;2;0;1;1;1;0;1;50;2;Indemne
202300030932;155 625 695;7;0;9;1;1;1;203 777 923;1;1;1;2;1970.0;5;1;6;9;2023;07;1;57;57666;2;3;1;2;49,34568087;6,14987612;3;3;2;0;1;1;1;0;1;50;2;Indemne
202300030932;155 625 698;1;0;2;4;15;5;203 777 926;1;1;3;2;1979.0;1;8;6;9;2023;07;1;57;57666;2;3;1;2;49,34568087;6,14987612;3;2;2;0;1;1;1;0;1;50;2;Blessé hospitalisé
202300030932;155 625 698;1;0;2;4;15;5;203 777 926;1;1;3;2;1979.0;1;8;6;9;2023;07;1;57;57666;2;3;1;2;49,34568087;6,14987612;3;3;2;0;1;1;1;0;1;50;2;Blessé hospitalisé
202300030937;155 625 686;1;0;2;8;19;5;203 777 915;1;1;3;1;2017.0;2;8;7;9;2023;08;1;54;54079;2;1;1;3;48,88130000;6,04843000;4;2;2;0;1;1;1;0;1;50;3;Blessé hospitalisé
202300030937;155 625 689;10;0;2;1;1;1;203 777 917;1;1;1;1;1995.0;5;1;7;9;2023;08;1;54;54079;2;1;1;3;48,88130000;6,04843000;4;2;2;0;1;1;1;0;1;50;3;Indemne
202300030938;155 625 683;7;0;2;7;17;1;203 777 907;2;2;1;2;2008.0;5;1;27;6;2023;17;1;65;65145;1;1;8;3;42,91744996; -0,03980783;3;2;2;0;2;3;1;0;1;80;1;Indemne
202300030938;155 625 683;7;0;2;7;17;1;203 777 909;1;1;1;1;1968.0;5;1;27;6;2023;17;1;65;65145;1;1;8;3;42,91744996; -0,03980783;3;2;2;0;2;3;1;0;1;80;1;Indemne
202300030938;155 625 685;1;0;0;8;1;5;203 777 913;1;1;4;1;1947.0;5;2;27;6;2023;17;1;65;65145;1;1;8;3;42,91744996; -0,03980783;3;2;2;0;2;3;1;0;1;80;1;Blessé léger
202300030939;155 625 682;7;0;2;1;1;1;203 777 906;1;1;1;2;2004.0;0;1;6;9;2023;15;1;54;54395;2;2;1;3;48,70335900;6,18187800;4;2;2;0;2;1;1;0;1;50;2;Indemne
202300030939;155 625 682;7;0;2;1;1;1;203 777 906;1;1;1;2;2004.0;0;1;6;9;2023;15;1;54;54395;2;2;1;3;48,70335900;6,18187800;4;2;2;0;2;1;1;2;1;50;2;Indemne
202300030939;155 625 684;1;0;2;1;1;5;203 777 911;1;1;4;1;1982.0;0;2;6;9;2023;15;1;54;54395;2;2;1;3;48,70335900;6,18187800;4;2;2;0;2;1;1;0;1;50;2;Blessé léger
202300030939;155 625 684;1;0;2;1;1;5;203 777 911;1;1;4;1;1982.0;0;2;6;9;2023;15;1;54;54395;2;2;1;3;48,70335900;6,18187800;4;2;2;0;2;1;1;2;1;50;2;Blessé léger
202300030964;155 625 640;1;0;2;8;16;5;203 777 855;1;1;4;1;1959.0;0;2;14;12;2023;11;1;72;72181;2;6;1;3;48,00968000;0,19500000;4;2;2;1;2;3;1;1;1;50;3;Blessé léger
202300030964;155 625 642;14;0;2;7;16;1;203 777 856;1;1;1;1;1964.0;1;1;14;12;2023;11;1;72;72181;2;6;1;3;48,00968000;0,19500000;4;2;2;1;2;3;1;1;1;50;3;Indemne
202300030992;155 625 595;7;0;2;8;22;1;203 777 796;2;2;1;2;2006.0;2;1;12;12;2023;16;1;64;64122;2;1;2;3;43,48512091; -1,54830113;4;2;2;0;1;1;2;0;1;30;1;Indemne
202300030992;155 625 595;7;0;2;8;22;1;203 777 797;1;1;1;1;1982.0;5;8;12;12;2023;16;1;64;64122;2;1;2;3;43,48512091; -1,54830113;4;2;2;0;1;1;2;0;1;30;1;Indemne
202300030992;155 625 596;1;1;0;7;1;5;203 777 798;1;1;4;1;2008.0;2;0;12;12;2023;16;1;64;64122;2;1;2;3;43,48512091; -1,54830113;4;2;2;0;1;1;2;0;1;30;1;Blessé léger
202300030995;155 625 588;1;0;2;8;2;5;203 777 789;1;1;3;1;1988.0;1;2;6;9;2023;18;1;14;14366;2;1;1;3;49,15613000;0,22765000;3;2;2;0;1;1;1;0;1;80;2;Blessé hospitalisé
202300030995;155 625 589;7;0;9;7;17;1;203 777 790;1;1;1;1;1977.0;3;1;6;9;2023;18;1;14;14366;2;1;1;3;49,15613000;0,22765000;3;2;2;0;1;1;1;0;1;80;2;Indemne
202300031014;155 625 558;7;0;2;8;9;1;203 777 749;1;1;1;1;1995.0;0;1;8;10;2023;12;1;29;29075;2;6;1;3;48,42834600; -4,41242700;4;1;1;0;1;2;1;0;1;50;6;Indemne
202300031014;155 625 558;7;0;2;8;9;1;203 777 749;1;1;1;1;1995.0;0;1;8;10;2023;12;1;29;29075;2;6;1;3;48,42834600; -4,41242700;4;1;1;0;2;3;1;9;1;50;6;Indemne
202300031014;155 625 559;1;0;2;2;1;5;203 777 750;1;1;3;2;1967.0;0;0;8;10;2023;12;1;29;29075;2;6;1;3;48,42834600; -4,41242700;4;1;1;0;1;2;1;0;1;50;6;Blessé hospitalisé
202300031014;155 625 559;1;0;2;2;1;5;203 777 750;1;1;3;2;1967.0;0;0;8;10;2023;12;1;29;29075;2;6;1;3;48,42834600; -4,41242700;4;1;1;0;2;3;1;9;1;50;6;Blessé hospitalisé