Num_Acc;id_vehicule;catv;obs;obsm;choc;manv;motor;id_usager;place;catu;grav;sexe;an_nais;trajet;secu1;jour;mois;an;hrmn;lum;dep;com;agg;int;atm;col;lat;long;catr;circ;nbv;vosp;prof;plan;surf;infra;situ;vma;day_of_week;gravity
202300031020;155 625 548;1;0;2;7;19;5;203 777 736;1;1;4;1;2007.0;2;0;10;10;2023;07;1;973;97309;2;6;1;3;4,88696600; -52,28507800;3;2;2;1;1;3;1;0;5;70;1;Blessé léger
202300031020;155 625 549;10;0;2;2;1;1;203 777 737;1;1;1;1;1971.0;4;1;10;10;2023;07;1;973;97309;2;6;1;3;4,88696600; -52,28507800;3;2;2;1;1;3;1;0;5;70;1;Indemne
202300031068;155 625 451;7;0;2;2;1;1;203 777 598;1;1;1;1;1995.0;9;1;7;10;2023;13;1;86;86158;1;1;1;3;46,62311400;0,31947900;4;3;1;0;1;1;1;0;1;50;5;Indemne
202300031068;155 625 452;1;0;2;1;1;5;203 777 599;1;1;3;1;1990.0;9;2;7;10;2023;13;1;86;86158;1;1;1;3;46,62311400;0,31947900;4;3;1;0;1;1;1;0;1;50;5;Blessé hospitalisé
202300031081;155 625 423;7;0;9;1;15;1;203 777 561;1;1;1;2;1984.0;5;1;1;10;2023;17;1;57;57631;2;1;1;3;49,10152000;7,06773000;3;2;2;0;2;1;1;0;1;50;6;Indemne
202300031081;155 625 424;80;0;2;1;1;3;203 777 562;1;1;3;1;1963.0;5;8;1;10;2023;17;1;57;57631;2;1;1;3;49,10152000;7,06773000;3;2;2;0;2;1;1;0;1;50;6;Blessé hospitalisé
202300031090;155 625 410;7;0;9;2;5;1;203 777 545;1;1;1;1;1985.0;5;1;8;10;2023;19;1;35;35238;2;2;1;3;48,12382900; -1,66826600;4;2;2;0;2;1;1;0;1;50;6;Indemne
202300031090;155 625 410;7;0;9;2;5;1;203 777 545;1;1;1;1;1985.0;5;1;8;10;2023;19;1;35;35238;2;2;1;3;48,12382900; -1,66826600;4;2;4;2;1;1;1;0;1;50;6;Indemne
202300031090;155 625 411;1;0;2;8;15;5;203 777 546;1;1;2;2;1978.0;5;8;8;10;2023;19;1;35;35238;2;2;1;3;48,12382900; -1,66826600;4;2;2;0;2;1;1;0;1;50;6;Tué
202300031090;155 625 411;1;0;2;8;15;5;203 777 546;1;1;2;2;1978.0;5;8;8;10;2023;19;1;35;35238;2;2;1;3;48,12382900; -1,66826600;4;2;4;2;1;1;1;0;1;50;6;Tué
202300031110;155 625 375;37;1;2;5;1;6;203 777 501;1;1;1;1;1975.0;4;1;8;10;2023;17;1;75;75106;2;2;1;3;48,84890900;2,32873200;4;2;2;0;1;1;1;0;1;30;6;Indemne
202300031110;155 625 376;80;1;2;8;13;3;203 777 502;1;1;4;1;2003.0;5;8;8;10;2023;17;1;75;75106;2;2;1;3;48,84890900;2,32873200;4;2;2;0;1;1;1;0;1;30;6;Blessé léger
202300031112;155 625 371;1;0;2;1;2;5;203 777 495;1;1;4;2;2005.0;1;8;8;10;2023;10;1;75;75117;2;3;1;2;48,88958700;2,30400400;4;2;5;3;1;3;1;0;1;30;6;Blessé léger
202300031112;155 625 371;1;0;2;1;2;5;203 777 495;1;1;4;2;2005.0;1;8;8;10;2023;10;1;75;75117;2;3;1;2;48,88958700;2,30400400;4;1;1;0;1;1;1;0;1;30;6;Blessé léger
202300031112;155 625 372;7;0;2;4;16;1;203 777 496;1;1;1;1;1944.0;3;8;8;10;2023;10;1;75;75117;2;3;1;2;48,88958700;2,30400400;4;2;5;3;1;3;1;0;1;30;6;Indemne
202300031112;155 625 372;7;0;2;4;16;1;203 777 496;1;1;1;1;1944.0;3;8;8;10;2023;10;1;75;75117;2;3;1;2;48,88958700;2,30400400;4;1;1;0;1;1;1;0;1;30;6;Indemne
202300031151;155 625 308;1;0;0;0;1;5;203 777 408;1;1;4;1;1987.0;5;0;8;10;2023;22;3;60;60260;1;1;1;7;49,28087100;2,93155800;3;2;2;0;2;1;1;0;1;80;6;Blessé léger
202300031162;155 625 289;7;0;2;1;1;0;203 777 384;2;2;1;2;1991.0;4;8;7;10;2023;15;1;32;32462;2;4;7;3;43,75793900;0,30294200;4;1;1;0;1;1;1;0;1;30;5;Indemne
202300031162;155 625 289;7;0;2;1;1;0;203 777 385;1;1;1;2;1985.0;4;8;7;10;2023;15;1;32;32462;2;4;7;3;43,75793900;0,30294200;4;1;1;0;1;1;1;0;1;30;5;Indemne
202300031162;155 625 290;1;0;2;8;1;5;203 777 386;1;1;3;1;2006.0;5;0;7;10;2023;15;1;32;32462;2;4;7;3;43,75793900;0,30294200;4;1;1;0;1;1;1;0;1;30;5;Blessé hospitalisé
202300031173;155 625 276;1;0;0;0;1;5;203 777 368;1;1;3;1;1954.0;5;0;7;10;2023;13;1;22;22218;1;1;1;7;48,83311200; -3,25974800;4;2;2;0;2;4;1;0;1;80;5;Blessé hospitalisé
202300031177;155 625 270;7;0;0;2;1;1;203 777 360;1;1;1;2;1974.0;0;1;6;10;2023;09;1;44;44186;2;1;7;3;47,09849300; -1,82775200;3;2;2;0;1;1;1;0;3;80;4;Indemne
202300031177;155 625 271;1;0;2;6;1;5;203 777 361;1;1;3;2;1942.0;5;0;6;10;2023;09;1;44;44186;2;1;7;3;47,09849300; -1,82775200;3;2;2;0;1;1;1;0;3;80;4;Blessé hospitalisé
202300031194;155 625 244;1;0;2;1;1;5;203 777 324;1;1;4;1;1968.0;0;8;21;1;2023;11;1;92;92024;2;2;1;3;48,90536900;2,31031000;3;2;2;0;1;1;1;0;1;50;5;Blessé léger
202300031194;155 625 244;1;0;2;1;1;5;203 777 324;1;1;4;1;1968.0;0;8;21;1;2023;11;1;92;92024;2;2;1;3;48,90536900;2,31031000;3;1;1;0;1;1;1;0;1;30;5;Blessé léger
202300031194;155 625 245;33;0;2;2;10;1;203 777 325;1;1;1;1;1989.0;0;2;21;1;2023;11;1;92;92024;2;2;1;3;48,90536900;2,31031000;3;2;2;0;1;1;1;0;1;50;5;Indemne
202300031194;155 625 245;33;0;2;2;10;1;203 777 325;1;1;1;1;1989.0;0;2;21;1;2023;11;1;92;92024;2;2;1;3;48,90536900;2,31031000;3;1;1;0;1;1;1;0;1;30;5;Indemne
202300031205;155 625 227;7;0;2;2;2;1;203 777 296;1;1;1;1;1943.0;5;1;20;1;2023;19;5;10;10387;2;4;2;2;48,29822527;4,07866091;4;2;2;1;1;1;2;0;1;50;4;Indemne
202300031205;155 625 227;7;0;2;2;2;1;203 777 296;1;1;1;1;1943.0;5;1;20;1;2023;19;5;10;10387;2;4;2;2;48,29822527;4,07866091;4;2;2;0;1;1;2;0;1;50;4;Indemne
202300031205;155 625 227;7;0;2;2;2;1;203 777 297;2;2;1;2;1945.0;5;1;20;1;2023;19;5;10;10387;2;4;2;2;48,29822527;4,07866091;4;2;2;1;1;1;2;0;1;50;4;Indemne
202300031205;155 625 227;7;0;2;2;2;1;203 777 297;2;2;1;2;1945.0;5;1;20;1;2023;19;5;10;10387;2;4;2;2;48,29822527;4,07866091;4;2;2;0;1;1;2;0;1;50;4;Indemne
202300031205;155 625 228;1;0;2;8;9;5;203 777 298;1;1;4;1;1974.0;5;8;20;1;2023;19;5;10;10387;2;4;2;2;48,29822527;4,07866091;4;2;2;1;1;1;2;0;1;50;4;Blessé léger
202300031205;155 625 228;1;0;2;8;9;5;203 777 298;1;1;4;1;1974.0;5;8;20;1;2023;19;5;10;10387;2;4;2;2;48,29822527;4,07866091;4;2;2;0;1;1;2;0;1;50;4;Blessé léger
202300031213;155 625 217;1;0;1;1;1;5;203 777 282;1;1;1;1;2000.0;0;2;20;1;2023;15;1;69;69383;2;1;8;6;45,74640000;4,87360000;4;1;1;2;1;1;1;0;5;30;4;Indemne
202300031213;155 625 217;1;0;1;1;1;5;203 777 283;10;3;4;2;1948.0;3;0;20;1;2023;15;1;69;69383;2;1;8;6;45,74640000;4,87360000;4;1;1;2;1;1;1;0;5;30;4;Blessé léger
202300031258;155 625 140;7;0;2;1;1;1;203 777 178;1;1;1;1;1958.0;5;1;20;1;2023;11;1;31;31555;2;1;8;2;43,61546000;1,43739000;7;2;2;1;1;1;1;0;1;50;4;Indemne
202300031258;155 625 141;1;0;2;4;1;5;203 777 179;1;1;3;2;1960.0;0;8;20;1;2023;11;1;31;31555;2;1;8;2;43,61546000;1,43739000;7;2;2;1;1;1;1;0;1;50;4;Blessé hospitalisé
202300031263;155 625 131;1;0;2;4;1;5;203 777 168;1;1;4;1;1981.0;1;2;20;1;2023;03;3;19;19031;2;1;9;2;45,15800259;1,52361274;4;2;2;0;1;1;9;0;1;50;4;Blessé léger
202300031263;155 625 132;7;0;2;1;1;1;203 777 169;1;1;1;1;1976.0;5;8;20;1;2023;03;3;19;19031;2;1;9;2;45,15800259;1,52361274;4;2;2;0;1;1;9;0;1;50;4;Indemne
202300031265;155 625 127;7;0;2;3;1;1;203 777 164;1;1;1;2;1941.0;5;1;20;1;2023;17;1;17;17306;2;3;1;3;45,62795100; -1,01608900;4;2;2;0;1;1;1;0;1;50;4;Indemne
202300031265;155 625 128;1;0;2;1;15;5;203 777 165;1;1;4;2;1954.0;0;8;20;1;2023;17;1;17;17306;2;3;1;3;45,62795100; -1,01608900;4;2;2;0;1;1;1;0;1;50;4;Blessé léger
202300031275;155 625 111;80;0;1;1;0;3;203 777 144;1;1;4;1;1992.0;1;8;20;1;2023;07;5;10;10387;2;1;8;6;48,30724000;4,05486000;4;1;2;1;1;1;2;0;5;50;4;Blessé léger
202300031275;155 625 111;80;0;1;1;0;3;203 777 145;10;3;4;2;1991.0;2;8;20;1;2023;07;5;10;10387;2;1;8;6;48,30724000;4,05486000;4;1;2;1;1;1;2;0;5;50;4;Blessé léger
202300031301;155 625 068;10;0;9;8;22;1;203 777 088;1;1;1;1;1995.0;1;8;19;1;2023;18;5;92;92049;2;1;2;3;48,81683000;2,30674700;3;1;1;1;1;1;2;0;1;50;3;Indemne
202300031301;155 625 069;1;1;0;1;1;5;203 777 089;1;1;4;1;1972.0;1;2;19;1;2023;18;5;92;92049;2;1;2;3;48,81683000;2,30674700;3;1;1;1;1;1;2;0;1;50;3;Blessé léger
202300031323;155 625 025;10;0;2;1;9;1;203 777 031;1;1;1;1;1997.0;0;8;19;1;2023;18;5;69;69383;2;2;1;3;45,74933000;4,88400000;4;1;1;2;1;1;1;0;1;30;3;Indemne
202300031323;155 625 025;10;0;2;1;9;1;203 777 031;1;1;1;1;1997.0;0;8;19;1;2023;18;5;69;69383;2;2;1;3;45,74933000;4,88400000;4;1;1;0;1;1;1;0;1;30;3;Indemne
202300031323;155 625 027;1;0;2;7;26;5;203 777 034;1;1;4;1;1991.0;0;8;19;1;2023;18;5;69;69383;2;2;1;3;45,74933000;4,88400000;4;1;1;2;1;1;1;0;1;30;3;Blessé léger
202300031323;155 625 027;1;0;2;7;26;5;203 777 034;1;1;4;1;1991.0;0;8;19;1;2023;18;5;69;69383;2;2;1;3;45,74933000;4,88400000;4;1;1;0;1;1;1;0;1;30;3;Blessé léger
202300031325;155 625 022;7;0;2;1;12;1;203 777 027;1;1;1;1;2000.0;5;1;19;1;2023;03;4;69;69387;2;1;1;2;45,74388000;4,84604000;4;1;2;1;1;1;1;0;1;50;3;Indemne
202300031325;155 625 023;1;0;2;4;1;5;203 777 028;1;1;2;2;2002.0;0;0;19;1;2023;03;4;69;69387;2;1;1;2;45,74388000;4,84604000;4;1;2;1;1;1;1;0;1;50;3;Tué
202300031327;155 625 016;7;0;2;3;1;1;203 777 020;1;1;1;2;1958.0;5;1;30;7;2023;18;1;91;91657;2;6;1;3;48,69843000;2,42606000;4;1;1;0;1;2;1;0;1;50;6;Indemne
202300031327;155 625 016;7;0;2;3;1;1;203 777 020;1;1;1;2;1958.0;5;1;30;7;2023;18;1;91;91657;2;6;1;3;48,69843000;2,42606000;4;1;1;0;1;1;1;5;1;50;6;Indemne
202300031327;155 625 018;1;0;2;2;0;5;203 777 022;1;1;3;2;1958.0;5;8;30;7;2023;18;1;91;91657;2;6;1;3;48,69843000;2,42606000;4;1;1;0;1;2;1;0;1;50;6;Blessé hospitalisé
202300031327;155 625 018;1;0;2;2;0;5;203 777 022;1;1;3;2;1958.0;5;8;30;7;2023;18;1;91;91657;2;6;1;3;48,69843000;2,42606000;4;1;1;0;1;1;1;5;1;50;6;Blessé hospitalisé
202300031356;155 624 961;80;1;0;1;21;3;203 776 940;1;1;3;1;1999.0;1;2;25;7;2023;13;1;12;12145;2;1;1;3;44,09822000;3,07679000;4;2;2;0;1;1;1;0;1;30;1;Blessé hospitalisé
202300031356;155 624 962;10;0;2;8;24;1;203 776 941;1;1;1;1;1997.0;4;0;25;7;2023;13;1;12;12145;2;1;1;3;44,09822000;3,07679000;4;2;2;0;1;1;1;0;1;30;1;Indemne
202300031362;155 624 949;7;0;2;2;22;1;203 776 920;1;1;1;1;1969.0;3;1;30;7;2023;14;1;75;75118;2;2;1;3;48,89050000;2,34960600;4;1;1;1;1;1;1;0;5;30;6;Indemne
202300031362;155 624 949;7;0;2;2;22;1;203 776 921;2;2;1;2;1985.0;3;1;30;7;2023;14;1;75;75118;2;2;1;3;48,89050000;2,34960600;4;1;1;1;1;1;1;0;5;30;6;Indemne
202300031362;155 624 951;1;0;2;1;1;5;203 776 922;1;1;4;2;1994.0;9;8;30;7;2023;14;1;75;75118;2;2;1;3;48,89050000;2,34960600;4;1;1;1;1;1;1;0;5;30;6;Blessé léger
202300031365;155 624 946;10;0;2;4;20;1;203 776 915;1;1;1;1;1980.0;5;1;30;7;2023;16;1;75;75116;2;2;1;2;48,84791600;2,25947000;4;1;1;2;1;1;1;0;1;50;6;Indemne
202300031365;155 624 947;1;0;2;1;1;5;203 776 916;1;1;4;2;1971.0;5;2;30;7;2023;16;1;75;75116;2;2;1;2;48,84791600;2,25947000;4;1;1;2;1;1;1;0;1;50;6;Blessé léger
202300031369;155 624 936;1;1;2;0;1;5;203 776 901;1;1;4;2;1990.0;9;8;30;7;2023;15;1;75;75103;2;2;1;3;48,86165400;2,35162700;4;1;0;0;1;1;1;6;1;30;6;Blessé léger
202300031369;155 624 938;7;0;2;0;22;1;203 776 903;1;1;1;1;1963.0;9;0;30;7;2023;15;1;75;75103;2;2;1;3;48,86165400;2,35162700;4;1;0;0;1;1;1;6;1;30;6;Indemne
202300031371;155 624 932;7;0;2;1;1;1;203 776 895;1;1;1;1;1969.0;1;1;19;1;2023;07;5;68;68066;2;1;1;3;48,09316000;7,35526000;3;3;4;0;2;1;1;0;5;50;3;Indemne
202300031371;155 624 934;1;0;2;7;1;5;203 776 898;1;1;4;1;1991.0;1;8;19;1;2023;07;5;68;68066;2;1;1;3;48,09316000;7,35526000;3;3;4;0;2;1;1;0;5;50;3;Blessé léger
202300031390;155 624 902;1;0;2;1;2;5;203 776 857;1;1;3;1;1948.0;5;2;31;7;2023;16;1;52;52114;1;1;1;2;48,04496200;4,90520200;3;2;2;0;1;1;1;0;1;80;0;Blessé hospitalisé
202300031390;155 624 903;1;0;2;4;2;5;203 776 858;1;1;1;1;1961.0;5;2;31;7;2023;16;1;52;52114;1;1;1;2;48,04496200;4,90520200;3;2;2;0;1;1;1;0;1;80;0;Indemne
202300031406;155 624 880;1;0;2;4;16;5;203 776 827;1;1;4;1;2008.0;2;2;18;1;2023;07;5;49;49015;2;3;1;2;47,50166000; -0,59244000;4;2;5;0;1;1;7;0;1;50;2;Blessé léger
202300031406;155 624 880;1;0;2;4;16;5;203 776 827;1;1;4;1;2008.0;2;2;18;1;2023;07;5;49;49015;2;3;1;2;47,50166000; -0,59244000;4;3;4;1;1;3;7;0;1;20;2;Blessé léger
202300031406;155 624 882;7;0;2;2;16;1;203 776 829;1;1;1;2;1978.0;1;1;18;1;2023;07;5;49;49015;2;3;1;2;47,50166000; -0,59244000;4;2;5;0;1;1;7;0;1;50;2;Indemne
202300031406;155 624 882;7;0;2;2;16;1;203 776 829;1;1;1;2;1978.0;1;1;18;1;2023;07;5;49;49015;2;3;1;2;47,50166000; -0,59244000;4;3;4;1;1;3;7;0;1;20;2;Indemne
202300031407;155 624 878;1;0;0;0;1;5;203 776 822;1;1;4;2;2000.0;1;8;18;1;2023;07;5;49;49246;2;1;1;7;47,44396000; -0,51118000;4;1;1;0;1;2;7;0;1;30;2;Blessé léger
202300031431;155 624 843;7;0;2;7;17;0;203 776 777;1;1;1;2;1935.0;5;1;25;7;2023;16;1;22;22222;1;1;1;3;48,66902900; -2,89403900;3;2;2;0;1;1;1;0;1;80;1;Indemne
202300031431;155 624 844;1;0;0;8;1;5;203 776 778;1;1;3;1;1964.0;5;2;25;7;2023;16;1;22;22222;1;1;1;3;48,66902900; -2,89403900;3;2;2;0;1;1;1;0;1;80;1;Blessé hospitalisé
202300031433;155 624 840;1;0;2;1;5;5;203 776 772;1;1;3;1;1999.0;1;0;28;7;2023;07;1;39;39286;2;1;1;1;46,38650600;5,78060000;4;1;1;0;1;3;1;0;1;50;4;Blessé hospitalisé
202300031433;155 624 842;7;0;2;1;1;1;203 776 774;1;1;1;2;1961.0;1;1;28;7;2023;07;1;39;39286;2;1;1;1;46,38650600;5,78060000;4;1;1;0;1;3;1;0;1;50;4;Indemne
202300031449;155 624 808;10;0;2;2;17;1;203 776 720;1;1;1;1;1966.0;5;8;28;7;2023;09;1;03;03072;1;1;1;2;46,50181900;2,54460100;3;2;2;0;1;1;1;0;1;90;4;Indemne
202300031449;155 624 809;1;0;0;4;2;5;203 776 723;1;1;2;1;1944.0;5;2;28;7;2023;09;1;03;03072;1;1;1;2;46,50181900;2,54460100;3;2;2;0;1;1;1;0;1;90;4;Tué
202300031456;155 624 797;1;0;2;3;15;5;203 776 708;1;1;3;1;1987.0;5;2;27;7;2023;19;1;83;83124;1;3;1;3;43,58548900;6,63443300;3;2;2;0;1;1;1;0;1;80;3;Blessé hospitalisé
202300031456;155 624 799;7;0;2;2;17;0;203 776 710;1;1;1;1;1979.0;5;1;27;7;2023;19;1;83;83124;1;3;1;3;43,58548900;6,63443300;3;2;2;0;1;1;1;0;1;80;3;Indemne
202300031462;155 624 788;1;3;0;9;21;5;203 776 696;1;1;3;1;1952.0;5;2;20;6;2023;13;1;73;73164;1;1;1;6;45,70459500;5,99880100;3;2;2;0;2;1;1;0;1;70;1;Blessé hospitalisé
202300031464;155 624 785;1;0;6;1;1;5;203 776 683;1;1;3;1;1953.0;5;2;30;7;2023;09;1;16;16425;1;1;1;6;45,74717700;0,44977400;3;2;2;0;2;1;1;0;1;80;6;Blessé hospitalisé
202300031466;155 624 781;1;0;0;1;1;5;203 776 678;1;1;4;1;1970.0;5;2;29;7;2023;11;1;21;21445;1;1;1;7;47,31833200;4,31770100;3;2;2;0;2;2;1;0;1;80;5;Blessé léger
202300031466;155 624 782;1;0;5;1;1;5;203 776 679;1;1;3;1;1950.0;5;2;29;7;2023;11;1;21;21445;1;1;1;7;47,31833200;4,31770100;3;2;2;0;2;2;1;0;1;80;5;Blessé hospitalisé
202300031466;155 624 783;1;16;0;1;1;5;203 776 680;1;1;4;2;1991.0;5;2;29;7;2023;11;1;21;21445;1;1;1;7;47,31833200;4,31770100;3;2;2;0;2;2;1;0;1;80;5;Blessé léger
202300031470;155 624 772;7;0;9;3;17;1;203 776 668;1;1;1;1;1957.0;9;1;31;7;2023;11;1;28;28052;1;1;2;5;48,56626000;1,52723400;3;2;2;0;1;2;2;0;1;80;0;Indemne
202300031470;155 624 773;1;0;2;8;1;5;203 776 669;1;1;4;1;1956.0;5;2;31;7;2023;11;1;28;28052;1;1;2;5;48,56626000;1,52723400;3;2;2;0;1;2;2;0;1;80;0;Blessé léger
202300031470;155 624 774;1;0;2;8;1;5;203 776 670;1;1;3;2;1961.0;5;2;31;7;2023;11;1;28;28052;1;1;2;5;48,56626000;1,52723400;3;2;2;0;1;2;2;0;1;80;0;Blessé hospitalisé
202300031470;155 624 775;1;0;2;8;1;5;203 776 671;1;1;3;2;1958.0;5;2;31;7;2023;11;1;28;28052;1;1;2;5;48,56626000;1,52723400;3;2;2;0;1;2;2;0;1;80;0;Blessé hospitalisé
202300031506;155 624 712;7;0;2;3;15;1;203 776 569;1;1;1;1;1934.0;5;1;31;7;2023;09;1;22;22186;1;2;8;3;48,58538400; -2,51750000;4;3;2;0;1;1;1;0;1;80;0;Indemne
202300031506;155 624 712;7;0;2;3;15;1;203 776 569;1;1;1;1;1934.0;5;1;31;7;2023;09;1;22;22186;1;2;8;3;48,58538400; -2,51750000;4;2;2;0;1;1;1;0;1;80;0;Indemne
202300031506;155 624 713;1;0;2;8;1;5;203 776 570;1;1;4;1;1992.0;5;2;31;7;2023;09;1;22;22186;1;2;8;3;48,58538400; -2,51750000;4;3;2;0;1;1;1;0;1;80;0;Blessé léger
202300031506;155 624 713;1;0;2;8;1;5;203 776 570;1;1;4;1;1992.0;5;2;31;7;2023;09;1;22;22186;1;2;8;3;48,58538400; -2,51750000;4;2;2;0;1;1;1;0;1;80;0;Blessé léger
202300031534;155 624 660;7;0;9;1;9;1;203 776 479;1;1;1;2;1994.0;9;1;14;4;2023;08;1;60;60057;2;9;1;1;49,43364000;2,09372000;4;1;1;1;1;1;1;0;5;30;4;Indemne
202300031534;155 624 662;1;0;2;8;5;5;203 776 480;1;1;4;2;1969.0;0;8;14;4;2023;08;1;60;60057;2;9;1;1;49,43364000;2,09372000;4;1;1;1;1;1;1;0;5;30;4;Blessé léger
202300031557;155 624 613;7;0;2;2;15;1;203 776 419;1;1;1;2;2002.0;5;1;29;7;2023;22;5;64;64122;2;1;1;3;43,46247000; -1,55125000;4;2;3;0;2;1;1;0;1;50;5;Indemne
202300031557;155 624 613;7;0;2;2;15;1;203 776 420;3;2;1;2;2003.0;5;1;29;7;2023;22;5;64;64122;2;1;1;3;43,46247000; -1,55125000;4;2;3;0;2;1;1;0;1;50;5;Indemne
202300031557;155 624 613;7;0;2;2;15;1;203 776 422;2;2;1;1;1999.0;5;1;29;7;2023;22;5;64;64122;2;1;1;3;43,46247000; -1,55125000;4;2;3;0;2;1;1;0;1;50;5;Indemne
202300031557;155 624 615;1;0;2;1;1;5;203 776 424;1;1;3;1;2001.0;5;8;29;7;2023;22;5;64;64122;2;1;1;3;43,46247000; -1,55125000;4;2;3;0;2;1;1;0;1;50;5;Blessé hospitalisé
202300031559;155 624 609;7;0;0;3;16;1;203 776 410;1;1;1;1;1978.0;5;1;14;4;2023;17;1;38;38151;2;3;1;3;45,15461000;5,71226000;4;2;2;1;1;1;1;0;5;50;4;Indemne
202300031559;155 624 609;7;0;0;3;16;1;203 776 410;1;1;1;1;1978.0;5;1;14;4;2023;17;1;38;38151;2;3;1;3;45,15461000;5,71226000;4;2;2;0;1;3;1;0;5;50;4;Indemne
202300031559;155 624 610;1;0;2;1;1;5;203 776 413;1;1;4;1;1999.0;1;2;14;4;2023;17;1;38;38151;2;3;1;3;45,15461000;5,71226000;4;2;2;1;1;1;1;0;5;50;4;Blessé léger
202300031559;155 624 610;1;0;2;1;1;5;203 776 413;1;1;4;1;1999.0;1;2;14;4;2023;17;1;38;38151;2;3;1;3;45,15461000;5,71226000;4;2;2;0;1;3;1;0;5;50;4;Blessé léger
202300031581;155 624 579;1;0;0;0;26;5;203 776 343;1;1;4;1;2007.0;5;8;28;7;2023;12;1;37;37261;2;9;2;6;47,36295000;0,69682000;4;1;2;1;2;1;2;9;5;50;4;Blessé léger
202300031591;155 624 565;1;12;0;8;13;5;203 776 326;1;1;4;1;2004.0;0;8;14;4;2023;09;1;27;27681;2;1;1;3;49,09086000;1,48277000;4;1;1;0;1;1;1;0;1;30;4;Blessé léger
202300031591;155 624 567;7;0;9;7;17;1;203 776 328;1;1;1;1;1959.0;1;1;14;4;2023;09;1;27;27681;2;1;1;3;49,09086000;1,48277000;4;1;1;0;1;1;1;0;1;30;4;Indemne
202300031602;155 624 545;31;0;2;1;13;1;203 776 299;1;1;1;1;2008.0;5;2;28;7;2023;12;1;04;04070;2;1;1;1;44,07386000;6,19593000;4;2;2;0;1;1;1;0;1;50;4;Indemne
202300031602;155 624 547;1;0;2;1;1;5;203 776 301;1;1;3;1;1954.0;5;8;28;7;2023;12;1;04;04070;2;1;1;1;44,07386000;6,19593000;4;2;2;0;1;1;1;0;1;50;4;Blessé hospitalisé
202300031606;155 624 538;1;0;2;1;1;5;203 776 288;1;1;4;1;2005.0;1;2;7;4;2023;12;1;19;19031;2;2;1;3;45,15938000;1,53217000;4;1;1;0;1;1;1;0;1;30;4;Blessé léger
202300031606;155 624 538;1;0;2;1;1;5;203 776 288;1;1;4;1;2005.0;1;2;7;4;2023;12;1;19;19031;2;2;1;3;45,15938000;1,53217000;4;1;1;0;1;1;1;0;1;30;4;Blessé léger
202300031606;155 624 541;1;0;2;3;1;5;203 776 293;1;1;4;2;1964.0;1;2;7;4;2023;12;1;19;19031;2;2;1;3;45,15938000;1,53217000;4;1;1;0;1;1;1;0;1;30;4;Blessé léger
202300031606;155 624 541;1;0;2;3;1;5;203 776 293;1;1;4;2;1964.0;1;2;7;4;2023;12;1;19;19031;2;2;1;3;45,15938000;1,53217000;4;1;1;0;1;1;1;0;1;30;4;Blessé léger
202300031625;155 624 507;1;0;0;0;0;5;203 776 241;1;1;3;1;1949.0;0;8;13;4;2023;18;1;10;10387;2;1;1;6;48,30300000;4,07700000;4;1;1;1;1;1;1;0;1;50;3;Blessé hospitalisé
202300031625;155 624 510;7;0;2;1;1;1;203 776 244;1;1;1;1;2003.0;0;1;13;4;2023;18;1;10;10387;2;1;1;6;48,30300000;4,07700000;4;1;1;1;1;1;1;0;1;50;3;Indemne
202300031628;155 624 501;31;0;2;7;18;1;203 776 234;1;1;1;1;2006.0;0;2;11;11;2023;11;1;10;10333;2;1;2;3;48,27540000;4,05700000;4;2;2;0;1;1;2;0;1;50;5;Indemne
202300031628;155 624 504;1;0;2;2;1;5;203 776 239;1;1;4;1;1946.0;0;2;11;11;2023;11;1;10;10333;2;1;2;3;48,27540000;4,05700000;4;2;2;0;1;1;2;0;1;50;5;Blessé léger
202300031639;155 624 484;80;0;2;2;14;3;203 776 209;1;1;4;1;1967.0;1;8;2;3;2023;17;1;974;97411;2;6;1;3; -20,87649000;55,44227000;2;1;2;1;1;3;1;9;1;50;3;Blessé léger
202300031639;155 624 486;7;0;2;3;9;0;203 776 213;1;1;1;2;1995.0;0;1;2;3;2023;17;1;974;97411;2;6;1;3; -20,87649000;55,44227000;2;1;2;1;1;3;1;9;1;50;3;Indemne
202300031643;155 624 476;7;0;2;3;1;1;203 776 199;1;1;4;1;1974.0;1;1;14;4;2023;12;1;75;75120;2;2;1;3;48,85764000;2,40389700;4;2;2;0;2;1;1;0;1;30;4;Blessé léger
202300031643;155 624 476;7;0;2;3;1;1;203 776 199;1;1;4;1;1974.0;1;1;14;4;2023;12;1;75;75120;2;2;1;3;48,85764000;2,40389700;4;1;0;0;1;1;1;0;1;30;4;Blessé léger
202300031643;155 624 481;1;0;2;1;1;5;203 776 205;1;1;1;1;1973.0;9;2;14;4;2023;12;1;75;75120;2;2;1;3;48,85764000;2,40389700;4;2;2;0;2;1;1;0;1;30;4;Indemne
202300031643;155 624 481;1;0;2;1;1;5;203 776 205;1;1;1;1;1973.0;9;2;14;4;2023;12;1;75;75120;2;2;1;3;48,85764000;2,40389700;4;1;0;0;1;1;1;0;1;30;4;Indemne
202300031653;155 624 462;1;0;2;0;17;5;203 776 183;1;1;1;1;1996.0;9;2;14;4;2023;09;1;75;75118;2;3;1;3;48,88527000;2,34952900;4;1;1;1;1;1;1;0;5;25;4;Indemne
202300031653;155 624 464;1;8;2;0;1;5;203 776 184;1;1;4;1;1983.0;9;2;14;4;2023;09;1;75;75118;2;3;1;3;48,88527000;2,34952900;4;1;1;1;1;1;1;0;5;25;4;Blessé léger