Num_Acc;id_vehicule;catv;obs;obsm;choc;manv;motor;id_usager;place;catu;grav;sexe;an_nais;trajet;secu1;jour;mois;an;hrmn;lum;dep;com;agg;int;atm;col;lat;long;catr;circ;nbv;vosp;prof;plan;surf;infra;situ;vma;day_of_week;gravity
202300031658;155 624 454;7;1;0;6;13;1;203 776 174;1;1;1;2;1968.0;9;8;11;11;2023;01;5;75;75120;2;1;1;2;48,87534400;2,39648600;4;2;2;0;2;1;1;0;1;30;5;Indemne
202300031658;155 624 456;80;0;2;1;17;3;203 776 176;1;1;4;1;1972.0;9;8;11;11;2023;01;5;75;75120;2;1;1;2;48,87534400;2,39648600;4;2;2;0;2;1;1;0;1;30;5;Blessé léger
202300031664;155 624 446;7;0;2;1;15;1;203 776 162;1;1;1;2;2005.0;5;1;11;11;2023;16;1;75;75117;2;2;1;3;48,89355900;2,32266300;4;1;1;0;1;1;1;0;1;30;5;Indemne
202300031664;155 624 446;7;0;2;1;15;1;203 776 162;1;1;1;2;2005.0;5;1;11;11;2023;16;1;75;75117;2;2;1;3;48,89355900;2,32266300;4;1;1;0;1;1;1;0;1;30;5;Indemne
202300031664;155 624 448;1;0;2;1;5;5;203 776 164;1;1;4;1;1988.0;5;8;11;11;2023;16;1;75;75117;2;2;1;3;48,89355900;2,32266300;4;1;1;0;1;1;1;0;1;30;5;Blessé léger
202300031664;155 624 448;1;0;2;1;5;5;203 776 164;1;1;4;1;1988.0;5;8;11;11;2023;16;1;75;75117;2;2;1;3;48,89355900;2,32266300;4;1;1;0;1;1;1;0;1;30;5;Blessé léger
202300031682;155 624 414;7;0;2;2;2;3;203 776 118;4;2;1;1;1949.0;4;1;14;4;2023;18;1;75;75109;2;2;2;3;48,87519900;2,33522200;4;1;1;0;1;1;2;0;1;30;4;Indemne
202300031682;155 624 414;7;0;2;2;2;3;203 776 118;4;2;1;1;1949.0;4;1;14;4;2023;18;1;75;75109;2;2;2;3;48,87519900;2,33522200;4;1;1;0;1;1;2;0;1;30;4;Indemne
202300031682;155 624 414;7;0;2;2;2;3;203 776 120;1;1;1;1;1972.0;4;1;14;4;2023;18;1;75;75109;2;2;2;3;48,87519900;2,33522200;4;1;1;0;1;1;2;0;1;30;4;Indemne
202300031682;155 624 414;7;0;2;2;2;3;203 776 120;1;1;1;1;1972.0;4;1;14;4;2023;18;1;75;75109;2;2;2;3;48,87519900;2,33522200;4;1;1;0;1;1;2;0;1;30;4;Indemne
202300031682;155 624 416;80;0;2;2;19;3;203 776 123;1;1;4;1;2001.0;1;8;14;4;2023;18;1;75;75109;2;2;2;3;48,87519900;2,33522200;4;1;1;0;1;1;2;0;1;30;4;Blessé léger
202300031682;155 624 416;80;0;2;2;19;3;203 776 123;1;1;4;1;2001.0;1;8;14;4;2023;18;1;75;75109;2;2;2;3;48,87519900;2,33522200;4;1;1;0;1;1;2;0;1;30;4;Blessé léger
202300031689;155 624 403;80;0;0;1;1;3;203 776 105;1;1;4;1;1957.0;1;8;13;4;2023;19;1;75;75104;2;1;1;7;48,85393200;2,35834400;4;1;2;1;1;1;1;0;1;30;3;Blessé léger
202300031690;155 624 402;80;0;1;8;1;3;203 776 104;1;1;1;1;1976.0;5;8;11;11;2023;17;5;75;75110;2;1;1;6;48,87297900;2,35631300;4;1;0;1;1;1;1;0;5;30;5;Indemne
202300031690;155 624 402;80;0;1;8;1;3;203 776 106;10;3;4;1;2018.0;3;0;11;11;2023;17;5;75;75110;2;1;1;6;48,87297900;2,35631300;4;1;0;1;1;1;1;0;5;30;5;Blessé léger
202300031690;155 624 402;80;0;1;8;1;3;203 776 107;10;3;1;2;1994.0;3;0;11;11;2023;17;5;75;75110;2;1;1;6;48,87297900;2,35631300;4;1;0;1;1;1;1;0;5;30;5;Indemne
202300031740;155 624 318;1;13;0;2;14;5;203 776 003;1;1;3;1;1957.0;5;2;23;5;2023;14;1;73;73019;1;1;1;6;45,51966200;6,31795400;3;2;2;0;2;4;1;0;3;80;1;Blessé hospitalisé
202300031755;155 624 289;7;0;2;2;5;2;203 775 968;1;1;1;1;1978.0;1;1;14;4;2023;16;1;92;92050;2;1;2;3;48,90973433;2,21578091;4;2;4;0;1;1;2;1;1;50;4;Indemne
202300031755;155 624 293;1;0;2;8;5;5;203 775 972;1;1;4;1;1965.0;5;8;14;4;2023;16;1;92;92050;2;1;2;3;48,90973433;2,21578091;4;2;4;0;1;1;2;1;1;50;4;Blessé léger
202300031770;155 624 266;7;0;2;0;22;1;203 775 936;1;1;1;1;1947.0;5;8;2;3;2023;09;1;59;59350;2;1;1;7;50,63737496;3,07057679;4;1;1;2;1;1;1;9;5;30;3;Indemne
202300031770;155 624 266;7;0;2;0;22;1;203 775 937;2;2;1;1;1972.0;0;8;2;3;2023;09;1;59;59350;2;1;1;7;50,63737496;3,07057679;4;1;1;2;1;1;1;9;5;30;3;Indemne
202300031770;155 624 269;1;0;2;0;2;5;203 775 940;1;1;4;1;1981.0;1;2;2;3;2023;09;1;59;59350;2;1;1;7;50,63737496;3,07057679;4;1;1;2;1;1;1;9;5;30;3;Blessé léger
202300031772;155 624 258;7;0;2;0;0;0;203 775 928;1;1;1;1;1980.0;0;1;14;4;2023;06;2;92;92012;2;3;1;3;48,83472775;2,24703938;3;2;2;0;1;1;1;0;1;50;4;Indemne
202300031772;155 624 258;7;0;2;0;0;0;203 775 928;1;1;1;1;1980.0;0;1;14;4;2023;06;2;92;92012;2;3;1;3;48,83472775;2,24703938;3;1;4;0;1;1;1;0;1;50;4;Indemne
202300031772;155 624 262;1;0;2;7;1;5;203 775 932;1;1;4;1;2004.0;0;8;14;4;2023;06;2;92;92012;2;3;1;3;48,83472775;2,24703938;3;2;2;0;1;1;1;0;1;50;4;Blessé léger
202300031772;155 624 262;1;0;2;7;1;5;203 775 932;1;1;4;1;2004.0;0;8;14;4;2023;06;2;92;92012;2;3;1;3;48,83472775;2,24703938;3;1;4;0;1;1;1;0;1;50;4;Blessé léger
202300031778;155 624 247;7;0;2;3;9;1;203 775 912;1;1;1;1;1958.0;1;1;13;4;2023;06;1;972;97217;2;6;1;3;14,46974400; -60,85708000;3;1;2;0;1;2;1;5;1;50;3;Indemne
202300031778;155 624 250;1;0;2;5;2;5;203 775 914;1;1;4;1;1972.0;1;2;13;4;2023;06;1;972;97217;2;6;1;3;14,46974400; -60,85708000;3;1;2;0;1;2;1;5;1;50;3;Blessé léger
202300031787;155 624 230;1;8;2;1;2;5;203 775 887;1;1;4;1;1981.0;1;2;1;3;2023;07;1;56;56121;2;1;1;3;47,73755000; -3,38225000;4;3;2;1;2;1;1;0;1;30;2;Blessé léger
202300031787;155 624 231;10;0;2;7;14;1;203 775 888;1;1;1;1;1971.0;4;1;1;3;2023;07;1;56;56121;2;1;1;3;47,73755000; -3,38225000;4;3;2;1;2;1;1;0;1;30;2;Indemne
202300031804;155 624 205;80;0;1;0;21;3;203 775 849;10;3;4;1;2005.0;5;0;15;4;2023;00;3;56;56186;2;1;1;6;47,47976600; -3,12314300;4;1;1;2;2;1;1;0;1;30;5;Blessé léger
202300031804;155 624 205;80;0;1;0;21;3;203 775 852;1;1;1;1;1991.0;5;0;15;4;2023;00;3;56;56186;2;1;1;6;47,47976600; -3,12314300;4;1;1;2;2;1;1;0;1;30;5;Indemne
202300031820;155 624 185;1;0;0;0;1;5;203 775 822;1;1;4;1;1940.0;5;0;24;5;2023;16;1;55;55414;1;1;1;7;48,80993900;4,91475500;3;3;2;0;1;1;1;0;3;90;2;Blessé léger
202300031828;155 624 168;1;0;2;1;1;5;203 775 804;1;1;4;1;2009.0;5;0;11;11;2023;16;1;07;07319;2;1;1;1;44,53640900;4,67185000;4;2;2;0;2;3;1;0;1;50;5;Blessé léger
202300031828;155 624 170;7;0;2;1;1;0;203 775 806;1;1;1;2;1966.0;0;1;11;11;2023;16;1;07;07319;2;1;1;1;44,53640900;4,67185000;4;2;2;0;2;3;1;0;1;50;5;Indemne
202300031883;155 624 067;7;0;2;2;17;1;203 775 674;1;1;1;1;1936.0;5;1;8;4;2023;10;1;78;78128;1;3;1;3;48,66942600;1,95659600;3;2;2;2;1;1;1;5;1;70;5;Indemne
202300031883;155 624 070;1;0;2;8;15;5;203 775 678;1;1;4;1;1995.0;5;2;8;4;2023;10;1;78;78128;1;3;1;3;48,66942600;1,95659600;3;2;2;2;1;1;1;5;1;70;5;Blessé léger
202300031889;155 624 056;1;0;2;8;1;5;203 775 660;1;1;3;1;1995.0;5;0;14;4;2023;13;1;2B;2B296;1;1;1;3;42,58099300;8,90266500;3;2;2;0;2;4;1;0;1;80;4;Blessé hospitalisé
202300031889;155 624 060;38;0;2;8;23;1;203 775 662;1;1;1;1;1951.0;4;1;14;4;2023;13;1;2B;2B296;1;1;1;3;42,58099300;8,90266500;3;2;2;0;2;4;1;0;1;80;4;Indemne
202300031891;155 624 052;1;0;2;1;1;5;203 775 654;1;1;3;2;1956.0;3;0;11;11;2023;11;1;68;68351;1;1;2;1;48,01952500;7,57651100;3;2;2;1;1;1;2;9;5;50;5;Blessé hospitalisé
202300031891;155 624 054;1;0;2;1;9;5;203 775 658;1;1;4;1;1959.0;5;2;11;11;2023;11;1;68;68351;1;1;2;1;48,01952500;7,57651100;3;2;2;1;1;1;2;9;5;50;5;Blessé léger
202300031908;155 624 018;80;0;2;2;1;3;203 775 608;1;1;3;1;1956.0;0;0;11;11;2023;10;1;29;29057;2;3;8;3;47,90519511; -3,99507291;3;2;2;1;1;1;1;0;5;70;5;Blessé hospitalisé
202300031908;155 624 018;80;0;2;2;1;3;203 775 608;1;1;3;1;1956.0;0;0;11;11;2023;10;1;29;29057;2;3;8;3;47,90519511; -3,99507291;3;2;2;0;1;1;1;9;5;50;5;Blessé hospitalisé
202300031908;155 624 022;7;0;2;3;9;1;203 775 613;1;1;1;2;1973.0;0;1;11;11;2023;10;1;29;29057;2;3;8;3;47,90519511; -3,99507291;3;2;2;1;1;1;1;0;5;70;5;Indemne
202300031908;155 624 022;7;0;2;3;9;1;203 775 613;1;1;1;2;1973.0;0;1;11;11;2023;10;1;29;29057;2;3;8;3;47,90519511; -3,99507291;3;2;2;0;1;1;1;9;5;50;5;Indemne
202300031952;155 623 928;1;0;2;8;15;5;203 775 488;1;1;1;1;1988.0;9;2;3;3;2023;16;1;75;75111;2;3;1;3;48,86212000;2,38015700;4;1;2;2;1;1;1;8;1;30;4;Indemne
202300031952;155 623 929;50;0;2;2;17;3;203 775 492;1;1;4;1;1965.0;1;2;3;3;2023;16;1;75;75111;2;3;1;3;48,86212000;2,38015700;4;1;2;2;1;1;1;8;1;30;4;Blessé léger
202300031977;155 623 881;14;0;2;7;1;1;203 775 423;1;1;1;1;1995.0;4;1;13;4;2023;14;1;83;83061;2;9;6;3;43,43263700;6,72520500;3;1;2;0;1;1;1;9;8;50;3;Indemne
202300031977;155 623 883;80;0;2;8;19;3;203 775 424;1;1;3;2;1969.0;5;8;13;4;2023;14;1;83;83061;2;9;6;3;43,43263700;6,72520500;3;1;2;0;1;1;1;9;8;50;3;Blessé hospitalisé
202300031978;155 623 880;1;0;2;0;0;5;203 775 422;1;1;2;1;1949.0;5;2;12;3;2023;14;1;43;43234;2;6;1;3;44,95607100;3,54121300;3;1;1;0;1;2;1;5;1;50;6;Tué
202300031978;155 623 882;7;0;9;8;1;1;203 775 425;1;1;1;2;1962.0;5;1;12;3;2023;14;1;43;43234;2;6;1;3;44,95607100;3,54121300;3;1;1;0;1;2;1;5;1;50;6;Indemne
202300031997;155 623 839;1;0;2;2;1;5;203 775 370;1;1;4;2;1972.0;1;8;22;5;2023;13;1;69;69386;2;1;1;1;45,76543137;4,84947962;4;1;1;2;1;1;1;0;1;50;0;Blessé léger
202300031997;155 623 843;7;0;2;1;20;1;203 775 374;1;1;1;1;2001.0;0;8;22;5;2023;13;1;69;69386;2;1;1;1;45,76543137;4,84947962;4;1;1;2;1;1;1;0;1;50;0;Indemne
202300032003;155 623 830;7;0;2;2;16;1;203 775 360;1;1;1;1;1973.0;1;1;2;3;2023;16;1;94;94017;2;9;1;3;48,81350000;2,52804000;3;3;2;1;1;1;1;0;1;50;3;Indemne
202300032003;155 623 834;1;0;2;1;1;5;203 775 363;1;1;4;1;1983.0;1;2;2;3;2023;16;1;94;94017;2;9;1;3;48,81350000;2,52804000;3;3;2;1;1;1;1;0;1;50;3;Blessé léger
202300032017;155 623 802;7;0;2;3;9;0;203 775 322;1;1;1;1;1964.0;1;1;10;11;2023;08;1;69;69387;2;1;3;3;45,74686000;4,84511000;4;1;1;2;1;1;2;0;1;30;4;Indemne
202300032017;155 623 804;1;0;2;2;1;5;203 775 328;1;1;3;2;1976.0;9;2;10;11;2023;08;1;69;69387;2;1;3;3;45,74686000;4,84511000;4;1;1;2;1;1;2;0;1;30;4;Blessé hospitalisé
202300032037;155 623 766;1;0;0;0;1;5;203 775 269;1;1;3;1;1968.0;5;2;21;5;2023;11;1;87;87085;2;1;1;7;45,91065000;1,30529000;4;2;2;0;1;1;1;0;1;50;6;Blessé hospitalisé
202300032041;155 623 759;1;0;2;1;2;5;203 775 259;1;1;4;1;1952.0;5;2;3;3;2023;16;1;92;92073;2;9;1;3;48,86469700;2,21900100;3;2;4;0;1;2;1;0;1;50;4;Blessé léger
202300032041;155 623 762;7;0;9;7;10;1;203 775 263;1;1;1;1;2002.0;0;1;3;3;2023;16;1;92;92073;2;9;1;3;48,86469700;2,21900100;3;2;4;0;1;2;1;0;1;50;4;Indemne
202300032087;155 623 684;1;0;1;1;15;5;203 775 163;1;1;4;2;1988.0;1;8;22;5;2023;11;1;67;67447;2;3;1;6;48,60669000;7,74927000;4;2;2;0;1;1;1;0;1;30;0;Blessé léger
202300032087;155 623 684;1;0;1;1;15;5;203 775 163;1;1;4;2;1988.0;1;8;22;5;2023;11;1;67;67447;2;3;1;6;48,60669000;7,74927000;4;1;2;2;1;2;1;0;1;30;0;Blessé léger
202300032087;155 623 684;1;0;1;1;15;5;203 775 168;10;3;1;1;1974.0;5;0;22;5;2023;11;1;67;67447;2;3;1;6;48,60669000;7,74927000;4;2;2;0;1;1;1;0;1;30;0;Indemne
202300032087;155 623 684;1;0;1;1;15;5;203 775 168;10;3;1;1;1974.0;5;0;22;5;2023;11;1;67;67447;2;3;1;6;48,60669000;7,74927000;4;1;2;2;1;2;1;0;1;30;0;Indemne
202300032119;155 623 627;7;0;2;1;1;1;203 775 082;1;1;1;1;1997.0;5;1;10;11;2023;09;1;67;67218;2;3;1;1;48,52265000;7,71580000;4;2;2;0;1;1;2;0;1;50;4;Indemne
202300032119;155 623 627;7;0;2;1;1;1;203 775 082;1;1;1;1;1997.0;5;1;10;11;2023;09;1;67;67218;2;3;1;1;48,52265000;7,71580000;4;2;2;0;1;1;2;0;1;50;4;Indemne
202300032119;155 623 633;1;0;2;1;16;5;203 775 087;1;1;4;1;1940.0;5;8;10;11;2023;09;1;67;67218;2;3;1;1;48,52265000;7,71580000;4;2;2;0;1;1;2;0;1;50;4;Blessé léger
202300032119;155 623 633;1;0;2;1;16;5;203 775 087;1;1;4;1;1940.0;5;8;10;11;2023;09;1;67;67218;2;3;1;1;48,52265000;7,71580000;4;2;2;0;1;1;2;0;1;50;4;Blessé léger
202300032126;155 623 613;1;0;2;4;2;5;203 775 063;1;1;3;1;1954.0;0;0;11;4;2023;11;1;09;09122;2;6;1;2;42,96358000;1,60423000;3;2;2;0;3;1;1;0;1;30;1;Blessé hospitalisé
202300032126;155 623 613;1;0;2;4;2;5;203 775 063;1;1;3;1;1954.0;0;0;11;4;2023;11;1;09;09122;2;6;1;2;42,96358000;1,60423000;3;2;2;0;3;1;1;0;1;30;1;Blessé hospitalisé
202300032126;155 623 614;7;0;2;2;2;1;203 775 066;1;1;1;2;1998.0;0;1;11;4;2023;11;1;09;09122;2;6;1;2;42,96358000;1,60423000;3;2;2;0;3;1;1;0;1;30;1;Indemne
202300032126;155 623 614;7;0;2;2;2;1;203 775 066;1;1;1;2;1998.0;0;1;11;4;2023;11;1;09;09122;2;6;1;2;42,96358000;1,60423000;3;2;2;0;3;1;1;0;1;30;1;Indemne
202300032127;155 623 609;1;0;2;0;1;5;203 775 061;1;1;3;1;1992.0;5;0;3;3;2023;15;1;44;44029;1;1;1;2;47,26575822; -1,31680281;3;2;2;0;1;1;1;0;1;80;4;Blessé hospitalisé
202300032127;155 623 611;7;0;9;2;2;1;203 775 065;1;1;1;1;1957.0;5;8;3;3;2023;15;1;44;44029;1;1;1;2;47,26575822; -1,31680281;3;2;2;0;1;1;1;0;1;80;4;Indemne
202300032131;155 623 601;1;0;2;4;1;5;203 775 050;1;1;3;1;1945.0;5;2;3;3;2023;14;1;35;35327;1;1;1;2;48,10299600; -1,46499600;3;2;2;0;1;1;1;0;1;70;4;Blessé hospitalisé
202300032131;155 623 604;15;0;2;2;1;1;203 775 053;1;1;1;1;1963.0;4;1;3;3;2023;14;1;35;35327;1;1;1;2;48,10299600; -1,46499600;3;2;2;0;1;1;1;0;1;70;4;Indemne
202300032149;155 623 570;1;0;2;1;1;5;203 775 007;1;1;4;1;1998.0;1;9;3;3;2023;16;1;72;72386;1;2;1;3;48,01237000;0,27638600;3;3;1;0;1;1;1;0;1;50;4;Blessé léger
202300032149;155 623 573;7;0;2;3;9;1;203 775 011;1;1;1;2;1952.0;0;1;3;3;2023;16;1;72;72386;1;2;1;3;48,01237000;0,27638600;3;3;1;0;1;1;1;0;1;50;4;Indemne
202300032187;155 623 496;7;0;2;3;9;1;203 774 908;1;1;1;1;1981.0;5;1;25;6;2023;20;1;59;59122;2;6;7;3;50,17011498;3,23101938;3;1;2;0;1;1;1;0;1;50;6;Indemne
202300032187;155 623 496;7;0;2;3;9;1;203 774 908;1;1;1;1;1981.0;5;1;25;6;2023;20;1;59;59122;2;6;7;3;50,17011498;3,23101938;3;2;2;0;1;1;1;0;1;50;6;Indemne
202300032187;155 623 499;1;0;2;2;1;5;203 774 910;1;1;4;1;2006.0;5;2;25;6;2023;20;1;59;59122;2;6;7;3;50,17011498;3,23101938;3;1;2;0;1;1;1;0;1;50;6;Blessé léger
202300032187;155 623 499;1;0;2;2;1;5;203 774 910;1;1;4;1;2006.0;5;2;25;6;2023;20;1;59;59122;2;6;7;3;50,17011498;3,23101938;3;2;2;0;1;1;1;0;1;50;6;Blessé léger
202300032189;155 623 495;1;8;0;1;21;5;203 774 907;1;1;4;1;1985.0;1;2;22;5;2023;09;1;75;75117;2;1;1;6;48,89593700;2,31735500;4;2;4;1;1;1;1;0;5;30;0;Blessé léger
202300032201;155 623 477;1;0;2;0;1;5;203 774 884;1;1;4;1;1980.0;1;8;22;5;2023;19;1;75;75108;2;4;1;3;48,86723600;2,30599000;4;1;2;1;2;1;1;0;1;30;0;Blessé léger
202300032201;155 623 480;7;0;2;7;20;1;203 774 889;1;1;1;2;1945.0;9;1;22;5;2023;19;1;75;75108;2;4;1;3;48,86723600;2,30599000;4;1;2;1;2;1;1;0;1;30;0;Indemne
202300032203;155 623 468;1;12;0;2;14;5;203 774 870;1;1;4;2;1963.0;9;8;22;5;2023;12;1;75;75108;2;3;1;6;48,87513100;2,29601000;4;2;2;0;1;1;1;0;1;30;0;Blessé léger
202300032203;155 623 468;1;12;0;2;14;5;203 774 870;1;1;4;2;1963.0;9;8;22;5;2023;12;1;75;75108;2;3;1;6;48,87513100;2,29601000;4;1;1;1;1;2;1;0;1;30;0;Blessé léger
202300032221;155 623 443;7;0;2;3;9;1;203 774 834;1;1;1;2;1995.0;3;1;10;11;2023;14;1;43;43251;2;6;2;3;45,02790000;3,88072000;4;1;1;0;1;2;2;0;1;50;4;Indemne
202300032221;155 623 443;7;0;2;3;9;1;203 774 834;1;1;1;2;1995.0;3;1;10;11;2023;14;1;43;43251;2;6;2;3;45,02790000;3,88072000;4;2;2;0;1;1;2;0;1;50;4;Indemne
202300032221;155 623 444;1;0;2;7;1;5;203 774 836;1;1;4;1;1967.0;1;2;10;11;2023;14;1;43;43251;2;6;2;3;45,02790000;3,88072000;4;1;1;0;1;2;2;0;1;50;4;Blessé léger
202300032221;155 623 444;1;0;2;7;1;5;203 774 836;1;1;4;1;1967.0;1;2;10;11;2023;14;1;43;43251;2;6;2;3;45,02790000;3,88072000;4;2;2;0;1;1;2;0;1;50;4;Blessé léger
202300032223;155 623 437;14;0;9;1;21;1;203 774 827;1;1;1;1;2001.0;4;1;13;12;2023;06;4;62;62570;1;1;1;2;50,40685000;2,86699000;3;2;2;0;1;1;2;0;1;70;2;Indemne
202300032223;155 623 440;1;0;2;4;1;5;203 774 830;1;1;4;1;1997.0;1;8;13;12;2023;06;4;62;62570;1;1;1;2;50,40685000;2,86699000;3;2;2;0;1;1;2;0;1;70;2;Blessé léger
202300032233;155 623 417;1;1;0;1;26;5;203 774 799;1;1;4;1;1976.0;5;2;3;3;2023;13;1;31;31395;1;1;1;6;43,43373800;1,28489500;3;2;2;0;1;1;1;0;1;80;4;Blessé léger
202300032279;155 623 335;7;0;2;2;1;1;203 774 682;1;1;1;2;1959.0;5;1;25;6;2023;12;1;45;45234;2;2;1;3;47,91356000;1,90990000;4;2;3;2;1;1;1;0;1;50;6;Indemne
202300032279;155 623 335;7;0;2;2;1;1;203 774 682;1;1;1;2;1959.0;5;1;25;6;2023;12;1;45;45234;2;2;1;3;47,91356000;1,90990000;4;2;3;2;1;1;1;0;1;50;6;Indemne
202300032279;155 623 339;1;0;2;8;1;5;203 774 687;1;1;4;1;2000.0;1;8;25;6;2023;12;1;45;45234;2;2;1;3;47,91356000;1,90990000;4;2;3;2;1;1;1;0;1;50;6;Blessé léger
202300032279;155 623 339;1;0;2;8;1;5;203 774 687;1;1;4;1;2000.0;1;8;25;6;2023;12;1;45;45234;2;2;1;3;47,91356000;1,90990000;4;2;3;2;1;1;1;0;1;50;6;Blessé léger
202300032297;155 623 307;1;0;2;5;15;5;203 774 646;1;1;4;1;1978.0;1;8;10;11;2023;13;1;29;29232;2;6;2;3;47,98034700; -4,07236100;3;1;1;0;2;2;2;0;1;50;4;Blessé léger
202300032297;155 623 311;7;0;2;2;1;1;203 774 649;1;1;1;1;2004.0;0;1;10;11;2023;13;1;29;29232;2;6;2;3;47,98034700; -4,07236100;3;1;1;0;2;2;2;0;1;50;4;Indemne
202300032321;155 623 261;7;0;2;7;17;1;203 774 586;1;1;1;2;1972.0;3;1;24;6;2023;12;1;21;21054;2;4;1;3;47,04198000;4,83996000;4;2;3;0;2;1;1;0;1;50;5;Indemne
202300032321;155 623 261;7;0;2;7;17;1;203 774 588;2;2;1;2;2007.0;3;1;24;6;2023;12;1;21;21054;2;4;1;3;47,04198000;4,83996000;4;2;3;0;2;1;1;0;1;50;5;Indemne
202300032321;155 623 264;80;0;2;8;15;3;203 774 590;1;1;4;2;1946.0;3;8;24;6;2023;12;1;21;21054;2;4;1;3;47,04198000;4,83996000;4;2;3;0;2;1;1;0;1;50;5;Blessé léger
202300032333;155 623 237;1;0;2;1;5;5;203 774 552;1;1;4;1;2007.0;5;0;22;5;2023;21;1;28;28158;1;6;1;1;48,41393500;1,43144100;3;2;1;0;1;2;1;5;1;30;0;Blessé léger
202300032333;155 623 240;7;0;2;1;1;1;203 774 555;1;1;1;1;1984.0;0;1;22;5;2023;21;1;28;28158;1;6;1;1;48,41393500;1,43144100;3;2;1;0;1;2;1;5;1;30;0;Indemne
202300032333;155 623 240;7;0;2;1;1;1;203 774 557;2;2;1;1;2013.0;0;1;22;5;2023;21;1;28;28158;1;6;1;1;48,41393500;1,43144100;3;2;1;0;1;2;1;5;1;30;0;Indemne
202300032333;155 623 240;7;0;2;1;1;1;203 774 561;9;2;1;1;2017.0;0;1;22;5;2023;21;1;28;28158;1;6;1;1;48,41393500;1,43144100;3;2;1;0;1;2;1;5;1;30;0;Indemne
202300032339;155 623 227;1;0;0;0;0;5;203 774 539;1;1;3;1;2017.0;0;2;14;12;2023;19;5;44;44109;2;6;2;2;47,22606000; -1,52298000;4;3;2;0;1;1;2;0;1;30;3;Blessé hospitalisé
202300032339;155 623 230;7;0;2;1;26;1;203 774 543;1;1;1;2;1974.0;0;1;14;12;2023;19;5;44;44109;2;6;2;2;47,22606000; -1,52298000;4;3;2;0;1;1;2;0;1;30;3;Indemne
202300032345;155 623 217;7;0;2;2;1;1;203 774 528;1;1;1;1;1985.0;1;1;1;3;2023;09;1;69;69388;2;2;1;2;45,72980000;4,85382000;4;2;3;2;1;1;1;0;1;30;2;Indemne
202300032345;155 623 217;7;0;2;2;1;1;203 774 528;1;1;1;1;1985.0;1;1;1;3;2023;09;1;69;69388;2;2;1;2;45,72980000;4,85382000;4;2;3;2;1;1;1;0;1;30;2;Indemne
202300032345;155 623 221;1;0;2;6;1;0;203 774 532;1;1;4;1;2004.0;4;2;1;3;2023;09;1;69;69388;2;2;1;2;45,72980000;4,85382000;4;2;3;2;1;1;1;0;1;30;2;Blessé léger
202300032345;155 623 221;1;0;2;6;1;0;203 774 532;1;1;4;1;2004.0;4;2;1;3;2023;09;1;69;69388;2;2;1;2;45,72980000;4,85382000;4;2;3;2;1;1;1;0;1;30;2;Blessé léger
202300032356;155 623 195;50;0;2;1;5;3;203 774 492;1;1;4;1;1992.0;9;2;25;6;2023;08;1;75;75119;2;3;1;1;48,89578400;2,38360200;4;2;2;0;1;1;1;0;1;30;6;Blessé léger
202300032356;155 623 195;50;0;2;1;5;3;203 774 492;1;1;4;1;1992.0;9;2;25;6;2023;08;1;75;75119;2;3;1;1;48,89578400;2,38360200;4;1;3;2;1;1;1;0;1;30;6;Blessé léger
202300032356;155 623 196;1;0;2;1;1;5;203 774 493;1;1;4;1;1979.0;5;2;25;6;2023;08;1;75;75119;2;3;1;1;48,89578400;2,38360200;4;2;2;0;1;1;1;0;1;30;6;Blessé léger
202300032356;155 623 196;1;0;2;1;1;5;203 774 493;1;1;4;1;1979.0;5;2;25;6;2023;08;1;75;75119;2;3;1;1;48,89578400;2,38360200;4;1;3;2;1;1;1;0;1;30;6;Blessé léger
202300032365;155 623 182;80;0;0;7;15;3;203 774 476;1;1;4;1;1979.0;1;2;1;3;2023;08;1;69;69384;2;1;1;7;45,77974000;4,83959000;4;2;2;0;2;2;1;0;1;50;2;Blessé léger
202300032368;155 623 175;1;9;0;1;1;5;203 774 465;1;1;3;1;2003.0;5;8;25;6;2023;05;1;75;75116;2;2;1;7;48,85273300;2,27589400;4;1;2;0;1;1;1;1;1;30;6;Blessé hospitalisé
202300032368;155 623 175;1;9;0;1;1;5;203 774 465;1;1;3;1;2003.0;5;8;25;6;2023;05;1;75;75116;2;2;1;7;48,85273300;2,27589400;4;2;2;0;1;1;1;0;1;30;6;Blessé hospitalisé
202300032391;155 623 134;1;0;2;1;19;5;203 774 417;1;1;4;1;1994.0;0;8;14;12;2023;12;1;27;27562;2;6;1;3;49,09556000;1,45989000;4;2;2;0;1;1;1;9;1;50;3;Blessé léger
202300032391;155 623 134;1;0;2;1;19;5;203 774 417;1;1;4;1;1994.0;0;8;14;12;2023;12;1;27;27562;2;6;1;3;49,09556000;1,45989000;4;2;2;0;1;1;1;0;1;50;3;Blessé léger
202300032391;155 623 138;7;0;2;2;26;1;203 774 420;1;1;1;1;1973.0;5;1;14;12;2023;12;1;27;27562;2;6;1;3;49,09556000;1,45989000;4;2;2;0;1;1;1;9;1;50;3;Indemne
202300032391;155 623 138;7;0;2;2;26;1;203 774 420;1;1;1;1;1973.0;5;1;14;12;2023;12;1;27;27562;2;6;1;3;49,09556000;1,45989000;4;2;2;0;1;1;1;0;1;50;3;Indemne