Num_Acc;id_vehicule;catv;obs;obsm;choc;manv;motor;id_usager;place;catu;grav;sexe;an_nais;trajet;secu1;jour;mois;an;hrmn;lum;dep;com;agg;int;atm;col;lat;long;catr;circ;nbv;vosp;prof;plan;surf;infra;situ;vma;day_of_week;gravity
202300034832;155 618 845;7;1;0;7;17;1;203 768 591;1;1;1;2;1956.0;0;8;12;12;2023;14;1;57;57463;2;1;8;3;49,09316000;6,22265000;4;2;3;0;2;1;2;0;1;50;1;Indemne
202300034832;155 618 845;7;1;0;7;17;1;203 768 592;2;2;1;2;1967.0;0;8;12;12;2023;14;1;57;57463;2;1;8;3;49,09316000;6,22265000;4;2;3;0;2;1;2;0;1;50;1;Indemne
202300034832;155 618 846;1;1;0;8;18;5;203 768 593;1;1;4;1;1952.0;0;8;12;12;2023;14;1;57;57463;2;1;8;3;49,09316000;6,22265000;4;2;3;0;2;1;2;0;1;50;1;Blessé léger
202300034836;155 618 837;80;0;2;3;1;3;203 768 581;1;1;4;1;1967.0;1;8;12;12;2023;08;1;49;49007;2;6;1;1;47,46477000; -0,54893000;4;1;2;0;1;4;2;0;1;50;1;Blessé léger
202300034836;155 618 837;80;0;2;3;1;3;203 768 581;1;1;4;1;1967.0;1;8;12;12;2023;08;1;49;49007;2;6;1;1;47,46477000; -0,54893000;4;2;3;1;1;1;2;0;1;50;1;Blessé léger
202300034836;155 618 837;80;0;2;3;1;3;203 768 581;1;1;4;1;1967.0;1;8;12;12;2023;08;1;49;49007;2;6;1;1;47,46477000; -0,54893000;4;1;3;0;1;1;2;0;1;50;1;Blessé léger
202300034836;155 618 838;7;0;2;2;5;1;203 768 582;1;1;1;2;2003.0;0;1;12;12;2023;08;1;49;49007;2;6;1;1;47,46477000; -0,54893000;4;1;2;0;1;4;2;0;1;50;1;Indemne
202300034836;155 618 838;7;0;2;2;5;1;203 768 582;1;1;1;2;2003.0;0;1;12;12;2023;08;1;49;49007;2;6;1;1;47,46477000; -0,54893000;4;2;3;1;1;1;2;0;1;50;1;Indemne
202300034836;155 618 838;7;0;2;2;5;1;203 768 582;1;1;1;2;2003.0;0;1;12;12;2023;08;1;49;49007;2;6;1;1;47,46477000; -0,54893000;4;1;3;0;1;1;2;0;1;50;1;Indemne
202300034842;155 618 826;1;0;2;4;2;5;203 768 568;1;1;2;2;1961.0;5;2;8;12;2023;17;3;36;36159;1;1;2;3;46,78304642;1,74619808;3;2;2;0;1;1;2;0;1;80;4;Tué
202300034842;155 618 827;10;0;2;2;2;1;203 768 569;1;1;1;1;2003.0;1;1;8;12;2023;17;3;36;36159;1;1;2;3;46,78304642;1,74619808;3;2;2;0;1;1;2;0;1;80;4;Indemne
202300034857;155 618 798;1;0;2;1;1;5;203 768 532;1;1;4;1;1994.0;1;8;12;12;2023;19;5;25;25056;2;6;1;3;47,25209000;5,99846000;4;3;3;3;1;2;2;0;1;30;1;Blessé léger
202300034857;155 618 798;1;0;2;1;1;5;203 768 532;1;1;4;1;1994.0;1;8;12;12;2023;19;5;25;25056;2;6;1;3;47,25209000;5,99846000;4;2;2;2;1;2;2;0;1;30;1;Blessé léger
202300034857;155 618 799;7;0;9;3;26;1;203 768 533;1;1;1;1;1998.0;2;8;12;12;2023;19;5;25;25056;2;6;1;3;47,25209000;5,99846000;4;3;3;3;1;2;2;0;1;30;1;Indemne
202300034857;155 618 799;7;0;9;3;26;1;203 768 533;1;1;1;1;1998.0;2;8;12;12;2023;19;5;25;25056;2;6;1;3;47,25209000;5,99846000;4;2;2;2;1;2;2;0;1;30;1;Indemne
202300034863;155 618 786;1;0;0;8;19;5;203 768 518;1;1;3;2;1958.0;0;2;6;10;2023;18;1;68;68218;2;6;1;3;47,73687615;7,28790897;3;2;1;1;1;1;1;0;1;50;4;Blessé hospitalisé
202300034863;155 618 786;1;0;0;8;19;5;203 768 518;1;1;3;2;1958.0;0;2;6;10;2023;18;1;68;68218;2;6;1;3;47,73687615;7,28790897;3;2;1;0;1;1;1;0;1;50;4;Blessé hospitalisé
202300034863;155 618 787;7;0;2;2;1;1;203 768 519;1;1;1;1;1949.0;0;1;6;10;2023;18;1;68;68218;2;6;1;3;47,73687615;7,28790897;3;2;1;1;1;1;1;0;1;50;4;Indemne
202300034863;155 618 787;7;0;2;2;1;1;203 768 519;1;1;1;1;1949.0;0;1;6;10;2023;18;1;68;68218;2;6;1;3;47,73687615;7,28790897;3;2;1;0;1;1;1;0;1;50;4;Indemne
202300034895;155 618 735;7;0;2;1;16;1;203 768 441;1;1;1;2;1970.0;0;8;5;10;2023;17;1;973;97309;2;3;1;3;4,92295200; -52,28224000;3;2;2;0;1;1;1;0;2;50;3;Indemne
202300034895;155 618 735;7;0;2;1;16;1;203 768 441;1;1;1;2;1970.0;0;8;5;10;2023;17;1;973;97309;2;3;1;3;4,92295200; -52,28224000;3;2;2;0;1;1;1;0;1;50;3;Indemne
202300034895;155 618 736;1;0;2;1;5;5;203 768 442;1;1;4;2;1962.0;0;0;5;10;2023;17;1;973;97309;2;3;1;3;4,92295200; -52,28224000;3;2;2;0;1;1;1;0;2;50;3;Blessé léger
202300034895;155 618 736;1;0;2;1;5;5;203 768 442;1;1;4;2;1962.0;0;0;5;10;2023;17;1;973;97309;2;3;1;3;4,92295200; -52,28224000;3;2;2;0;1;1;1;0;1;50;3;Blessé léger
202300034920;155 618 685;1;0;0;3;1;5;203 768 367;1;1;3;1;1946.0;0;0;1;10;2023;10;1;47;47157;2;2;7;3;44,50141200;0,15894500;3;2;2;0;1;1;1;0;1;50;6;Blessé hospitalisé
202300034920;155 618 685;1;0;0;3;1;5;203 768 367;1;1;3;1;1946.0;0;0;1;10;2023;10;1;47;47157;2;2;7;3;44,50141200;0,15894500;3;4;5;0;1;2;1;0;1;50;6;Blessé hospitalisé
202300034920;155 618 686;7;0;9;2;15;1;203 768 368;1;1;1;1;1989.0;0;8;1;10;2023;10;1;47;47157;2;2;7;3;44,50141200;0,15894500;3;2;2;0;1;1;1;0;1;50;6;Indemne
202300034920;155 618 686;7;0;9;2;15;1;203 768 368;1;1;1;1;1989.0;0;8;1;10;2023;10;1;47;47157;2;2;7;3;44,50141200;0,15894500;3;4;5;0;1;2;1;0;1;50;6;Indemne
202300034946;155 618 629;7;0;2;7;17;1;203 768 303;1;1;1;1;1977.0;0;1;6;10;2023;16;1;69;69388;2;1;1;3;45,73265662;4,85346131;4;2;2;2;1;1;1;0;1;50;4;Indemne
202300034946;155 618 630;1;0;2;8;1;0;203 768 304;1;1;3;2;1972.0;0;2;6;10;2023;16;1;69;69388;2;1;1;3;45,73265662;4,85346131;4;2;2;2;1;1;1;0;1;50;4;Blessé hospitalisé
202300034947;155 618 626;1;0;2;7;1;5;203 768 300;1;1;4;1;1989.0;1;8;6;10;2023;08;1;69;69388;2;2;1;5;45,74033000;4,86769000;4;1;1;3;1;1;1;0;1;30;4;Blessé léger
202300034947;155 618 626;1;0;2;7;1;5;203 768 300;1;1;4;1;1989.0;1;8;6;10;2023;08;1;69;69388;2;2;1;5;45,74033000;4,86769000;4;2;2;0;1;1;1;0;1;30;4;Blessé léger
202300034947;155 618 627;7;0;2;5;16;1;203 768 301;1;1;1;1;1971.0;0;1;6;10;2023;08;1;69;69388;2;2;1;5;45,74033000;4,86769000;4;1;1;3;1;1;1;0;1;30;4;Indemne
202300034947;155 618 627;7;0;2;5;16;1;203 768 301;1;1;1;1;1971.0;0;1;6;10;2023;08;1;69;69388;2;2;1;5;45,74033000;4,86769000;4;2;2;0;1;1;1;0;1;30;4;Indemne
202300034947;155 618 628;7;0;2;1;16;1;203 768 302;1;1;1;1;2003.0;2;1;6;10;2023;08;1;69;69388;2;2;1;5;45,74033000;4,86769000;4;1;1;3;1;1;1;0;1;30;4;Indemne
202300034947;155 618 628;7;0;2;1;16;1;203 768 302;1;1;1;1;2003.0;2;1;6;10;2023;08;1;69;69388;2;2;1;5;45,74033000;4,86769000;4;2;2;0;1;1;1;0;1;30;4;Indemne
202300034962;155 618 597;1;0;2;1;1;5;203 768 260;1;1;4;1;2004.0;0;8;6;10;2023;14;1;78;78551;1;1;1;2;48,98445300;2,11777000;4;3;4;0;2;1;1;0;1;50;4;Blessé léger
202300034962;155 618 598;10;0;2;6;23;1;203 768 261;1;1;1;1;1988.0;4;1;6;10;2023;14;1;78;78551;1;1;1;2;48,98445300;2,11777000;4;3;4;0;2;1;1;0;1;50;4;Indemne
202300034969;155 618 581;7;0;2;3;15;1;203 768 241;1;1;1;2;1998.0;0;8;6;10;2023;09;1;72;72181;2;9;1;3;47,99234000;0,21650000;4;2;2;2;1;2;1;0;1;50;4;Indemne
202300034969;155 618 582;1;0;2;7;15;5;203 768 242;1;1;4;1;1963.0;0;8;6;10;2023;09;1;72;72181;2;9;1;3;47,99234000;0,21650000;4;2;2;2;1;2;1;0;1;50;4;Blessé léger
202300035021;155 618 489;7;0;2;1;26;1;203 768 127;1;1;1;1;1987.0;0;1;6;10;2023;17;1;44;44109;2;1;1;3;47,24195000; -1,54001000;4;2;0;0;1;1;1;0;1;30;4;Indemne
202300035021;155 618 490;1;0;0;0;0;5;203 768 128;1;1;4;1;2006.0;0;2;6;10;2023;17;1;44;44109;2;1;1;3;47,24195000; -1,54001000;4;2;0;0;1;1;1;0;1;30;4;Blessé léger
202300035042;155 618 454;7;0;2;1;2;1;203 768 075;1;1;1;1;1991.0;4;1;12;1;2023;12;1;69;69388;2;3;1;3;45,73148374;4,87405658;4;3;3;3;1;1;1;5;6;50;3;Indemne
202300035042;155 618 454;7;0;2;1;2;1;203 768 075;1;1;1;1;1991.0;4;1;12;1;2023;12;1;69;69388;2;3;1;3;45,73148374;4,87405658;4;2;2;3;1;1;1;5;6;50;3;Indemne
202300035042;155 618 455;1;0;2;7;13;5;203 768 076;1;1;4;1;1952.0;9;8;12;1;2023;12;1;69;69388;2;3;1;3;45,73148374;4,87405658;4;3;3;3;1;1;1;5;6;50;3;Blessé léger
202300035042;155 618 455;1;0;2;7;13;5;203 768 076;1;1;4;1;1952.0;9;8;12;1;2023;12;1;69;69388;2;3;1;3;45,73148374;4,87405658;4;2;2;3;1;1;1;5;6;50;3;Blessé léger
202300035046;155 618 445;7;0;2;2;15;1;203 768 065;1;1;1;1;1970.0;5;1;5;10;2023;17;1;23;23096;2;3;7;3;46,18030000;1,88400000;4;2;2;0;2;1;1;0;1;50;3;Indemne
202300035046;155 618 445;7;0;2;2;15;1;203 768 065;1;1;1;1;1970.0;5;1;5;10;2023;17;1;23;23096;2;3;7;3;46,18030000;1,88400000;4;2;2;0;1;1;1;0;8;50;3;Indemne
202300035046;155 618 446;1;0;2;1;1;5;203 768 066;1;1;2;1;1957.0;5;2;5;10;2023;17;1;23;23096;2;3;7;3;46,18030000;1,88400000;4;2;2;0;2;1;1;0;1;50;3;Tué
202300035046;155 618 446;1;0;2;1;1;5;203 768 066;1;1;2;1;1957.0;5;2;5;10;2023;17;1;23;23096;2;3;7;3;46,18030000;1,88400000;4;2;2;0;1;1;1;0;8;50;3;Tué
202300035059;155 618 426;1;12;0;1;1;5;203 768 038;1;1;4;2;1971.0;0;0;5;10;2023;15;1;15;15014;2;1;1;6;44,91956000;2,43901000;4;2;4;0;1;1;1;0;1;50;3;Blessé léger
202300035061;155 618 422;1;0;2;8;17;5;203 768 034;1;1;3;1;1982.0;1;8;5;10;2023;13;1;14;14366;2;1;1;3;49,14545000;0,23557000;4;3;2;0;2;1;1;0;1;50;3;Blessé hospitalisé
202300035061;155 618 424;7;0;2;8;1;1;203 768 036;1;1;1;1;1990.0;4;1;5;10;2023;13;1;14;14366;2;1;1;3;49,14545000;0,23557000;4;3;2;0;2;1;1;0;1;50;3;Indemne
202300035067;155 618 412;7;0;2;1;19;1;203 768 020;1;1;1;2;1977.0;0;1;7;1;2023;19;5;84;84007;2;4;1;3;43,93951000;4,84232000;4;2;2;0;1;1;1;5;1;50;5;Indemne
202300035067;155 618 412;7;0;2;1;19;1;203 768 020;1;1;1;2;1977.0;0;1;7;1;2023;19;5;84;84007;2;4;1;3;43,93951000;4,84232000;4;2;2;1;1;1;1;5;5;50;5;Indemne
202300035067;155 618 413;1;0;2;7;1;5;203 768 021;1;1;3;1;1973.0;0;8;7;1;2023;19;5;84;84007;2;4;1;3;43,93951000;4,84232000;4;2;2;0;1;1;1;5;1;50;5;Blessé hospitalisé
202300035067;155 618 413;1;0;2;7;1;5;203 768 021;1;1;3;1;1973.0;0;8;7;1;2023;19;5;84;84007;2;4;1;3;43,93951000;4,84232000;4;2;2;1;1;1;1;5;5;50;5;Blessé hospitalisé
202300035069;155 618 406;1;0;2;8;2;5;203 768 012;1;1;4;1;1950.0;5;2;13;1;2023;12;1;83;83009;2;1;1;4;43,14154788;5,77026710;3;2;4;0;1;1;1;0;1;50;4;Blessé léger
202300035069;155 618 408;10;0;2;7;14;1;203 768 015;2;2;1;1;1952.0;5;1;13;1;2023;12;1;83;83009;2;1;1;4;43,14154788;5,77026710;3;2;4;0;1;1;1;0;1;50;4;Indemne
202300035069;155 618 408;10;0;2;7;14;1;203 768 016;1;1;1;2;1955.0;5;1;13;1;2023;12;1;83;83009;2;1;1;4;43,14154788;5,77026710;3;2;4;0;1;1;1;0;1;50;4;Indemne
202300035069;155 618 409;1;0;2;8;2;5;203 768 017;1;1;3;1;1949.0;5;2;13;1;2023;12;1;83;83009;2;1;1;4;43,14154788;5,77026710;3;2;4;0;1;1;1;0;1;50;4;Blessé hospitalisé
202300035089;155 618 370;37;0;2;4;23;3;203 767 968;1;1;1;1;1974.0;4;1;5;10;2023;23;5;75;75105;2;2;1;2;48,85138118;2,34318084;4;1;3;3;1;1;1;0;1;30;3;Indemne
202300035089;155 618 371;1;0;2;1;12;5;203 767 969;1;1;3;1;1991.0;9;8;5;10;2023;23;5;75;75105;2;2;1;2;48,85138118;2,34318084;4;1;3;3;1;1;1;0;1;30;3;Blessé hospitalisé
202300035095;155 618 359;1;0;2;8;1;5;203 767 955;1;1;4;2;2005.0;9;8;6;10;2023;13;1;75;75113;2;2;1;3;48,82618000;2,35725900;4;2;4;3;1;1;1;0;1;20;4;Blessé léger
202300035095;155 618 360;30;0;2;1;1;0;203 767 956;1;1;4;1;1989.0;9;2;6;10;2023;13;1;75;75113;2;2;1;3;48,82618000;2,35725900;4;2;4;3;1;1;1;0;1;20;4;Blessé léger
202300035117;155 618 325;1;0;2;1;1;5;203 767 908;1;1;4;2;1970.0;5;8;4;10;2023;15;1;75;75101;2;2;1;1;48,85852000;2,34822400;4;1;4;1;1;1;1;0;5;30;2;Blessé léger
202300035117;155 618 325;1;0;2;1;1;5;203 767 908;1;1;4;2;1970.0;5;8;4;10;2023;15;1;75;75101;2;2;1;1;48,85852000;2,34822400;4;1;3;1;1;1;1;0;5;30;2;Blessé léger
202300035117;155 618 326;1;0;2;1;13;5;203 767 910;1;1;1;1;1984.0;9;2;4;10;2023;15;1;75;75101;2;2;1;1;48,85852000;2,34822400;4;1;4;1;1;1;1;0;5;30;2;Indemne
202300035117;155 618 326;1;0;2;1;13;5;203 767 910;1;1;1;1;1984.0;9;2;4;10;2023;15;1;75;75101;2;2;1;1;48,85852000;2,34822400;4;1;3;1;1;1;1;0;5;30;2;Indemne
202300035123;155 618 314;10;0;2;4;4;6;203 767 892;1;1;1;1;1999.0;4;1;10;1;2023;12;1;40;40192;2;1;1;2;43,88891800; -0,49959868;4;1;1;0;1;1;1;0;1;30;1;Indemne
202300035123;155 618 315;1;0;2;1;1;5;203 767 893;1;1;4;1;1976.0;5;2;10;1;2023;12;1;40;40192;2;1;1;2;43,88891800; -0,49959868;4;1;1;0;1;1;1;0;1;30;1;Blessé léger
202300035159;155 618 245;1;0;1;1;1;5;203 767 801;10;3;4;2;1966.0;9;0;16;1;2023;19;5;75;75114;2;7;2;6;48,82208100;2,32543800;4;1;3;3;1;1;2;0;1;30;0;Blessé léger
202300035159;155 618 245;1;0;1;1;1;5;203 767 801;10;3;4;2;1966.0;9;0;16;1;2023;19;5;75;75114;2;7;2;6;48,82208100;2,32543800;4;3;8;3;1;1;2;0;1;30;0;Blessé léger
202300035159;155 618 245;1;0;1;1;1;5;203 767 802;1;1;1;1;1997.0;1;8;16;1;2023;19;5;75;75114;2;7;2;6;48,82208100;2,32543800;4;1;3;3;1;1;2;0;1;30;0;Indemne
202300035159;155 618 245;1;0;1;1;1;5;203 767 802;1;1;1;1;1997.0;1;8;16;1;2023;19;5;75;75114;2;7;2;6;48,82208100;2,32543800;4;3;8;3;1;1;2;0;1;30;0;Indemne
202300035200;155 618 165;7;0;2;1;1;1;203 767 698;1;1;1;1;1989.0;5;1;15;1;2023;15;1;974;97416;2;1;1;3; -21,33770000;55,46401000;4;2;2;0;1;1;1;0;1;50;6;Indemne
202300035200;155 618 166;1;0;2;1;13;5;203 767 699;1;1;4;1;2007.0;0;8;15;1;2023;15;1;974;97416;2;1;1;3; -21,33770000;55,46401000;4;2;2;0;1;1;1;0;1;50;6;Blessé léger
202300035233;155 618 114;80;0;2;3;19;3;203 767 615;1;1;4;1;2002.0;5;8;16;1;2023;19;5;75;75106;2;4;1;3;48,84142100;2,33749900;4;2;4;1;1;1;2;8;1;30;0;Blessé léger
202300035233;155 618 115;43;0;2;2;1;1;203 767 616;1;1;1;1;1968.0;1;2;16;1;2023;19;5;75;75106;2;4;1;3;48,84142100;2,33749900;4;2;4;1;1;1;2;8;1;30;0;Indemne
202300035247;155 618 094;7;0;2;1;15;1;203 767 589;1;1;1;1;1995.0;5;1;28;7;2023;09;1;63;63077;1;4;1;1;45,57789800;2,88087500;3;2;2;0;2;2;1;0;1;90;4;Indemne
202300035247;155 618 095;1;0;2;1;1;5;203 767 590;1;1;3;1;1971.0;5;2;28;7;2023;09;1;63;63077;1;4;1;1;45,57789800;2,88087500;3;2;2;0;2;2;1;0;1;90;4;Blessé hospitalisé
202300035276;155 618 043;1;1;2;8;17;5;203 767 523;1;1;4;2;1973.0;0;8;16;6;2023;07;1;976;97611;2;1;1;3; -12,77100000;45,22526700;4;2;2;0;1;1;1;0;1;50;4;Blessé léger
202300035276;155 618 044;7;0;2;8;24;1;203 767 524;2;2;1;1;1964.0;9;8;16;6;2023;07;1;976;97611;2;1;1;3; -12,77100000;45,22526700;4;2;2;0;1;1;1;0;1;50;4;Indemne
202300035281;155 618 036;7;0;2;1;1;1;203 767 513;1;1;1;2;1997.0;1;1;15;6;2023;07;1;974;97407;2;3;1;1; -20,95543000;55,31474000;4;1;1;0;2;1;1;0;1;50;3;Indemne
202300035281;155 618 036;7;0;2;1;1;1;203 767 513;1;1;1;2;1997.0;1;1;15;6;2023;07;1;974;97407;2;3;1;1; -20,95543000;55,31474000;4;2;2;0;1;1;1;0;1;50;3;Indemne
202300035281;155 618 037;1;0;2;1;1;5;203 767 514;1;1;4;1;2009.0;2;8;15;6;2023;07;1;974;97407;2;3;1;1; -20,95543000;55,31474000;4;1;1;0;2;1;1;0;1;50;3;Blessé léger
202300035281;155 618 037;1;0;2;1;1;5;203 767 514;1;1;4;1;2009.0;2;8;15;6;2023;07;1;974;97407;2;3;1;1; -20,95543000;55,31474000;4;2;2;0;1;1;1;0;1;50;3;Blessé léger
202300035286;155 618 027;7;0;2;2;1;1;203 767 503;1;1;1;1;1999.0;5;1;15;6;2023;19;5;973;97302;2;2;1;3;4,93588309; -52,32466677;4;2;2;0;1;1;1;0;1;50;3;Indemne
202300035286;155 618 028;80;0;2;1;1;3;203 767 504;1;1;4;2;2006.0;3;8;15;6;2023;19;5;973;97302;2;2;1;3;4,93588309; -52,32466677;4;2;2;0;1;1;1;0;1;50;3;Blessé léger
202300035289;155 618 022;1;9;1;1;2;5;203 767 495;1;1;1;1;2000.0;0;8;16;6;2023;12;1;69;69387;2;7;1;6;45,74523000;4,84179000;4;2;4;3;1;1;1;0;6;50;4;Indemne
202300035289;155 618 022;1;9;1;1;2;5;203 767 496;10;3;4;2;2004.0;0;0;16;6;2023;12;1;69;69387;2;7;1;6;45,74523000;4,84179000;4;2;4;3;1;1;1;0;6;50;4;Blessé léger
202300035303;155 617 997;1;0;2;4;2;5;203 767 461;1;1;4;1;1960.0;5;8;15;6;2023;18;1;95;95277;2;1;1;2;48,99044730;2,43018329;4;2;2;0;1;3;1;0;1;30;3;Blessé léger
202300035303;155 617 998;7;0;2;1;2;1;203 767 462;1;1;1;2;1979.0;1;1;15;6;2023;18;1;95;95277;2;1;1;2;48,99044730;2,43018329;4;2;2;0;1;3;1;0;1;30;3;Indemne
202300035312;155 617 981;1;0;0;0;0;5;203 767 440;1;1;4;1;1996.0;0;2;15;6;2023;17;1;91;91433;2;1;1;6;48,46914000;2,19515000;3;2;2;0;1;1;1;0;1;50;3;Blessé léger
202300035312;155 617 982;1;0;0;0;0;5;203 767 441;1;1;4;1;1995.0;0;2;15;6;2023;17;1;91;91433;2;1;1;6;48,46914000;2,19515000;3;2;2;0;1;1;1;0;1;50;3;Blessé léger
202300035322;155 617 960;7;0;2;0;14;1;203 767 413;1;1;1;1;1988.0;9;1;14;6;2023;11;1;72;72181;2;1;1;3;47,97922000;0,22480000;4;2;4;2;1;1;1;0;1;50;2;Indemne
202300035322;155 617 961;1;0;2;0;1;5;203 767 414;1;1;4;1;1944.0;0;8;14;6;2023;11;1;72;72181;2;1;1;3;47,97922000;0,22480000;4;2;4;2;1;1;1;0;1;50;2;Blessé léger
202300035323;155 617 958;7;0;2;5;2;1;203 767 411;1;1;1;1;2003.0;1;1;26;7;2023;08;1;71;71270;2;9;1;3;46,29759000;4,82128000;3;2;2;1;1;3;1;5;5;30;2;Indemne
202300035323;155 617 959;1;0;2;5;2;5;203 767 412;1;1;3;1;1944.0;5;8;26;7;2023;08;1;71;71270;2;9;1;3;46,29759000;4,82128000;3;2;2;1;1;3;1;5;5;30;2;Blessé hospitalisé
202300035330;155 617 944;1;0;2;7;1;5;203 767 391;1;1;3;2;2001.0;0;8;27;7;2023;15;1;67;67218;2;1;1;3;48,53130000;7,71370000;4;1;1;0;1;1;1;0;1;50;3;Blessé hospitalisé
202300035330;155 617 945;7;0;9;8;22;1;203 767 392;2;2;1;2;1941.0;0;1;27;7;2023;15;1;67;67218;2;1;1;3;48,53130000;7,71370000;4;1;1;0;1;1;1;0;1;50;3;Indemne
202300035330;155 617 945;7;0;9;8;22;1;203 767 393;1;1;1;1;1939.0;5;8;27;7;2023;15;1;67;67218;2;1;1;3;48,53130000;7,71370000;4;1;1;0;1;1;1;0;1;50;3;Indemne
202300035332;155 617 940;1;0;2;3;15;5;203 767 387;1;1;4;1;2002.0;9;2;18;4;2023;18;1;65;65440;2;2;1;3;43,23960000;0,07381000;3;4;3;0;1;1;2;0;1;50;1;Blessé léger
202300035332;155 617 940;1;0;2;3;15;5;203 767 387;1;1;4;1;2002.0;9;2;18;4;2023;18;1;65;65440;2;2;1;3;43,23960000;0,07381000;3;2;2;0;3;1;2;0;1;50;1;Blessé léger
202300035332;155 617 941;7;0;2;7;1;1;203 767 388;1;1;1;1;2002.0;5;1;18;4;2023;18;1;65;65440;2;2;1;3;43,23960000;0,07381000;3;4;3;0;1;1;2;0;1;50;1;Indemne
202300035332;155 617 941;7;0;2;7;1;1;203 767 388;1;1;1;1;2002.0;5;1;18;4;2023;18;1;65;65440;2;2;1;3;43,23960000;0,07381000;3;2;2;0;3;1;2;0;1;50;1;Indemne
202300035351;155 617 910;7;0;2;8;1;1;203 767 343;1;1;1;1;1959.0;0;1;14;6;2023;19;1;51;51454;2;6;1;3;49,23290100;4,00400600;4;1;1;0;1;2;1;0;1;50;2;Indemne
202300035351;155 617 911;1;0;2;1;1;5;203 767 344;1;1;4;2;2005.0;0;2;14;6;2023;19;1;51;51454;2;6;1;3;49,23290100;4,00400600;4;1;1;0;1;2;1;0;1;50;2;Blessé léger
202300035354;155 617 905;1;0;2;8;9;5;203 767 338;1;1;4;1;1967.0;1;8;15;6;2023;17;1;49;49267;1;6;1;3;47,48143000; -0,49148000;3;3;2;0;1;1;1;0;1;50;3;Blessé léger
202300035354;155 617 905;1;0;2;8;9;5;203 767 338;1;1;4;1;1967.0;1;8;15;6;2023;17;1;49;49267;1;6;1;3;47,48143000; -0,49148000;3;3;2;0;1;1;1;0;1;50;3;Blessé léger
202300035354;155 617 906;7;0;2;1;9;1;203 767 339;1;1;1;1;1998.0;1;8;15;6;2023;17;1;49;49267;1;6;1;3;47,48143000; -0,49148000;3;3;2;0;1;1;1;0;1;50;3;Indemne
202300035354;155 617 906;7;0;2;1;9;1;203 767 339;1;1;1;1;1998.0;1;8;15;6;2023;17;1;49;49267;1;6;1;3;47,48143000; -0,49148000;3;3;2;0;1;1;1;0;1;50;3;Indemne
202300035360;155 617 895;7;0;9;2;15;1;203 767 326;1;1;1;1;1997.0;5;1;16;6;2023;01;5;37;37261;2;2;1;3;47,41424000;0,69666000;4;1;1;0;1;1;1;0;1;50;4;Indemne
202300035360;155 617 895;7;0;9;2;15;1;203 767 326;1;1;1;1;1997.0;5;1;16;6;2023;01;5;37;37261;2;2;1;3;47,41424000;0,69666000;4;2;2;0;1;1;1;0;1;50;4;Indemne
202300035360;155 617 896;1;0;2;1;1;5;203 767 327;1;1;4;1;1991.0;5;8;16;6;2023;01;5;37;37261;2;2;1;3;47,41424000;0,69666000;4;1;1;0;1;1;1;0;1;50;4;Blessé léger
202300035360;155 617 896;1;0;2;1;1;5;203 767 327;1;1;4;1;1991.0;5;8;16;6;2023;01;5;37;37261;2;2;1;3;47,41424000;0,69666000;4;2;2;0;1;1;1;0;1;50;4;Blessé léger
202300035364;155 617 887;1;0;2;1;1;5;203 767 315;1;1;4;1;1999.0;5;8;16;6;2023;19;1;35;35238;2;6;1;3;48,08961000; -1,68179000;4;2;2;0;1;1;1;0;5;50;4;Blessé léger
202300035364;155 617 887;1;0;2;1;1;5;203 767 315;1;1;4;1;1999.0;5;8;16;6;2023;19;1;35;35238;2;6;1;3;48,08961000; -1,68179000;4;1;1;1;1;2;1;0;5;50;4;Blessé léger
202300035364;155 617 888;7;0;2;3;9;1;203 767 316;1;1;1;2;1979.0;4;1;16;6;2023;19;1;35;35238;2;6;1;3;48,08961000; -1,68179000;4;2;2;0;1;1;1;0;5;50;4;Indemne
202300035364;155 617 888;7;0;2;3;9;1;203 767 316;1;1;1;2;1979.0;4;1;16;6;2023;19;1;35;35238;2;6;1;3;48,08961000; -1,68179000;4;1;1;1;1;2;1;0;5;50;4;Indemne
202300035382;155 617 859;1;0;1;1;2;5;203 767 280;1;1;3;2;1973.0;5;8;16;6;2023;10;1;17;17300;2;1;1;6;46,16565600; -1,15903700;4;1;1;0;1;1;1;0;1;30;4;Blessé hospitalisé
202300035382;155 617 859;1;0;1;1;2;5;203 767 281;10;3;3;2;1998.0;0;0;16;6;2023;10;1;17;17300;2;1;1;6;46,16565600; -1,15903700;4;1;1;0;1;1;1;0;1;30;4;Blessé hospitalisé
202300035384;155 617 855;1;0;2;4;9;5;203 767 276;1;1;4;1;1961.0;5;2;22;7;2023;12;1;15;15014;2;6;1;2;44,90825000;2,42250000;2;1;2;0;2;3;1;0;1;50;5;Blessé léger
202300035384;155 617 856;7;0;9;1;9;1;203 767 277;1;1;1;1;1975.0;0;1;22;7;2023;12;1;15;15014;2;6;1;2;44,90825000;2,42250000;2;1;2;0;2;3;1;0;1;50;5;Indemne
202300035402;155 617 823;1;0;2;1;1;5;203 767 231;1;1;4;2;1973.0;9;8;27;7;2023;19;1;75;75118;2;2;2;3;48,89055100;2,33428900;4;1;1;0;1;1;2;0;1;30;3;Blessé léger
202300035402;155 617 824;7;0;2;5;16;1;203 767 232;1;1;1;1;1998.0;4;1;27;7;2023;19;1;75;75118;2;2;2;3;48,89055100;2,33428900;4;1;1;0;1;1;2;0;1;30;3;Indemne