Num_Acc;id_vehicule;catv;obs;obsm;choc;manv;motor;id_usager;place;catu;grav;sexe;an_nais;trajet;secu1;jour;mois;an;hrmn;lum;dep;com;agg;int;atm;col;lat;long;catr;circ;nbv;vosp;prof;plan;surf;infra;situ;vma;day_of_week;gravity
202300035871;155 616 961;1;0;2;0;1;5;203 766 145;1;1;4;1;1979.0;3;0;21;5;2023;12;1;53;53162;1;6;1;3;48,26272700; -0,62905300;3;1;1;0;1;1;1;9;4;70;6;Blessé léger
202300035871;155 616 967;1;0;0;0;0;5;203 766 149;1;1;1;2;1991.0;5;2;21;5;2023;12;1;53;53162;1;6;1;3;48,26272700; -0,62905300;3;1;1;0;1;1;1;9;4;70;6;Indemne
202300035872;155 616 962;7;0;2;2;2;1;203 766 144;1;1;1;1;1987.0;5;1;23;6;2023;18;1;01;01085;1;3;1;2;46,09055500;5,02800100;3;2;2;0;2;1;1;0;1;80;4;Indemne
202300035872;155 616 962;7;0;2;2;2;1;203 766 144;1;1;1;1;1987.0;5;1;23;6;2023;18;1;01;01085;1;3;1;2;46,09055500;5,02800100;3;2;2;0;2;1;1;0;1;80;4;Indemne
202300035872;155 616 966;1;0;0;4;2;5;203 766 151;1;1;3;1;1984.0;5;0;23;6;2023;18;1;01;01085;1;3;1;2;46,09055500;5,02800100;3;2;2;0;2;1;1;0;1;80;4;Blessé hospitalisé
202300035872;155 616 966;1;0;0;4;2;5;203 766 151;1;1;3;1;1984.0;5;0;23;6;2023;18;1;01;01085;1;3;1;2;46,09055500;5,02800100;3;2;2;0;2;1;1;0;1;80;4;Blessé hospitalisé
202300035878;155 616 951;7;1;2;0;22;1;203 766 132;1;1;1;1;1998.0;4;1;6;11;2023;12;1;92;92063;2;1;1;3;48,85951315;2,18204141;4;2;2;0;1;1;1;0;1;50;0;Indemne
202300035878;155 616 953;1;1;0;0;1;5;203 766 135;1;1;3;2;1952.0;0;2;6;11;2023;12;1;92;92063;2;1;1;3;48,85951315;2,18204141;4;2;2;0;1;1;1;0;1;50;0;Blessé hospitalisé
202300035890;155 616 930;1;0;0;2;1;5;203 766 094;1;1;3;1;1950.0;5;2;19;5;2023;13;1;87;87154;2;1;1;7;45,90230600;0,92935600;4;2;2;0;1;1;1;0;1;50;4;Blessé hospitalisé
202300035892;155 616 924;1;0;9;0;0;5;203 766 087;1;1;1;1;1973.0;0;2;8;11;2023;08;1;92;92050;2;3;8;3;48,89081200;2,21579343;4;1;2;1;1;1;1;0;1;50;2;Indemne
202300035892;155 616 924;1;0;9;0;0;5;203 766 087;1;1;1;1;1973.0;0;2;8;11;2023;08;1;92;92050;2;3;8;3;48,89081200;2,21579343;4;2;2;2;1;1;1;5;5;30;2;Indemne
202300035892;155 616 928;50;0;9;0;0;3;203 766 092;1;1;4;1;2004.0;0;8;8;11;2023;08;1;92;92050;2;3;8;3;48,89081200;2,21579343;4;1;2;1;1;1;1;0;1;50;2;Blessé léger
202300035892;155 616 928;50;0;9;0;0;3;203 766 092;1;1;4;1;2004.0;0;8;8;11;2023;08;1;92;92050;2;3;8;3;48,89081200;2,21579343;4;2;2;2;1;1;1;5;5;30;2;Blessé léger
202300035900;155 616 914;1;0;1;1;0;5;203 766 071;10;3;3;2;1979.0;5;9;9;6;2023;18;2;974;97404;1;1;1;6; -21,28131200;55,34658400;4;2;2;1;1;3;1;6;5;80;4;Blessé hospitalisé
202300035900;155 616 914;1;0;1;1;0;5;203 766 072;1;1;1;1;1981.0;5;2;9;6;2023;18;2;974;97404;1;1;1;6; -21,28131200;55,34658400;4;2;2;1;1;3;1;6;5;80;4;Indemne
202300035924;155 616 874;7;0;9;2;2;1;203 766 022;1;1;1;1;1998.0;3;1;18;5;2023;21;2;67;67309;1;1;1;3;48,63780100;7,72702000;7;2;2;1;2;1;1;2;1;80;3;Indemne
202300035924;155 616 876;80;0;0;8;13;3;203 766 024;1;1;3;1;1999.0;4;0;18;5;2023;21;2;67;67309;1;1;1;3;48,63780100;7,72702000;7;2;2;1;2;1;1;2;1;80;3;Blessé hospitalisé
202300035932;155 616 856;7;0;2;3;16;1;203 765 999;1;1;1;1;1963.0;5;1;8;11;2023;20;5;59;59082;1;1;3;3;50,98504200;2,40538100;3;2;2;1;1;1;2;0;5;80;2;Indemne
202300035932;155 616 859;1;0;0;1;1;5;203 766 002;1;1;3;1;1973.0;5;2;8;11;2023;20;5;59;59082;1;1;3;3;50,98504200;2,40538100;3;2;2;1;1;1;2;0;5;80;2;Blessé hospitalisé
202300035962;155 616 806;1;0;2;1;13;5;203 765 927;1;1;3;1;1971.0;5;4;18;5;2023;19;3;971;97125;1;1;1;1;16,25944700; -61,30138800;4;2;2;0;2;4;1;0;1;80;3;Blessé hospitalisé
202300035962;155 616 807;10;0;9;1;1;1;203 765 929;1;1;1;1;1971.0;5;1;18;5;2023;19;3;971;97125;1;1;1;1;16,25944700; -61,30138800;4;2;2;0;2;4;1;0;1;80;3;Indemne
202300035979;155 616 782;1;0;0;1;1;5;203 765 890;1;1;4;2;1964.0;5;8;11;4;2023;07;1;43;43002;2;1;2;7;45,05226400;3,88130400;4;2;2;0;2;1;2;0;1;50;1;Blessé léger
202300035985;155 616 776;7;0;2;5;16;1;203 765 881;1;1;1;1;1981.0;1;8;8;11;2023;17;5;03;03119;2;7;1;2;46,73111900;3,61153000;3;2;2;0;1;1;1;9;1;50;2;Indemne
202300035985;155 616 780;1;0;2;1;1;5;203 765 887;1;1;3;1;1987.0;1;8;8;11;2023;17;5;03;03119;2;7;1;2;46,73111900;3,61153000;3;2;2;0;1;1;1;9;1;50;2;Blessé hospitalisé
202300035987;155 616 766;1;0;2;8;9;5;203 765 868;1;1;3;1;1964.0;5;2;24;6;2023;11;1;42;42235;1;1;1;1;45,36972100;4,04712100;3;2;2;0;1;2;1;0;1;80;5;Blessé hospitalisé
202300035987;155 616 769;7;0;2;2;1;1;203 765 870;1;1;1;2;1980.0;5;1;24;6;2023;11;1;42;42235;1;1;1;1;45,36972100;4,04712100;3;2;2;0;1;2;1;0;1;80;5;Indemne
202300035994;155 616 756;7;0;2;4;2;1;203 765 854;1;1;1;1;1998.0;9;1;11;4;2023;18;1;35;35238;2;1;1;2;48,09573000; -1,67472000;4;2;2;2;1;1;1;0;1;30;1;Indemne
202300035994;155 616 759;1;0;2;1;2;5;203 765 858;1;1;4;1;2003.0;2;8;11;4;2023;18;1;35;35238;2;1;1;2;48,09573000; -1,67472000;4;2;2;2;1;1;1;0;1;30;1;Blessé léger
202300035996;155 616 752;1;0;2;1;15;5;203 765 849;1;1;3;1;1970.0;5;2;21;5;2023;12;1;83;83071;1;3;1;1;43,12623300;6,19861700;3;2;2;0;1;1;9;0;1;70;6;Blessé hospitalisé
202300035996;155 616 752;1;0;2;1;15;5;203 765 849;1;1;3;1;1970.0;5;2;21;5;2023;12;1;83;83071;1;3;1;1;43,12623300;6,19861700;3;2;2;0;1;1;1;0;1;50;6;Blessé hospitalisé
202300035996;155 616 755;7;0;2;1;1;1;203 765 852;1;1;1;1;1982.0;5;1;21;5;2023;12;1;83;83071;1;3;1;1;43,12623300;6,19861700;3;2;2;0;1;1;9;0;1;70;6;Indemne
202300035996;155 616 755;7;0;2;1;1;1;203 765 852;1;1;1;1;1982.0;5;1;21;5;2023;12;1;83;83071;1;3;1;1;43,12623300;6,19861700;3;2;2;0;1;1;1;0;1;50;6;Indemne
202300036000;155 616 745;1;0;0;7;1;5;203 765 837;1;1;3;1;1981.0;5;2;23;6;2023;19;1;35;35331;2;1;1;7;48,11041100; -1,92795000;4;2;2;2;2;3;1;0;1;30;4;Blessé hospitalisé
202300036002;155 616 741;7;0;0;4;2;1;203 765 834;1;1;1;2;1956.0;5;1;20;5;2023;11;1;06;06070;2;1;2;2;43,79606200;6,94538700;3;2;2;0;2;1;2;9;1;50;5;Indemne
202300036002;155 616 746;1;0;2;1;2;5;203 765 841;1;1;3;1;1958.0;5;2;20;5;2023;11;1;06;06070;2;1;2;2;43,79606200;6,94538700;3;2;2;0;2;1;2;9;1;50;5;Blessé hospitalisé
202300036010;155 616 732;7;0;2;1;9;1;203 765 821;1;1;1;1;1967.0;4;1;11;4;2023;08;1;33;33318;2;6;1;2;44,79315000; -0,64589000;4;3;2;1;1;1;1;0;1;50;1;Indemne
202300036010;155 616 736;1;0;2;5;1;5;203 765 826;1;1;4;1;2000.0;1;0;11;4;2023;08;1;33;33318;2;6;1;2;44,79315000; -0,64589000;4;3;2;1;1;1;1;0;1;50;1;Blessé léger
202300036011;155 616 726;7;0;0;0;9;1;203 765 811;1;1;1;1;1957.0;5;1;8;11;2023;10;1;16;16167;1;3;1;7;45,68436900; -0,15328300;3;2;2;0;1;1;1;5;1;80;2;Indemne
202300036011;155 616 729;80;0;0;0;21;3;203 765 818;1;1;4;1;1951.0;5;2;8;11;2023;10;1;16;16167;1;3;1;7;45,68436900; -0,15328300;3;2;2;0;1;1;1;5;1;80;2;Blessé léger
202300036018;155 616 713;80;0;2;4;2;3;203 765 790;1;1;3;1;1950.0;5;2;24;6;2023;09;1;02;02827;1;6;7;2;49,73148400;3,75448100;2;2;2;0;1;2;1;0;1;80;5;Blessé hospitalisé
202300036018;155 616 713;80;0;2;4;2;3;203 765 790;1;1;3;1;1950.0;5;2;24;6;2023;09;1;02;02827;1;6;7;2;49,73148400;3,75448100;2;2;2;0;1;3;1;0;1;80;5;Blessé hospitalisé
202300036018;155 616 716;7;0;2;3;9;1;203 765 794;1;1;1;2;1958.0;5;1;24;6;2023;09;1;02;02827;1;6;7;2;49,73148400;3,75448100;2;2;2;0;1;2;1;0;1;80;5;Indemne
202300036018;155 616 716;7;0;2;3;9;1;203 765 794;1;1;1;2;1958.0;5;1;24;6;2023;09;1;02;02827;1;6;7;2;49,73148400;3,75448100;2;2;2;0;1;3;1;0;1;80;5;Indemne
202300036022;155 616 708;1;0;2;8;19;5;203 765 781;1;1;3;1;2015.0;5;0;24;6;2023;12;1;02;02560;2;3;1;1;49,69876100;3,45946500;3;2;2;0;1;1;1;0;1;50;5;Blessé hospitalisé
202300036022;155 616 708;1;0;2;8;19;5;203 765 781;1;1;3;1;2015.0;5;0;24;6;2023;12;1;02;02560;2;3;1;1;49,69876100;3,45946500;3;2;2;0;1;1;1;0;1;50;5;Blessé hospitalisé
202300036022;155 616 710;7;0;2;2;1;1;203 765 784;1;1;1;2;2001.0;9;1;24;6;2023;12;1;02;02560;2;3;1;1;49,69876100;3,45946500;3;2;2;0;1;1;1;0;1;50;5;Indemne
202300036022;155 616 710;7;0;2;2;1;1;203 765 784;1;1;1;2;2001.0;9;1;24;6;2023;12;1;02;02560;2;3;1;1;49,69876100;3,45946500;3;2;2;0;1;1;1;0;1;50;5;Indemne
202300036038;155 616 683;1;0;2;1;2;5;203 765 747;1;1;3;1;1993.0;5;2;7;6;2023;12;1;06;06105;2;1;1;2;43,66362200;7,05480500;3;2;2;0;2;1;1;0;1;50;2;Blessé hospitalisé
202300036038;155 616 684;7;0;9;6;2;0;203 765 748;1;1;1;1;1987.0;0;1;7;6;2023;12;1;06;06105;2;1;1;2;43,66362200;7,05480500;3;2;2;0;2;1;1;0;1;50;2;Indemne
202300036060;155 616 647;1;0;2;8;19;5;203 765 696;1;1;3;1;1971.0;5;2;24;6;2023;15;1;88;88426;2;2;1;3;47,85358700;6,81267100;4;2;2;0;2;1;1;5;1;50;5;Blessé hospitalisé
202300036060;155 616 651;7;0;9;1;1;1;203 765 699;1;1;1;1;1993.0;0;8;24;6;2023;15;1;88;88426;2;2;1;3;47,85358700;6,81267100;4;2;2;0;2;1;1;5;1;50;5;Indemne
202300036075;155 616 618;10;0;2;2;15;1;203 765 657;1;1;1;1;1967.0;0;1;31;10;2023;11;1;26;26347;2;4;8;3;45,06937900;4,84108800;2;2;3;0;1;1;1;0;1;50;1;Indemne
202300036075;155 616 618;10;0;2;2;15;1;203 765 657;1;1;1;1;1967.0;0;1;31;10;2023;11;1;26;26347;2;4;8;3;45,06937900;4,84108800;2;2;3;0;1;1;1;0;1;50;1;Indemne
202300036075;155 616 619;1;0;2;1;1;5;203 765 660;1;1;3;1;1947.0;0;0;31;10;2023;11;1;26;26347;2;4;8;3;45,06937900;4,84108800;2;2;3;0;1;1;1;0;1;50;1;Blessé hospitalisé
202300036075;155 616 619;1;0;2;1;1;5;203 765 660;1;1;3;1;1947.0;0;0;31;10;2023;11;1;26;26347;2;4;8;3;45,06937900;4,84108800;2;2;3;0;1;1;1;0;1;50;1;Blessé hospitalisé
202300036084;155 616 594;50;0;2;1;15;3;203 765 613;1;1;1;1;1963.0;5;0;22;6;2023;12;1;987;98726;1;1;1;1; -16,60900000; -143,29500000;3;2;2;0;1;1;1;0;1;50;3;Indemne
202300036084;155 616 595;1;0;2;1;1;5;203 765 616;1;1;3;1;1979.0;5;0;22;6;2023;12;1;987;98726;1;1;1;1; -16,60900000; -143,29500000;3;2;2;0;1;1;1;0;1;50;3;Blessé hospitalisé
202300036089;155 616 584;1;0;2;1;5;5;203 765 602;1;1;3;2;1987.0;5;0;10;4;2023;15;1;69;69387;2;1;1;1;45,74354000;4,85380000;4;2;2;2;1;1;1;0;5;30;0;Blessé hospitalisé
202300036089;155 616 587;7;0;2;2;18;1;203 765 605;1;1;1;1;2000.0;0;8;10;4;2023;15;1;69;69387;2;1;1;1;45,74354000;4,85380000;4;2;2;2;1;1;1;0;5;30;0;Indemne
202300036091;155 616 579;7;0;2;1;2;1;203 765 592;1;1;1;1;1968.0;5;8;21;6;2023;19;5;971;97128;1;1;1;2;16,23547300; -61,36969300;4;2;2;0;1;1;1;0;1;70;2;Indemne
202300036091;155 616 582;1;0;0;4;2;5;203 765 598;1;1;2;1;1962.0;5;0;21;6;2023;19;5;971;97128;1;1;1;2;16,23547300; -61,36969300;4;2;2;0;1;1;1;0;1;70;2;Tué
202300036145;155 616 483;1;0;2;7;2;5;203 765 461;1;1;4;1;1972.0;5;8;10;4;2023;09;1;38;38423;2;1;1;3;45,21434000;5,69685000;7;3;0;2;1;1;1;0;5;50;0;Blessé léger
202300036145;155 616 487;14;0;9;7;2;1;203 765 466;1;1;1;1;1980.0;4;8;10;4;2023;09;1;38;38423;2;1;1;3;45,21434000;5,69685000;7;3;0;2;1;1;1;0;5;50;0;Indemne
202300036160;155 616 455;7;0;9;2;2;1;203 765 420;1;1;1;2;1954.0;5;1;24;6;2023;10;1;64;64139;1;1;1;2;43,22341000; -0,35881500;3;2;2;0;2;2;1;0;1;70;5;Indemne
202300036160;155 616 458;1;0;0;4;2;5;203 765 423;1;1;3;2;1954.0;5;2;24;6;2023;10;1;64;64139;1;1;1;2;43,22341000; -0,35881500;3;2;2;0;2;2;1;0;1;70;5;Blessé hospitalisé
202300036212;155 616 350;1;0;2;1;1;5;203 765 291;1;1;4;1;1988.0;1;8;11;4;2023;08;1;75;75119;2;2;1;2;48,88402900;2,36883700;4;1;3;2;1;2;1;0;1;30;1;Blessé léger
202300036212;155 616 352;7;0;0;0;23;1;203 765 293;2;2;1;2;1996.0;5;1;11;4;2023;08;1;75;75119;2;2;1;2;48,88402900;2,36883700;4;1;3;2;1;2;1;0;1;30;1;Indemne
202300036212;155 616 352;7;0;0;0;23;1;203 765 295;1;1;1;2;1996.0;5;1;11;4;2023;08;1;75;75119;2;2;1;2;48,88402900;2,36883700;4;1;3;2;1;2;1;0;1;30;1;Indemne
202300036213;155 616 346;1;0;2;3;2;5;203 765 287;1;1;4;1;1983.0;5;2;1;3;2023;07;1;33;33051;2;9;1;2;44,63387600; -0,97697400;3;2;2;1;1;1;1;0;1;50;2;Blessé léger
202300036213;155 616 347;7;0;9;5;17;1;203 765 288;1;1;1;1;1974.0;1;1;1;3;2023;07;1;33;33051;2;9;1;2;44,63387600; -0,97697400;3;2;2;1;1;1;1;0;1;50;2;Indemne
202300036214;155 616 345;7;0;2;1;19;1;203 765 286;1;1;1;1;1940.0;5;1;7;11;2023;10;1;69;69387;2;2;1;3;45,75135000;4,84488000;4;1;1;2;1;1;1;0;1;30;1;Indemne
202300036214;155 616 345;7;0;2;1;19;1;203 765 286;1;1;1;1;1940.0;5;1;7;11;2023;10;1;69;69387;2;2;1;3;45,75135000;4,84488000;4;1;1;2;1;1;1;0;1;30;1;Indemne
202300036214;155 616 348;1;0;2;7;2;5;203 765 289;1;1;4;1;1996.0;2;8;7;11;2023;10;1;69;69387;2;2;1;3;45,75135000;4,84488000;4;1;1;2;1;1;1;0;1;30;1;Blessé léger
202300036214;155 616 348;1;0;2;7;2;5;203 765 289;1;1;4;1;1996.0;2;8;7;11;2023;10;1;69;69387;2;2;1;3;45,75135000;4,84488000;4;1;1;2;1;1;1;0;1;30;1;Blessé léger
202300036228;155 616 321;1;0;0;7;1;5;203 765 258;1;1;4;1;1960.0;1;8;11;4;2023;09;1;75;75114;2;2;1;7;48,82300500;2,32663400;4;1;1;1;1;1;1;0;5;50;1;Blessé léger
202300036232;155 616 312;1;0;2;1;19;5;203 765 246;1;1;1;1;2007.0;5;8;11;4;2023;10;1;75;75112;2;3;1;3;48,83205900;2,39879500;4;3;4;0;1;1;1;9;1;50;1;Indemne
202300036232;155 616 314;31;0;2;8;1;1;203 765 249;1;1;4;1;1970.0;9;2;11;4;2023;10;1;75;75112;2;3;1;3;48,83205900;2,39879500;4;3;4;0;1;1;1;9;1;50;1;Blessé léger
202300036260;155 616 261;1;0;2;8;1;5;203 765 182;1;1;3;2;1965.0;5;0;7;11;2023;19;5;73;73011;2;1;1;3;45,66818000;6,38301000;4;2;2;0;1;1;1;0;1;50;1;Blessé hospitalisé
202300036260;155 616 262;7;0;2;3;15;1;203 765 183;1;1;1;1;1957.0;0;8;7;11;2023;19;5;73;73011;2;1;1;3;45,66818000;6,38301000;4;2;2;0;1;1;1;0;1;50;1;Indemne
202300036261;155 616 258;7;0;2;3;1;2;203 765 178;1;1;1;1;1975.0;9;8;27;2;2023;08;1;75;75119;2;2;1;3;48,87550000;2,39209300;4;2;2;0;1;1;1;0;1;30;0;Indemne
202300036261;155 616 258;7;0;2;3;1;2;203 765 178;1;1;1;1;1975.0;9;8;27;2;2023;08;1;75;75119;2;2;1;3;48,87550000;2,39209300;4;1;2;0;1;1;1;0;1;30;0;Indemne
202300036261;155 616 260;80;0;2;1;1;3;203 765 181;1;1;4;2;1999.0;9;8;27;2;2023;08;1;75;75119;2;2;1;3;48,87550000;2,39209300;4;2;2;0;1;1;1;0;1;30;0;Blessé léger
202300036261;155 616 260;80;0;2;1;1;3;203 765 181;1;1;4;2;1999.0;9;8;27;2;2023;08;1;75;75119;2;2;1;3;48,87550000;2,39209300;4;1;2;0;1;1;1;0;1;30;0;Blessé léger
202300036267;155 616 250;80;0;2;8;1;3;203 765 168;1;1;4;1;1968.0;1;8;27;2;2023;18;2;75;75117;2;7;1;3;48,88114700;2,28399600;4;2;3;0;1;2;1;0;1;30;0;Blessé léger
202300036267;155 616 252;7;0;2;7;16;1;203 765 169;1;1;1;1;1967.0;1;1;27;2;2023;18;2;75;75117;2;7;1;3;48,88114700;2,28399600;4;2;3;0;1;2;1;0;1;30;0;Indemne
202300036272;155 616 241;1;0;2;1;1;5;203 765 154;1;1;1;2;2010.0;2;8;10;4;2023;18;1;94;94079;2;3;3;3;48,82555000;2,53521000;4;2;2;0;2;1;2;0;1;50;0;Indemne
202300036272;155 616 241;1;0;2;1;1;5;203 765 155;2;2;3;2;2009.0;9;8;10;4;2023;18;1;94;94079;2;3;3;3;48,82555000;2,53521000;4;2;2;0;2;1;2;0;1;50;0;Blessé hospitalisé
202300036272;155 616 242;7;0;2;3;11;1;203 765 157;1;1;1;2;1986.0;0;1;10;4;2023;18;1;94;94079;2;3;3;3;48,82555000;2,53521000;4;2;2;0;2;1;2;0;1;50;0;Indemne
202300036276;155 616 233;7;0;2;0;0;0;203 765 145;1;1;1;1;1989.0;3;1;11;4;2023;08;1;93;93031;2;1;1;3;48,95424761;2,33487958;3;2;2;1;1;1;1;0;5;50;1;Indemne
202300036276;155 616 235;1;0;2;1;0;5;203 765 147;1;1;4;1;1974.0;1;2;11;4;2023;08;1;93;93031;2;1;1;3;48,95424761;2,33487958;3;2;2;1;1;1;1;0;5;50;1;Blessé léger
202300036277;155 616 234;10;0;2;8;24;1;203 765 146;1;1;1;1;1968.0;4;8;27;2;2023;11;1;75;75107;2;3;1;3;48,84982500;2,32329500;4;2;3;0;1;1;1;9;1;30;0;Indemne
202300036277;155 616 236;1;0;2;1;1;5;203 765 148;1;1;4;2;1969.0;9;8;27;2;2023;11;1;75;75107;2;3;1;3;48,84982500;2,32329500;4;2;3;0;1;1;1;9;1;30;0;Blessé léger
202300036290;155 616 215;7;0;2;5;23;1;203 765 118;1;1;1;2;1987.0;5;1;11;4;2023;09;1;92;92012;2;1;1;3;48,84638958;2,24724591;4;2;2;0;1;1;1;0;1;50;1;Indemne
202300036290;155 616 217;1;0;2;1;1;5;203 765 119;1;1;4;1;1975.0;1;2;11;4;2023;09;1;92;92012;2;1;1;3;48,84638958;2,24724591;4;2;2;0;1;1;1;0;1;50;1;Blessé léger
202300036306;155 616 192;1;0;2;0;0;5;203 765 086;1;1;3;1;1995.0;0;8;23;2;2023;11;1;92;92004;2;1;1;3;48,91259000;2,27394000;4;1;1;0;1;1;1;0;1;50;3;Blessé hospitalisé
202300036306;155 616 193;14;0;2;7;2;1;203 765 088;1;1;1;1;1973.0;0;1;23;2;2023;11;1;92;92004;2;1;1;3;48,91259000;2,27394000;4;1;1;0;1;1;1;0;1;50;3;Indemne
202300036307;155 616 189;1;0;0;1;14;5;203 765 079;1;1;4;1;2007.0;2;8;5;9;2023;08;1;75;75113;2;1;1;7;48,82055800;2,36589300;4;2;4;0;1;1;1;0;4;30;1;Blessé léger
202300036310;155 616 186;1;0;0;1;1;5;203 765 073;1;1;4;2;1970.0;1;2;5;9;2023;08;1;75;75110;2;3;1;7;48,87430800;2,35861200;4;3;2;0;1;1;1;0;1;30;1;Blessé léger
202300036317;155 616 174;7;0;2;2;16;2;203 765 057;1;1;1;1;1974.0;4;1;4;9;2023;09;1;75;75108;2;2;1;2;48,86514800;2,29985100;4;2;7;3;2;3;1;0;1;30;0;Indemne
202300036317;155 616 177;1;0;2;4;2;5;203 765 060;1;1;4;1;1997.0;9;8;4;9;2023;09;1;75;75108;2;2;1;2;48,86514800;2,29985100;4;2;7;3;2;3;1;0;1;30;0;Blessé léger
202300036321;155 616 168;1;0;2;2;11;5;203 765 049;1;1;4;1;2000.0;5;8;5;9;2023;15;1;75;75104;2;1;1;2;48,86107500;2,34964700;4;1;5;3;1;1;1;0;1;30;1;Blessé léger
202300036321;155 616 170;10;0;2;4;4;1;203 765 051;1;1;1;1;1984.0;9;1;5;9;2023;15;1;75;75104;2;1;1;2;48,86107500;2,34964700;4;1;5;3;1;1;1;0;1;30;1;Indemne
202300036323;155 616 164;7;0;2;2;16;2;203 765 042;1;1;1;1;1971.0;4;1;5;9;2023;10;1;75;75104;2;2;1;3;48,85398200;2,36478400;4;1;1;0;1;1;1;5;5;30;1;Indemne
202300036323;155 616 164;7;0;2;2;16;2;203 765 042;1;1;1;1;1971.0;4;1;5;9;2023;10;1;75;75104;2;2;1;3;48,85398200;2,36478400;4;2;4;1;1;1;1;5;5;30;1;Indemne
202300036323;155 616 165;1;0;2;2;1;5;203 765 045;1;1;4;2;1965.0;1;8;5;9;2023;10;1;75;75104;2;2;1;3;48,85398200;2,36478400;4;1;1;0;1;1;1;5;5;30;1;Blessé léger
202300036323;155 616 165;1;0;2;2;1;5;203 765 045;1;1;4;2;1965.0;1;8;5;9;2023;10;1;75;75104;2;2;1;3;48,85398200;2,36478400;4;2;4;1;1;1;1;5;5;30;1;Blessé léger
202300036346;155 616 122;60;0;0;4;2;5;203 764 988;1;1;2;2;2008.0;5;0;11;4;2023;22;3;64;64466;1;1;1;4;43,34309500; -0,87470100;3;2;2;0;1;1;1;0;1;80;1;Tué
202300036346;155 616 124;7;0;2;2;1;1;203 764 990;1;1;1;1;1991.0;5;1;11;4;2023;22;3;64;64466;1;1;1;4;43,34309500; -0,87470100;3;2;2;0;1;1;1;0;1;80;1;Indemne
202300036346;155 616 126;1;0;0;0;2;5;203 764 992;1;1;4;1;2010.0;5;0;11;4;2023;22;3;64;64466;1;1;1;4;43,34309500; -0,87470100;3;2;2;0;1;1;1;0;1;80;1;Blessé léger
202300036346;155 616 129;1;0;0;0;2;5;203 764 995;1;1;4;1;2006.0;5;0;11;4;2023;22;3;64;64466;1;1;1;4;43,34309500; -0,87470100;3;2;2;0;1;1;1;0;1;80;1;Blessé léger
202300036350;155 616 116;50;0;2;1;25;3;203 764 980;1;1;1;1;2010.0;2;8;4;9;2023;14;1;93;93029;2;1;1;1;48,92794194;2,43189674;4;1;1;0;1;1;1;0;4;50;0;Indemne
202300036350;155 616 117;1;0;2;1;25;5;203 764 981;1;1;4;2;1951.0;5;8;4;9;2023;14;1;93;93029;2;1;1;1;48,92794194;2,43189674;4;1;1;0;1;1;1;0;4;50;0;Blessé léger
202300036360;155 616 100;80;0;2;7;1;3;203 764 960;1;1;4;1;2012.0;0;0;5;9;2023;16;1;92;92050;2;3;1;3;48,88851299;2,22431409;4;2;1;0;1;1;1;0;1;50;1;Blessé léger
202300036360;155 616 100;80;0;2;7;1;3;203 764 960;1;1;4;1;2012.0;0;0;5;9;2023;16;1;92;92050;2;3;1;3;48,88851299;2,22431409;4;2;2;0;1;1;1;0;1;50;1;Blessé léger
202300036360;155 616 101;7;0;2;7;16;0;203 764 961;1;1;1;1;1968.0;1;1;5;9;2023;16;1;92;92050;2;3;1;3;48,88851299;2,22431409;4;2;1;0;1;1;1;0;1;50;1;Indemne
202300036360;155 616 101;7;0;2;7;16;0;203 764 961;1;1;1;1;1968.0;1;1;5;9;2023;16;1;92;92050;2;3;1;3;48,88851299;2,22431409;4;2;2;0;1;1;1;0;1;50;1;Indemne
202300036380;155 616 063;7;0;2;3;1;1;203 764 911;1;1;1;1;1999.0;0;1;4;9;2023;17;1;92;92004;2;1;1;3;48,91562000;2,30787000;4;2;2;0;1;1;1;0;1;50;0;Indemne
202300036380;155 616 066;1;0;2;1;3;5;203 764 914;1;1;4;1;2011.0;0;8;4;9;2023;17;1;92;92004;2;1;1;3;48,91562000;2,30787000;4;2;2;0;1;1;1;0;1;50;0;Blessé léger
202300036382;155 616 058;1;0;2;1;0;5;203 764 904;1;1;4;2;1994.0;2;2;4;9;2023;07;2;92;92004;2;4;1;1;48,91352000;2,29914000;4;2;2;0;1;2;1;0;1;50;0;Blessé léger
202300036382;155 616 060;7;0;2;3;1;3;203 764 906;1;1;1;1;1980.0;1;1;4;9;2023;07;2;92;92004;2;4;1;1;48,91352000;2,29914000;4;2;2;0;1;2;1;0;1;50;0;Indemne
202300036399;155 616 032;1;0;2;8;16;5;203 764 868;1;1;2;1;1950.0;3;2;5;9;2023;10;1;07;07191;1;6;1;3;44,58003300;4,70381700;3;2;1;2;1;3;1;0;1;90;1;Tué
202300036399;155 616 033;14;0;2;7;16;1;203 764 869;1;1;1;1;1987.0;4;1;5;9;2023;10;1;07;07191;1;6;1;3;44,58003300;4,70381700;3;2;1;2;1;3;1;0;1;90;1;Indemne
202300036406;155 616 019;80;0;2;1;0;3;203 764 853;1;1;3;1;1965.0;0;0;28;2;2023;06;2;60;60369;1;1;1;2;49,34880800;2,71762500;3;2;2;1;1;1;1;0;8;80;1;Blessé hospitalisé
202300036406;155 616 022;7;0;9;3;0;1;203 764 856;1;1;1;1;1980.0;1;1;28;2;2023;06;2;60;60369;1;1;1;2;49,34880800;2,71762500;3;2;2;1;1;1;1;0;8;80;1;Indemne