Num_Acc;id_vehicule;catv;obs;obsm;choc;manv;motor;id_usager;place;catu;grav;sexe;an_nais;trajet;secu1;jour;mois;an;hrmn;lum;dep;com;agg;int;atm;col;lat;long;catr;circ;nbv;vosp;prof;plan;surf;infra;situ;vma;day_of_week;gravity
202300036410;155 616 012;80;0;0;0;26;3;203 764 846;1;1;2;1;1936.0;5;2;6;9;2023;09;1;01;01354;2;6;1;7;46,26454400;6,04378400;3;2;2;0;1;2;1;0;1;50;2;Tué
202300036429;155 615 982;1;0;0;0;1;5;203 764 800;1;1;4;2;2002.0;5;8;10;4;2023;18;1;75;75119;2;3;2;7;48,88664100;2,38482000;4;2;4;1;1;1;2;0;5;30;0;Blessé léger
202300036433;155 615 975;1;0;2;7;9;5;203 764 793;1;1;4;1;1944.0;5;2;7;4;2023;13;1;75;75116;2;3;1;3;48,86197200;2,23038400;4;1;1;1;1;3;1;0;5;50;4;Blessé léger
202300036433;155 615 976;1;0;2;1;1;5;203 764 794;1;1;1;1;1994.0;5;2;7;4;2023;13;1;75;75116;2;3;1;3;48,86197200;2,23038400;4;1;1;1;1;3;1;0;5;50;4;Indemne
202300036436;155 615 969;1;0;2;5;2;5;203 764 786;1;1;4;2;1999.0;5;8;10;4;2023;02;5;75;75111;2;1;1;3;48,85046200;2,38307800;4;1;1;0;1;1;1;0;1;30;0;Blessé léger
202300036436;155 615 972;2;0;2;3;2;3;203 764 789;1;1;1;1;1981.0;5;2;10;4;2023;02;5;75;75111;2;1;1;3;48,85046200;2,38307800;4;1;1;0;1;1;1;0;1;30;0;Indemne
202300036449;155 615 946;1;0;2;1;15;5;203 764 752;1;1;4;1;2009.0;5;2;5;9;2023;19;1;70;70312;2;2;7;3;47,59706800;6,73966400;3;2;2;0;1;3;1;0;1;30;1;Blessé léger
202300036449;155 615 946;1;0;2;1;15;5;203 764 752;1;1;4;1;2009.0;5;2;5;9;2023;19;1;70;70312;2;2;7;3;47,59706800;6,73966400;3;2;2;0;2;1;1;5;1;30;1;Blessé léger
202300036449;155 615 947;7;0;2;2;1;1;203 764 753;1;1;1;2;1964.0;5;1;5;9;2023;19;1;70;70312;2;2;7;3;47,59706800;6,73966400;3;2;2;0;1;3;1;0;1;30;1;Indemne
202300036449;155 615 947;7;0;2;2;1;1;203 764 753;1;1;1;2;1964.0;5;1;5;9;2023;19;1;70;70312;2;2;7;3;47,59706800;6,73966400;3;2;2;0;2;1;1;5;1;30;1;Indemne
202300036477;155 615 898;1;0;2;8;1;5;203 764 692;1;1;3;1;1941.0;5;0;3;9;2023;14;1;26;26170;1;2;1;3;44,90323900;4,94290900;3;2;2;0;1;1;1;0;1;80;6;Blessé hospitalisé
202300036477;155 615 898;1;0;2;8;1;5;203 764 692;1;1;3;1;1941.0;5;0;3;9;2023;14;1;26;26170;1;2;1;3;44,90323900;4,94290900;3;2;2;0;1;1;1;0;1;70;6;Blessé hospitalisé
202300036477;155 615 899;7;0;2;1;1;3;203 764 693;1;1;1;1;1937.0;5;1;3;9;2023;14;1;26;26170;1;2;1;3;44,90323900;4,94290900;3;2;2;0;1;1;1;0;1;80;6;Indemne
202300036477;155 615 899;7;0;2;1;1;3;203 764 693;1;1;1;1;1937.0;5;1;3;9;2023;14;1;26;26170;1;2;1;3;44,90323900;4,94290900;3;2;2;0;1;1;1;0;1;70;6;Indemne
202300036482;155 615 891;1;0;0;0;1;5;203 764 684;1;1;4;1;1968.0;5;2;6;9;2023;10;1;29;29021;2;1;1;7;48,65431100; -4,30301100;4;2;2;0;1;1;1;0;1;50;2;Blessé léger
202300036537;155 615 796;7;0;2;2;15;1;203 764 556;1;1;1;2;1992.0;2;1;4;9;2023;16;1;45;45234;2;6;1;3;47,88797444;1,90552175;4;2;2;0;1;1;1;0;1;30;0;Indemne
202300036537;155 615 796;7;0;2;2;15;1;203 764 556;1;1;1;2;1992.0;2;1;4;9;2023;16;1;45;45234;2;6;1;3;47,88797444;1,90552175;4;2;2;0;1;1;1;0;1;30;0;Indemne
202300036537;155 615 797;1;0;2;1;1;5;203 764 557;1;1;4;1;1940.0;5;8;4;9;2023;16;1;45;45234;2;6;1;3;47,88797444;1,90552175;4;2;2;0;1;1;1;0;1;30;0;Blessé léger
202300036537;155 615 797;1;0;2;1;1;5;203 764 557;1;1;4;1;1940.0;5;8;4;9;2023;16;1;45;45234;2;6;1;3;47,88797444;1,90552175;4;2;2;0;1;1;1;0;1;30;0;Blessé léger
202300036566;155 615 746;1;0;2;1;5;5;203 764 497;1;1;4;1;1945.0;5;2;11;12;2023;20;5;75;75105;2;3;1;1;48,84738900;2,35312600;4;2;2;0;1;1;1;0;1;30;0;Blessé léger
202300036566;155 615 747;10;0;2;3;1;1;203 764 500;1;1;1;1;1963.0;5;1;11;12;2023;20;5;75;75105;2;3;1;1;48,84738900;2,35312600;4;2;2;0;1;1;1;0;1;30;0;Indemne
202300036572;155 615 733;7;0;2;2;1;1;203 764 477;1;1;1;1;1959.0;4;1;12;12;2023;09;1;75;75114;2;2;2;2;48,82225300;2,32449400;4;2;2;0;1;1;2;0;1;30;1;Indemne
202300036572;155 615 733;7;0;2;2;1;1;203 764 477;1;1;1;1;1959.0;4;1;12;12;2023;09;1;75;75114;2;2;2;2;48,82225300;2,32449400;4;1;4;2;1;1;2;0;5;30;1;Indemne
202300036572;155 615 734;1;0;2;4;1;5;203 764 478;1;1;4;1;1977.0;1;8;12;12;2023;09;1;75;75114;2;2;2;2;48,82225300;2,32449400;4;2;2;0;1;1;2;0;1;30;1;Blessé léger
202300036572;155 615 734;1;0;2;4;1;5;203 764 478;1;1;4;1;1977.0;1;8;12;12;2023;09;1;75;75114;2;2;2;2;48,82225300;2,32449400;4;1;4;2;1;1;2;0;5;30;1;Blessé léger
202300036584;155 615 713;7;0;2;1;1;1;203 764 449;1;1;1;1;2000.0;9;8;4;9;2023;18;1;75;75119;2;7;1;3;48,87832700;2,37062000;4;1;3;0;1;1;1;0;1;30;0;Indemne
202300036584;155 615 715;1;0;2;1;5;5;203 764 451;1;1;4;1;2004.0;5;2;4;9;2023;18;1;75;75119;2;7;1;3;48,87832700;2,37062000;4;1;3;0;1;1;1;0;1;30;0;Blessé léger
202300036585;155 615 709;1;0;2;7;19;5;203 764 445;1;1;4;1;1995.0;5;8;12;12;2023;00;5;75;75110;2;2;1;3;48,87774600;2,36536100;4;1;2;1;1;1;1;0;1;30;1;Blessé léger
202300036585;155 615 709;1;0;2;7;19;5;203 764 445;1;1;4;1;1995.0;5;8;12;12;2023;00;5;75;75110;2;2;1;3;48,87774600;2,36536100;4;1;1;0;1;1;1;0;1;30;1;Blessé léger
202300036589;155 615 703;7;0;2;3;1;2;203 764 438;1;1;1;1;1999.0;9;8;11;12;2023;17;5;75;75104;2;2;1;3;48,85127400;2,35811300;4;1;2;2;1;1;1;5;1;30;0;Indemne
202300036589;155 615 703;7;0;2;3;1;2;203 764 438;1;1;1;1;1999.0;9;8;11;12;2023;17;5;75;75104;2;2;1;3;48,85127400;2,35811300;4;1;2;1;1;1;1;0;1;30;0;Indemne
202300036589;155 615 705;1;0;2;2;1;5;203 764 440;1;1;4;1;1987.0;9;8;11;12;2023;17;5;75;75104;2;2;1;3;48,85127400;2,35811300;4;1;2;2;1;1;1;5;1;30;0;Blessé léger
202300036589;155 615 705;1;0;2;2;1;5;203 764 440;1;1;4;1;1987.0;9;8;11;12;2023;17;5;75;75104;2;2;1;3;48,85127400;2,35811300;4;1;2;1;1;1;1;0;1;30;0;Blessé léger
202300036596;155 615 691;80;0;2;4;15;3;203 764 421;1;1;4;1;1969.0;5;2;4;9;2023;14;1;75;75116;2;2;1;3;48,87242700;2,29405500;4;2;3;0;1;1;1;0;1;50;0;Blessé léger
202300036596;155 615 692;7;0;2;1;1;2;203 764 422;1;1;1;1;1969.0;4;1;4;9;2023;14;1;75;75116;2;2;1;3;48,87242700;2,29405500;4;2;3;0;1;1;1;0;1;50;0;Indemne
202300036611;155 615 672;7;0;2;8;22;2;203 764 395;1;1;1;1;1979.0;4;8;4;9;2023;12;1;75;75108;2;3;7;3;48,87457200;2,30964900;4;2;3;3;2;1;1;0;1;30;0;Indemne
202300036611;155 615 675;1;1;0;1;1;5;203 764 397;1;1;4;2;1989.0;1;2;4;9;2023;12;1;75;75108;2;3;7;3;48,87457200;2,30964900;4;2;3;3;2;1;1;0;1;30;0;Blessé léger
202300036616;155 615 661;1;0;2;7;1;5;203 764 383;1;1;4;1;1995.0;0;8;12;12;2023;14;1;92;92035;2;3;8;3;48,90227914;2,23975025;3;3;2;0;1;1;2;0;1;50;1;Blessé léger
202300036616;155 615 661;1;0;2;7;1;5;203 764 383;1;1;4;1;1995.0;0;8;12;12;2023;14;1;92;92035;2;3;8;3;48,90227914;2,23975025;3;1;3;1;1;1;2;0;1;50;1;Blessé léger
202300036616;155 615 662;10;0;2;1;1;1;203 764 384;1;1;1;1;1977.0;4;1;12;12;2023;14;1;92;92035;2;3;8;3;48,90227914;2,23975025;3;3;2;0;1;1;2;0;1;50;1;Indemne
202300036616;155 615 662;10;0;2;1;1;1;203 764 384;1;1;1;1;1977.0;4;1;12;12;2023;14;1;92;92035;2;3;8;3;48,90227914;2,23975025;3;1;3;1;1;1;2;0;1;50;1;Indemne
202300036617;155 615 659;7;0;2;3;15;1;203 764 381;1;1;1;1;1977.0;5;8;3;9;2023;13;1;75;75102;2;3;1;3;48,87169600;2,34161800;4;2;4;1;1;1;1;0;1;30;6;Indemne
202300036617;155 615 659;7;0;2;3;15;1;203 764 381;1;1;1;1;1977.0;5;8;3;9;2023;13;1;75;75102;2;3;1;3;48,87169600;2,34161800;4;2;2;1;1;1;1;0;1;30;6;Indemne
202300036617;155 615 660;1;0;2;3;19;5;203 764 382;1;1;4;1;1956.0;5;8;3;9;2023;13;1;75;75102;2;3;1;3;48,87169600;2,34161800;4;2;4;1;1;1;1;0;1;30;6;Blessé léger
202300036617;155 615 660;1;0;2;3;19;5;203 764 382;1;1;4;1;1956.0;5;8;3;9;2023;13;1;75;75102;2;3;1;3;48,87169600;2,34161800;4;2;2;1;1;1;1;0;1;30;6;Blessé léger
202300036621;155 615 651;1;0;2;3;1;5;203 764 372;1;1;4;2;1961.0;5;2;4;9;2023;12;1;94;94046;2;1;1;3;48,80433000;2,43269000;3;2;4;0;1;1;1;0;1;50;0;Blessé léger
202300036621;155 615 653;7;0;2;2;10;4;203 764 374;1;1;1;1;1961.0;5;1;4;9;2023;12;1;94;94046;2;1;1;3;48,80433000;2,43269000;3;2;4;0;1;1;1;0;1;50;0;Indemne
202300036663;155 615 578;7;0;2;2;1;0;203 764 268;1;1;1;2;1964.0;4;1;13;12;2023;10;1;69;69097;1;2;1;3;45,49657662;4,72172487;3;2;2;0;2;1;1;0;1;80;2;Indemne
202300036663;155 615 579;1;0;2;0;1;5;203 764 269;1;1;4;1;1963.0;5;2;13;12;2023;10;1;69;69097;1;2;1;3;45,49657662;4,72172487;3;2;2;0;2;1;1;0;1;80;2;Blessé léger
202300036665;155 615 575;7;0;2;1;15;1;203 764 264;1;1;1;2;1977.0;0;1;12;12;2023;21;5;973;97311;2;3;1;3;5,48864700; -54,01887100;4;2;2;0;1;1;2;0;1;50;1;Indemne
202300036665;155 615 576;80;0;2;7;0;3;203 764 265;2;2;4;1;2005.0;0;0;12;12;2023;21;5;973;97311;2;3;1;3;5,48864700; -54,01887100;4;2;2;0;1;1;2;0;1;50;1;Blessé léger
202300036665;155 615 576;80;0;2;7;0;3;203 764 266;1;1;3;1;1999.0;0;2;12;12;2023;21;5;973;97311;2;3;1;3;5,48864700; -54,01887100;4;2;2;0;1;1;2;0;1;50;1;Blessé hospitalisé
202300036695;155 615 521;7;0;2;7;14;1;203 764 197;1;1;1;2;1975.0;1;1;10;10;2023;18;1;69;69276;2;6;1;3;45,66188000;4,84285000;7;1;2;0;1;1;1;0;5;50;1;Indemne
202300036695;155 615 521;7;0;2;7;14;1;203 764 197;1;1;1;2;1975.0;1;1;10;10;2023;18;1;69;69276;2;6;1;3;45,66188000;4,84285000;7;2;2;0;1;1;1;0;5;50;1;Indemne
202300036695;155 615 522;1;0;2;8;2;5;203 764 198;1;1;4;1;1985.0;5;2;10;10;2023;18;1;69;69276;2;6;1;3;45,66188000;4,84285000;7;1;2;0;1;1;1;0;5;50;1;Blessé léger
202300036695;155 615 522;1;0;2;8;2;5;203 764 198;1;1;4;1;1985.0;5;2;10;10;2023;18;1;69;69276;2;6;1;3;45,66188000;4,84285000;7;2;2;0;1;1;1;0;5;50;1;Blessé léger
202300036697;155 615 519;1;0;1;0;1;5;203 764 192;10;3;4;2;1958.0;5;0;10;10;2023;16;1;64;64445;2;1;1;6;43,30759000; -0,35668000;4;2;1;3;1;1;1;6;4;50;1;Blessé léger
202300036697;155 615 519;1;0;1;0;1;5;203 764 193;1;1;1;1;1958.0;5;2;10;10;2023;16;1;64;64445;2;1;1;6;43,30759000; -0,35668000;4;2;1;3;1;1;1;6;4;50;1;Indemne
202300036701;155 615 510;1;0;2;1;1;5;203 764 181;1;1;4;1;1968.0;1;8;10;10;2023;16;1;45;45234;2;1;1;3;47,89477837;1,90495312;3;2;2;0;1;1;1;0;1;50;1;Blessé léger
202300036701;155 615 511;7;0;2;1;15;1;203 764 182;1;1;1;1;2003.0;5;1;10;10;2023;16;1;45;45234;2;1;1;3;47,89477837;1,90495312;3;2;2;0;1;1;1;0;1;50;1;Indemne
202300036706;155 615 498;33;0;2;1;17;1;203 764 169;1;1;1;1;2000.0;1;2;11;12;2023;07;1;974;97416;2;3;1;5; -21,33253000;55,48050000;2;2;2;0;1;1;1;0;1;50;0;Indemne
202300036706;155 615 498;33;0;2;1;17;1;203 764 169;1;1;1;1;2000.0;1;2;11;12;2023;07;1;974;97416;2;3;1;5; -21,33253000;55,48050000;2;2;2;0;1;1;1;0;1;50;0;Indemne
202300036706;155 615 499;1;0;2;3;0;5;203 764 170;1;1;4;2;2003.0;2;8;11;12;2023;07;1;974;97416;2;3;1;5; -21,33253000;55,48050000;2;2;2;0;1;1;1;0;1;50;0;Blessé léger
202300036706;155 615 499;1;0;2;3;0;5;203 764 170;1;1;4;2;2003.0;2;8;11;12;2023;07;1;974;97416;2;3;1;5; -21,33253000;55,48050000;2;2;2;0;1;1;1;0;1;50;0;Blessé léger
202300036706;155 615 500;7;0;2;1;1;1;203 764 171;1;1;1;1;1965.0;1;1;11;12;2023;07;1;974;97416;2;3;1;5; -21,33253000;55,48050000;2;2;2;0;1;1;1;0;1;50;0;Indemne
202300036706;155 615 500;7;0;2;1;1;1;203 764 171;1;1;1;1;1965.0;1;1;11;12;2023;07;1;974;97416;2;3;1;5; -21,33253000;55,48050000;2;2;2;0;1;1;1;0;1;50;0;Indemne
202300036708;155 615 494;7;0;2;2;16;1;203 764 163;1;1;1;1;1965.0;0;1;11;12;2023;12;1;69;69383;2;1;2;3;45,75669538;4,83889877;4;2;4;2;1;1;2;2;5;30;0;Indemne
202300036708;155 615 495;1;0;2;8;19;5;203 764 164;1;1;4;2;1996.0;0;0;11;12;2023;12;1;69;69383;2;1;2;3;45,75669538;4,83889877;4;2;4;2;1;1;2;2;5;30;0;Blessé léger
202300036715;155 615 479;7;0;2;7;26;1;203 764 146;1;1;1;2;1990.0;0;1;11;12;2023;13;1;91;91201;2;3;8;3;48,68468200;2,41564200;4;2;2;0;1;1;1;0;1;50;0;Indemne
202300036715;155 615 479;7;0;2;7;26;1;203 764 146;1;1;1;2;1990.0;0;1;11;12;2023;13;1;91;91201;2;3;8;3;48,68468200;2,41564200;4;1;2;0;1;1;1;0;1;50;0;Indemne
202300036715;155 615 480;80;0;2;3;2;3;203 764 147;1;1;4;1;1983.0;0;8;11;12;2023;13;1;91;91201;2;3;8;3;48,68468200;2,41564200;4;2;2;0;1;1;1;0;1;50;0;Blessé léger
202300036715;155 615 480;80;0;2;3;2;3;203 764 147;1;1;4;1;1983.0;0;8;11;12;2023;13;1;91;91201;2;3;8;3;48,68468200;2,41564200;4;1;2;0;1;1;1;0;1;50;0;Blessé léger
202300036739;155 615 437;7;0;2;1;15;1;203 764 092;1;1;1;2;1961.0;0;1;11;12;2023;08;1;59;59378;2;1;1;6;50,66756000;3,07667000;7;3;1;0;1;1;1;0;1;50;0;Indemne
202300036739;155 615 438;1;0;2;0;1;5;203 764 093;1;1;4;1;1961.0;1;8;11;12;2023;08;1;59;59378;2;1;1;6;50,66756000;3,07667000;7;3;1;0;1;1;1;0;1;50;0;Blessé léger
202300036753;155 615 416;7;0;2;8;9;1;203 764 062;1;1;1;2;1958.0;5;1;11;12;2023;14;1;35;35238;2;6;1;3;48,08678000; -1,68271000;4;3;2;1;1;1;1;0;1;30;0;Indemne
202300036753;155 615 416;7;0;2;8;9;1;203 764 062;1;1;1;2;1958.0;5;1;11;12;2023;14;1;35;35238;2;6;1;3;48,08678000; -1,68271000;4;2;2;0;1;1;1;0;1;30;0;Indemne
202300036753;155 615 417;1;0;2;1;1;5;203 764 063;1;1;4;2;1990.0;5;2;11;12;2023;14;1;35;35238;2;6;1;3;48,08678000; -1,68271000;4;3;2;1;1;1;1;0;1;30;0;Blessé léger
202300036753;155 615 417;1;0;2;1;1;5;203 764 063;1;1;4;2;1990.0;5;2;11;12;2023;14;1;35;35238;2;6;1;3;48,08678000; -1,68271000;4;2;2;0;1;1;1;0;1;30;0;Blessé léger
202300036754;155 615 414;1;0;2;1;21;5;203 764 060;1;1;3;1;1996.0;0;8;11;12;2023;15;1;34;34172;2;1;1;2;43,60055000;3,87912000;4;2;2;0;2;1;1;0;1;30;0;Blessé hospitalisé
202300036754;155 615 415;7;0;2;4;23;2;203 764 061;1;1;1;1;1982.0;4;1;11;12;2023;15;1;34;34172;2;1;1;2;43,60055000;3,87912000;4;2;2;0;2;1;1;0;1;30;0;Indemne
202300036755;155 615 412;1;0;2;7;1;5;203 764 058;1;1;4;1;1993.0;1;0;11;12;2023;07;2;31;31149;2;1;1;3;43,61968000;1,33669000;7;1;2;1;1;3;1;0;1;50;0;Blessé léger
202300036755;155 615 413;7;0;9;1;1;1;203 764 059;1;1;1;1;1988.0;0;1;11;12;2023;07;2;31;31149;2;1;1;3;43,61968000;1,33669000;7;1;2;1;1;3;1;0;1;50;0;Indemne
202300036775;155 615 376;1;0;1;2;1;5;203 763 994;10;3;4;2;1986.0;9;0;11;12;2023;08;1;75;75111;2;9;1;6;48,85041200;2,38730500;4;1;1;2;2;1;1;0;5;30;0;Blessé léger
202300036775;155 615 376;1;0;1;2;1;5;203 763 995;1;1;1;2;1996.0;5;2;11;12;2023;08;1;75;75111;2;9;1;6;48,85041200;2,38730500;4;1;1;2;2;1;1;0;5;30;0;Indemne
202300036799;155 615 335;1;0;0;0;1;5;203 763 937;1;1;1;1;1970.0;9;2;5;10;2023;13;1;92;92022;2;5;1;7;48,80862581;2,18759045;3;2;4;0;2;1;1;5;1;50;3;Indemne
202300036799;155 615 335;1;0;0;0;1;5;203 763 937;1;1;1;1;1970.0;9;2;5;10;2023;13;1;92;92022;2;5;1;7;48,80862581;2,18759045;3;2;3;0;1;1;1;5;1;50;3;Indemne
202300036799;155 615 336;30;0;2;0;21;1;203 763 938;1;1;4;2;2004.0;2;2;5;10;2023;13;1;92;92022;2;5;1;7;48,80862581;2,18759045;3;2;4;0;2;1;1;5;1;50;3;Blessé léger
202300036799;155 615 336;30;0;2;0;21;1;203 763 938;1;1;4;2;2004.0;2;2;5;10;2023;13;1;92;92022;2;5;1;7;48,80862581;2,18759045;3;2;3;0;1;1;1;5;1;50;3;Blessé léger
202300036838;155 615 264;80;0;2;8;2;3;203 763 846;1;1;3;1;1972.0;0;2;5;10;2023;15;1;69;69389;2;2;1;3;45,77860000;4,79820000;4;2;2;0;1;1;1;0;1;30;3;Blessé hospitalisé
202300036838;155 615 264;80;0;2;8;2;3;203 763 846;1;1;3;1;1972.0;0;2;5;10;2023;15;1;69;69389;2;2;1;3;45,77860000;4,79820000;4;2;2;0;1;1;1;5;1;30;3;Blessé hospitalisé
202300036838;155 615 265;34;8;2;3;1;1;203 763 847;1;1;3;1;1999.0;0;2;5;10;2023;15;1;69;69389;2;2;1;3;45,77860000;4,79820000;4;2;2;0;1;1;1;0;1;30;3;Blessé hospitalisé
202300036838;155 615 265;34;8;2;3;1;1;203 763 847;1;1;3;1;1999.0;0;2;5;10;2023;15;1;69;69389;2;2;1;3;45,77860000;4,79820000;4;2;2;0;1;1;1;5;1;30;3;Blessé hospitalisé
202300036838;155 615 265;34;8;2;3;1;1;203 763 848;2;2;3;1;1999.0;0;8;5;10;2023;15;1;69;69389;2;2;1;3;45,77860000;4,79820000;4;2;2;0;1;1;1;0;1;30;3;Blessé hospitalisé
202300036838;155 615 265;34;8;2;3;1;1;203 763 848;2;2;3;1;1999.0;0;8;5;10;2023;15;1;69;69389;2;2;1;3;45,77860000;4,79820000;4;2;2;0;1;1;1;5;1;30;3;Blessé hospitalisé
202300036844;155 615 251;1;0;2;1;0;5;203 763 831;1;1;4;1;1999.0;5;8;5;10;2023;14;1;87;87085;2;3;1;3;45,83218000;1,24233000;4;2;2;0;1;1;1;0;1;30;3;Blessé léger
202300036844;155 615 251;1;0;2;1;0;5;203 763 831;1;1;4;1;1999.0;5;8;5;10;2023;14;1;87;87085;2;3;1;3;45,83218000;1,24233000;4;2;2;0;1;1;1;0;1;30;3;Blessé léger
202300036844;155 615 252;7;0;2;2;15;1;203 763 832;1;1;1;2;2004.0;5;1;5;10;2023;14;1;87;87085;2;3;1;3;45,83218000;1,24233000;4;2;2;0;1;1;1;0;1;30;3;Indemne
202300036844;155 615 252;7;0;2;2;15;1;203 763 832;1;1;1;2;2004.0;5;1;5;10;2023;14;1;87;87085;2;3;1;3;45,83218000;1,24233000;4;2;2;0;1;1;1;0;1;30;3;Indemne
202300036866;155 615 218;1;0;2;8;19;5;203 763 783;10;3;4;2;1984.0;1;8;16;1;2023;09;1;93;93001;2;1;2;6;48,91722952;2,38198418;3;4;2;3;1;1;2;0;1;50;0;Blessé léger
202300036866;155 615 218;1;0;2;8;19;5;203 763 784;1;1;1;2;1984.0;1;2;16;1;2023;09;1;93;93001;2;1;2;6;48,91722952;2,38198418;3;4;2;3;1;1;2;0;1;50;0;Indemne
202300036873;155 615 207;7;0;2;3;15;1;203 763 771;1;1;1;1;1996.0;3;1;3;10;2023;08;1;73;73065;2;3;1;3;45,58048000;5,89136000;3;2;2;0;1;1;1;0;5;50;1;Indemne
202300036873;155 615 207;7;0;2;3;15;1;203 763 771;1;1;1;1;1996.0;3;1;3;10;2023;08;1;73;73065;2;3;1;3;45,58048000;5,89136000;3;2;2;2;1;1;1;0;5;50;1;Indemne
202300036873;155 615 210;1;0;2;8;1;5;203 763 773;1;1;3;1;1996.0;1;0;3;10;2023;08;1;73;73065;2;3;1;3;45,58048000;5,89136000;3;2;2;0;1;1;1;0;5;50;1;Blessé hospitalisé
202300036873;155 615 210;1;0;2;8;1;5;203 763 773;1;1;3;1;1996.0;1;0;3;10;2023;08;1;73;73065;2;3;1;3;45,58048000;5,89136000;3;2;2;2;1;1;1;0;5;50;1;Blessé hospitalisé
202300036877;155 615 200;3;0;2;1;1;6;203 763 761;1;1;1;1;1977.0;0;1;16;1;2023;18;5;92;92007;2;9;8;3;48,80767640;2,32614362;3;1;6;1;1;1;2;0;5;50;0;Indemne
202300036877;155 615 202;1;0;2;8;9;5;203 763 763;1;1;4;1;1998.0;1;8;16;1;2023;18;5;92;92007;2;9;8;3;48,80767640;2,32614362;3;1;6;1;1;1;2;0;5;50;0;Blessé léger
202300036884;155 615 185;7;0;2;2;16;1;203 763 744;1;1;1;2;1934.0;5;1;17;1;2023;10;1;56;56240;2;9;1;3;47,50913800; -2,68565100;3;2;2;0;1;1;2;0;1;50;1;Indemne
202300036884;155 615 187;1;0;2;1;1;5;203 763 745;1;1;4;1;1973.0;5;0;17;1;2023;10;1;56;56240;2;9;1;3;47,50913800; -2,68565100;3;2;2;0;1;1;2;0;1;50;1;Blessé léger
202300036889;155 615 175;1;0;2;8;0;5;203 763 730;1;1;4;1;2005.0;9;8;5;10;2023;15;1;67;67482;2;1;1;3;48,58956100;7,75114500;4;2;1;0;1;1;1;0;1;50;3;Blessé léger
202300036889;155 615 176;7;0;2;3;0;1;203 763 733;1;1;1;1;2004.0;0;1;5;10;2023;15;1;67;67482;2;1;1;3;48,58956100;7,75114500;4;2;1;0;1;1;1;0;1;50;3;Indemne
202300036953;155 615 064;7;0;2;1;1;1;203 763 585;1;1;1;2;1988.0;4;1;5;10;2023;09;1;44;44184;2;1;1;1;47,27860000; -2,24750000;4;2;2;0;2;1;1;0;1;50;3;Indemne
202300036953;155 615 066;1;0;2;8;19;5;203 763 587;1;1;2;1;1947.0;5;2;5;10;2023;09;1;44;44184;2;1;1;1;47,27860000; -2,24750000;4;2;2;0;2;1;1;0;1;50;3;Tué
202300036958;155 615 055;7;0;2;3;9;1;203 763 569;1;1;1;2;1998.0;5;8;5;10;2023;18;1;37;37214;2;6;1;3;47,42918000;0,65004000;4;3;2;1;1;2;1;9;1;50;3;Indemne
202300036958;155 615 057;1;0;2;1;1;5;203 763 571;1;1;4;1;2001.0;5;2;5;10;2023;18;1;37;37214;2;6;1;3;47,42918000;0,65004000;4;3;2;1;1;2;1;9;1;50;3;Blessé léger
202300036962;155 615 050;80;0;2;1;1;3;203 763 561;1;1;4;1;1986.0;1;8;15;1;2023;01;5;75;75113;2;1;2;3;48,83000900;2,36573200;4;2;2;0;1;1;2;0;1;30;6;Blessé léger
202300036962;155 615 051;7;0;2;6;22;1;203 763 563;1;1;1;1;1987.0;9;8;15;1;2023;01;5;75;75113;2;1;2;3;48,83000900;2,36573200;4;2;2;0;1;1;2;0;1;30;6;Indemne
202300036973;155 615 029;1;0;2;4;2;5;203 763 537;1;1;4;2;1992.0;0;2;14;1;2023;21;5;93;93059;2;1;2;2;48,95298000;2,35819000;3;3;4;0;2;1;2;2;1;50;5;Blessé léger
202300036973;155 615 031;7;0;2;1;2;1;203 763 539;1;1;1;1;1965.0;0;1;14;1;2023;21;5;93;93059;2;1;2;2;48,95298000;2,35819000;3;3;4;0;2;1;2;2;1;50;5;Indemne
202300037000;155 614 980;7;0;2;1;9;1;203 763 475;1;1;1;1;1973.0;1;1;11;1;2023;19;3;56;56206;2;6;2;2;47,67883800; -2,73985500;3;2;3;0;1;3;2;5;1;50;2;Indemne
202300037000;155 614 981;1;0;0;5;1;5;203 763 476;1;1;3;1;1964.0;1;2;11;1;2023;19;3;56;56206;2;6;2;2;47,67883800; -2,73985500;3;2;3;0;1;3;2;5;1;50;2;Blessé hospitalisé
202300037040;155 614 913;1;0;1;1;8;5;203 763 377;1;1;4;1;1998.0;9;8;5;10;2023;10;1;75;75120;2;3;1;6;48,87238700;2,37812200;4;2;2;3;2;1;1;0;1;30;3;Blessé léger
202300037040;155 614 913;1;0;1;1;8;5;203 763 378;10;3;4;1;1991.0;9;0;5;10;2023;10;1;75;75120;2;3;1;6;48,87238700;2,37812200;4;2;2;3;2;1;1;0;1;30;3;Blessé léger
202300037054;155 614 886;7;0;2;1;9;1;203 763 345;1;1;1;1;1997.0;1;1;16;1;2023;05;5;29;29103;2;6;9;3;48,44949889; -4,25240368;4;1;2;0;1;1;1;0;1;50;0;Indemne
202300037054;155 614 887;80;0;2;7;2;3;203 763 346;1;1;3;1;1999.0;1;2;16;1;2023;05;5;29;29103;2;6;9;3;48,44949889; -4,25240368;4;1;2;0;1;1;1;0;1;50;0;Blessé hospitalisé
202300037064;155 614 867;1;0;2;8;17;5;203 763 321;2;2;1;1;2017.0;5;0;5;10;2023;18;1;75;75101;2;2;1;3;48,86272170;2,33524686;4;2;3;1;1;1;1;0;5;30;3;Indemne