Num_Acc;id_vehicule;catv;obs;obsm;choc;manv;motor;id_usager;place;catu;grav;sexe;an_nais;trajet;secu1;jour;mois;an;hrmn;lum;dep;com;agg;int;atm;col;lat;long;catr;circ;nbv;vosp;prof;plan;surf;infra;situ;vma;day_of_week;gravity
202300037064;155 614 867;1;0;2;8;17;5;203 763 323;1;1;4;2;1981.0;5;8;5;10;2023;18;1;75;75101;2;2;1;3;48,86272170;2,33524686;4;2;3;1;1;1;1;0;5;30;3;Blessé léger
202300037064;155 614 871;1;0;2;0;1;5;203 763 327;1;1;1;1;1994.0;5;8;5;10;2023;18;1;75;75101;2;2;1;3;48,86272170;2,33524686;4;2;3;1;1;1;1;0;5;30;3;Indemne
202300037071;155 614 855;1;0;2;1;1;5;203 763 300;1;1;1;1;1992.0;4;8;5;10;2023;09;1;75;75104;2;3;1;3;48,85464296;2,36276481;4;2;3;1;1;1;1;5;1;30;3;Indemne
202300037071;155 614 855;1;0;2;1;1;5;203 763 300;1;1;1;1;1992.0;4;8;5;10;2023;09;1;75;75104;2;3;1;3;48,85464296;2,36276481;4;2;2;2;1;1;1;5;1;30;3;Indemne
202300037071;155 614 857;31;0;2;2;15;1;203 763 302;1;1;4;1;1997.0;1;2;5;10;2023;09;1;75;75104;2;3;1;3;48,85464296;2,36276481;4;2;3;1;1;1;1;5;1;30;3;Blessé léger
202300037071;155 614 857;31;0;2;2;15;1;203 763 302;1;1;4;1;1997.0;1;2;5;10;2023;09;1;75;75104;2;3;1;3;48,85464296;2,36276481;4;2;2;2;1;1;1;5;1;30;3;Blessé léger
202300037073;155 614 852;1;12;0;2;14;5;203 763 297;1;1;4;2;1982.0;5;8;5;10;2023;02;5;75;75104;2;3;1;7;48,85527200;2,36116500;4;2;2;1;1;1;1;0;1;30;3;Blessé léger
202300037131;155 614 758;7;0;9;2;2;1;203 763 156;1;1;1;1;1960.0;4;8;5;10;2023;20;5;92;92051;2;2;1;2;48,88139615;2,26205885;4;2;2;0;1;1;1;0;1;30;3;Indemne
202300037131;155 614 759;1;0;0;4;2;5;203 763 158;1;1;4;1;1987.0;4;8;5;10;2023;20;5;92;92051;2;2;1;2;48,88139615;2,26205885;4;2;2;0;1;1;1;0;1;30;3;Blessé léger
202300037136;155 614 750;1;0;1;8;0;5;203 763 144;1;1;4;1;2000.0;0;0;5;10;2023;12;1;92;92044;2;2;1;6;48,89830743;2,29430942;4;1;1;0;1;1;1;0;1;50;3;Blessé léger
202300037136;155 614 750;1;0;1;8;0;5;203 763 144;1;1;4;1;2000.0;0;0;5;10;2023;12;1;92;92044;2;2;1;6;48,89830743;2,29430942;4;1;1;1;1;1;1;0;1;50;3;Blessé léger
202300037136;155 614 750;1;0;1;8;0;5;203 763 145;10;3;4;1;1998.0;0;0;5;10;2023;12;1;92;92044;2;2;1;6;48,89830743;2,29430942;4;1;1;0;1;1;1;0;1;50;3;Blessé léger
202300037136;155 614 750;1;0;1;8;0;5;203 763 145;10;3;4;1;1998.0;0;0;5;10;2023;12;1;92;92044;2;2;1;6;48,89830743;2,29430942;4;1;1;1;1;1;1;0;1;50;3;Blessé léger
202300037136;155 614 752;10;0;2;7;1;0;203 763 147;1;1;1;1;1980.0;0;8;5;10;2023;12;1;92;92044;2;2;1;6;48,89830743;2,29430942;4;1;1;0;1;1;1;0;1;50;3;Indemne
202300037136;155 614 752;10;0;2;7;1;0;203 763 147;1;1;1;1;1980.0;0;8;5;10;2023;12;1;92;92044;2;2;1;6;48,89830743;2,29430942;4;1;1;1;1;1;1;0;1;50;3;Indemne
202300037137;155 614 748;1;0;2;4;1;5;203 763 142;1;1;4;1;1983.0;5;2;14;1;2023;08;1;32;32013;1;1;1;2;43,65960000;0,63636000;3;2;2;0;2;1;1;0;1;50;5;Blessé léger
202300037137;155 614 749;7;0;2;2;1;1;203 763 143;1;1;1;2;1994.0;5;8;14;1;2023;08;1;32;32013;1;1;1;2;43,65960000;0,63636000;3;2;2;0;2;1;1;0;1;50;5;Indemne
202300037144;155 614 736;7;0;2;2;1;1;203 763 129;1;1;1;1;1971.0;1;1;13;1;2023;08;5;29;29232;2;6;1;2;47,98349000; -4,04619000;4;2;2;0;4;2;2;5;1;50;4;Indemne
202300037144;155 614 736;7;0;2;2;1;1;203 763 129;1;1;1;1;1971.0;1;1;13;1;2023;08;5;29;29232;2;6;1;2;47,98349000; -4,04619000;4;2;2;0;1;1;1;0;1;50;4;Indemne
202300037144;155 614 738;1;0;2;4;1;5;203 763 130;1;1;4;1;1988.0;1;2;13;1;2023;08;5;29;29232;2;6;1;2;47,98349000; -4,04619000;4;2;2;0;4;2;2;5;1;50;4;Blessé léger
202300037144;155 614 738;1;0;2;4;1;5;203 763 130;1;1;4;1;1988.0;1;2;13;1;2023;08;5;29;29232;2;6;1;2;47,98349000; -4,04619000;4;2;2;0;1;1;1;0;1;50;4;Blessé léger
202300037148;155 614 728;7;0;2;1;1;1;203 763 120;1;1;1;1;1978.0;5;1;6;10;2023;18;2;38;38157;2;2;1;1;45,51698200;4,96991300;4;2;2;0;1;1;1;0;1;30;4;Indemne
202300037148;155 614 730;1;0;2;7;1;5;203 763 122;1;1;3;1;2014.0;5;0;6;10;2023;18;2;38;38157;2;2;1;1;45,51698200;4,96991300;4;2;2;0;1;1;1;0;1;30;4;Blessé hospitalisé
202300037162;155 614 702;1;0;2;1;2;5;203 763 082;1;1;2;1;1949.0;5;2;5;10;2023;15;1;51;51302;1;1;1;7;48,98648400;4,08837300;3;2;2;0;1;1;1;0;1;80;3;Tué
202300037162;155 614 703;1;0;0;4;2;5;203 763 083;1;1;1;1;1967.0;5;2;5;10;2023;15;1;51;51302;1;1;1;7;48,98648400;4,08837300;3;2;2;0;1;1;1;0;1;80;3;Indemne
202300037172;155 614 681;1;0;2;3;15;5;203 763 056;1;1;3;1;2010.0;5;2;20;7;2023;13;1;49;49359;2;3;7;3;47,22121500; -0,17713300;4;2;2;0;1;1;1;0;1;50;3;Blessé hospitalisé
202300037172;155 614 682;7;0;2;2;1;1;203 763 057;1;1;1;2;1990.0;1;1;20;7;2023;13;1;49;49359;2;3;7;3;47,22121500; -0,17713300;4;2;2;0;1;1;1;0;1;50;3;Indemne
202300037181;155 614 665;7;0;9;2;1;1;203 763 035;1;1;1;1;1966.0;0;1;25;7;2023;13;1;84;84133;2;6;1;1;43,71929600;5,53978600;3;2;2;0;1;3;1;0;1;50;1;Indemne
202300037181;155 614 666;1;0;2;7;1;5;203 763 036;1;1;4;1;1958.0;0;2;25;7;2023;13;1;84;84133;2;6;1;1;43,71929600;5,53978600;3;2;2;0;1;3;1;0;1;50;1;Blessé léger
202300037185;155 614 659;7;0;9;3;1;1;203 763 029;1;1;1;2;1996.0;1;1;28;7;2023;08;1;06;06148;1;1;1;1;43,70329700;6,99972300;4;2;2;0;1;3;1;2;1;30;4;Indemne
202300037185;155 614 660;1;0;2;1;1;5;203 763 030;1;1;3;1;1963.0;3;0;28;7;2023;08;1;06;06148;1;1;1;1;43,70329700;6,99972300;4;2;2;0;1;3;1;2;1;30;4;Blessé hospitalisé
202300037191;155 614 649;80;0;2;3;13;3;203 763 015;1;1;2;1;1990.0;5;2;28;7;2023;11;1;04;04088;1;1;1;3;43,99173000;5,81955700;3;2;2;0;2;1;1;0;1;80;4;Tué
202300037191;155 614 650;10;0;2;3;14;1;203 763 016;1;1;1;2;1994.0;4;0;28;7;2023;11;1;04;04088;1;1;1;3;43,99173000;5,81955700;3;2;2;0;2;1;1;0;1;80;4;Indemne
202300037198;155 614 628;7;0;0;3;15;1;203 762 973;1;1;1;2;1954.0;3;8;26;7;2023;18;1;38;38289;1;3;1;1;45,11967400;6,04082800;3;2;2;0;2;1;1;0;1;80;2;Indemne
202300037198;155 614 628;7;0;0;3;15;1;203 762 973;1;1;1;2;1954.0;3;8;26;7;2023;18;1;38;38289;1;3;1;1;45,11967400;6,04082800;3;2;2;0;2;1;1;0;1;80;2;Indemne
202300037198;155 614 629;1;0;2;1;1;5;203 762 974;1;1;3;2;1978.0;5;0;26;7;2023;18;1;38;38289;1;3;1;1;45,11967400;6,04082800;3;2;2;0;2;1;1;0;1;80;2;Blessé hospitalisé
202300037198;155 614 629;1;0;2;1;1;5;203 762 974;1;1;3;2;1978.0;5;0;26;7;2023;18;1;38;38289;1;3;1;1;45,11967400;6,04082800;3;2;2;0;2;1;1;0;1;80;2;Blessé hospitalisé
202300037200;155 614 623;1;0;2;1;16;5;203 762 967;1;1;3;2;2012.0;5;0;27;7;2023;15;2;11;11086;2;3;1;3;42,93052500;2,97143200;4;2;2;0;1;1;1;0;1;50;3;Blessé hospitalisé
202300037200;155 614 623;1;0;2;1;16;5;203 762 968;2;2;1;2;2012.0;5;0;27;7;2023;15;2;11;11086;2;3;1;3;42,93052500;2,97143200;4;2;2;0;1;1;1;0;1;50;3;Indemne
202300037200;155 614 624;7;0;9;3;11;1;203 762 969;1;1;1;1;1986.0;5;1;27;7;2023;15;2;11;11086;2;3;1;3;42,93052500;2,97143200;4;2;2;0;1;1;1;0;1;50;3;Indemne
202300037205;155 614 616;7;0;9;3;15;1;203 762 956;1;1;1;1;1972.0;5;1;28;7;2023;12;1;05;05058;1;2;1;3;44,75391100;6,57278500;3;2;2;0;4;3;1;0;1;80;4;Indemne
202300037205;155 614 616;7;0;9;3;15;1;203 762 956;1;1;1;1;1972.0;5;1;28;7;2023;12;1;05;05058;1;2;1;3;44,75391100;6,57278500;3;2;2;0;4;3;1;0;1;80;4;Indemne
202300037205;155 614 616;7;0;9;3;15;1;203 762 957;7;2;1;2;2007.0;5;1;28;7;2023;12;1;05;05058;1;2;1;3;44,75391100;6,57278500;3;2;2;0;4;3;1;0;1;80;4;Indemne
202300037205;155 614 616;7;0;9;3;15;1;203 762 957;7;2;1;2;2007.0;5;1;28;7;2023;12;1;05;05058;1;2;1;3;44,75391100;6,57278500;3;2;2;0;4;3;1;0;1;80;4;Indemne
202300037205;155 614 616;7;0;9;3;15;1;203 762 958;9;2;1;1;2004.0;5;1;28;7;2023;12;1;05;05058;1;2;1;3;44,75391100;6,57278500;3;2;2;0;4;3;1;0;1;80;4;Indemne
202300037205;155 614 616;7;0;9;3;15;1;203 762 958;9;2;1;1;2004.0;5;1;28;7;2023;12;1;05;05058;1;2;1;3;44,75391100;6,57278500;3;2;2;0;4;3;1;0;1;80;4;Indemne
202300037205;155 614 616;7;0;9;3;15;1;203 762 959;2;2;1;2;1970.0;5;1;28;7;2023;12;1;05;05058;1;2;1;3;44,75391100;6,57278500;3;2;2;0;4;3;1;0;1;80;4;Indemne
202300037205;155 614 616;7;0;9;3;15;1;203 762 959;2;2;1;2;1970.0;5;1;28;7;2023;12;1;05;05058;1;2;1;3;44,75391100;6,57278500;3;2;2;0;4;3;1;0;1;80;4;Indemne
202300037205;155 614 617;1;0;2;1;19;5;203 762 960;1;1;4;1;1959.0;5;2;28;7;2023;12;1;05;05058;1;2;1;3;44,75391100;6,57278500;3;2;2;0;4;3;1;0;1;80;4;Blessé léger
202300037205;155 614 617;1;0;2;1;19;5;203 762 960;1;1;4;1;1959.0;5;2;28;7;2023;12;1;05;05058;1;2;1;3;44,75391100;6,57278500;3;2;2;0;4;3;1;0;1;80;4;Blessé léger
202300037206;155 614 614;1;0;2;2;26;5;203 762 954;1;1;3;2;1943.0;5;8;27;7;2023;19;2;05;05070;2;6;1;3;44,31372501;5,82680787;3;2;2;0;1;3;1;5;1;50;3;Blessé hospitalisé
202300037206;155 614 615;7;0;2;8;9;1;203 762 955;1;1;1;2;1982.0;5;8;27;7;2023;19;2;05;05070;2;6;1;3;44,31372501;5,82680787;3;2;2;0;1;3;1;5;1;50;3;Indemne
202300037215;155 614 599;7;0;2;2;13;1;203 762 935;7;2;1;1;2011.0;5;1;27;7;2023;20;2;17;17225;1;9;1;3;45,69806400; -1,21522800;3;2;2;0;1;1;1;9;1;70;3;Indemne
202300037215;155 614 599;7;0;2;2;13;1;203 762 936;2;2;1;1;1987.0;5;1;27;7;2023;20;2;17;17225;1;9;1;3;45,69806400; -1,21522800;3;2;2;0;1;1;1;9;1;70;3;Indemne
202300037215;155 614 599;7;0;2;2;13;1;203 762 937;1;1;1;2;1988.0;5;1;27;7;2023;20;2;17;17225;1;9;1;3;45,69806400; -1,21522800;3;2;2;0;1;1;1;9;1;70;3;Indemne
202300037215;155 614 600;1;0;2;3;1;5;203 762 938;1;1;3;1;1978.0;5;2;27;7;2023;20;2;17;17225;1;9;1;3;45,69806400; -1,21522800;3;2;2;0;1;1;1;9;1;70;3;Blessé hospitalisé
202300037270;155 614 490;7;0;2;2;1;1;203 762 775;1;1;1;2;1984.0;5;1;25;7;2023;13;1;49;49007;2;2;1;3;47,46271000; -0,55497000;4;1;1;0;1;1;1;0;1;30;1;Indemne
202300037270;155 614 491;1;0;2;1;1;5;203 762 776;1;1;4;1;1998.0;1;8;25;7;2023;13;1;49;49007;2;2;1;3;47,46271000; -0,55497000;4;1;1;0;1;1;1;0;1;30;1;Blessé léger
202300037294;155 614 454;1;14;0;1;1;5;203 762 726;1;1;4;1;1967.0;5;8;26;7;2023;23;5;75;75102;2;1;1;6;48,87002900;2,35066200;4;2;1;1;1;1;1;0;1;30;2;Blessé léger
202300037297;155 614 447;10;0;2;1;1;3;203 762 718;1;1;1;1;1995.0;1;1;26;7;2023;11;1;94;94033;2;1;1;2;48,84398000;2,46437000;4;2;2;0;1;1;1;0;1;50;2;Indemne
202300037297;155 614 448;1;0;2;4;1;5;203 762 719;1;1;4;1;1976.0;5;0;26;7;2023;11;1;94;94033;2;1;1;2;48,84398000;2,46437000;4;2;2;0;1;1;1;0;1;50;2;Blessé léger
202300037299;155 614 443;7;0;2;1;15;1;203 762 712;1;1;1;2;1961.0;1;1;24;7;2023;19;1;94;94017;2;3;3;3;48,81237000;2,48897000;4;1;2;1;1;1;2;0;5;50;0;Indemne
202300037299;155 614 443;7;0;2;1;15;1;203 762 712;1;1;1;2;1961.0;1;1;24;7;2023;19;1;94;94017;2;3;3;3;48,81237000;2,48897000;4;4;1;0;1;1;2;0;5;50;0;Indemne
202300037299;155 614 444;1;0;2;8;1;5;203 762 713;1;1;4;2;1991.0;1;2;24;7;2023;19;1;94;94017;2;3;3;3;48,81237000;2,48897000;4;1;2;1;1;1;2;0;5;50;0;Blessé léger
202300037299;155 614 444;1;0;2;8;1;5;203 762 713;1;1;4;2;1991.0;1;2;24;7;2023;19;1;94;94017;2;3;3;3;48,81237000;2,48897000;4;4;1;0;1;1;2;0;5;50;0;Blessé léger
202300037309;155 614 424;1;0;0;7;1;5;203 762 689;1;1;4;2;1982.0;1;2;26;7;2023;21;1;92;92040;2;3;1;7;48,81881094;2,24370785;3;2;2;0;1;1;1;0;1;50;2;Blessé léger
202300037309;155 614 424;1;0;0;7;1;5;203 762 689;1;1;4;2;1982.0;1;2;26;7;2023;21;1;92;92040;2;3;1;7;48,81881094;2,24370785;3;2;0;0;1;1;1;0;1;50;2;Blessé léger
202300037323;155 614 402;1;0;2;2;13;5;203 762 660;1;1;3;1;2007.0;5;0;26;7;2023;16;1;74;74234;2;1;1;3;45,76432000;6,30249400;4;2;2;0;4;1;1;0;1;20;2;Blessé hospitalisé
202300037323;155 614 403;10;0;9;2;1;1;203 762 661;1;1;1;1;1992.0;1;1;26;7;2023;16;1;74;74234;2;1;1;3;45,76432000;6,30249400;4;2;2;0;4;1;1;0;1;20;2;Indemne
202300037334;155 614 384;80;0;0;0;1;3;203 762 638;1;1;3;1;1945.0;5;0;27;7;2023;10;1;84;84017;1;1;1;7;44,17082700;5,28484200;3;2;2;0;2;1;1;0;1;80;3;Blessé hospitalisé
202300037350;155 614 360;1;0;2;1;1;5;203 762 604;1;1;3;1;1972.0;5;2;26;7;2023;19;1;89;89337;2;3;8;3;47,74216700;3,64837600;3;2;2;0;1;1;1;0;1;50;2;Blessé hospitalisé
202300037350;155 614 361;7;0;9;8;15;1;203 762 605;1;1;1;1;1994.0;5;1;26;7;2023;19;1;89;89337;2;3;8;3;47,74216700;3,64837600;3;2;2;0;1;1;1;0;1;50;2;Indemne
202300037351;155 614 358;7;0;9;2;2;0;203 762 602;1;1;1;2;2000.0;1;1;26;7;2023;18;1;88;88270;2;1;1;2;48,31746500;5,59405300;3;2;2;0;1;1;1;0;1;50;2;Indemne
202300037351;155 614 359;1;0;2;4;0;5;203 762 603;1;1;3;1;1950.0;5;0;26;7;2023;18;1;88;88270;2;1;1;2;48,31746500;5,59405300;3;2;2;0;1;1;1;0;1;50;2;Blessé hospitalisé
202300037392;155 614 282;1;0;2;7;1;5;203 762 505;1;1;4;1;1972.0;5;2;17;6;2023;11;1;65;65433;2;4;1;1;43,19842000;0,10003000;3;2;2;0;1;2;1;0;1;50;5;Blessé léger
202300037392;155 614 282;1;0;2;7;1;5;203 762 505;1;1;4;1;1972.0;5;2;17;6;2023;11;1;65;65433;2;4;1;1;43,19842000;0,10003000;3;2;2;0;1;1;1;0;1;50;5;Blessé léger
202300037392;155 614 283;7;0;2;1;15;1;203 762 506;1;1;1;1;1946.0;5;1;17;6;2023;11;1;65;65433;2;4;1;1;43,19842000;0,10003000;3;2;2;0;1;2;1;0;1;50;5;Indemne
202300037392;155 614 283;7;0;2;1;15;1;203 762 506;1;1;1;1;1946.0;5;1;17;6;2023;11;1;65;65433;2;4;1;1;43,19842000;0,10003000;3;2;2;0;1;1;1;0;1;50;5;Indemne
202300037415;155 614 244;7;0;2;2;9;1;203 762 458;1;1;1;2;1942.0;0;8;22;6;2023;11;1;49;49007;2;6;2;3;47,46733000; -0,52975000;4;3;2;2;1;1;3;0;1;50;3;Indemne
202300037415;155 614 245;1;0;2;1;9;5;203 762 459;1;1;4;2;1959.0;0;8;22;6;2023;11;1;49;49007;2;6;2;3;47,46733000; -0,52975000;4;3;2;2;1;1;3;0;1;50;3;Blessé léger
202300037421;155 614 234;80;0;4;1;1;3;203 762 446;1;1;3;1;1942.0;0;8;22;6;2023;18;1;44;44109;2;8;1;1;47,26329000; -1,58014000;4;3;0;0;1;1;1;4;1;50;3;Blessé hospitalisé
202300037421;155 614 235;40;0;2;7;1;6;203 762 447;1;1;1;1;1986.0;0;1;22;6;2023;18;1;44;44109;2;8;1;1;47,26329000; -1,58014000;4;3;0;0;1;1;1;4;1;50;3;Indemne
202300037423;155 614 228;1;0;2;1;1;5;203 762 438;1;1;4;2;1980.0;1;8;22;6;2023;09;1;37;37261;2;3;1;3;47,39077000;0,67202000;4;1;1;0;1;1;2;0;1;50;3;Blessé léger
202300037423;155 614 228;1;0;2;1;1;5;203 762 438;1;1;4;2;1980.0;1;8;22;6;2023;09;1;37;37261;2;3;1;3;47,39077000;0,67202000;4;1;1;2;1;1;2;0;1;50;3;Blessé léger
202300037423;155 614 229;7;0;2;3;15;1;203 762 439;1;1;1;1;1977.0;1;1;22;6;2023;09;1;37;37261;2;3;1;3;47,39077000;0,67202000;4;1;1;0;1;1;2;0;1;50;3;Indemne
202300037423;155 614 229;7;0;2;3;15;1;203 762 439;1;1;1;1;1977.0;1;1;22;6;2023;09;1;37;37261;2;3;1;3;47,39077000;0,67202000;4;1;1;2;1;1;2;0;1;50;3;Indemne
202300037426;155 614 223;1;0;2;7;0;5;203 762 432;1;1;4;2;1968.0;5;2;15;6;2023;11;1;34;34003;2;6;1;3;43,28303471;3,49778026;4;2;0;0;1;1;1;0;1;50;3;Blessé léger
202300037426;155 614 224;7;0;2;3;1;1;203 762 433;1;1;1;1;1950.0;0;1;15;6;2023;11;1;34;34003;2;6;1;3;43,28303471;3,49778026;4;2;0;0;1;1;1;0;1;50;3;Indemne
202300037429;155 614 217;7;0;2;1;1;1;203 762 424;1;1;1;1;1997.0;1;1;15;6;2023;18;1;33;33063;2;2;1;3;44,83047100; -0,60287207;4;1;1;1;1;1;1;5;1;50;3;Indemne
202300037429;155 614 217;7;0;2;1;1;1;203 762 424;1;1;1;1;1997.0;1;1;15;6;2023;18;1;33;33063;2;2;1;3;44,83047100; -0,60287207;4;1;2;0;1;2;1;5;1;50;3;Indemne
202300037429;155 614 218;1;0;2;3;15;5;203 762 425;1;1;3;2;1965.0;9;2;15;6;2023;18;1;33;33063;2;2;1;3;44,83047100; -0,60287207;4;1;1;1;1;1;1;5;1;50;3;Blessé hospitalisé
202300037429;155 614 218;1;0;2;3;15;5;203 762 425;1;1;3;2;1965.0;9;2;15;6;2023;18;1;33;33063;2;2;1;3;44,83047100; -0,60287207;4;1;2;0;1;2;1;5;1;50;3;Blessé hospitalisé
202300037432;155 614 212;7;0;2;1;2;1;203 762 417;1;1;1;2;1945.0;3;1;22;6;2023;14;1;30;30028;2;3;3;3;44,15526000;4,61726000;3;2;2;0;2;1;2;0;1;50;3;Indemne
202300037432;155 614 212;7;0;2;1;2;1;203 762 417;1;1;1;2;1945.0;3;1;22;6;2023;14;1;30;30028;2;3;3;3;44,15526000;4,61726000;3;3;2;0;3;1;2;0;1;50;3;Indemne
202300037432;155 614 213;1;0;2;7;6;5;203 762 418;1;1;4;2;1963.0;0;0;22;6;2023;14;1;30;30028;2;3;3;3;44,15526000;4,61726000;3;2;2;0;2;1;2;0;1;50;3;Blessé léger
202300037432;155 614 213;1;0;2;7;6;5;203 762 418;1;1;4;2;1963.0;0;0;22;6;2023;14;1;30;30028;2;3;3;3;44,15526000;4,61726000;3;3;2;0;3;1;2;0;1;50;3;Blessé léger
202300037442;155 614 195;7;0;9;3;9;1;203 762 395;1;1;1;2;1981.0;1;1;22;6;2023;15;1;15;15014;2;3;2;3;44,90631000;2,45016000;4;2;2;0;1;1;2;0;1;50;3;Indemne
202300037442;155 614 196;1;0;2;1;1;5;203 762 396;1;1;3;1;1961.0;0;8;22;6;2023;15;1;15;15014;2;3;2;3;44,90631000;2,45016000;4;2;2;0;1;1;2;0;1;50;3;Blessé hospitalisé
202300037457;155 614 166;1;1;0;7;1;5;203 762 363;1;1;4;2;1991.0;9;2;15;6;2023;10;1;75;75105;2;1;1;3;48,83953800;2,34793500;4;2;3;1;2;1;1;0;5;30;3;Blessé léger
202300037457;155 614 167;10;0;2;8;22;1;203 762 364;1;1;1;1;1998.0;4;8;15;6;2023;10;1;75;75105;2;1;1;3;48,83953800;2,34793500;4;2;3;1;2;1;1;0;5;30;3;Indemne
202300037463;155 614 156;7;0;2;2;1;2;203 762 352;1;1;1;1;1976.0;4;8;21;6;2023;23;5;75;75119;2;2;1;3;48,88501200;2,38328400;4;1;1;0;2;1;1;0;1;30;2;Indemne
202300037463;155 614 156;7;0;2;2;1;2;203 762 352;1;1;1;1;1976.0;4;8;21;6;2023;23;5;75;75119;2;2;1;3;48,88501200;2,38328400;4;1;2;1;2;1;1;0;1;30;2;Indemne
202300037463;155 614 157;1;0;2;1;1;5;203 762 353;1;1;4;1;1992.0;5;8;21;6;2023;23;5;75;75119;2;2;1;3;48,88501200;2,38328400;4;1;1;0;2;1;1;0;1;30;2;Blessé léger
202300037463;155 614 157;1;0;2;1;1;5;203 762 353;1;1;4;1;1992.0;5;8;21;6;2023;23;5;75;75119;2;2;1;3;48,88501200;2,38328400;4;1;2;1;2;1;1;0;1;30;2;Blessé léger
202300037469;155 614 142;1;0;2;2;1;5;203 762 336;1;1;4;1;1996.0;1;8;22;6;2023;16;1;75;75114;2;1;1;3;48,83784100;2,31911000;4;2;4;1;1;1;1;0;1;30;3;Blessé léger
202300037469;155 614 143;7;0;2;6;9;1;203 762 337;1;1;1;1;1994.0;1;1;22;6;2023;16;1;75;75114;2;1;1;3;48,83784100;2,31911000;4;2;4;1;1;1;1;0;1;30;3;Indemne
202300037470;155 614 140;1;0;2;7;1;5;203 762 334;1;1;4;1;1985.0;5;2;22;6;2023;20;1;75;75110;2;2;1;2;48,87522100;2,37032200;4;1;1;0;1;1;1;0;1;30;3;Blessé léger
202300037470;155 614 141;10;0;2;8;22;1;203 762 335;1;1;1;1;1981.0;4;8;22;6;2023;20;1;75;75110;2;2;1;2;48,87522100;2,37032200;4;1;1;0;1;1;1;0;1;30;3;Indemne
202300037479;155 614 124;7;0;2;7;1;2;203 762 314;1;1;1;1;1997.0;4;8;22;6;2023;02;5;75;75107;2;2;1;3;48,85995600;2,31483900;4;2;2;1;1;1;1;8;1;30;3;Indemne
202300037479;155 614 124;7;0;2;7;1;2;203 762 314;1;1;1;1;1997.0;4;8;22;6;2023;02;5;75;75107;2;2;1;3;48,85995600;2,31483900;4;1;1;0;1;1;1;8;1;30;3;Indemne
202300037479;155 614 126;1;0;2;7;1;5;203 762 315;1;1;4;2;2005.0;5;8;22;6;2023;02;5;75;75107;2;2;1;3;48,85995600;2,31483900;4;2;2;1;1;1;1;8;1;30;3;Blessé léger
202300037479;155 614 126;1;0;2;7;1;5;203 762 315;1;1;4;2;2005.0;5;8;22;6;2023;02;5;75;75107;2;2;1;3;48,85995600;2,31483900;4;1;1;0;1;1;1;8;1;30;3;Blessé léger
202300037480;155 614 123;1;0;0;0;21;5;203 762 313;1;1;4;2;1973.0;9;2;21;6;2023;19;1;75;75107;2;2;1;7;48,86105800;2,31324100;4;2;1;0;1;1;1;0;1;30;2;Blessé léger
202300037489;155 614 107;7;0;2;3;15;1;203 762 289;1;1;1;2;1999.0;3;1;21;6;2023;10;1;94;94033;2;1;1;3;48,84337951;2,46770230;4;1;1;2;1;1;1;0;1;30;2;Indemne
202300037489;155 614 108;80;0;2;2;21;3;203 762 291;1;1;4;2;1976.0;5;8;21;6;2023;10;1;94;94033;2;1;1;3;48,84337951;2,46770230;4;1;1;2;1;1;1;0;1;30;2;Blessé léger
202300037495;155 614 095;1;0;2;8;9;5;203 762 276;1;1;4;1;1999.0;5;8;7;11;2023;11;1;64;64102;2;1;1;3;43,49590000; -1,47192000;4;1;1;0;1;1;1;0;1;30;1;Blessé léger
202300037495;155 614 098;7;0;2;2;2;1;203 762 279;1;1;1;1;1991.0;0;1;7;11;2023;11;1;64;64102;2;1;1;3;43,49590000; -1,47192000;4;1;1;0;1;1;1;0;1;30;1;Indemne
202300037498;155 614 090;10;0;2;3;17;1;203 762 270;1;1;1;2;1999.0;0;8;22;6;2023;19;1;93;93071;2;1;1;1;48,93198000;2,53815000;4;2;2;0;1;1;1;0;1;50;3;Indemne
202300037498;155 614 091;80;0;2;1;1;3;203 762 271;1;1;3;1;1993.0;0;2;22;6;2023;19;1;93;93071;2;1;1;1;48,93198000;2,53815000;4;2;2;0;1;1;1;0;1;50;3;Blessé hospitalisé
202300037504;155 614 079;10;0;2;7;17;0;203 762 256;1;1;1;2;1945.0;3;8;7;11;2023;13;1;62;62774;2;1;1;3;50,95740000;1,82000000;3;2;2;0;1;1;1;0;1;50;1;Indemne
202300037504;155 614 081;1;0;2;8;2;5;203 762 257;1;1;4;1;1949.0;5;8;7;11;2023;13;1;62;62774;2;1;1;3;50,95740000;1,82000000;3;2;2;0;1;1;1;0;1;50;1;Blessé léger
202300037505;155 614 078;1;0;2;1;1;5;203 762 253;1;1;4;1;1969.0;5;8;22;6;2023;19;1;93;93048;2;7;1;3;48,85838000;2,43431000;3;2;2;1;1;1;1;0;5;50;3;Blessé léger
202300037505;155 614 080;1;0;2;8;15;5;203 762 254;1;1;4;1;1993.0;4;8;22;6;2023;19;1;93;93048;2;7;1;3;48,85838000;2,43431000;3;2;2;1;1;1;1;0;5;50;3;Blessé léger
202300037508;155 614 072;1;0;2;0;1;5;203 762 246;1;1;4;1;1969.0;5;2;7;11;2023;13;1;62;62193;2;6;7;2;50,95571000;1,90617000;2;1;2;0;4;1;2;3;8;50;1;Blessé léger
202300037508;155 614 072;1;0;2;0;1;5;203 762 246;1;1;4;1;1969.0;5;2;7;11;2023;13;1;62;62193;2;6;7;2;50,95571000;1,90617000;2;1;2;0;1;2;2;5;1;50;1;Blessé léger