Num_Acc;id_vehicule;catv;obs;obsm;choc;manv;motor;id_usager;place;catu;grav;sexe;an_nais;trajet;secu1;jour;mois;an;hrmn;lum;dep;com;agg;int;atm;col;lat;long;catr;circ;nbv;vosp;prof;plan;surf;infra;situ;vma;day_of_week;gravity
202300037508;155 614 076;7;0;2;2;9;0;203 762 250;1;1;1;1;2003.0;2;1;7;11;2023;13;1;62;62193;2;6;7;2;50,95571000;1,90617000;2;1;2;0;4;1;2;3;8;50;1;Indemne
202300037508;155 614 076;7;0;2;2;9;0;203 762 250;1;1;1;1;2003.0;2;1;7;11;2023;13;1;62;62193;2;6;7;2;50,95571000;1,90617000;2;1;2;0;1;2;2;5;1;50;1;Indemne
202300037520;155 614 051;80;0;1;1;1;3;203 762 212;1;1;4;1;2004.0;0;8;17;5;2023;15;1;22;22278;2;3;1;6;48,51114000; -2,75943000;4;2;4;0;1;1;1;0;1;50;2;Blessé léger
202300037520;155 614 051;80;0;1;1;1;3;203 762 212;1;1;4;1;2004.0;0;8;17;5;2023;15;1;22;22278;2;3;1;6;48,51114000; -2,75943000;4;1;1;3;1;1;1;6;1;20;2;Blessé léger
202300037520;155 614 051;80;0;1;1;1;3;203 762 216;10;3;4;2;1979.0;0;0;17;5;2023;15;1;22;22278;2;3;1;6;48,51114000; -2,75943000;4;2;4;0;1;1;1;0;1;50;2;Blessé léger
202300037520;155 614 051;80;0;1;1;1;3;203 762 216;10;3;4;2;1979.0;0;0;17;5;2023;15;1;22;22278;2;3;1;6;48,51114000; -2,75943000;4;1;1;3;1;1;1;6;1;20;2;Blessé léger
202300037528;155 614 039;7;0;2;2;16;1;203 762 196;1;1;1;2;1979.0;0;1;17;5;2023;15;1;988;98818;2;3;1;3; -22,27416000;166,45555000;4;1;1;0;1;1;1;0;1;50;2;Indemne
202300037528;155 614 039;7;0;2;2;16;1;203 762 196;1;1;1;2;1979.0;0;1;17;5;2023;15;1;988;98818;2;3;1;3; -22,27416000;166,45555000;4;1;1;2;1;1;1;0;1;50;2;Indemne
202300037528;155 614 042;1;0;2;1;1;5;203 762 199;1;1;4;1;1987.0;5;2;17;5;2023;15;1;988;98818;2;3;1;3; -22,27416000;166,45555000;4;1;1;0;1;1;1;0;1;50;2;Blessé léger
202300037528;155 614 042;1;0;2;1;1;5;203 762 199;1;1;4;1;1987.0;5;2;17;5;2023;15;1;988;98818;2;3;1;3; -22,27416000;166,45555000;4;1;1;2;1;1;1;0;1;50;2;Blessé léger
202300037531;155 614 033;7;1;0;4;24;2;203 762 189;1;1;1;1;1963.0;4;1;22;6;2023;04;5;92;92026;2;1;1;2;48,89735689;2,26390779;3;2;2;2;2;1;1;2;5;50;3;Indemne
202300037531;155 614 034;1;0;0;1;0;5;203 762 190;1;1;4;1;2002.0;5;8;22;6;2023;04;5;92;92026;2;1;1;2;48,89735689;2,26390779;3;2;2;2;2;1;1;2;5;50;3;Blessé léger
202300037537;155 614 021;1;0;2;1;21;5;203 762 172;1;1;4;1;2005.0;5;8;18;5;2023;13;1;974;97407;2;2;1;3; -20,93670000;55,29531000;4;1;2;0;1;1;1;0;1;50;3;Blessé léger
202300037537;155 614 021;1;0;2;1;21;5;203 762 172;1;1;4;1;2005.0;5;8;18;5;2023;13;1;974;97407;2;2;1;3; -20,93670000;55,29531000;4;1;1;0;1;1;1;0;1;50;3;Blessé léger
202300037537;155 614 021;1;0;2;1;21;5;203 762 174;2;2;4;2;2004.0;0;2;18;5;2023;13;1;974;97407;2;2;1;3; -20,93670000;55,29531000;4;1;2;0;1;1;1;0;1;50;3;Blessé léger
202300037537;155 614 021;1;0;2;1;21;5;203 762 174;2;2;4;2;2004.0;0;2;18;5;2023;13;1;974;97407;2;2;1;3; -20,93670000;55,29531000;4;1;1;0;1;1;1;0;1;50;3;Blessé léger
202300037537;155 614 025;10;0;2;7;1;1;203 762 178;1;1;1;1;1980.0;0;1;18;5;2023;13;1;974;97407;2;2;1;3; -20,93670000;55,29531000;4;1;2;0;1;1;1;0;1;50;3;Indemne
202300037537;155 614 025;10;0;2;7;1;1;203 762 178;1;1;1;1;1980.0;0;1;18;5;2023;13;1;974;97407;2;2;1;3; -20,93670000;55,29531000;4;1;1;0;1;1;1;0;1;50;3;Indemne
202300037538;155 614 020;1;1;0;0;0;5;203 762 171;1;1;3;1;2005.0;5;8;22;6;2023;04;5;92;92032;2;1;1;6;48,79204572;2,28438780;4;1;1;0;2;2;1;0;1;30;3;Blessé hospitalisé
202300037543;155 614 012;7;0;2;3;15;1;203 762 161;1;1;1;1;1971.0;5;1;22;6;2023;09;1;92;92004;2;3;3;1;48,91590000;2,29138000;3;1;1;2;1;1;2;0;1;30;3;Indemne
202300037543;155 614 012;7;0;2;3;15;1;203 762 161;1;1;1;1;1971.0;5;1;22;6;2023;09;1;92;92004;2;3;3;1;48,91590000;2,29138000;3;2;3;2;1;1;2;0;5;50;3;Indemne
202300037543;155 614 015;1;0;2;8;1;5;203 762 164;1;1;4;1;1997.0;1;8;22;6;2023;09;1;92;92004;2;3;3;1;48,91590000;2,29138000;3;1;1;2;1;1;2;0;1;30;3;Blessé léger
202300037543;155 614 015;1;0;2;8;1;5;203 762 164;1;1;4;1;1997.0;1;8;22;6;2023;09;1;92;92004;2;3;3;1;48,91590000;2,29138000;3;2;3;2;1;1;2;0;5;50;3;Blessé léger
202300037547;155 614 006;80;0;1;7;1;3;203 762 152;1;1;1;1;1991.0;4;8;21;6;2023;19;1;92;92002;2;1;1;6;48,75581000;2,30148000;4;2;0;0;1;1;1;2;1;50;2;Indemne
202300037547;155 614 006;80;0;1;7;1;3;203 762 153;10;3;4;2;1954.0;5;0;21;6;2023;19;1;92;92002;2;1;1;6;48,75581000;2,30148000;4;2;0;0;1;1;1;2;1;50;2;Blessé léger
202300037583;155 613 938;10;0;2;7;2;1;203 762 056;2;2;1;1;1965.0;5;1;22;6;2023;16;1;56;56052;1;1;1;2;47,51073900; -2,60988500;3;2;2;1;1;1;1;0;1;50;3;Indemne
202300037583;155 613 938;10;0;2;7;2;1;203 762 057;1;1;1;2;1940.0;5;1;22;6;2023;16;1;56;56052;1;1;1;2;47,51073900; -2,60988500;3;2;2;1;1;1;1;0;1;50;3;Indemne
202300037583;155 613 941;1;0;2;4;1;5;203 762 059;1;1;4;1;1959.0;5;0;22;6;2023;16;1;56;56052;1;1;1;2;47,51073900; -2,60988500;3;2;2;1;1;1;1;0;1;50;3;Blessé léger
202300037590;155 613 926;1;0;2;1;19;5;203 762 041;1;1;4;1;2003.0;0;2;6;11;2023;17;1;45;45068;2;1;1;3;48,01292200;2,73450000;4;2;2;0;1;1;2;0;1;50;0;Blessé léger
202300037590;155 613 928;7;0;2;3;1;1;203 762 044;1;1;1;1;1950.0;5;1;6;11;2023;17;1;45;45068;2;1;1;3;48,01292200;2,73450000;4;2;2;0;1;1;2;0;1;50;0;Indemne
202300037607;155 613 896;7;0;2;1;15;1;203 762 000;1;1;1;2;1949.0;5;1;22;6;2023;18;1;34;34074;1;3;1;1;43,43774100;3,07418200;3;2;2;0;4;1;1;0;1;80;3;Indemne
202300037607;155 613 898;1;0;2;1;1;5;203 762 002;1;1;3;1;1985.0;5;2;22;6;2023;18;1;34;34074;1;3;1;1;43,43774100;3,07418200;3;2;2;0;4;1;1;0;1;80;3;Blessé hospitalisé
202300037609;155 613 895;7;0;2;2;19;1;203 761 999;1;1;1;2;1990.0;1;8;7;11;2023;08;1;35;35238;2;2;1;3;48,10173000; -1,65612000;4;2;2;3;1;1;1;0;1;30;1;Indemne
202300037609;155 613 895;7;0;2;2;19;1;203 761 999;1;1;1;2;1990.0;1;8;7;11;2023;08;1;35;35238;2;2;1;3;48,10173000; -1,65612000;4;2;2;0;1;1;1;0;1;30;1;Indemne
202300037609;155 613 901;1;0;2;8;1;5;203 762 006;1;1;4;2;1984.0;1;2;7;11;2023;08;1;35;35238;2;2;1;3;48,10173000; -1,65612000;4;2;2;3;1;1;1;0;1;30;1;Blessé léger
202300037609;155 613 901;1;0;2;8;1;5;203 762 006;1;1;4;2;1984.0;1;2;7;11;2023;08;1;35;35238;2;2;1;3;48,10173000; -1,65612000;4;2;2;0;1;1;1;0;1;30;1;Blessé léger
202300037621;155 613 873;80;0;2;1;5;3;203 761 972;1;1;4;2;1971.0;1;2;7;11;2023;08;1;34;34129;2;1;1;1;43,58670000;3,91719000;4;1;1;1;1;1;1;0;5;25;1;Blessé léger
202300037621;155 613 875;80;0;2;1;17;3;203 761 973;1;1;1;1;1964.0;1;2;7;11;2023;08;1;34;34129;2;1;1;1;43,58670000;3,91719000;4;1;1;1;1;1;1;0;5;25;1;Indemne
202300037624;155 613 868;40;0;2;2;1;3;203 761 965;1;1;1;1;1972.0;4;1;7;11;2023;06;2;34;34172;2;1;1;1;43,61530000;3,82158000;4;2;3;3;2;1;1;4;6;50;1;Indemne
202300037624;155 613 870;1;0;4;1;15;5;203 761 968;1;1;3;1;1989.0;0;2;7;11;2023;06;2;34;34172;2;1;1;1;43,61530000;3,82158000;4;2;3;3;2;1;1;4;6;50;1;Blessé hospitalisé
202300037631;155 613 855;1;0;1;3;1;5;203 761 949;1;1;4;1;1978.0;9;2;18;5;2023;17;1;29;29232;2;1;1;6;47,97964000; -4,10868000;4;2;2;3;4;1;1;9;1;50;3;Blessé léger
202300037631;155 613 855;1;0;1;3;1;5;203 761 950;10;3;4;2;1931.0;5;8;18;5;2023;17;1;29;29232;2;1;1;6;47,97964000; -4,10868000;4;2;2;3;4;1;1;9;1;50;3;Blessé léger
202300037645;155 613 827;7;0;2;1;26;1;203 761 915;1;1;1;2;1947.0;3;1;7;11;2023;10;1;29;29051;2;1;1;1;47,99510944; -4,06315135;3;2;1;0;2;1;1;0;1;50;1;Indemne
202300037645;155 613 830;1;0;2;2;19;5;203 761 917;1;1;4;1;2003.0;1;2;7;11;2023;10;1;29;29051;2;1;1;1;47,99510944; -4,06315135;3;2;1;0;2;1;1;0;1;50;1;Blessé léger
202300037647;155 613 826;7;0;9;3;9;1;203 761 914;1;1;1;1;1969.0;0;1;17;5;2023;14;1;15;15014;2;6;1;3;44,90017200;2,43124900;4;1;1;0;1;2;1;0;1;50;2;Indemne
202300037647;155 613 826;7;0;9;3;9;1;203 761 914;1;1;1;1;1969.0;0;1;17;5;2023;14;1;15;15014;2;6;1;3;44,90017200;2,43124900;4;1;1;0;2;2;1;0;1;50;2;Indemne
202300037647;155 613 828;1;0;2;7;1;5;203 761 916;1;1;4;1;1949.0;5;0;17;5;2023;14;1;15;15014;2;6;1;3;44,90017200;2,43124900;4;1;1;0;1;2;1;0;1;50;2;Blessé léger
202300037647;155 613 828;1;0;2;7;1;5;203 761 916;1;1;4;1;1949.0;5;0;17;5;2023;14;1;15;15014;2;6;1;3;44,90017200;2,43124900;4;1;1;0;2;2;1;0;1;50;2;Blessé léger
202300037651;155 613 818;1;0;2;0;1;5;203 761 900;1;1;2;1;1951.0;5;2;23;6;2023;08;1;27;27290;1;2;1;3;49,13001800;0,79230300;3;2;2;0;1;1;1;0;1;80;4;Tué
202300037651;155 613 818;1;0;2;0;1;5;203 761 900;1;1;2;1;1951.0;5;2;23;6;2023;08;1;27;27290;1;2;1;3;49,13001800;0,79230300;3;2;2;0;1;1;1;0;1;80;4;Tué
202300037651;155 613 822;13;0;9;1;1;1;203 761 910;1;1;1;1;1981.0;1;1;23;6;2023;08;1;27;27290;1;2;1;3;49,13001800;0,79230300;3;2;2;0;1;1;1;0;1;80;4;Indemne
202300037651;155 613 822;13;0;9;1;1;1;203 761 910;1;1;1;1;1981.0;1;1;23;6;2023;08;1;27;27290;1;2;1;3;49,13001800;0,79230300;3;2;2;0;1;1;1;0;1;80;4;Indemne
202300037661;155 613 798;7;0;2;4;9;1;203 761 876;1;1;1;1;1966.0;5;1;18;5;2023;12;1;04;04070;2;2;2;2;44,09119000;6,23114000;4;1;2;0;1;2;2;0;1;50;3;Indemne
202300037661;155 613 798;7;0;2;4;9;1;203 761 876;1;1;1;1;1966.0;5;1;18;5;2023;12;1;04;04070;2;2;2;2;44,09119000;6,23114000;4;1;2;0;1;1;2;5;8;50;3;Indemne
202300037661;155 613 800;1;0;0;4;0;5;203 761 879;1;1;4;2;1974.0;5;2;18;5;2023;12;1;04;04070;2;2;2;2;44,09119000;6,23114000;4;1;2;0;1;2;2;0;1;50;3;Blessé léger
202300037661;155 613 800;1;0;0;4;0;5;203 761 879;1;1;4;2;1974.0;5;2;18;5;2023;12;1;04;04070;2;2;2;2;44,09119000;6,23114000;4;1;2;0;1;1;2;5;8;50;3;Blessé léger
202300037693;155 613 743;1;0;2;1;1;5;203 761 799;1;1;2;2;1972.0;5;2;6;11;2023;11;1;05;05061;1;1;2;5;44,54434000;6,09150000;3;2;2;0;2;3;2;0;1;80;0;Tué
202300037693;155 613 744;1;0;2;1;1;5;203 761 800;1;1;3;1;2005.0;5;2;6;11;2023;11;1;05;05061;1;1;2;5;44,54434000;6,09150000;3;2;2;0;2;3;2;0;1;80;0;Blessé hospitalisé
202300037693;155 613 746;7;0;2;1;13;1;203 761 802;1;1;1;1;1931.0;5;1;6;11;2023;11;1;05;05061;1;1;2;5;44,54434000;6,09150000;3;2;2;0;2;3;2;0;1;80;0;Indemne
202300037693;155 613 746;7;0;2;1;13;1;203 761 804;4;2;1;2;2006.0;9;1;6;11;2023;11;1;05;05061;1;1;2;5;44,54434000;6,09150000;3;2;2;0;2;3;2;0;1;80;0;Indemne
202300037693;155 613 746;7;0;2;1;13;1;203 761 805;3;2;1;2;2006.0;2;1;6;11;2023;11;1;05;05061;1;1;2;5;44,54434000;6,09150000;3;2;2;0;2;3;2;0;1;80;0;Indemne
202300037695;155 613 739;1;0;2;3;1;5;203 761 795;1;1;4;2;1989.0;5;2;18;5;2023;16;1;94;94042;2;1;1;2;48,81405300;2,46471500;3;2;2;0;1;1;1;0;1;50;3;Blessé léger
202300037695;155 613 741;7;0;2;5;20;1;203 761 797;1;1;1;1;1974.0;3;1;18;5;2023;16;1;94;94042;2;1;1;2;48,81405300;2,46471500;3;2;2;0;1;1;1;0;1;50;3;Indemne
202300037696;155 613 736;7;0;2;4;23;1;203 761 792;1;1;1;2;1991.0;5;1;6;11;2023;13;1;05;05023;1;1;1;2;44,88108563;6,62109196;3;2;2;0;1;1;1;2;1;30;0;Indemne
202300037696;155 613 738;1;0;2;1;2;5;203 761 794;1;1;4;1;1964.0;1;8;6;11;2023;13;1;05;05023;1;1;1;2;44,88108563;6,62109196;3;2;2;0;1;1;1;2;1;30;0;Blessé léger
202300037702;155 613 725;1;0;2;1;1;5;203 761 777;1;1;4;1;1968.0;5;2;18;5;2023;11;1;94;94004;2;2;1;1;48,74881200;2,51285000;3;2;2;0;1;1;1;5;1;50;3;Blessé léger
202300037702;155 613 727;7;0;2;1;15;1;203 761 779;1;1;1;2;1991.0;5;1;18;5;2023;11;1;94;94004;2;2;1;1;48,74881200;2,51285000;3;2;2;0;1;1;1;5;1;50;3;Indemne
202300037726;155 613 681;7;0;2;1;17;1;203 761 720;1;1;4;2;1996.0;5;1;26;2;2023;02;3;13;13207;2;1;1;1;43,29222000;5,36472000;4;2;3;0;1;1;1;0;1;50;6;Blessé léger
202300037726;155 613 682;1;0;2;0;0;5;203 761 722;1;1;4;1;2006.0;5;8;26;2;2023;02;3;13;13207;2;1;1;1;43,29222000;5,36472000;4;2;3;0;1;1;1;0;1;50;6;Blessé léger
202300037738;155 613 659;1;0;1;1;1;5;203 761 688;1;1;4;1;1967.0;5;2;18;5;2023;12;1;62;62245;1;1;1;6;50,71732700;2,00558900;4;2;2;0;2;2;1;0;1;80;3;Blessé léger
202300037738;155 613 659;1;0;1;1;1;5;203 761 690;10;3;3;1;1950.0;5;0;18;5;2023;12;1;62;62245;1;1;1;6;50,71732700;2,00558900;4;2;2;0;2;2;1;0;1;80;3;Blessé hospitalisé
202300037746;155 613 651;14;0;2;7;16;1;203 761 678;1;1;1;1;1978.0;1;8;7;11;2023;09;1;75;75116;2;3;1;3;48,86320400;2,29617600;4;3;2;1;1;1;2;0;5;30;1;Indemne
202300037746;155 613 652;1;0;2;1;1;5;203 761 680;1;1;4;1;1979.0;1;2;7;11;2023;09;1;75;75116;2;3;1;3;48,86320400;2,29617600;4;3;2;1;1;1;2;0;5;30;1;Blessé léger
202300037759;155 613 627;43;0;2;1;18;1;203 761 645;1;1;1;1;1995.0;1;2;7;11;2023;13;1;75;75115;2;3;1;1;48,83210500;2,29342900;4;1;1;2;2;1;1;0;5;30;1;Indemne
202300037759;155 613 628;1;0;2;3;5;5;203 761 646;1;1;4;2;1975.0;1;2;7;11;2023;13;1;75;75115;2;3;1;1;48,83210500;2,29342900;4;1;1;2;2;1;1;0;5;30;1;Blessé léger
202300037760;155 613 623;7;0;2;3;1;1;203 761 641;1;1;1;1;1997.0;1;1;16;5;2023;18;1;62;62338;1;2;1;3;50,64275100;2,81975000;4;2;2;0;1;1;1;0;1;50;1;Indemne
202300037760;155 613 625;1;0;2;8;19;5;203 761 643;1;1;3;1;2015.0;5;2;16;5;2023;18;1;62;62338;1;2;1;3;50,64275100;2,81975000;4;2;2;0;1;1;1;0;1;50;1;Blessé hospitalisé
202300037778;155 613 592;7;0;2;3;22;1;203 761 601;1;1;1;2;1949.0;5;1;7;11;2023;12;1;75;75107;2;1;1;3;48,85507600;2,30671400;4;2;2;0;1;1;1;0;1;30;1;Indemne
202300037778;155 613 595;1;0;2;1;1;5;203 761 606;1;1;4;2;1991.0;9;8;7;11;2023;12;1;75;75107;2;1;1;3;48,85507600;2,30671400;4;2;2;0;1;1;1;0;1;30;1;Blessé léger
202300037779;155 613 591;1;0;2;8;1;5;203 761 600;1;1;4;1;1976.0;0;8;25;2;2023;10;1;77;77058;2;2;1;3;48,83913000;2,72143000;3;2;2;1;1;1;1;5;1;50;5;Blessé léger
202300037779;155 613 591;1;0;2;8;1;5;203 761 600;1;1;4;1;1976.0;0;8;25;2;2023;10;1;77;77058;2;2;1;3;48,83913000;2,72143000;3;2;2;0;1;1;1;5;1;50;5;Blessé léger
202300037779;155 613 594;7;0;2;2;1;1;203 761 603;1;1;1;1;1976.0;0;8;25;2;2023;10;1;77;77058;2;2;1;3;48,83913000;2,72143000;3;2;2;1;1;1;1;5;1;50;5;Indemne
202300037779;155 613 594;7;0;2;2;1;1;203 761 603;1;1;1;1;1976.0;0;8;25;2;2023;10;1;77;77058;2;2;1;3;48,83913000;2,72143000;3;2;2;0;1;1;1;5;1;50;5;Indemne
202300037779;155 613 594;7;0;2;2;1;1;203 761 605;2;2;1;2;1982.0;0;8;25;2;2023;10;1;77;77058;2;2;1;3;48,83913000;2,72143000;3;2;2;1;1;1;1;5;1;50;5;Indemne
202300037779;155 613 594;7;0;2;2;1;1;203 761 605;2;2;1;2;1982.0;0;8;25;2;2023;10;1;77;77058;2;2;1;3;48,83913000;2,72143000;3;2;2;0;1;1;1;5;1;50;5;Indemne
202300037831;155 613 501;7;0;2;6;23;1;203 761 473;1;1;1;2;1991.0;1;1;7;11;2023;10;1;92;92051;2;1;1;2;48,88296914;2,27547669;4;2;1;2;1;1;1;0;5;50;1;Indemne
202300037831;155 613 503;1;0;2;1;1;5;203 761 475;1;1;4;2;1960.0;9;8;7;11;2023;10;1;92;92051;2;1;1;2;48,88296914;2,27547669;4;2;1;2;1;1;1;0;5;50;1;Blessé léger
202300037833;155 613 497;7;0;2;1;1;0;203 761 469;1;1;1;1;1972.0;5;1;18;5;2023;10;1;29;29235;2;3;1;3;48,41011110; -4,39031500;4;2;2;0;2;3;1;5;1;30;3;Indemne
202300037833;155 613 497;7;0;2;1;1;0;203 761 469;1;1;1;1;1972.0;5;1;18;5;2023;10;1;29;29235;2;3;1;3;48,41011110; -4,39031500;4;2;2;2;2;1;1;5;1;30;3;Indemne
202300037833;155 613 499;1;0;2;8;16;5;203 761 471;1;1;3;1;2013.0;5;2;18;5;2023;10;1;29;29235;2;3;1;3;48,41011110; -4,39031500;4;2;2;0;2;3;1;5;1;30;3;Blessé hospitalisé
202300037833;155 613 499;1;0;2;8;16;5;203 761 471;1;1;3;1;2013.0;5;2;18;5;2023;10;1;29;29235;2;3;1;3;48,41011110; -4,39031500;4;2;2;2;2;1;1;5;1;30;3;Blessé hospitalisé
202300037838;155 613 491;10;0;2;4;4;3;203 761 459;1;1;1;1;1994.0;4;1;25;2;2023;09;1;33;33167;2;1;1;2;44,84217000; -0,52077000;4;2;2;0;1;1;1;0;1;30;5;Indemne
202300037838;155 613 493;1;0;2;1;23;5;203 761 462;1;1;3;2;1950.0;0;2;25;2;2023;09;1;33;33167;2;1;1;2;44,84217000; -0,52077000;4;2;2;0;1;1;1;0;1;30;5;Blessé hospitalisé
202300037853;155 613 467;7;0;2;7;1;1;203 761 428;1;1;1;1;1954.0;5;1;25;2;2023;11;1;17;17300;2;1;1;3;46,16524800; -1,18590000;4;2;2;2;1;1;1;0;1;30;5;Indemne
202300037853;155 613 469;1;0;2;8;1;5;203 761 430;1;1;4;1;1952.0;5;8;25;2;2023;11;1;17;17300;2;1;1;3;46,16524800; -1,18590000;4;2;2;2;1;1;1;0;1;30;5;Blessé léger
202300037861;155 613 452;7;0;2;2;1;1;203 761 410;1;1;1;1;1936.0;5;1;7;11;2023;17;2;35;35345;1;1;8;2;48,36228400; -1,90558100;3;2;2;0;1;1;2;0;1;70;1;Indemne
202300037861;155 613 454;80;0;2;4;1;3;203 761 412;1;1;3;1;1953.0;5;4;7;11;2023;17;2;35;35345;1;1;8;2;48,36228400; -1,90558100;3;2;2;0;1;1;2;0;1;70;1;Blessé hospitalisé
202300037879;155 613 423;7;0;0;2;1;1;203 761 373;1;1;1;2;1968.0;5;8;5;11;2023;13;1;34;34270;2;1;1;1;43,57667303;3,84849250;3;2;2;0;1;3;1;0;1;50;6;Indemne
202300037879;155 613 425;1;0;0;1;1;5;203 761 375;1;1;3;1;1947.0;5;2;5;11;2023;13;1;34;34270;2;1;1;1;43,57667303;3,84849250;3;2;2;0;1;3;1;0;1;50;6;Blessé hospitalisé
202300037921;155 613 344;1;0;0;7;1;5;203 761 265;1;1;3;1;1976.0;5;2;20;2;2023;14;1;86;86165;2;6;1;3;46,42687100;0,85928800;3;1;1;0;1;2;1;0;1;50;0;Blessé hospitalisé
202300037921;155 613 346;7;0;0;1;9;1;203 761 267;1;1;1;1;1978.0;1;8;20;2;2023;14;1;86;86165;2;6;1;3;46,42687100;0,85928800;3;1;1;0;1;2;1;0;1;50;0;Indemne
202300037924;155 613 339;1;0;2;4;1;5;203 761 258;1;1;2;1;1989.0;0;0;27;2;2023;19;3;51;51090;1;1;1;2;48,77418400;3,86597700;3;2;2;0;1;1;1;0;1;80;0;Tué
202300037924;155 613 340;7;0;2;1;1;0;203 761 259;1;1;1;1;1996.0;1;1;27;2;2023;19;3;51;51090;1;1;1;2;48,77418400;3,86597700;3;2;2;0;1;1;1;0;1;80;0;Indemne
202300037931;155 613 322;50;0;2;1;13;3;203 761 237;1;1;1;1;2000.0;5;8;10;4;2023;10;1;75;75110;2;3;2;1;48,87614000;2,35828900;4;2;2;3;1;1;2;0;1;30;0;Indemne
202300037931;155 613 322;50;0;2;1;13;3;203 761 237;1;1;1;1;2000.0;5;8;10;4;2023;10;1;75;75110;2;3;2;1;48,87614000;2,35828900;4;2;2;3;1;1;2;0;1;30;0;Indemne
202300037931;155 613 326;1;0;2;1;14;5;203 761 241;1;1;4;1;1997.0;9;2;10;4;2023;10;1;75;75110;2;3;2;1;48,87614000;2,35828900;4;2;2;3;1;1;2;0;1;30;0;Blessé léger
202300037931;155 613 326;1;0;2;1;14;5;203 761 241;1;1;4;1;1997.0;9;2;10;4;2023;10;1;75;75110;2;3;2;1;48,87614000;2,35828900;4;2;2;3;1;1;2;0;1;30;0;Blessé léger
202300037935;155 613 315;1;0;1;1;1;5;203 761 224;1;1;4;1;1998.0;5;8;10;4;2023;18;1;75;75104;2;2;1;6;48,85183100;2,35655400;4;2;2;2;1;1;1;0;1;30;0;Blessé léger
202300037935;155 613 315;1;0;1;1;1;5;203 761 224;1;1;4;1;1998.0;5;8;10;4;2023;18;1;75;75104;2;2;1;6;48,85183100;2,35655400;4;2;2;2;1;1;1;0;1;30;0;Blessé léger
202300037935;155 613 315;1;0;1;1;1;5;203 761 227;10;3;1;1;1960.0;9;0;10;4;2023;18;1;75;75104;2;2;1;6;48,85183100;2,35655400;4;2;2;2;1;1;1;0;1;30;0;Indemne
202300037935;155 613 315;1;0;1;1;1;5;203 761 227;10;3;1;1;1960.0;9;0;10;4;2023;18;1;75;75104;2;2;1;6;48,85183100;2,35655400;4;2;2;2;1;1;1;0;1;30;0;Indemne
202300037952;155 613 286;2;0;2;1;9;1;203 761 181;1;1;4;1;1993.0;0;2;9;4;2023;23;5;94;94041;2;2;1;1;48,81806242;2,39792114;3;1;2;0;1;1;1;5;6;30;6;Blessé léger
202300037952;155 613 286;2;0;2;1;9;1;203 761 181;1;1;4;1;1993.0;0;2;9;4;2023;23;5;94;94041;2;2;1;1;48,81806242;2,39792114;3;2;3;3;1;1;1;5;1;30;6;Blessé léger
202300037952;155 613 289;1;0;2;1;0;5;203 761 185;1;1;4;1;2008.0;9;0;9;4;2023;23;5;94;94041;2;2;1;1;48,81806242;2,39792114;3;1;2;0;1;1;1;5;6;30;6;Blessé léger
202300037952;155 613 289;1;0;2;1;0;5;203 761 185;1;1;4;1;2008.0;9;0;9;4;2023;23;5;94;94041;2;2;1;1;48,81806242;2,39792114;3;2;3;3;1;1;1;5;1;30;6;Blessé léger
202300037953;155 613 285;1;0;0;6;15;5;203 761 180;1;1;3;1;1957.0;1;2;27;2;2023;08;1;22;22079;1;1;1;3;48,39716416; -2,62604088;3;2;2;0;1;1;1;0;1;80;0;Blessé hospitalisé
202300037953;155 613 287;7;0;0;2;17;1;203 761 182;1;1;1;1;1984.0;1;1;27;2;2023;08;1;22;22079;1;1;1;3;48,39716416; -2,62604088;3;2;2;0;1;1;1;0;1;80;0;Indemne
202300037955;155 613 283;1;0;2;0;1;5;203 761 178;1;1;4;2;1994.0;0;8;18;5;2023;00;5;69;69383;2;1;1;6;45,76059000;4,84116000;4;1;3;1;1;1;1;0;1;50;3;Blessé léger
202300037962;155 613 270;7;0;0;2;1;1;203 761 157;1;1;3;1;2002.0;1;8;6;11;2023;16;1;30;30155;2;1;1;2;43,81575400;4,46496600;3;2;2;0;1;1;1;0;1;30;0;Blessé hospitalisé
202300037962;155 613 274;1;0;2;4;2;5;203 761 161;1;1;3;1;1934.0;0;0;6;11;2023;16;1;30;30155;2;1;1;2;43,81575400;4,46496600;3;2;2;0;1;1;1;0;1;30;0;Blessé hospitalisé
202300037964;155 613 264;7;0;2;2;1;1;203 761 150;1;1;1;1;1998.0;0;1;10;4;2023;19;2;93;93039;2;2;3;3;48,93579000;2,34082800;3;2;2;2;1;1;2;4;1;50;0;Indemne
202300037964;155 613 264;7;0;2;2;1;1;203 761 150;1;1;1;1;1998.0;0;1;10;4;2023;19;2;93;93039;2;2;3;3;48,93579000;2,34082800;3;2;2;0;1;1;2;4;1;50;0;Indemne
202300037964;155 613 268;1;0;2;1;1;5;203 761 155;1;1;4;1;1989.0;0;8;10;4;2023;19;2;93;93039;2;2;3;3;48,93579000;2,34082800;3;2;2;2;1;1;2;4;1;50;0;Blessé léger
202300037964;155 613 268;1;0;2;1;1;5;203 761 155;1;1;4;1;1989.0;0;8;10;4;2023;19;2;93;93039;2;2;3;3;48,93579000;2,34082800;3;2;2;0;1;1;2;4;1;50;0;Blessé léger