Num_Acc;id_vehicule;catv;obs;obsm;choc;manv;motor;id_usager;place;catu;grav;sexe;an_nais;trajet;secu1;jour;mois;an;hrmn;lum;dep;com;agg;int;atm;col;lat;long;catr;circ;nbv;vosp;prof;plan;surf;infra;situ;vma;day_of_week;gravity
202300038051;155 613 096;1;0;1;1;1;5;203 760 925;1;1;1;1;2003.0;9;8;25;2;2023;16;1;75;75120;2;3;8;6;48,87253200;2,37855500;4;2;2;0;4;1;1;0;1;30;5;Indemne
202300038051;155 613 096;1;0;1;1;1;5;203 760 927;10;3;4;2;1977.0;9;0;25;2;2023;16;1;75;75120;2;3;8;6;48,87253200;2,37855500;4;2;2;0;4;1;1;0;1;30;5;Blessé léger
202300038055;155 613 085;1;0;1;1;1;5;203 760 911;10;3;4;2;1972.0;1;0;16;5;2023;08;1;72;72181;2;9;1;6;48,00563000;0,20106000;4;1;0;1;1;1;1;0;5;50;1;Blessé léger
202300038055;155 613 085;1;0;1;1;1;5;203 760 912;1;1;1;2;1977.0;1;8;16;5;2023;08;1;72;72181;2;9;1;6;48,00563000;0,20106000;4;1;0;1;1;1;1;0;5;50;1;Indemne
202300038063;155 613 071;1;0;2;7;1;5;203 760 897;1;1;4;1;1954.0;0;8;17;5;2023;18;1;67;67482;2;3;1;1;48,59610000;7,78917000;4;2;2;0;1;1;1;0;1;50;2;Blessé léger
202300038063;155 613 075;7;0;2;1;16;1;203 760 901;1;1;1;1;1972.0;0;1;17;5;2023;18;1;67;67482;2;3;1;1;48,59610000;7,78917000;4;2;2;0;1;1;1;0;1;50;2;Indemne
202300038066;155 613 068;1;0;1;1;1;5;203 760 892;1;1;4;1;1992.0;5;2;25;2;2023;11;1;75;75115;2;2;1;6;48,83598000;2,27826000;4;3;7;0;1;1;1;0;1;50;5;Blessé léger
202300038066;155 613 068;1;0;1;1;1;5;203 760 893;10;3;4;2;1963.0;9;0;25;2;2023;11;1;75;75115;2;2;1;6;48,83598000;2,27826000;4;3;7;0;1;1;1;0;1;50;5;Blessé léger
202300038070;155 613 062;1;0;2;1;2;5;203 760 885;1;1;4;1;1976.0;1;2;25;2;2023;13;1;75;75114;2;2;1;2;48,82490300;2,31839300;4;3;8;0;1;1;1;0;1;50;5;Blessé léger
202300038070;155 613 064;7;0;2;5;23;1;203 760 887;1;1;1;2;1947.0;5;1;25;2;2023;13;1;75;75114;2;2;1;2;48,82490300;2,31839300;4;3;8;0;1;1;1;0;1;50;5;Indemne
202300038071;155 613 059;31;0;2;1;2;1;203 760 880;1;1;1;1;2002.0;1;2;17;5;2023;08;1;67;67482;2;1;1;3;48,58215000;7,75782000;4;1;1;1;1;1;1;0;1;30;2;Indemne
202300038071;155 613 060;1;0;2;8;10;5;203 760 882;1;1;4;1;1962.0;1;8;17;5;2023;08;1;67;67482;2;1;1;3;48,58215000;7,75782000;4;1;1;1;1;1;1;0;1;30;2;Blessé léger
202300038082;155 613 038;7;0;2;2;14;1;203 760 857;1;1;1;1;1968.0;3;1;17;5;2023;13;1;61;61117;1;1;1;2;48,43570000;0,03211000;3;2;2;0;2;1;1;0;3;90;2;Indemne
202300038082;155 613 041;1;0;2;4;2;5;203 760 860;1;1;4;1;2000.0;1;8;17;5;2023;13;1;61;61117;1;1;1;2;48,43570000;0,03211000;3;2;2;0;2;1;1;0;3;90;2;Blessé léger
202300038105;155 612 991;39;0;2;1;1;3;203 760 789;1;1;1;1;1988.0;4;8;16;5;2023;07;1;54;54403;2;8;1;3;48,93287000;6,03911000;4;2;2;0;1;1;1;4;6;30;1;Indemne
202300038105;155 612 994;80;0;4;7;19;5;203 760 794;1;1;2;1;1979.0;1;8;16;5;2023;07;1;54;54403;2;8;1;3;48,93287000;6,03911000;4;2;2;0;1;1;1;4;6;30;1;Tué
202300038113;155 612 978;80;0;0;0;1;3;203 760 776;1;1;3;1;1944.0;5;2;10;4;2023;16;1;43;43051;1;1;1;7;45,02710200;4,30321300;3;2;2;0;2;1;1;0;3;90;0;Blessé hospitalisé
202300038119;155 612 969;1;0;2;8;19;5;203 760 763;1;1;4;2;1964.0;1;8;16;5;2023;17;1;54;54526;2;2;1;3;48,68355528;6,22092247;4;2;2;0;1;3;1;9;1;30;1;Blessé léger
202300038119;155 612 971;7;0;9;1;16;1;203 760 765;1;1;1;1;1977.0;5;1;16;5;2023;17;1;54;54526;2;2;1;3;48,68355528;6,22092247;4;2;2;0;1;3;1;9;1;30;1;Indemne
202300038134;155 612 936;1;0;2;0;16;5;203 760 705;1;1;3;1;2005.0;0;0;17;5;2023;10;1;49;49020;2;3;1;3;47,47405000; -0,60472000;4;2;2;0;1;1;1;0;1;30;2;Blessé hospitalisé
202300038134;155 612 939;14;0;2;1;1;1;203 760 709;1;1;1;1;1965.0;1;1;17;5;2023;10;1;49;49020;2;3;1;3;47,47405000; -0,60472000;4;2;2;0;1;1;1;0;1;30;2;Indemne
202300038135;155 612 931;1;0;2;1;1;5;203 760 697;1;1;4;1;1993.0;0;8;17;5;2023;09;1;49;49007;2;1;1;3;47,46486000; -0,55414000;4;2;3;2;1;1;1;0;1;30;2;Blessé léger
202300038135;155 612 934;7;0;2;7;16;1;203 760 702;1;1;1;1;1951.0;0;8;17;5;2023;09;1;49;49007;2;1;1;3;47,46486000; -0,55414000;4;2;3;2;1;1;1;0;1;30;2;Indemne
202300038149;155 612 913;1;0;0;4;2;5;203 760 664;1;1;4;2;2001.0;5;0;6;2;2023;19;3;64;64269;1;1;1;2;43,29127100; -0,27788800;3;2;2;0;1;1;1;0;1;90;0;Blessé léger
202300038149;155 612 914;2;0;9;2;2;1;203 760 666;1;1;1;1;2001.0;1;2;6;2;2023;19;3;64;64269;1;1;1;2;43,29127100; -0,27788800;3;2;2;0;1;1;1;0;1;90;0;Indemne
202300038163;155 612 896;33;0;1;1;17;1;203 760 640;1;1;4;1;1998.0;5;2;9;4;2023;14;1;84;84136;2;1;1;1;44,14572800;4,98183600;4;2;2;0;1;1;1;0;1;50;6;Blessé léger
202300038163;155 612 897;1;0;2;1;1;5;203 760 642;1;1;3;1;1968.0;5;2;9;4;2023;14;1;84;84136;2;1;1;1;44,14572800;4,98183600;4;2;2;0;1;1;1;0;1;50;6;Blessé hospitalisé
202300038171;155 612 883;1;1;0;1;1;5;203 760 622;1;1;3;1;1961.0;5;2;27;1;2023;11;1;83;83047;1;1;1;3;43,11552600;6,05716800;3;2;2;2;2;1;1;0;5;70;4;Blessé hospitalisé
202300038171;155 612 885;10;0;9;3;23;1;203 760 624;1;1;1;1;1981.0;9;1;27;1;2023;11;1;83;83047;1;1;1;3;43,11552600;6,05716800;3;2;2;2;2;1;1;0;5;70;4;Indemne
202300038193;155 612 847;7;0;2;3;26;1;203 760 573;1;1;1;1;1989.0;5;1;10;4;2023;18;1;85;85035;2;3;1;1;46,62346500; -1,86849700;4;2;2;0;1;1;1;0;1;50;0;Indemne
202300038193;155 612 851;1;0;2;3;16;5;203 760 577;1;1;4;1;1953.0;5;0;10;4;2023;18;1;85;85035;2;3;1;1;46,62346500; -1,86849700;4;2;2;0;1;1;1;0;1;50;0;Blessé léger
202300038198;155 612 841;1;0;2;4;2;5;203 760 567;1;1;1;1;1969.0;1;2;9;4;2023;17;1;72;72264;1;1;1;3;47,86813500; -0,33795800;3;2;2;0;1;1;1;0;1;90;6;Indemne
202300038198;155 612 843;1;0;2;1;2;5;203 760 569;1;1;3;1;1963.0;5;2;9;4;2023;17;1;72;72264;1;1;1;3;47,86813500; -0,33795800;3;2;2;0;1;1;1;0;1;90;6;Blessé hospitalisé
202300038204;155 612 828;7;0;2;5;1;1;203 760 553;1;1;1;2;1955.0;5;1;4;9;2023;17;1;92;92014;2;1;1;3;48,77951057;2,31537625;3;1;2;0;1;1;1;0;1;50;0;Indemne
202300038204;155 612 831;1;0;2;3;1;5;203 760 556;1;1;4;1;1943.0;5;2;4;9;2023;17;1;92;92014;2;1;1;3;48,77951057;2,31537625;3;1;2;0;1;1;1;0;1;50;0;Blessé léger
202300038207;155 612 823;7;0;9;7;2;1;203 760 548;1;1;1;1;1997.0;9;1;5;9;2023;07;2;60;60318;1;1;7;2;49,34461924;2,63065367;3;2;2;0;1;1;1;0;1;80;1;Indemne
202300038207;155 612 825;1;0;0;4;2;5;203 760 551;1;1;3;2;1979.0;1;2;5;9;2023;07;2;60;60318;1;1;7;2;49,34461924;2,63065367;3;2;2;0;1;1;1;0;1;80;1;Blessé hospitalisé
202300038216;155 612 810;1;0;0;0;1;5;203 760 528;1;1;3;1;1961.0;5;2;5;9;2023;10;1;50;50117;1;1;1;7;48,73433900; -1,53284500;3;2;2;0;1;1;1;0;1;80;1;Blessé hospitalisé
202300038244;155 612 759;1;0;2;4;1;5;203 760 453;1;1;4;1;1959.0;5;2;3;9;2023;09;1;14;14061;1;1;7;4;48,90983600; -0,92873100;3;2;2;0;3;1;1;0;1;80;6;Blessé léger
202300038244;155 612 761;1;0;2;4;1;5;203 760 455;1;1;3;1;1952.0;5;2;3;9;2023;09;1;14;14061;1;1;7;4;48,90983600; -0,92873100;3;2;2;0;3;1;1;0;1;80;6;Blessé hospitalisé
202300038244;155 612 763;1;0;2;4;1;5;203 760 457;1;1;4;1;1951.0;5;2;3;9;2023;09;1;14;14061;1;1;7;4;48,90983600; -0,92873100;3;2;2;0;3;1;1;0;1;80;6;Blessé léger
202300038244;155 612 764;1;0;2;4;1;5;203 760 458;1;1;4;2;1966.0;5;2;3;9;2023;09;1;14;14061;1;1;7;4;48,90983600; -0,92873100;3;2;2;0;3;1;1;0;1;80;6;Blessé léger
202300038244;155 612 766;1;0;2;4;1;5;203 760 460;1;1;4;1;1959.0;5;2;3;9;2023;09;1;14;14061;1;1;7;4;48,90983600; -0,92873100;3;2;2;0;3;1;1;0;1;80;6;Blessé léger
202300038244;155 612 767;7;0;2;1;1;1;203 760 462;2;2;1;2;1990.0;5;1;3;9;2023;09;1;14;14061;1;1;7;4;48,90983600; -0,92873100;3;2;2;0;3;1;1;0;1;80;6;Indemne
202300038244;155 612 767;7;0;2;1;1;1;203 760 463;1;1;1;1;1985.0;5;1;3;9;2023;09;1;14;14061;1;1;7;4;48,90983600; -0,92873100;3;2;2;0;3;1;1;0;1;80;6;Indemne
202300038244;155 612 768;1;0;2;4;1;5;203 760 464;1;1;3;1;1951.0;5;2;3;9;2023;09;1;14;14061;1;1;7;4;48,90983600; -0,92873100;3;2;2;0;3;1;1;0;1;80;6;Blessé hospitalisé
202300038244;155 612 770;1;0;2;4;1;5;203 760 465;1;1;3;1;1953.0;5;2;3;9;2023;09;1;14;14061;1;1;7;4;48,90983600; -0,92873100;3;2;2;0;3;1;1;0;1;80;6;Blessé hospitalisé
202300038244;155 612 771;1;0;2;4;1;5;203 760 467;1;1;4;1;1963.0;5;2;3;9;2023;09;1;14;14061;1;1;7;4;48,90983600; -0,92873100;3;2;2;0;3;1;1;0;1;80;6;Blessé léger
202300038250;155 612 751;1;0;9;1;1;5;203 760 439;1;1;3;1;2004.0;1;2;9;4;2023;18;1;72;72181;2;1;1;7;47,95515000;0,22603000;4;2;0;0;1;1;1;0;1;50;6;Blessé hospitalisé
202300038261;155 612 734;7;0;9;1;16;1;203 760 412;1;1;1;1;1968.0;5;1;9;4;2023;18;1;64;64024;2;9;1;1;43,51171544; -1,52746654;4;2;2;0;1;1;1;0;1;30;6;Indemne
202300038261;155 612 735;1;0;2;1;9;5;203 760 414;1;1;4;1;1975.0;5;8;9;4;2023;18;1;64;64024;2;9;1;1;43,51171544; -1,52746654;4;2;2;0;1;1;1;0;1;30;6;Blessé léger
202300038282;155 612 699;7;0;2;1;1;1;203 760 369;1;1;4;2;1998.0;1;1;8;4;2023;12;1;50;50129;2;1;1;3;49,61711000; -1,59749000;4;2;2;0;1;1;1;0;1;30;5;Blessé léger
202300038282;155 612 701;1;0;2;8;19;5;203 760 371;1;1;4;1;2015.0;5;8;8;4;2023;12;1;50;50129;2;1;1;3;49,61711000; -1,59749000;4;2;2;0;1;1;1;0;1;30;5;Blessé léger
202300038319;155 612 628;7;1;0;3;20;1;203 760 267;1;1;1;1;2005.0;2;1;11;12;2023;18;5;92;92007;2;1;1;3;48,79253215;2,31556356;4;2;2;0;1;1;1;0;1;50;0;Indemne
202300038319;155 612 629;80;0;2;2;1;3;203 760 269;1;1;4;1;1989.0;1;8;11;12;2023;18;5;92;92007;2;1;1;3;48,79253215;2,31556356;4;2;2;0;1;1;1;0;1;50;0;Blessé léger
202300038321;155 612 622;14;0;2;0;2;1;203 760 260;1;1;1;1;1969.0;4;1;11;12;2023;13;1;92;92004;2;1;1;3;48,92890000;2,27947000;3;1;2;2;1;1;1;0;1;50;0;Indemne
202300038321;155 612 624;1;0;2;0;0;5;203 760 262;1;1;4;2;1958.0;0;2;11;12;2023;13;1;92;92004;2;1;1;3;48,92890000;2,27947000;3;1;2;2;1;1;1;0;1;50;0;Blessé léger
202300038327;155 612 613;1;0;2;0;1;5;203 760 249;1;1;4;1;1963.0;5;2;9;4;2023;07;1;75;75119;2;4;1;1;48,88965200;2,38261000;4;2;2;1;1;1;1;0;5;30;6;Blessé léger
202300038327;155 612 615;1;0;0;0;13;5;203 760 252;1;1;1;1;1997.0;5;8;9;4;2023;07;1;75;75119;2;4;1;1;48,88965200;2,38261000;4;2;2;1;1;1;1;0;5;30;6;Indemne
202300038334;155 612 602;7;0;2;8;22;1;203 760 233;1;1;1;1;1970.0;9;1;9;4;2023;16;1;75;75116;2;1;1;3;48,84404100;2,26574600;4;1;2;0;1;1;1;0;1;30;6;Indemne
202300038334;155 612 604;1;1;0;1;1;5;203 760 237;1;1;4;1;1989.0;9;8;9;4;2023;16;1;75;75116;2;1;1;3;48,84404100;2,26574600;4;1;2;0;1;1;1;0;1;30;6;Blessé léger
202300038340;155 612 592;7;1;0;8;22;1;203 760 217;1;1;1;1;1964.0;1;1;9;4;2023;14;1;94;94016;2;1;1;3;48,79742000;2,32974000;3;2;3;2;2;1;1;0;1;50;6;Indemne
202300038340;155 612 593;80;1;0;1;21;3;203 760 218;1;1;4;2;1974.0;5;2;9;4;2023;14;1;94;94016;2;1;1;3;48,79742000;2,32974000;3;2;3;2;2;1;1;0;1;50;6;Blessé léger
202300038345;155 612 582;1;13;2;3;1;5;203 760 207;1;1;3;1;1973.0;5;2;10;12;2023;17;3;39;39574;1;1;2;3;46,73816200;5,47886300;3;2;2;0;1;1;2;0;1;80;6;Blessé hospitalisé
202300038345;155 612 583;7;0;2;3;13;1;203 760 208;1;1;1;2;1939.0;5;8;10;12;2023;17;3;39;39574;1;1;2;3;46,73816200;5,47886300;3;2;2;0;1;1;2;0;1;80;6;Indemne
202300038347;155 612 580;1;0;0;0;1;5;203 760 204;1;1;2;1;1975.0;5;2;4;9;2023;09;1;02;02067;2;1;1;7;50,02993700;3,71628600;3;2;2;0;2;1;1;0;1;50;0;Tué
202300038351;155 612 574;1;0;2;6;16;5;203 760 198;1;1;3;1;1965.0;5;0;21;8;2023;10;1;84;84133;2;1;1;3;43,71943900;5,53914800;3;2;2;0;1;3;1;0;1;50;0;Blessé hospitalisé
202300038351;155 612 576;7;0;0;5;9;1;203 760 200;1;1;1;1;1956.0;9;1;21;8;2023;10;1;84;84133;2;1;1;3;43,71943900;5,53914800;3;2;2;0;1;3;1;0;1;50;0;Indemne
202300038391;155 612 504;1;0;2;8;19;5;203 760 093;1;1;4;1;1950.0;5;2;3;9;2023;18;1;64;64320;1;2;1;4;43,00066100; -0,42036100;3;2;2;1;1;1;1;0;1;80;6;Blessé léger
202300038391;155 612 507;7;0;0;0;0;0;203 760 098;1;1;1;1;1991.0;0;8;3;9;2023;18;1;64;64320;1;2;1;4;43,00066100; -0,42036100;3;2;2;1;1;1;1;0;1;80;6;Indemne
202300038391;155 612 508;7;0;0;0;2;0;203 760 100;2;2;3;2;1968.0;0;8;3;9;2023;18;1;64;64320;1;2;1;4;43,00066100; -0,42036100;3;2;2;1;1;1;1;0;1;80;6;Blessé hospitalisé
202300038391;155 612 508;7;0;0;0;2;0;203 760 101;1;1;4;1;1961.0;0;8;3;9;2023;18;1;64;64320;1;2;1;4;43,00066100; -0,42036100;3;2;2;1;1;1;1;0;1;80;6;Blessé léger
202300038391;155 612 511;10;0;0;0;2;0;203 760 105;1;1;4;1;2001.0;0;8;3;9;2023;18;1;64;64320;1;2;1;4;43,00066100; -0,42036100;3;2;2;1;1;1;1;0;1;80;6;Blessé léger
202300038407;155 612 476;10;0;2;6;15;1;203 760 055;1;1;1;1;1992.0;3;8;9;4;2023;11;1;29;29076;2;2;1;3;48,46925100; -4,56087100;3;2;2;0;2;1;1;0;1;50;6;Indemne
202300038407;155 612 476;10;0;2;6;15;1;203 760 055;1;1;1;1;1992.0;3;8;9;4;2023;11;1;29;29076;2;2;1;3;48,46925100; -4,56087100;3;2;2;0;1;1;1;0;1;50;6;Indemne
202300038407;155 612 478;1;0;2;1;1;5;203 760 057;1;1;3;1;1972.0;5;2;9;4;2023;11;1;29;29076;2;2;1;3;48,46925100; -4,56087100;3;2;2;0;2;1;1;0;1;50;6;Blessé hospitalisé
202300038407;155 612 478;1;0;2;1;1;5;203 760 057;1;1;3;1;1972.0;5;2;9;4;2023;11;1;29;29076;2;2;1;3;48,46925100; -4,56087100;3;2;2;0;1;1;1;0;1;50;6;Blessé hospitalisé
202300038426;155 612 444;1;0;2;4;1;5;203 760 006;1;1;3;1;1960.0;5;2;12;12;2023;11;1;65;65059;2;1;1;2;43,07360800;0,14581300;4;2;2;0;1;1;1;0;1;50;1;Blessé hospitalisé
202300038426;155 612 445;7;0;2;1;1;1;203 760 008;1;1;1;2;1949.0;3;1;12;12;2023;11;1;65;65059;2;1;1;2;43,07360800;0,14581300;4;2;2;0;1;1;1;0;1;50;1;Indemne
202300038493;155 612 337;1;1;2;1;1;5;203 759 845;1;1;4;1;1988.0;5;2;3;9;2023;12;1;69;69244;2;1;1;3;45,75205300;4,76772100;7;2;2;0;1;1;1;0;1;50;6;Blessé léger
202300038493;155 612 339;7;0;2;5;23;1;203 759 848;1;1;1;2;1997.0;5;8;3;9;2023;12;1;69;69244;2;1;1;3;45,75205300;4,76772100;7;2;2;0;1;1;1;0;1;50;6;Indemne
202300038507;155 612 297;1;0;2;1;5;5;203 759 784;1;1;3;1;1997.0;0;8;10;12;2023;14;1;67;67482;2;1;1;1;48,59456051;7,72590458;4;2;2;0;1;1;1;0;1;50;6;Blessé hospitalisé
202300038507;155 612 299;7;0;2;1;1;1;203 759 787;1;1;1;1;1997.0;0;1;10;12;2023;14;1;67;67482;2;1;1;1;48,59456051;7,72590458;4;2;2;0;1;1;1;0;1;50;6;Indemne
202300038510;155 612 291;7;0;2;3;15;1;203 759 777;1;1;1;2;1979.0;5;1;10;12;2023;09;1;67;67482;2;3;1;3;48,56417000;7,74103000;4;2;3;1;1;1;1;8;1;50;6;Indemne
202300038510;155 612 291;7;0;2;3;15;1;203 759 777;1;1;1;2;1979.0;5;1;10;12;2023;09;1;67;67482;2;3;1;3;48,56417000;7,74103000;4;2;2;0;1;1;1;8;1;50;6;Indemne
202300038510;155 612 293;1;0;2;2;1;5;203 759 779;1;1;4;1;1961.0;5;8;10;12;2023;09;1;67;67482;2;3;1;3;48,56417000;7,74103000;4;2;3;1;1;1;1;8;1;50;6;Blessé léger
202300038510;155 612 293;1;0;2;2;1;5;203 759 779;1;1;4;1;1961.0;5;8;10;12;2023;09;1;67;67482;2;3;1;3;48,56417000;7,74103000;4;2;2;0;1;1;1;8;1;50;6;Blessé léger
202300038541;155 612 240;7;0;9;7;16;1;203 759 695;1;1;1;2;1972.0;3;1;3;9;2023;11;1;91;91461;1;6;1;3;48,59158600;2,20760300;3;2;2;0;2;1;1;0;1;80;6;Indemne
202300038541;155 612 242;1;0;2;8;1;5;203 759 697;1;1;4;1;1960.0;5;2;3;9;2023;11;1;91;91461;1;6;1;3;48,59158600;2,20760300;3;2;2;0;2;1;1;0;1;80;6;Blessé léger
202300038555;155 612 213;7;0;2;3;9;6;203 759 649;1;1;1;1;1951.0;0;1;5;9;2023;10;1;13;13035;2;6;1;3;43,68910500;5,02089700;4;1;2;0;1;1;1;0;1;30;1;Indemne
202300038555;155 612 214;1;0;2;7;9;5;203 759 650;1;1;4;1;1950.0;5;2;5;9;2023;10;1;13;13035;2;6;1;3;43,68910500;5,02089700;4;1;2;0;1;1;1;0;1;30;1;Blessé léger
202300038564;155 612 199;80;14;0;1;9;3;203 759 632;1;1;2;1;1974.0;9;8;8;12;2023;02;5;75;75115;2;5;8;6;48,84035500;2,31489100;4;2;4;1;2;1;2;0;5;30;4;Tué
202300038564;155 612 199;80;14;0;1;9;3;203 759 632;1;1;2;1;1974.0;9;8;8;12;2023;02;5;75;75115;2;5;8;6;48,84035500;2,31489100;4;2;2;0;2;1;2;0;5;30;4;Tué
202300038572;155 612 184;80;3;0;2;1;3;203 759 613;1;1;3;1;1957.0;5;2;2;9;2023;16;1;57;57274;1;1;1;6;49,19065500;6,61456300;3;2;2;0;2;2;1;0;3;80;5;Blessé hospitalisé
202300038574;155 612 180;80;0;2;1;16;3;203 759 607;1;1;3;1;1961.0;5;2;5;9;2023;11;1;01;01249;2;3;1;1;45,82039200;4,94455300;4;2;2;0;1;1;1;0;1;50;1;Blessé hospitalisé
202300038574;155 612 180;80;0;2;1;16;3;203 759 607;1;1;3;1;1961.0;5;2;5;9;2023;11;1;01;01249;2;3;1;1;45,82039200;4,94455300;4;2;2;0;1;2;1;0;1;50;1;Blessé hospitalisé
202300038574;155 612 182;7;0;2;1;1;1;203 759 609;2;2;1;1;2008.0;2;1;5;9;2023;11;1;01;01249;2;3;1;1;45,82039200;4,94455300;4;2;2;0;1;1;1;0;1;50;1;Indemne
202300038574;155 612 182;7;0;2;1;1;1;203 759 609;2;2;1;1;2008.0;2;1;5;9;2023;11;1;01;01249;2;3;1;1;45,82039200;4,94455300;4;2;2;0;1;2;1;0;1;50;1;Indemne
202300038574;155 612 182;7;0;2;1;1;1;203 759 610;1;1;1;1;1981.0;1;1;5;9;2023;11;1;01;01249;2;3;1;1;45,82039200;4,94455300;4;2;2;0;1;1;1;0;1;50;1;Indemne
202300038574;155 612 182;7;0;2;1;1;1;203 759 610;1;1;1;1;1981.0;1;1;5;9;2023;11;1;01;01249;2;3;1;1;45,82039200;4,94455300;4;2;2;0;1;2;1;0;1;50;1;Indemne
202300038580;155 612 171;1;5;2;3;1;5;203 759 593;1;1;3;1;1970.0;5;2;31;8;2023;19;1;69;69207;2;1;1;3;45,88693900;4,80814400;7;2;3;1;1;1;1;0;5;50;3;Blessé hospitalisé
202300038580;155 612 172;1;0;2;1;1;5;203 759 594;1;1;4;1;1993.0;5;2;31;8;2023;19;1;69;69207;2;1;1;3;45,88693900;4,80814400;7;2;3;1;1;1;1;0;5;50;3;Blessé léger
202300038584;155 612 167;80;12;0;1;1;3;203 759 587;1;1;4;1;1995.0;5;2;10;12;2023;18;5;75;75103;2;2;3;6;48,86442600;2,35152600;4;1;1;1;1;1;2;0;1;30;6;Blessé léger
202300038584;155 612 167;80;12;0;1;1;3;203 759 587;1;1;4;1;1995.0;5;2;10;12;2023;18;5;75;75103;2;2;3;6;48,86442600;2,35152600;4;1;2;1;1;1;2;0;1;30;6;Blessé léger
202300038587;155 612 162;34;0;2;1;1;1;203 759 581;1;1;1;1;1970.0;4;2;10;12;2023;10;1;75;75104;2;3;1;3;48,85235500;2,36050800;4;2;5;0;1;1;1;0;1;30;6;Indemne
202300038587;155 612 162;34;0;2;1;1;1;203 759 581;1;1;1;1;1970.0;4;2;10;12;2023;10;1;75;75104;2;3;1;3;48,85235500;2,36050800;4;1;2;0;1;1;1;0;1;25;6;Indemne
202300038587;155 612 163;1;0;2;2;19;5;203 759 583;1;1;4;1;1979.0;9;8;10;12;2023;10;1;75;75104;2;3;1;3;48,85235500;2,36050800;4;2;5;0;1;1;1;0;1;30;6;Blessé léger
202300038587;155 612 163;1;0;2;2;19;5;203 759 583;1;1;4;1;1979.0;9;8;10;12;2023;10;1;75;75104;2;3;1;3;48,85235500;2,36050800;4;1;2;0;1;1;1;0;1;25;6;Blessé léger
202300038601;155 612 137;1;0;2;0;0;5;203 759 546;1;1;4;1;1974.0;0;2;10;12;2023;11;1;92;92062;2;1;1;3;48,88807343;2,23421931;3;1;3;1;1;1;2;5;5;50;6;Blessé léger
202300038601;155 612 138;7;0;2;5;15;1;203 759 547;1;1;1;1;1998.0;9;1;10;12;2023;11;1;92;92062;2;1;1;3;48,88807343;2,23421931;3;1;3;1;1;1;2;5;5;50;6;Indemne
202300038657;155 612 037;7;0;2;1;1;1;203 759 412;1;1;1;1;1986.0;5;1;3;9;2023;11;1;54;54339;1;2;1;3;48,70901464;6,18466437;4;1;1;1;1;1;1;0;1;30;6;Indemne
202300038657;155 612 037;7;0;2;1;1;1;203 759 412;1;1;1;1;1986.0;5;1;3;9;2023;11;1;54;54339;1;2;1;3;48,70901464;6,18466437;4;1;2;0;2;1;2;0;1;50;6;Indemne
202300038657;155 612 038;1;0;2;1;1;5;203 759 414;1;1;4;1;1968.0;5;2;3;9;2023;11;1;54;54339;1;2;1;3;48,70901464;6,18466437;4;1;1;1;1;1;1;0;1;30;6;Blessé léger
202300038657;155 612 038;1;0;2;1;1;5;203 759 414;1;1;4;1;1968.0;5;2;3;9;2023;11;1;54;54339;1;2;1;3;48,70901464;6,18466437;4;1;2;0;2;1;2;0;1;50;6;Blessé léger
202300038730;155 611 914;7;0;2;8;22;1;203 759 223;1;1;1;2;1998.0;9;8;14;1;2023;18;5;75;75117;2;1;2;3;48,88584200;2,30252900;4;2;2;0;1;1;2;0;1;30;5;Indemne
202300038730;155 611 915;80;0;2;2;2;3;203 759 224;5;2;1;2;2010.0;5;8;14;1;2023;18;5;75;75117;2;1;2;3;48,88584200;2,30252900;4;2;2;0;1;1;2;0;1;30;5;Indemne
202300038730;155 611 915;80;0;2;2;2;3;203 759 225;1;1;4;2;1969.0;5;8;14;1;2023;18;5;75;75117;2;1;2;3;48,88584200;2,30252900;4;2;2;0;1;1;2;0;1;30;5;Blessé léger
202300038736;155 611 902;1;0;1;1;1;5;203 759 207;1;1;1;2;1980.0;9;8;14;1;2023;14;1;75;75108;2;2;2;6;48,86905280;2,30987012;4;1;2;0;1;1;2;0;1;30;5;Indemne
202300038736;155 611 902;1;0;1;1;1;5;203 759 207;1;1;1;2;1980.0;9;8;14;1;2023;14;1;75;75108;2;2;2;6;48,86905280;2,30987012;4;2;8;1;2;1;2;0;1;50;5;Indemne
202300038736;155 611 902;1;0;1;1;1;5;203 759 208;10;3;4;2;1973.0;9;0;14;1;2023;14;1;75;75108;2;2;2;6;48,86905280;2,30987012;4;1;2;0;1;1;2;0;1;30;5;Blessé léger
202300038736;155 611 902;1;0;1;1;1;5;203 759 208;10;3;4;2;1973.0;9;0;14;1;2023;14;1;75;75108;2;2;2;6;48,86905280;2,30987012;4;2;8;1;2;1;2;0;1;50;5;Blessé léger
202300038776;155 611 840;7;0;2;7;17;1;203 759 121;1;1;1;2;1956.0;3;8;5;10;2023;09;1;01;01305;1;1;7;2;46,44738300;4,89855300;3;2;2;0;1;1;1;2;1;70;3;Indemne
202300038776;155 611 841;1;0;0;6;1;5;203 759 122;1;1;3;1;1945.0;5;2;5;10;2023;09;1;01;01305;1;1;7;2;46,44738300;4,89855300;3;2;2;0;1;1;1;2;1;70;3;Blessé hospitalisé
202300038783;155 611 824;7;0;9;2;17;1;203 759 097;1;1;1;1;1967.0;1;1;6;10;2023;14;1;50;50443;1;1;1;2;48,50645500; -1,47543000;3;2;2;0;1;1;1;0;1;80;4;Indemne
202300038783;155 611 826;1;0;0;4;1;5;203 759 099;1;1;3;1;1994.0;5;2;6;10;2023;14;1;50;50443;1;1;1;2;48,50645500; -1,47543000;3;2;2;0;1;1;1;0;1;80;4;Blessé hospitalisé