Num_Acc;id_vehicule;catv;obs;obsm;choc;manv;motor;id_usager;place;catu;grav;sexe;an_nais;trajet;secu1;jour;mois;an;hrmn;lum;dep;com;agg;int;atm;col;lat;long;catr;circ;nbv;vosp;prof;plan;surf;infra;situ;vma;day_of_week;gravity
202300038799;155 611 801;1;0;0;7;1;5;203 759 066;1;1;3;1;1976.0;5;2;15;1;2023;10;1;85;85284;1;6;7;1;46,82039200; -1,94004200;3;2;2;0;1;1;1;0;1;80;6;Blessé hospitalisé
202300038799;155 611 802;7;0;9;3;9;1;203 759 067;1;1;1;1;1989.0;5;1;15;1;2023;10;1;85;85284;1;6;7;1;46,82039200; -1,94004200;3;2;2;0;1;1;1;0;1;80;6;Indemne
202300038800;155 611 797;1;0;2;4;1;5;203 759 062;1;1;4;1;1952.0;5;2;15;1;2023;09;1;85;85190;1;1;1;2;46,95737000; -1,46428300;3;2;1;0;1;1;2;0;1;80;6;Blessé léger
202300038800;155 611 798;7;0;2;0;14;0;203 759 063;1;1;1;1;1998.0;5;1;15;1;2023;09;1;85;85190;1;1;1;2;46,95737000; -1,46428300;3;2;1;0;1;1;2;0;1;80;6;Indemne
202300038807;155 611 789;7;0;2;2;1;1;203 759 053;1;1;1;2;1983.0;1;1;6;10;2023;12;1;27;27106;2;2;1;1;49,12325000;0,48686400;3;2;2;0;1;1;1;5;1;50;4;Indemne
202300038807;155 611 791;1;0;2;0;19;5;203 759 055;1;1;2;1;1952.0;0;0;6;10;2023;12;1;27;27106;2;2;1;1;49,12325000;0,48686400;3;2;2;0;1;1;1;5;1;50;4;Tué
202300038826;155 611 741;1;0;0;0;2;5;203 758 981;1;1;2;1;1952.0;5;0;14;1;2023;15;1;64;64139;1;1;1;7;43,17505754; -0,35699666;3;2;2;0;2;1;1;0;1;80;5;Tué
202300038834;155 611 728;80;0;1;8;1;3;203 758 962;1;1;1;1;1990.0;0;8;13;1;2023;16;1;76;76540;2;2;1;6;49,42586000;1,08272000;4;2;2;0;1;1;1;0;1;30;4;Indemne
202300038834;155 611 728;80;0;1;8;1;3;203 758 963;10;3;4;2;1971.0;0;0;13;1;2023;16;1;76;76540;2;2;1;6;49,42586000;1,08272000;4;2;2;0;1;1;1;0;1;30;4;Blessé léger
202300038851;155 611 700;1;0;2;6;15;5;203 758 928;1;1;4;2;1959.0;5;2;4;10;2023;16;1;01;01386;1;6;1;3;45,88530300;5,34720900;3;1;2;0;1;2;1;0;1;80;2;Blessé léger
202300038851;155 611 703;7;0;2;2;16;1;203 758 930;1;1;1;1;1972.0;9;1;4;10;2023;16;1;01;01386;1;6;1;3;45,88530300;5,34720900;3;1;2;0;1;2;1;0;1;80;2;Indemne
202300038915;155 611 574;7;0;2;3;13;1;203 758 777;1;1;1;1;1996.0;1;8;4;10;2023;11;1;69;69387;2;1;1;5;45,75116000;4,85441000;4;2;2;3;1;1;1;0;1;50;2;Indemne
202300038915;155 611 575;10;0;2;7;1;1;203 758 778;1;1;1;1;1993.0;1;8;4;10;2023;11;1;69;69387;2;1;1;5;45,75116000;4,85441000;4;2;2;3;1;1;1;0;1;50;2;Indemne
202300038915;155 611 576;43;0;2;6;1;1;203 758 779;1;1;4;1;1959.0;1;2;4;10;2023;11;1;69;69387;2;1;1;5;45,75116000;4,85441000;4;2;2;3;1;1;1;0;1;50;2;Blessé léger
202300038915;155 611 578;1;0;2;6;1;0;203 758 782;1;1;4;2;1995.0;1;8;4;10;2023;11;1;69;69387;2;1;1;5;45,75116000;4,85441000;4;2;2;3;1;1;1;0;1;50;2;Blessé léger
202300038936;155 611 536;80;0;2;1;0;3;203 758 723;1;1;4;1;1944.0;5;2;13;1;2023;14;1;44;44109;2;6;2;3;47,26346000; -1,57988000;4;3;0;2;1;1;2;0;1;30;4;Blessé léger
202300038936;155 611 536;80;0;2;1;0;3;203 758 723;1;1;4;1;1944.0;5;2;13;1;2023;14;1;44;44109;2;6;2;3;47,26346000; -1,57988000;4;3;2;1;1;1;2;0;1;30;4;Blessé léger
202300038936;155 611 538;7;0;2;3;26;1;203 758 726;1;1;1;1;1946.0;5;1;13;1;2023;14;1;44;44109;2;6;2;3;47,26346000; -1,57988000;4;3;0;2;1;1;2;0;1;30;4;Indemne
202300038936;155 611 538;7;0;2;3;26;1;203 758 726;1;1;1;1;1946.0;5;1;13;1;2023;14;1;44;44109;2;6;2;3;47,26346000; -1,57988000;4;3;2;1;1;1;2;0;1;30;4;Indemne
202300038943;155 611 523;33;0;2;1;2;1;203 758 709;1;1;1;1;1984.0;1;2;4;10;2023;11;1;76;76322;2;2;6;3;49,41861000;1,03175000;7;2;2;0;1;1;1;0;1;30;2;Indemne
202300038943;155 611 524;1;0;2;8;15;5;203 758 710;1;1;4;1;1976.0;5;8;4;10;2023;11;1;76;76322;2;2;6;3;49,41861000;1,03175000;7;2;2;0;1;1;1;0;1;30;2;Blessé léger
202300038945;155 611 515;7;0;2;1;1;1;203 758 699;1;1;4;1;1984.0;9;8;13;1;2023;01;5;35;35238;2;2;1;5;48,10988003; -1,67403907;4;2;2;2;1;1;2;5;1;50;4;Blessé léger
202300038945;155 611 515;7;0;2;1;1;1;203 758 699;1;1;4;1;1984.0;9;8;13;1;2023;01;5;35;35238;2;2;1;5;48,10988003; -1,67403907;4;1;2;3;1;1;2;5;5;50;4;Blessé léger
202300038945;155 611 517;1;0;2;4;23;5;203 758 701;1;1;4;2;1992.0;1;8;13;1;2023;01;5;35;35238;2;2;1;5;48,10988003; -1,67403907;4;2;2;2;1;1;2;5;1;50;4;Blessé léger
202300038945;155 611 517;1;0;2;4;23;5;203 758 701;1;1;4;2;1992.0;1;8;13;1;2023;01;5;35;35238;2;2;1;5;48,10988003; -1,67403907;4;1;2;3;1;1;2;5;5;50;4;Blessé léger
202300038945;155 611 518;1;0;2;4;23;5;203 758 703;1;1;4;1;1984.0;0;8;13;1;2023;01;5;35;35238;2;2;1;5;48,10988003; -1,67403907;4;2;2;2;1;1;2;5;1;50;4;Blessé léger
202300038945;155 611 518;1;0;2;4;23;5;203 758 703;1;1;4;1;1984.0;0;8;13;1;2023;01;5;35;35238;2;2;1;5;48,10988003; -1,67403907;4;1;2;3;1;1;2;5;5;50;4;Blessé léger
202300038948;155 611 509;1;0;2;1;19;5;203 758 693;1;1;4;2;1991.0;5;8;3;10;2023;12;1;71;71270;2;6;1;1;46,29888163;4,82754573;4;3;2;0;1;1;1;0;1;50;1;Blessé léger
202300038948;155 611 511;10;0;2;2;1;6;203 758 695;1;1;1;1;1964.0;4;8;3;10;2023;12;1;71;71270;2;6;1;1;46,29888163;4,82754573;4;3;2;0;1;1;1;0;1;50;1;Indemne
202300038953;155 611 500;1;0;2;8;19;5;203 758 683;1;1;4;2;1988.0;5;2;11;1;2023;16;2;33;33063;2;1;7;3;44,83403000; -0,55241000;4;2;4;2;2;1;1;8;1;50;2;Blessé léger
202300038953;155 611 501;7;0;2;2;1;2;203 758 684;1;1;1;2;1942.0;5;1;11;1;2023;16;2;33;33063;2;1;7;3;44,83403000; -0,55241000;4;2;4;2;2;1;1;8;1;50;2;Indemne
202300038964;155 611 477;1;0;0;1;0;5;203 758 657;1;1;4;1;1950.0;5;8;13;1;2023;11;1;13;13208;2;1;1;6;43,25529000;5,38226000;4;2;12;1;1;1;1;9;5;50;4;Blessé léger
202300038964;155 611 479;7;0;0;0;26;2;203 758 659;1;1;1;1;1945.0;5;1;13;1;2023;11;1;13;13208;2;1;1;6;43,25529000;5,38226000;4;2;12;1;1;1;1;9;5;50;4;Indemne
202300038992;155 611 432;80;0;1;1;1;3;203 758 597;1;1;1;1;1991.0;1;8;13;1;2023;16;1;75;75110;2;2;1;6;48,87974400;2,35872500;4;2;2;0;1;1;1;0;1;30;4;Indemne
202300038992;155 611 432;80;0;1;1;1;3;203 758 599;10;3;4;1;2009.0;2;0;13;1;2023;16;1;75;75110;2;2;1;6;48,87974400;2,35872500;4;2;2;0;1;1;1;0;1;30;4;Blessé léger
202300038995;155 611 428;80;0;2;4;1;3;203 758 591;1;1;4;2;1978.0;1;2;13;1;2023;09;1;75;75108;2;1;1;2;48,86446400;2,31896400;4;1;2;3;1;1;1;0;1;30;4;Blessé léger
202300038995;155 611 430;7;0;2;1;1;2;203 758 593;1;1;1;1;1982.0;4;1;13;1;2023;09;1;75;75108;2;1;1;2;48,86446400;2,31896400;4;1;2;3;1;1;1;0;1;30;4;Indemne
202300039026;155 611 372;1;0;0;0;26;5;203 758 519;1;1;3;1;1966.0;0;8;4;10;2023;15;1;04;04070;2;1;1;7;44,08934000;6,21320000;4;2;1;0;2;2;1;0;1;50;2;Blessé hospitalisé
202300039029;155 611 367;80;0;0;1;1;3;203 758 513;1;1;3;1;1955.0;5;8;4;10;2023;18;5;75;75113;2;3;1;7;48,83218500;2,37734000;4;2;2;1;2;1;1;0;1;30;2;Blessé hospitalisé
202300039031;155 611 363;1;0;2;1;1;5;203 758 510;1;1;4;1;1987.0;1;8;4;10;2023;15;1;75;75120;2;2;1;3;48,85475600;2,39749400;4;1;1;2;1;1;1;0;1;30;2;Blessé léger
202300039031;155 611 363;1;0;2;1;1;5;203 758 510;1;1;4;1;1987.0;1;8;4;10;2023;15;1;75;75120;2;2;1;3;48,85475600;2,39749400;4;1;1;2;2;1;1;0;1;30;2;Blessé léger
202300039031;155 611 364;7;0;2;2;15;1;203 758 511;1;1;1;1;1964.0;1;1;4;10;2023;15;1;75;75120;2;2;1;3;48,85475600;2,39749400;4;1;1;2;1;1;1;0;1;30;2;Indemne
202300039031;155 611 364;7;0;2;2;15;1;203 758 511;1;1;1;1;1964.0;1;1;4;10;2023;15;1;75;75120;2;2;1;3;48,85475600;2,39749400;4;1;1;2;2;1;1;0;1;30;2;Indemne
202300039034;155 611 355;7;0;2;3;9;1;203 758 501;1;1;1;1;1971.0;9;1;4;10;2023;19;1;75;75117;2;2;1;3;48,88035200;2,28680000;4;2;5;3;1;1;1;0;1;30;2;Indemne
202300039034;155 611 355;7;0;2;3;9;1;203 758 501;1;1;1;1;1971.0;9;1;4;10;2023;19;1;75;75117;2;2;1;3;48,88035200;2,28680000;4;2;2;0;1;1;1;0;1;30;2;Indemne
202300039034;155 611 357;1;0;2;1;1;5;203 758 503;1;1;4;1;1964.0;1;2;4;10;2023;19;1;75;75117;2;2;1;3;48,88035200;2,28680000;4;2;5;3;1;1;1;0;1;30;2;Blessé léger
202300039034;155 611 357;1;0;2;1;1;5;203 758 503;1;1;4;1;1964.0;1;2;4;10;2023;19;1;75;75117;2;2;1;3;48,88035200;2,28680000;4;2;2;0;1;1;1;0;1;30;2;Blessé léger
202300039036;155 611 353;7;0;2;3;22;1;203 758 498;1;1;1;1;1943.0;5;1;4;10;2023;19;2;75;75117;2;2;1;3;48,89396700;2,32142700;4;1;1;1;1;1;1;0;1;30;2;Indemne
202300039036;155 611 354;80;0;2;1;1;3;203 758 500;1;1;4;1;1995.0;5;8;4;10;2023;19;2;75;75117;2;2;1;3;48,89396700;2,32142700;4;1;1;1;1;1;1;0;1;30;2;Blessé léger
202300039044;155 611 339;1;0;2;1;2;5;203 758 482;1;1;1;2;1990.0;9;8;4;10;2023;16;1;75;75115;2;1;1;2;48,84164700;2,30843400;4;1;2;1;1;1;1;0;5;25;2;Indemne
202300039044;155 611 341;80;0;2;4;23;3;203 758 484;1;1;4;2;1997.0;1;8;4;10;2023;16;1;75;75115;2;1;1;2;48,84164700;2,30843400;4;1;2;1;1;1;1;0;5;25;2;Blessé léger
202300039049;155 611 331;10;0;2;8;22;1;203 758 469;1;1;1;1;1986.0;9;8;4;10;2023;10;1;75;75112;2;1;1;3;48,84635100;2,38772000;4;2;2;0;1;1;1;0;1;30;2;Indemne
202300039049;155 611 332;80;0;2;1;1;3;203 758 470;1;1;4;2;1981.0;9;8;4;10;2023;10;1;75;75112;2;1;1;3;48,84635100;2,38772000;4;2;2;0;1;1;1;0;1;30;2;Blessé léger
202300039050;155 611 328;1;0;2;0;1;5;203 758 467;1;1;4;1;1987.0;5;2;13;1;2023;20;5;92;92051;2;3;2;7;48,88234000;2,25322000;3;2;2;0;1;1;2;0;1;50;4;Blessé léger
202300039050;155 611 328;1;0;2;0;1;5;203 758 467;1;1;4;1;1987.0;5;2;13;1;2023;20;5;92;92051;2;3;2;7;48,88234000;2,25322000;3;1;1;0;1;1;2;0;1;50;4;Blessé léger
202300039050;155 611 330;7;0;9;0;15;3;203 758 468;1;1;1;1;1976.0;5;1;13;1;2023;20;5;92;92051;2;3;2;7;48,88234000;2,25322000;3;2;2;0;1;1;2;0;1;50;4;Indemne
202300039050;155 611 330;7;0;9;0;15;3;203 758 468;1;1;1;1;1976.0;5;1;13;1;2023;20;5;92;92051;2;3;2;7;48,88234000;2,25322000;3;1;1;0;1;1;2;0;1;50;4;Indemne
202300039054;155 611 321;10;0;2;1;17;1;203 758 455;1;1;1;1;1991.0;4;1;4;10;2023;19;1;75;75108;2;2;1;3;48,87943300;2,31428400;4;2;4;1;2;1;1;0;1;50;2;Indemne
202300039054;155 611 321;10;0;2;1;17;1;203 758 455;1;1;1;1;1991.0;4;1;4;10;2023;19;1;75;75108;2;2;1;3;48,87943300;2,31428400;4;1;1;0;2;1;1;0;1;30;2;Indemne
202300039054;155 611 322;1;0;2;6;15;5;203 758 457;1;1;4;2;2001.0;5;2;4;10;2023;19;1;75;75108;2;2;1;3;48,87943300;2,31428400;4;2;4;1;2;1;1;0;1;50;2;Blessé léger
202300039054;155 611 322;1;0;2;6;15;5;203 758 457;1;1;4;2;2001.0;5;2;4;10;2023;19;1;75;75108;2;2;1;3;48,87943300;2,31428400;4;1;1;0;2;1;1;0;1;30;2;Blessé léger
202300039066;155 611 301;7;0;2;2;16;1;203 758 427;1;1;1;1;1943.0;5;1;3;10;2023;18;1;94;94003;2;1;1;3;48,80250400;2,33835800;3;1;2;1;1;1;1;0;1;50;1;Indemne
202300039066;155 611 302;1;0;2;1;1;5;203 758 429;1;1;4;1;1978.0;1;8;3;10;2023;18;1;94;94003;2;1;1;3;48,80250400;2,33835800;3;1;2;1;1;1;1;0;1;50;1;Blessé léger
202300039075;155 611 285;1;0;2;4;2;5;203 758 409;1;1;1;1;1970.0;0;8;4;10;2023;14;1;92;92072;2;1;1;2;48,82636478;2,21869826;3;3;0;1;1;1;1;0;5;50;2;Indemne
202300039075;155 611 286;34;0;2;1;1;1;203 758 410;1;1;4;1;1988.0;0;2;4;10;2023;14;1;92;92072;2;1;1;2;48,82636478;2,21869826;3;3;0;1;1;1;1;0;5;50;2;Blessé léger
202300039076;155 611 284;1;0;0;0;1;5;203 758 408;1;1;4;1;1976.0;0;8;4;10;2023;13;1;92;92064;2;1;1;7;48,84275474;2,21941486;4;1;1;0;2;1;1;0;1;30;2;Blessé léger
202300039077;155 611 282;7;0;2;2;0;1;203 758 405;1;1;1;1;2001.0;2;1;4;10;2023;08;1;92;92063;2;3;1;3;48,86046134;2,17724517;4;2;2;1;1;1;1;0;1;50;2;Indemne
202300039077;155 611 282;7;0;2;2;0;1;203 758 405;1;1;1;1;2001.0;2;1;4;10;2023;08;1;92;92063;2;3;1;3;48,86046134;2,17724517;4;2;2;1;2;1;1;0;1;50;2;Indemne
202300039077;155 611 283;1;0;2;6;0;5;203 758 406;1;1;4;2;1986.0;0;2;4;10;2023;08;1;92;92063;2;3;1;3;48,86046134;2,17724517;4;2;2;1;1;1;1;0;1;50;2;Blessé léger
202300039077;155 611 283;1;0;2;6;0;5;203 758 406;1;1;4;2;1986.0;0;2;4;10;2023;08;1;92;92063;2;3;1;3;48,86046134;2,17724517;4;2;2;1;2;1;1;0;1;50;2;Blessé léger
202300039077;155 611 283;1;0;2;6;0;5;203 758 407;2;2;4;2;2021.0;0;2;4;10;2023;08;1;92;92063;2;3;1;3;48,86046134;2,17724517;4;2;2;1;1;1;1;0;1;50;2;Blessé léger
202300039077;155 611 283;1;0;2;6;0;5;203 758 407;2;2;4;2;2021.0;0;2;4;10;2023;08;1;92;92063;2;3;1;3;48,86046134;2,17724517;4;2;2;1;2;1;1;0;1;50;2;Blessé léger
202300039078;155 611 279;30;0;2;1;2;1;203 758 402;1;1;4;1;2005.0;1;2;4;10;2023;09;1;92;92063;2;3;1;4;48,87256115;2,17803776;3;3;2;0;2;1;1;0;1;50;2;Blessé léger
202300039078;155 611 280;10;0;2;4;1;3;203 758 403;1;1;1;1;1965.0;4;1;4;10;2023;09;1;92;92063;2;3;1;4;48,87256115;2,17803776;3;3;2;0;2;1;1;0;1;50;2;Indemne
202300039078;155 611 281;1;0;2;0;0;5;203 758 404;1;1;1;1;1983.0;1;2;4;10;2023;09;1;92;92063;2;3;1;4;48,87256115;2,17803776;3;3;2;0;2;1;1;0;1;50;2;Indemne
202300039090;155 611 257;1;0;2;1;1;5;203 758 376;1;1;3;1;1965.0;5;2;4;10;2023;17;1;31;31445;2;1;1;2;43,58359500;1,51310600;7;2;2;1;1;1;1;0;1;50;2;Blessé hospitalisé
202300039090;155 611 258;7;0;0;4;1;1;203 758 377;1;1;1;1;1983.0;5;8;4;10;2023;17;1;31;31445;2;1;1;2;43,58359500;1,51310600;7;2;2;1;1;1;1;0;1;50;2;Indemne
202300039090;155 611 258;7;0;0;4;1;1;203 758 378;7;2;1;1;2016.0;5;8;4;10;2023;17;1;31;31445;2;1;1;2;43,58359500;1,51310600;7;2;2;1;1;1;1;0;1;50;2;Indemne
202300039090;155 611 258;7;0;0;4;1;1;203 758 379;2;2;1;2;1989.0;5;8;4;10;2023;17;1;31;31445;2;1;1;2;43,58359500;1,51310600;7;2;2;1;1;1;1;0;1;50;2;Indemne
202300039095;155 611 248;13;0;2;4;4;1;203 758 366;1;1;1;1;1985.0;4;1;26;7;2023;18;1;62;62711;2;1;1;2;50,81686600;1,74464700;4;2;2;0;1;1;1;0;1;50;2;Indemne
202300039095;155 611 248;13;0;2;4;4;1;203 758 367;2;2;1;1;2001.0;4;1;26;7;2023;18;1;62;62711;2;1;1;2;50,81686600;1,74464700;4;2;2;0;1;1;1;0;1;50;2;Indemne
202300039095;155 611 249;80;0;2;1;23;3;203 758 368;1;1;3;1;1942.0;5;0;26;7;2023;18;1;62;62711;2;1;1;2;50,81686600;1,74464700;4;2;2;0;1;1;1;0;1;50;2;Blessé hospitalisé
202300039106;155 611 227;37;0;9;2;1;1;203 758 340;1;1;1;1;1964.0;0;1;23;5;2023;19;1;74;74147;1;9;1;3;45,79146700;6,21332100;3;2;2;1;1;1;1;0;1;80;1;Indemne
202300039106;155 611 228;1;0;2;7;1;5;203 758 341;1;1;4;2;1991.0;0;2;23;5;2023;19;1;74;74147;1;9;1;3;45,79146700;6,21332100;3;2;2;1;1;1;1;0;1;80;1;Blessé léger
202300039128;155 611 189;7;0;2;1;9;1;203 758 284;1;1;1;1;1968.0;0;1;24;7;2023;11;1;67;67462;2;2;2;3;48,25872000;7,44866000;4;2;2;0;1;1;2;5;1;40;0;Indemne
202300039128;155 611 189;7;0;2;1;9;1;203 758 284;1;1;1;1;1968.0;0;1;24;7;2023;11;1;67;67462;2;2;2;3;48,25872000;7,44866000;4;1;0;0;1;1;2;5;1;40;0;Indemne
202300039128;155 611 190;1;0;2;8;9;5;203 758 285;1;1;4;2;1976.0;1;8;24;7;2023;11;1;67;67462;2;2;2;3;48,25872000;7,44866000;4;2;2;0;1;1;2;5;1;40;0;Blessé léger
202300039128;155 611 190;1;0;2;8;9;5;203 758 285;1;1;4;2;1976.0;1;8;24;7;2023;11;1;67;67462;2;2;2;3;48,25872000;7,44866000;4;1;0;0;1;1;2;5;1;40;0;Blessé léger
202300039144;155 611 157;7;0;2;1;16;1;203 758 241;1;1;1;2;1994.0;1;1;25;7;2023;08;1;33;33200;2;2;1;3;44,87814732; -0,67655236;4;2;3;1;1;1;1;0;1;30;1;Indemne
202300039144;155 611 157;7;0;2;1;16;1;203 758 241;1;1;1;2;1994.0;1;1;25;7;2023;08;1;33;33200;2;2;1;3;44,87814732; -0,67655236;4;2;2;1;1;1;1;0;1;30;1;Indemne
202300039144;155 611 158;1;0;2;7;1;5;203 758 242;1;1;3;1;1976.0;1;2;25;7;2023;08;1;33;33200;2;2;1;3;44,87814732; -0,67655236;4;2;3;1;1;1;1;0;1;30;1;Blessé hospitalisé
202300039144;155 611 158;1;0;2;7;1;5;203 758 242;1;1;3;1;1976.0;1;2;25;7;2023;08;1;33;33200;2;2;1;3;44,87814732; -0,67655236;4;2;2;1;1;1;1;0;1;30;1;Blessé hospitalisé
202300039146;155 611 154;7;0;2;3;15;1;203 758 237;1;1;1;1;1948.0;3;8;25;7;2023;09;1;33;33529;2;3;1;3;44,63890917; -1,15416795;4;2;2;0;1;1;1;0;5;50;1;Indemne
202300039146;155 611 154;7;0;2;3;15;1;203 758 237;1;1;1;1;1948.0;3;8;25;7;2023;09;1;33;33529;2;3;1;3;44,63890917; -1,15416795;4;2;3;2;1;1;1;0;5;50;1;Indemne
202300039146;155 611 155;1;0;2;1;1;5;203 758 238;1;1;4;1;1957.0;5;2;25;7;2023;09;1;33;33529;2;3;1;3;44,63890917; -1,15416795;4;2;2;0;1;1;1;0;5;50;1;Blessé léger
202300039146;155 611 155;1;0;2;1;1;5;203 758 238;1;1;4;1;1957.0;5;2;25;7;2023;09;1;33;33529;2;3;1;3;44,63890917; -1,15416795;4;2;3;2;1;1;1;0;5;50;1;Blessé léger
202300039160;155 611 130;1;1;0;1;1;5;203 758 209;1;1;4;1;1973.0;0;8;25;7;2023;13;1;10;10265;2;1;2;7;48,30099000;4,03950000;3;2;2;0;1;1;2;0;1;50;1;Blessé léger
202300039168;155 611 116;80;0;1;1;21;3;203 758 189;1;1;4;2;1996.0;9;2;25;7;2023;11;1;75;75119;2;1;2;6;48,88243400;2,38621100;4;2;2;3;2;1;2;0;6;30;1;Blessé léger
202300039168;155 611 116;80;0;1;1;21;3;203 758 190;10;3;4;2;1980.0;9;0;25;7;2023;11;1;75;75119;2;1;2;6;48,88243400;2,38621100;4;2;2;3;2;1;2;0;6;30;1;Blessé léger
202300039170;155 611 113;10;0;0;4;2;1;203 758 185;1;1;1;1;1987.0;1;1;25;7;2023;09;1;75;75119;2;9;8;2;48,88026000;2,40039700;4;2;4;0;1;1;2;0;1;50;1;Indemne
202300039170;155 611 114;80;0;2;1;2;3;203 758 186;1;1;4;1;1977.0;1;2;25;7;2023;09;1;75;75119;2;9;8;2;48,88026000;2,40039700;4;2;4;0;1;1;2;0;1;50;1;Blessé léger
202300039172;155 611 110;80;0;2;1;1;3;203 758 182;1;1;4;2;2000.0;1;8;25;7;2023;10;1;75;75113;2;3;2;6;48,83456900;2,35776900;4;1;2;0;2;1;2;0;1;30;1;Blessé léger
202300039172;155 611 111;7;0;2;8;24;1;203 758 183;1;1;1;1;1977.0;9;8;25;7;2023;10;1;75;75113;2;3;2;6;48,83456900;2,35776900;4;1;2;0;2;1;2;0;1;30;1;Indemne
202300039184;155 611 084;10;0;2;1;9;1;203 758 151;1;1;1;1;1982.0;1;1;26;7;2023;08;1;38;38157;1;6;1;3;45,51209900;4,95671200;3;2;1;0;1;2;1;0;1;50;2;Indemne
202300039184;155 611 085;1;0;2;7;19;5;203 758 152;1;1;3;1;1968.0;5;2;26;7;2023;08;1;38;38157;1;6;1;3;45,51209900;4,95671200;3;2;1;0;1;2;1;0;1;50;2;Blessé hospitalisé
202300039187;155 611 078;33;9;9;1;17;1;203 758 143;1;1;1;1;1970.0;5;2;26;7;2023;10;1;49;49110;1;1;1;3;47,55648400; -0,33387600;3;2;2;0;2;2;1;0;5;80;2;Indemne
202300039187;155 611 079;1;0;0;3;13;5;203 758 144;1;1;2;1;1947.0;5;2;26;7;2023;10;1;49;49110;1;1;1;3;47,55648400; -0,33387600;3;2;2;0;2;2;1;0;5;80;2;Tué
202300039212;155 611 036;10;0;2;2;2;0;203 758 094;1;1;1;1;2002.0;4;1;26;7;2023;10;1;27;27116;1;4;1;3;49,17895400;0,70338200;3;2;3;0;1;1;1;0;1;80;2;Indemne
202300039212;155 611 037;1;0;2;2;2;5;203 758 095;1;1;3;1;2011.0;5;2;26;7;2023;10;1;27;27116;1;4;1;3;49,17895400;0,70338200;3;2;3;0;1;1;1;0;1;80;2;Blessé hospitalisé
202300039230;155 611 006;1;0;2;1;2;5;203 758 047;1;1;3;1;1943.0;5;2;24;7;2023;12;1;54;54348;1;1;2;6;48,83502065;5,89877844;3;2;2;0;1;1;2;0;1;80;0;Blessé hospitalisé
202300039234;155 610 999;7;0;9;7;2;1;203 758 039;1;1;1;2;2005.0;5;1;25;7;2023;11;1;49;49021;1;1;1;3;47,41248648; -0,20202092;3;2;2;0;1;1;1;0;1;80;1;Indemne
202300039234;155 611 000;1;0;2;8;2;5;203 758 040;1;1;3;1;1958.0;5;2;25;7;2023;11;1;49;49021;1;1;1;3;47,41248648; -0,20202092;3;2;2;0;1;1;1;0;1;80;1;Blessé hospitalisé
202300039262;155 610 944;7;0;2;2;9;1;203 757 968;1;1;1;1;2002.0;5;8;22;7;2023;11;1;91;91421;2;1;1;3;48,71445200;2,44792100;3;3;2;1;1;1;1;0;5;30;5;Indemne
202300039262;155 610 945;1;0;2;1;1;5;203 757 969;1;1;4;1;1999.0;0;2;22;7;2023;11;1;91;91421;2;1;1;3;48,71445200;2,44792100;3;3;2;1;1;1;1;0;5;30;5;Blessé léger
202300039279;155 610 916;1;0;2;1;1;5;203 757 933;1;1;3;1;2004.0;0;8;24;7;2023;19;1;54;54395;2;2;1;3;48,69704374;6,15832508;4;2;2;0;2;1;1;0;1;30;0;Blessé hospitalisé
202300039279;155 610 917;7;0;2;7;1;1;203 757 934;1;1;1;2;1983.0;0;8;24;7;2023;19;1;54;54395;2;2;1;3;48,69704374;6,15832508;4;2;2;0;2;1;1;0;1;30;0;Indemne
202300039281;155 610 912;15;0;2;2;16;6;203 757 929;1;1;1;1;1997.0;4;1;24;7;2023;09;1;45;45234;2;1;1;3;47,88409642;1,89823151;4;1;1;0;2;1;1;0;1;50;0;Indemne
202300039281;155 610 913;1;0;2;0;1;5;203 757 930;1;1;3;2;2004.0;1;8;24;7;2023;09;1;45;45234;2;1;1;3;47,88409642;1,89823151;4;1;1;0;2;1;1;0;1;50;0;Blessé hospitalisé
202300039289;155 610 898;7;0;2;2;1;1;203 757 911;1;1;1;2;1945.0;5;1;20;6;2023;15;1;88;88148;1;2;1;3;47,98841000;6,63464200;4;2;2;0;1;1;1;0;5;50;1;Indemne
202300039289;155 610 899;1;0;2;1;19;5;203 757 912;1;1;3;1;1956.0;5;2;20;6;2023;15;1;88;88148;1;2;1;3;47,98841000;6,63464200;4;2;2;0;1;1;1;0;5;50;1;Blessé hospitalisé
202300039304;155 610 868;7;0;2;8;17;1;203 757 875;1;1;1;1;1955.0;5;8;23;6;2023;12;1;65;65123;1;1;1;3;42,95599500;0,25818400;3;2;2;0;2;1;1;0;1;80;4;Indemne
202300039304;155 610 869;1;0;2;3;1;5;203 757 876;1;1;3;1;1979.0;5;2;23;6;2023;12;1;65;65123;1;1;1;3;42,95599500;0,25818400;3;2;2;0;2;1;1;0;1;80;4;Blessé hospitalisé
202300039331;155 610 816;1;0;2;2;1;5;203 757 816;1;1;4;1;1984.0;0;2;21;6;2023;09;1;78;78029;2;3;1;3;48,95368000;1,85588000;4;2;0;0;1;2;1;0;1;30;2;Blessé léger
202300039331;155 610 816;1;0;2;2;1;5;203 757 816;1;1;4;1;1984.0;0;2;21;6;2023;09;1;78;78029;2;3;1;3;48,95368000;1,85588000;4;2;2;0;1;2;1;0;1;30;2;Blessé léger