Num_Acc;id_vehicule;catv;obs;obsm;choc;manv;motor;id_usager;place;catu;grav;sexe;an_nais;trajet;secu1;jour;mois;an;hrmn;lum;dep;com;agg;int;atm;col;lat;long;catr;circ;nbv;vosp;prof;plan;surf;infra;situ;vma;day_of_week;gravity
202300039331;155 610 817;7;0;2;2;15;1;203 757 817;1;1;1;2;1930.0;5;1;21;6;2023;09;1;78;78029;2;3;1;3;48,95368000;1,85588000;4;2;0;0;1;2;1;0;1;30;2;Indemne
202300039331;155 610 817;7;0;2;2;15;1;203 757 817;1;1;1;2;1930.0;5;1;21;6;2023;09;1;78;78029;2;3;1;3;48,95368000;1,85588000;4;2;2;0;1;2;1;0;1;30;2;Indemne
202300039354;155 610 766;7;0;2;3;17;1;203 757 754;1;1;1;1;1997.0;5;1;5;6;2023;01;4;62;62563;1;1;1;1;50,45944800;2,72079500;4;2;2;0;1;1;1;0;1;70;0;Indemne
202300039354;155 610 767;1;0;2;1;0;5;203 757 755;1;1;3;1;1996.0;5;8;5;6;2023;01;4;62;62563;1;1;1;1;50,45944800;2,72079500;4;2;2;0;1;1;1;0;1;70;0;Blessé hospitalisé
202300039358;155 610 756;1;0;2;1;1;5;203 757 740;1;1;4;1;1991.0;4;8;17;6;2023;12;1;59;59350;2;2;1;3;50,63225000;3,06075000;4;2;4;0;1;1;1;0;6;30;5;Blessé léger
202300039358;155 610 756;1;0;2;1;1;5;203 757 740;1;1;4;1;1991.0;4;8;17;6;2023;12;1;59;59350;2;2;1;3;50,63225000;3,06075000;4;2;2;0;1;1;1;0;6;30;5;Blessé léger
202300039358;155 610 757;7;0;2;7;15;1;203 757 741;1;1;1;1;1995.0;1;1;17;6;2023;12;1;59;59350;2;2;1;3;50,63225000;3,06075000;4;2;4;0;1;1;1;0;6;30;5;Indemne
202300039358;155 610 757;7;0;2;7;15;1;203 757 741;1;1;1;1;1995.0;1;1;17;6;2023;12;1;59;59350;2;2;1;3;50,63225000;3,06075000;4;2;2;0;1;1;1;0;6;30;5;Indemne
202300039372;155 610 729;7;0;2;7;16;1;203 757 692;2;2;1;2;1957.0;5;1;21;6;2023;08;1;37;37195;2;6;1;6;47,38671000;0,65115000;4;1;2;2;1;2;1;0;1;50;2;Indemne
202300039372;155 610 729;7;0;2;7;16;1;203 757 692;2;2;1;2;1957.0;5;1;21;6;2023;08;1;37;37195;2;6;1;6;47,38671000;0,65115000;4;2;2;0;1;1;1;0;1;50;2;Indemne
202300039372;155 610 729;7;0;2;7;16;1;203 757 693;4;2;1;1;2021.0;5;1;21;6;2023;08;1;37;37195;2;6;1;6;47,38671000;0,65115000;4;1;2;2;1;2;1;0;1;50;2;Indemne
202300039372;155 610 729;7;0;2;7;16;1;203 757 693;4;2;1;1;2021.0;5;1;21;6;2023;08;1;37;37195;2;6;1;6;47,38671000;0,65115000;4;2;2;0;1;1;1;0;1;50;2;Indemne
202300039372;155 610 729;7;0;2;7;16;1;203 757 694;1;1;1;2;1982.0;5;1;21;6;2023;08;1;37;37195;2;6;1;6;47,38671000;0,65115000;4;1;2;2;1;2;1;0;1;50;2;Indemne
202300039372;155 610 729;7;0;2;7;16;1;203 757 694;1;1;1;2;1982.0;5;1;21;6;2023;08;1;37;37195;2;6;1;6;47,38671000;0,65115000;4;2;2;0;1;1;1;0;1;50;2;Indemne
202300039372;155 610 730;1;0;2;8;1;5;203 757 695;1;1;4;2;1986.0;2;2;21;6;2023;08;1;37;37195;2;6;1;6;47,38671000;0,65115000;4;1;2;2;1;2;1;0;1;50;2;Blessé léger
202300039372;155 610 730;1;0;2;8;1;5;203 757 695;1;1;4;2;1986.0;2;2;21;6;2023;08;1;37;37195;2;6;1;6;47,38671000;0,65115000;4;2;2;0;1;1;1;0;1;50;2;Blessé léger
202300039372;155 610 730;1;0;2;8;1;5;203 757 696;2;2;4;2;2019.0;2;2;21;6;2023;08;1;37;37195;2;6;1;6;47,38671000;0,65115000;4;1;2;2;1;2;1;0;1;50;2;Blessé léger
202300039372;155 610 730;1;0;2;8;1;5;203 757 696;2;2;4;2;2019.0;2;2;21;6;2023;08;1;37;37195;2;6;1;6;47,38671000;0,65115000;4;2;2;0;1;1;1;0;1;50;2;Blessé léger
202300039377;155 610 721;1;0;2;1;15;5;203 757 680;1;1;4;1;2005.0;1;0;21;6;2023;10;1;29;29232;2;2;2;3;47,99506300; -4,10814200;4;2;3;0;1;1;2;5;1;50;2;Blessé léger
202300039377;155 610 721;1;0;2;1;15;5;203 757 680;1;1;4;1;2005.0;1;0;21;6;2023;10;1;29;29232;2;2;2;3;47,99506300; -4,10814200;4;1;3;0;1;1;2;5;1;30;2;Blessé léger
202300039377;155 610 722;7;0;2;3;1;2;203 757 681;3;2;1;2;2013.0;0;1;21;6;2023;10;1;29;29232;2;2;2;3;47,99506300; -4,10814200;4;2;3;0;1;1;2;5;1;50;2;Indemne
202300039377;155 610 722;7;0;2;3;1;2;203 757 681;3;2;1;2;2013.0;0;1;21;6;2023;10;1;29;29232;2;2;2;3;47,99506300; -4,10814200;4;1;3;0;1;1;2;5;1;30;2;Indemne
202300039377;155 610 722;7;0;2;3;1;2;203 757 682;1;1;1;1;1947.0;5;1;21;6;2023;10;1;29;29232;2;2;2;3;47,99506300; -4,10814200;4;2;3;0;1;1;2;5;1;50;2;Indemne
202300039377;155 610 722;7;0;2;3;1;2;203 757 682;1;1;1;1;1947.0;5;1;21;6;2023;10;1;29;29232;2;2;2;3;47,99506300; -4,10814200;4;1;3;0;1;1;2;5;1;30;2;Indemne
202300039377;155 610 722;7;0;2;3;1;2;203 757 683;2;2;1;2;1945.0;5;1;21;6;2023;10;1;29;29232;2;2;2;3;47,99506300; -4,10814200;4;2;3;0;1;1;2;5;1;50;2;Indemne
202300039377;155 610 722;7;0;2;3;1;2;203 757 683;2;2;1;2;1945.0;5;1;21;6;2023;10;1;29;29232;2;2;2;3;47,99506300; -4,10814200;4;1;3;0;1;1;2;5;1;30;2;Indemne
202300039387;155 610 703;80;0;2;6;1;3;203 757 657;1;1;4;1;1986.0;1;8;20;6;2023;13;1;14;14118;2;2;1;3;49,19477000; -0,39528900;4;3;2;1;1;1;1;5;5;50;1;Blessé léger
202300039387;155 610 703;80;0;2;6;1;3;203 757 657;1;1;4;1;1986.0;1;8;20;6;2023;13;1;14;14118;2;2;1;3;49,19477000; -0,39528900;4;2;1;0;1;1;1;5;5;50;1;Blessé léger
202300039391;155 610 695;1;0;2;5;1;5;203 757 646;1;1;4;2;1967.0;1;2;20;6;2023;08;1;10;10387;2;6;1;3;48,29006000;4,06762000;4;1;0;2;1;1;1;0;5;50;1;Blessé léger
202300039391;155 610 695;1;0;2;5;1;5;203 757 646;1;1;4;2;1967.0;1;2;20;6;2023;08;1;10;10387;2;6;1;3;48,29006000;4,06762000;4;1;2;2;1;1;1;0;5;50;1;Blessé léger
202300039391;155 610 696;7;0;2;2;1;1;203 757 647;1;1;1;1;1996.0;2;8;20;6;2023;08;1;10;10387;2;6;1;3;48,29006000;4,06762000;4;1;0;2;1;1;1;0;5;50;1;Indemne
202300039391;155 610 696;7;0;2;2;1;1;203 757 647;1;1;1;1;1996.0;2;8;20;6;2023;08;1;10;10387;2;6;1;3;48,29006000;4,06762000;4;1;2;2;1;1;1;0;5;50;1;Indemne
202300039394;155 610 690;1;0;2;1;15;5;203 757 640;1;1;3;1;1971.0;1;8;21;6;2023;06;1;02;02738;2;6;1;3;49,65764700;3,31023400;4;1;1;0;1;2;1;0;1;50;2;Blessé hospitalisé
202300039394;155 610 690;1;0;2;1;15;5;203 757 640;1;1;3;1;1971.0;1;8;21;6;2023;06;1;02;02738;2;6;1;3;49,65764700;3,31023400;4;1;2;0;1;2;1;0;1;50;2;Blessé hospitalisé
202300039394;155 610 691;7;0;2;2;0;1;203 757 641;1;1;1;2;1992.0;9;1;21;6;2023;06;1;02;02738;2;6;1;3;49,65764700;3,31023400;4;1;1;0;1;2;1;0;1;50;2;Indemne
202300039394;155 610 691;7;0;2;2;0;1;203 757 641;1;1;1;2;1992.0;9;1;21;6;2023;06;1;02;02738;2;6;1;3;49,65764700;3,31023400;4;1;2;0;1;2;1;0;1;50;2;Indemne
202300039401;155 610 674;7;0;0;8;15;1;203 757 622;1;1;1;2;1964.0;9;1;21;6;2023;20;1;75;75107;2;3;1;3;48,85905100;2,29349800;4;2;2;0;1;1;1;2;1;30;2;Indemne
202300039401;155 610 674;7;0;0;8;15;1;203 757 622;1;1;1;2;1964.0;9;1;21;6;2023;20;1;75;75107;2;3;1;3;48,85905100;2,29349800;4;2;4;0;1;1;1;5;1;30;2;Indemne
202300039401;155 610 675;1;0;2;1;15;5;203 757 623;1;1;3;2;1972.0;9;8;21;6;2023;20;1;75;75107;2;3;1;3;48,85905100;2,29349800;4;2;2;0;1;1;1;2;1;30;2;Blessé hospitalisé
202300039401;155 610 675;1;0;2;1;15;5;203 757 623;1;1;3;2;1972.0;9;8;21;6;2023;20;1;75;75107;2;3;1;3;48,85905100;2,29349800;4;2;4;0;1;1;1;5;1;30;2;Blessé hospitalisé
202300039403;155 610 670;2;0;2;8;2;3;203 757 617;1;1;4;2;1971.0;1;2;20;6;2023;11;1;75;75105;2;2;1;3;48,84453300;2,34534100;4;1;1;1;1;1;1;0;1;30;1;Blessé léger
202300039403;155 610 670;2;0;2;8;2;3;203 757 617;1;1;4;2;1971.0;1;2;20;6;2023;11;1;75;75105;2;2;1;3;48,84453300;2,34534100;4;1;2;1;1;1;1;0;1;30;1;Blessé léger
202300039403;155 610 671;1;0;2;1;5;5;203 757 618;1;1;4;1;1995.0;1;8;20;6;2023;11;1;75;75105;2;2;1;3;48,84453300;2,34534100;4;1;1;1;1;1;1;0;1;30;1;Blessé léger
202300039403;155 610 671;1;0;2;1;5;5;203 757 618;1;1;4;1;1995.0;1;8;20;6;2023;11;1;75;75105;2;2;1;3;48,84453300;2,34534100;4;1;2;1;1;1;1;0;1;30;1;Blessé léger
202300039406;155 610 666;1;12;0;1;13;5;203 757 612;1;1;4;1;1948.0;5;2;21;6;2023;14;1;75;75117;2;1;1;6;48,89208500;2,30785300;4;3;6;1;2;1;1;0;1;30;2;Blessé léger
202300039407;155 610 664;1;0;2;1;1;5;203 757 610;1;1;4;2;1996.0;5;8;18;6;2023;01;5;75;75117;2;3;1;3;48,88244200;2,31181000;4;2;2;1;1;1;1;0;1;30;6;Blessé léger
202300039407;155 610 664;1;0;2;1;1;5;203 757 610;1;1;4;2;1996.0;5;8;18;6;2023;01;5;75;75117;2;3;1;3;48,88244200;2,31181000;4;2;4;0;1;1;1;0;1;30;6;Blessé léger
202300039407;155 610 665;7;0;0;3;1;1;203 757 611;1;1;1;1;1993.0;5;1;18;6;2023;01;5;75;75117;2;3;1;3;48,88244200;2,31181000;4;2;2;1;1;1;1;0;1;30;6;Indemne
202300039407;155 610 665;7;0;0;3;1;1;203 757 611;1;1;1;1;1993.0;5;1;18;6;2023;01;5;75;75117;2;3;1;3;48,88244200;2,31181000;4;2;4;0;1;1;1;0;1;30;6;Indemne
202300039408;155 610 662;1;0;2;1;1;5;203 757 608;1;1;4;1;1979.0;1;2;16;6;2023;12;1;75;75117;2;1;1;1;48,88579700;2,29824400;4;1;1;0;1;1;1;0;1;30;4;Blessé léger
202300039408;155 610 663;7;0;2;3;22;1;203 757 609;1;1;1;1;1962.0;5;1;16;6;2023;12;1;75;75117;2;1;1;1;48,88579700;2,29824400;4;1;1;0;1;1;1;0;1;30;4;Indemne
202300039409;155 610 661;1;0;1;1;1;5;203 757 606;1;1;1;1;1997.0;5;2;10;6;2023;20;2;75;75117;2;2;1;6;48,87864900;2,29421500;4;2;4;3;1;1;1;0;1;30;5;Indemne
202300039409;155 610 661;1;0;1;1;1;5;203 757 606;1;1;1;1;1997.0;5;2;10;6;2023;20;2;75;75117;2;2;1;6;48,87864900;2,29421500;4;2;4;0;1;1;1;0;1;30;5;Indemne
202300039409;155 610 661;1;0;1;1;1;5;203 757 607;10;3;4;2;2016.0;5;0;10;6;2023;20;2;75;75117;2;2;1;6;48,87864900;2,29421500;4;2;4;3;1;1;1;0;1;30;5;Blessé léger
202300039409;155 610 661;1;0;1;1;1;5;203 757 607;10;3;4;2;2016.0;5;0;10;6;2023;20;2;75;75117;2;2;1;6;48,87864900;2,29421500;4;2;4;0;1;1;1;0;1;30;5;Blessé léger
202300039448;155 610 595;7;0;2;4;1;1;203 757 519;1;1;1;2;1947.0;9;1;21;6;2023;18;1;92;92020;2;1;1;2;48,80549400;2,29101100;3;1;1;1;2;1;1;0;1;50;2;Indemne
202300039448;155 610 597;1;0;2;1;1;5;203 757 521;1;1;4;2;1991.0;9;2;21;6;2023;18;1;92;92020;2;1;1;2;48,80549400;2,29101100;3;1;1;1;2;1;1;0;1;50;2;Blessé léger
202300039468;155 610 564;1;0;2;8;15;5;203 757 478;1;1;4;1;1998.0;0;0;6;11;2023;19;5;69;69266;2;3;1;6;45,75814048;4,88505574;4;2;2;2;1;1;1;0;1;50;0;Blessé léger
202300039468;155 610 564;1;0;2;8;15;5;203 757 478;1;1;4;1;1998.0;0;0;6;11;2023;19;5;69;69266;2;3;1;6;45,75814048;4,88505574;4;2;2;3;1;1;1;0;1;50;0;Blessé léger
202300039468;155 610 565;7;0;2;2;1;1;203 757 479;2;2;1;2;2002.0;0;1;6;11;2023;19;5;69;69266;2;3;1;6;45,75814048;4,88505574;4;2;2;2;1;1;1;0;1;50;0;Indemne
202300039468;155 610 565;7;0;2;2;1;1;203 757 479;2;2;1;2;2002.0;0;1;6;11;2023;19;5;69;69266;2;3;1;6;45,75814048;4,88505574;4;2;2;3;1;1;1;0;1;50;0;Indemne
202300039468;155 610 565;7;0;2;2;1;1;203 757 480;1;1;4;1;2000.0;0;1;6;11;2023;19;5;69;69266;2;3;1;6;45,75814048;4,88505574;4;2;2;2;1;1;1;0;1;50;0;Blessé léger
202300039468;155 610 565;7;0;2;2;1;1;203 757 480;1;1;4;1;2000.0;0;1;6;11;2023;19;5;69;69266;2;3;1;6;45,75814048;4,88505574;4;2;2;3;1;1;1;0;1;50;0;Blessé léger
202300039479;155 610 547;7;0;2;1;15;1;203 757 458;1;1;1;2;1998.0;5;1;21;6;2023;16;1;01;01333;2;3;1;1;45,92583400;4,95002700;4;1;1;0;1;1;1;0;1;50;2;Indemne
202300039479;155 610 548;1;0;2;1;5;5;203 757 459;1;1;4;2;1968.0;5;0;21;6;2023;16;1;01;01333;2;3;1;1;45,92583400;4,95002700;4;1;1;0;1;1;1;0;1;50;2;Blessé léger
202300039512;155 610 487;7;0;2;1;1;1;203 757 376;1;1;1;2;1962.0;0;1;6;11;2023;14;1;26;26198;2;9;1;3;44,55845000;4,74556000;4;1;1;0;1;2;1;0;1;30;0;Indemne
202300039512;155 610 488;1;0;2;4;1;5;203 757 377;1;1;4;2;1961.0;5;8;6;11;2023;14;1;26;26198;2;9;1;3;44,55845000;4,74556000;4;1;1;0;1;2;1;0;1;30;0;Blessé léger
202300039526;155 610 461;1;0;2;1;5;5;203 757 345;1;1;3;1;1988.0;5;2;21;6;2023;19;1;30;30029;2;7;1;3;44,30696400;4,34803800;3;2;2;0;2;2;1;9;5;50;2;Blessé hospitalisé
202300039526;155 610 463;10;0;9;2;15;1;203 757 347;1;1;1;1;1968.0;5;1;21;6;2023;19;1;30;30029;2;7;1;3;44,30696400;4,34803800;3;2;2;0;2;2;1;9;5;50;2;Indemne
202300039538;155 610 435;80;0;2;2;19;3;203 757 308;1;1;4;2;1955.0;5;2;6;11;2023;12;1;75;75116;2;1;1;3;48,87085300;2,25310900;4;2;2;0;1;1;1;0;1;50;0;Blessé léger
202300039538;155 610 436;33;0;2;1;1;1;203 757 309;1;1;1;1;1963.0;4;2;6;11;2023;12;1;75;75116;2;1;1;3;48,87085300;2,25310900;4;2;2;0;1;1;1;0;1;50;0;Indemne
202300039562;155 610 395;1;0;1;1;1;5;203 757 249;10;3;4;2;1986.0;9;0;6;11;2023;08;1;93;93066;2;1;1;6;48,92844229;2,34119481;3;2;2;2;1;1;1;9;5;50;0;Blessé léger
202300039562;155 610 395;1;0;1;1;1;5;203 757 251;1;1;4;1;1986.0;9;0;6;11;2023;08;1;93;93066;2;1;1;6;48,92844229;2,34119481;3;2;2;2;1;1;1;9;5;50;0;Blessé léger
202300039570;155 610 380;7;12;0;1;2;1;203 757 234;1;1;1;2;1982.0;1;1;6;11;2023;09;1;92;92040;2;1;1;2;48,82485000;2,26780000;3;2;2;1;1;1;1;0;5;30;0;Indemne
202300039570;155 610 382;1;0;2;1;0;5;203 757 236;1;1;4;2;1981.0;0;8;6;11;2023;09;1;92;92040;2;1;1;2;48,82485000;2,26780000;3;2;2;1;1;1;1;0;5;30;0;Blessé léger
202300039595;155 610 340;7;0;2;1;1;0;203 757 184;1;1;1;1;1971.0;1;1;7;11;2023;07;2;30;30092;2;2;5;3;44,09445100;4,60876500;4;2;2;0;1;1;2;0;1;30;1;Indemne
202300039595;155 610 341;1;8;2;8;19;5;203 757 185;1;1;3;1;1983.0;1;2;7;11;2023;07;2;30;30092;2;2;5;3;44,09445100;4,60876500;4;2;2;0;1;1;2;0;1;30;1;Blessé hospitalisé
202300039602;155 610 329;10;0;9;7;2;1;203 757 167;1;1;1;1;1991.0;4;1;7;11;2023;08;2;49;49002;1;1;7;2;47,29944200; -0,00436100;3;2;2;0;1;1;1;0;1;90;1;Indemne
202300039602;155 610 330;1;0;2;4;2;5;203 757 168;1;1;3;1;1969.0;2;2;7;11;2023;08;2;49;49002;1;1;7;2;47,29944200; -0,00436100;3;2;2;0;1;1;1;0;1;90;1;Blessé hospitalisé
202300039613;155 610 316;1;0;2;1;18;5;203 757 147;1;1;4;2;1958.0;9;8;16;5;2023;16;1;75;75110;2;4;1;2;48,88306800;2,36155300;4;1;1;1;1;1;1;0;1;30;1;Blessé léger
202300039613;155 610 316;1;0;2;1;18;5;203 757 147;1;1;4;2;1958.0;9;8;16;5;2023;16;1;75;75110;2;4;1;2;48,88306800;2,36155300;4;1;1;0;1;1;1;0;1;30;1;Blessé léger
202300039613;155 610 317;13;0;2;4;4;1;203 757 148;2;2;4;1;1987.0;4;8;16;5;2023;16;1;75;75110;2;4;1;2;48,88306800;2,36155300;4;1;1;1;1;1;1;0;1;30;1;Blessé léger
202300039613;155 610 317;13;0;2;4;4;1;203 757 148;2;2;4;1;1987.0;4;8;16;5;2023;16;1;75;75110;2;4;1;2;48,88306800;2,36155300;4;1;1;0;1;1;1;0;1;30;1;Blessé léger
202300039613;155 610 317;13;0;2;4;4;1;203 757 149;1;1;1;1;1978.0;4;8;16;5;2023;16;1;75;75110;2;4;1;2;48,88306800;2,36155300;4;1;1;1;1;1;1;0;1;30;1;Indemne
202300039613;155 610 317;13;0;2;4;4;1;203 757 149;1;1;1;1;1978.0;4;8;16;5;2023;16;1;75;75110;2;4;1;2;48,88306800;2,36155300;4;1;1;0;1;1;1;0;1;30;1;Indemne
202300039617;155 610 305;32;0;2;1;1;1;203 757 135;1;1;4;1;1992.0;9;2;16;5;2023;13;1;75;75101;2;3;1;1;48,86320600;2,33380600;4;2;2;0;1;1;1;0;1;30;1;Blessé léger
202300039617;155 610 305;32;0;2;1;1;1;203 757 135;1;1;4;1;1992.0;9;2;16;5;2023;13;1;75;75101;2;3;1;1;48,86320600;2,33380600;4;2;3;3;1;1;1;8;1;30;1;Blessé léger
202300039617;155 610 305;32;0;2;1;1;1;203 757 136;2;2;4;2;1981.0;9;2;16;5;2023;13;1;75;75101;2;3;1;1;48,86320600;2,33380600;4;2;2;0;1;1;1;0;1;30;1;Blessé léger
202300039617;155 610 305;32;0;2;1;1;1;203 757 136;2;2;4;2;1981.0;9;2;16;5;2023;13;1;75;75101;2;3;1;1;48,86320600;2,33380600;4;2;3;3;1;1;1;8;1;30;1;Blessé léger
202300039617;155 610 308;80;0;2;1;16;3;203 757 139;1;1;4;1;1994.0;4;8;16;5;2023;13;1;75;75101;2;3;1;1;48,86320600;2,33380600;4;2;2;0;1;1;1;0;1;30;1;Blessé léger
202300039617;155 610 308;80;0;2;1;16;3;203 757 139;1;1;4;1;1994.0;4;8;16;5;2023;13;1;75;75101;2;3;1;1;48,86320600;2,33380600;4;2;3;3;1;1;1;8;1;30;1;Blessé léger
202300039646;155 610 255;7;0;2;3;15;1;203 757 067;1;1;1;2;1992.0;0;8;17;5;2023;07;1;92;92072;2;1;1;3;48,82424000;2,22019000;3;2;2;0;2;1;1;0;1;50;2;Indemne
202300039646;155 610 257;1;0;2;1;17;5;203 757 070;1;1;4;1;1984.0;1;2;17;5;2023;07;1;92;92072;2;1;1;3;48,82424000;2,22019000;3;2;2;0;2;1;1;0;1;50;2;Blessé léger
202300039650;155 610 248;1;0;0;0;0;5;203 757 057;1;1;4;1;1993.0;0;8;16;5;2023;18;1;92;92051;2;9;1;2;48,89170000;2,27288000;3;2;2;0;1;1;1;0;1;50;1;Blessé léger
202300039650;155 610 249;7;0;2;5;23;1;203 757 059;1;1;1;1;1968.0;9;8;16;5;2023;18;1;92;92051;2;9;1;2;48,89170000;2,27288000;3;2;2;0;1;1;1;0;1;50;1;Indemne
202300039651;155 610 245;7;0;2;3;15;1;203 757 052;1;1;1;1;1955.0;0;8;24;2;2023;01;5;69;69387;2;2;1;3;45,75390786;4,84694859;4;2;2;3;1;1;2;0;1;50;4;Indemne
202300039651;155 610 245;7;0;2;3;15;1;203 757 052;1;1;1;1;1955.0;0;8;24;2;2023;01;5;69;69387;2;2;1;3;45,75390786;4,84694859;4;2;3;3;1;1;2;0;1;50;4;Indemne
202300039651;155 610 245;7;0;2;3;15;1;203 757 052;1;1;1;1;1955.0;0;8;24;2;2023;01;5;69;69387;2;2;1;3;45,75390786;4,84694859;4;1;1;3;1;1;2;0;1;50;4;Indemne
202300039651;155 610 247;1;0;2;8;1;5;203 757 056;1;1;4;1;1987.0;0;8;24;2;2023;01;5;69;69387;2;2;1;3;45,75390786;4,84694859;4;2;2;3;1;1;2;0;1;50;4;Blessé léger
202300039651;155 610 247;1;0;2;8;1;5;203 757 056;1;1;4;1;1987.0;0;8;24;2;2023;01;5;69;69387;2;2;1;3;45,75390786;4,84694859;4;2;3;3;1;1;2;0;1;50;4;Blessé léger
202300039651;155 610 247;1;0;2;8;1;5;203 757 056;1;1;4;1;1987.0;0;8;24;2;2023;01;5;69;69387;2;2;1;3;45,75390786;4,84694859;4;1;1;3;1;1;2;0;1;50;4;Blessé léger
202300039662;155 610 228;1;15;0;0;1;5;203 757 031;1;1;4;1;1958.0;0;8;23;2;2023;18;2;69;69034;2;1;1;6;45,78283338;4,83537093;4;2;3;2;2;3;1;0;4;50;3;Blessé léger
202300039693;155 610 165;7;0;2;8;24;1;203 756 944;1;1;1;1;1958.0;4;8;24;2;2023;16;1;69;69029;2;1;2;3;45,73900000;4,90632000;4;2;2;0;1;1;2;0;1;30;4;Indemne
202300039693;155 610 166;1;1;0;7;1;0;203 756 947;1;1;4;2;1994.0;1;2;24;2;2023;16;1;69;69029;2;1;2;3;45,73900000;4,90632000;4;2;2;0;1;1;2;0;1;30;4;Blessé léger
202300039719;155 610 115;1;9;2;8;26;5;203 756 881;1;1;4;1;1967.0;0;8;24;2;2023;19;5;59;59328;2;2;8;3;50,64591000;3,01789000;7;2;2;2;1;1;2;0;1;30;4;Blessé léger
202300039719;155 610 115;1;9;2;8;26;5;203 756 881;1;1;4;1;1967.0;0;8;24;2;2023;19;5;59;59328;2;2;8;3;50,64591000;3,01789000;7;2;2;0;1;1;2;0;1;30;4;Blessé léger
202300039719;155 610 117;7;9;2;1;15;0;203 756 883;1;1;1;2;1934.0;5;1;24;2;2023;19;5;59;59328;2;2;8;3;50,64591000;3,01789000;7;2;2;2;1;1;2;0;1;30;4;Indemne
202300039719;155 610 117;7;9;2;1;15;0;203 756 883;1;1;1;2;1934.0;5;1;24;2;2023;19;5;59;59328;2;2;8;3;50,64591000;3,01789000;7;2;2;0;1;1;2;0;1;30;4;Indemne
202300039722;155 610 110;1;0;2;3;14;5;203 756 872;1;1;4;2;1987.0;0;8;24;2;2023;19;2;59;59350;2;9;1;3;50,62142000;3,05930000;4;1;2;1;1;1;1;0;1;30;4;Blessé léger
202300039722;155 610 112;7;0;2;2;3;1;203 756 874;1;1;1;1;1983.0;0;8;24;2;2023;19;2;59;59350;2;9;1;3;50,62142000;3,05930000;4;1;2;1;1;1;1;0;1;30;4;Indemne
202300039738;155 610 082;1;0;2;1;15;5;203 756 839;1;1;4;1;1990.0;4;2;24;2;2023;15;1;56;56121;2;6;1;3;47,74537000; -3,36811000;4;1;1;3;1;2;1;5;1;30;4;Blessé léger
202300039738;155 610 082;1;0;2;1;15;5;203 756 839;1;1;4;1;1990.0;4;2;24;2;2023;15;1;56;56121;2;6;1;3;47,74537000; -3,36811000;4;2;2;0;1;1;1;5;1;30;4;Blessé léger
202300039738;155 610 085;7;0;2;3;9;1;203 756 842;1;1;1;1;1953.0;5;1;24;2;2023;15;1;56;56121;2;6;1;3;47,74537000; -3,36811000;4;1;1;3;1;2;1;5;1;30;4;Indemne
202300039738;155 610 085;7;0;2;3;9;1;203 756 842;1;1;1;1;1953.0;5;1;24;2;2023;15;1;56;56121;2;6;1;3;47,74537000; -3,36811000;4;2;2;0;1;1;1;5;1;30;4;Indemne
202300039741;155 610 077;7;0;2;3;0;1;203 756 834;1;1;1;1;2003.0;5;1;3;11;2023;20;5;86;86066;2;2;1;3;46,81564000;0,53565000;4;1;1;0;2;2;1;0;1;50;4;Indemne
202300039741;155 610 077;7;0;2;3;0;1;203 756 834;1;1;1;1;2003.0;5;1;3;11;2023;20;5;86;86066;2;2;1;3;46,81564000;0,53565000;4;1;1;2;1;1;1;5;1;50;4;Indemne
202300039741;155 610 080;1;0;2;2;19;5;203 756 837;1;1;4;2;2006.0;5;2;3;11;2023;20;5;86;86066;2;2;1;3;46,81564000;0,53565000;4;1;1;0;2;2;1;0;1;50;4;Blessé léger
202300039741;155 610 080;1;0;2;2;19;5;203 756 837;1;1;4;2;2006.0;5;2;3;11;2023;20;5;86;86066;2;2;1;3;46,81564000;0,53565000;4;1;1;2;1;1;1;5;1;50;4;Blessé léger
202300039745;155 610 071;10;0;2;3;1;1;203 756 826;1;1;1;2;1967.0;5;1;24;2;2023;11;1;56;56098;2;2;1;3;47,76795000; -3,35551000;4;1;1;0;1;1;1;0;1;30;4;Indemne
202300039745;155 610 071;10;0;2;3;1;1;203 756 826;1;1;1;2;1967.0;5;1;24;2;2023;11;1;56;56098;2;2;1;3;47,76795000; -3,35551000;4;2;2;0;1;1;1;0;1;30;4;Indemne
202300039745;155 610 073;1;0;2;1;1;5;203 756 829;1;1;4;2;2008.0;0;0;24;2;2023;11;1;56;56098;2;2;1;3;47,76795000; -3,35551000;4;1;1;0;1;1;1;0;1;30;4;Blessé léger
202300039745;155 610 073;1;0;2;1;1;5;203 756 829;1;1;4;2;2008.0;0;0;24;2;2023;11;1;56;56098;2;2;1;3;47,76795000; -3,35551000;4;2;2;0;1;1;1;0;1;30;4;Blessé léger
202300039748;155 610 067;7;0;2;5;18;1;203 756 819;1;1;1;2;1995.0;5;1;5;11;2023;10;1;83;83090;2;1;1;4;43,13502000;5,85439000;3;3;2;0;2;1;1;0;1;70;6;Indemne
202300039748;155 610 067;7;0;2;5;18;1;203 756 822;2;2;1;1;1991.0;0;1;5;11;2023;10;1;83;83090;2;1;1;4;43,13502000;5,85439000;3;3;2;0;2;1;1;0;1;70;6;Indemne
202300039748;155 610 069;1;0;2;0;0;5;203 756 824;1;1;1;1;1999.0;5;2;5;11;2023;10;1;83;83090;2;1;1;4;43,13502000;5,85439000;3;3;2;0;2;1;1;0;1;70;6;Indemne