Num_Acc;id_vehicule;catv;obs;obsm;choc;manv;motor;id_usager;place;catu;grav;sexe;an_nais;trajet;secu1;jour;mois;an;hrmn;lum;dep;com;agg;int;atm;col;lat;long;catr;circ;nbv;vosp;prof;plan;surf;infra;situ;vma;day_of_week;gravity
202300039748;155 610 070;1;0;2;2;1;5;203 756 825;1;1;4;1;2002.0;5;2;5;11;2023;10;1;83;83090;2;1;1;4;43,13502000;5,85439000;3;3;2;0;2;1;1;0;1;70;6;Blessé léger
202300039772;155 610 023;1;0;0;1;1;5;203 756 750;1;1;3;2;2004.0;0;8;30;10;2023;15;1;53;53130;2;6;2;7;48,05701000; -0,77982000;4;2;1;0;1;1;2;0;1;50;0;Blessé hospitalisé
202300039772;155 610 023;1;0;0;1;1;5;203 756 750;1;1;3;2;2004.0;0;8;30;10;2023;15;1;53;53130;2;6;2;7;48,05701000; -0,77982000;4;2;1;0;2;1;2;0;1;50;0;Blessé hospitalisé
202300039779;155 610 010;7;0;9;3;15;1;203 756 734;1;1;1;1;1945.0;3;1;17;5;2023;09;1;68;68334;2;3;1;3;47,79827800;7,10931100;3;2;2;0;1;1;1;0;8;50;2;Indemne
202300039779;155 610 013;1;0;0;8;1;5;203 756 737;1;1;4;1;1961.0;5;2;17;5;2023;09;1;68;68334;2;3;1;3;47,79827800;7,10931100;3;2;2;0;1;1;1;0;8;50;2;Blessé léger
202300039780;155 610 006;1;0;2;1;1;5;203 756 732;1;1;4;2;2006.0;2;8;24;2;2023;12;1;25;25462;2;1;1;1;46,91127200;6,35595200;4;2;2;0;1;1;1;0;1;50;4;Blessé léger
202300039780;155 610 009;7;0;2;3;13;1;203 756 733;1;1;1;2;2002.0;1;1;24;2;2023;12;1;25;25462;2;1;1;1;46,91127200;6,35595200;4;2;2;0;1;1;1;0;1;50;4;Indemne
202300039799;155 609 974;7;0;9;0;15;2;203 756 686;1;1;1;1;1974.0;1;1;4;11;2023;17;2;31;31555;2;1;2;3;43,59476873;1,38207391;4;2;1;0;1;1;2;5;1;30;5;Indemne
202300039799;155 609 976;1;0;2;0;0;5;203 756 689;1;1;4;2;2003.0;1;8;4;11;2023;17;2;31;31555;2;1;2;3;43,59476873;1,38207391;4;2;1;0;1;1;2;5;1;30;5;Blessé léger
202300039813;155 609 950;80;0;1;1;1;3;203 756 654;10;3;3;2;1942.0;5;0;7;5;2023;12;1;46;46042;2;3;1;6;44,44740000;1,44020000;3;2;2;0;2;1;1;0;1;30;6;Blessé hospitalisé
202300039813;155 609 950;80;0;1;1;1;3;203 756 656;10;3;4;2;1931.0;5;0;7;5;2023;12;1;46;46042;2;3;1;6;44,44740000;1,44020000;3;2;2;0;2;1;1;0;1;30;6;Blessé léger
202300039813;155 609 950;80;0;1;1;1;3;203 756 657;1;1;1;2;1959.0;5;8;7;5;2023;12;1;46;46042;2;3;1;6;44,44740000;1,44020000;3;2;2;0;2;1;1;0;1;30;6;Indemne
202300039819;155 609 937;1;0;2;8;10;5;203 756 638;1;1;4;1;1981.0;5;8;24;2;2023;02;5;75;75106;2;2;1;2;48,84809100;2,32794100;4;2;2;3;1;1;1;0;1;30;4;Blessé léger
202300039819;155 609 940;30;0;2;1;21;3;203 756 641;1;1;1;1;2000.0;1;2;24;2;2023;02;5;75;75106;2;2;1;2;48,84809100;2,32794100;4;2;2;3;1;1;1;0;1;30;4;Indemne
202300039835;155 609 911;10;0;2;4;4;3;203 756 601;1;1;1;1;2000.0;4;1;24;2;2023;14;1;75;75110;2;2;1;2;48,87175800;2,35717400;4;1;2;0;1;1;1;0;1;30;4;Indemne
202300039835;155 609 913;1;0;2;1;1;5;203 756 604;1;1;4;2;1967.0;5;8;24;2;2023;14;1;75;75110;2;2;1;2;48,87175800;2,35717400;4;1;2;0;1;1;1;0;1;30;4;Blessé léger
202300039845;155 609 893;1;0;2;1;5;5;203 756 584;1;1;4;1;1994.0;9;8;24;2;2023;01;5;75;75109;2;2;1;3;48,87425700;2,33133400;4;1;2;3;1;1;1;0;1;30;4;Blessé léger
202300039845;155 609 893;1;0;2;1;5;5;203 756 584;1;1;4;1;1994.0;9;8;24;2;2023;01;5;75;75109;2;2;1;3;48,87425700;2,33133400;4;1;1;0;1;1;1;0;1;30;4;Blessé léger
202300039845;155 609 896;17;0;2;6;1;1;203 756 587;1;1;1;1;1985.0;4;1;24;2;2023;01;5;75;75109;2;2;1;3;48,87425700;2,33133400;4;1;2;3;1;1;1;0;1;30;4;Indemne
202300039845;155 609 896;17;0;2;6;1;1;203 756 587;1;1;1;1;1985.0;4;1;24;2;2023;01;5;75;75109;2;2;1;3;48,87425700;2,33133400;4;1;1;0;1;1;1;0;1;30;4;Indemne
202300039846;155 609 892;7;0;2;5;16;1;203 756 583;1;1;1;1;1963.0;5;8;5;11;2023;09;1;75;75114;2;2;2;3;48,82233300;2,31435600;4;2;4;1;1;1;2;0;5;50;6;Indemne
202300039846;155 609 892;7;0;2;5;16;1;203 756 583;1;1;1;1;1963.0;5;8;5;11;2023;09;1;75;75114;2;2;2;3;48,82233300;2,31435600;4;2;4;1;1;1;2;0;5;50;6;Indemne
202300039846;155 609 894;80;0;2;1;1;3;203 756 585;1;1;4;2;2000.0;9;8;5;11;2023;09;1;75;75114;2;2;2;3;48,82233300;2,31435600;4;2;4;1;1;1;2;0;5;50;6;Blessé léger
202300039846;155 609 894;80;0;2;1;1;3;203 756 585;1;1;4;2;2000.0;9;8;5;11;2023;09;1;75;75114;2;2;2;3;48,82233300;2,31435600;4;2;4;1;1;1;2;0;5;50;6;Blessé léger
202300039849;155 609 886;80;9;0;1;1;3;203 756 576;1;1;4;1;1992.0;9;8;5;11;2023;01;5;75;75114;2;2;2;6;48,83755700;2,32293400;4;4;4;0;1;1;2;5;1;30;6;Blessé léger
202300039849;155 609 886;80;9;0;1;1;3;203 756 576;1;1;4;1;1992.0;9;8;5;11;2023;01;5;75;75114;2;2;2;6;48,83755700;2,32293400;4;4;3;0;1;1;2;5;1;30;6;Blessé léger
202300039852;155 609 883;1;12;0;1;25;5;203 756 571;1;1;4;2;1993.0;5;8;4;11;2023;12;1;75;75114;2;7;8;7;48,83454600;2,33261900;4;2;3;3;1;1;2;0;4;50;5;Blessé léger
202300039863;155 609 860;1;0;2;1;26;5;203 756 536;1;1;4;2;1963.0;0;2;15;5;2023;12;1;72;72181;2;1;1;3;47,98483000;0,18497000;4;1;1;0;1;3;1;0;1;50;0;Blessé léger
202300039863;155 609 862;7;0;2;5;1;1;203 756 537;1;1;1;1;2003.0;0;1;15;5;2023;12;1;72;72181;2;1;1;3;47,98483000;0,18497000;4;1;1;0;1;3;1;0;1;50;0;Indemne
202300039873;155 609 844;7;0;2;3;21;1;203 756 515;1;1;1;1;1946.0;5;1;16;5;2023;19;1;64;64260;2;3;1;3;43,37355021; -1,75561443;3;2;2;0;2;1;1;0;1;50;1;Indemne
202300039873;155 609 845;1;0;2;7;19;5;203 756 517;1;1;4;1;1960.0;5;2;16;5;2023;19;1;64;64260;2;3;1;3;43,37355021; -1,75561443;3;2;2;0;2;1;1;0;1;50;1;Blessé léger
202300039875;155 609 841;33;0;2;1;17;1;203 756 513;1;1;1;1;1998.0;0;2;24;2;2023;12;1;93;93001;2;1;1;3;48,90349600;2,39176100;3;2;2;3;1;1;1;0;1;50;4;Indemne
202300039875;155 609 842;80;0;2;6;19;3;203 756 514;1;1;4;1;1996.0;0;8;24;2;2023;12;1;93;93001;2;1;1;3;48,90349600;2,39176100;3;2;2;3;1;1;1;0;1;50;4;Blessé léger
202300039888;155 609 813;7;0;2;2;16;1;203 756 485;1;1;1;1;1992.0;0;1;5;11;2023;16;1;94;94075;2;3;2;3;48,73272200;2,51295700;3;2;2;0;1;1;2;0;1;50;6;Indemne
202300039888;155 609 813;7;0;2;2;16;1;203 756 485;1;1;1;1;1992.0;0;1;5;11;2023;16;1;94;94075;2;3;2;3;48,73272200;2,51295700;3;1;0;0;1;1;2;0;1;50;6;Indemne
202300039888;155 609 817;1;0;2;1;2;5;203 756 489;1;1;4;1;1992.0;0;8;5;11;2023;16;1;94;94075;2;3;2;3;48,73272200;2,51295700;3;2;2;0;1;1;2;0;1;50;6;Blessé léger
202300039888;155 609 817;1;0;2;1;2;5;203 756 489;1;1;4;1;1992.0;0;8;5;11;2023;16;1;94;94075;2;3;2;3;48,73272200;2,51295700;3;1;0;0;1;1;2;0;1;50;6;Blessé léger
202300039897;155 609 798;7;0;0;8;22;1;203 756 466;1;1;1;1;1984.0;5;1;24;2;2023;18;2;92;92002;2;3;1;6;48,73835085;2,29051799;4;2;2;0;1;1;1;5;8;30;4;Indemne
202300039897;155 609 798;7;0;0;8;22;1;203 756 466;1;1;1;1;1984.0;5;1;24;2;2023;18;2;92;92002;2;3;1;6;48,73835085;2,29051799;4;2;2;0;2;1;1;5;1;30;4;Indemne
202300039897;155 609 799;1;1;0;1;1;5;203 756 467;1;1;4;2;1973.0;5;2;24;2;2023;18;2;92;92002;2;3;1;6;48,73835085;2,29051799;4;2;2;0;1;1;1;5;8;30;4;Blessé léger
202300039897;155 609 799;1;1;0;1;1;5;203 756 467;1;1;4;2;1973.0;5;2;24;2;2023;18;2;92;92002;2;3;1;6;48,73835085;2,29051799;4;2;2;0;2;1;1;5;1;30;4;Blessé léger
202300039915;155 609 770;1;0;2;1;5;5;203 756 424;1;1;4;2;1972.0;1;8;16;5;2023;08;1;37;37261;2;1;1;3;47,40313000;0,70458000;4;2;2;0;1;1;1;0;4;50;1;Blessé léger
202300039915;155 609 772;7;0;2;2;16;1;203 756 426;1;1;1;1;1957.0;1;1;16;5;2023;08;1;37;37261;2;1;1;3;47,40313000;0,70458000;4;2;2;0;1;1;1;0;4;50;1;Indemne
202300039916;155 609 767;7;0;9;2;1;1;203 756 421;1;1;1;1;1940.0;5;1;20;2;2023;16;1;87;87202;1;1;1;6;45,90795800;1,10951200;3;2;2;0;3;1;1;0;1;80;0;Indemne
202300039916;155 609 769;1;13;0;6;1;5;203 756 423;1;1;3;1;1944.0;5;2;20;2;2023;16;1;87;87202;1;1;1;6;45,90795800;1,10951200;3;2;2;0;3;1;1;0;1;80;0;Blessé hospitalisé
202300039925;155 609 751;7;0;2;2;16;3;203 756 403;1;1;1;1;1977.0;1;1;16;5;2023;17;1;33;33063;2;1;1;3;44,86997000; -0,54754000;4;1;1;3;1;1;1;0;4;30;1;Indemne
202300039925;155 609 752;80;0;2;7;25;3;203 756 404;1;1;4;2;1977.0;0;0;16;5;2023;17;1;33;33063;2;1;1;3;44,86997000; -0,54754000;4;1;1;3;1;1;1;0;4;30;1;Blessé léger
202300039930;155 609 743;1;0;0;0;0;5;203 756 389;1;1;2;1;1954.0;5;0;24;2;2023;16;1;44;44131;1;1;8;7;47,14090600; -2,13070400;4;2;2;0;1;1;2;0;3;50;4;Tué
202300039933;155 609 739;7;9;2;3;15;1;203 756 385;1;1;1;2;1993.0;2;1;16;5;2023;19;1;29;29232;2;6;1;1;48,00115000; -4,11068000;4;1;1;0;1;2;1;5;1;50;1;Indemne
202300039933;155 609 739;7;9;2;3;15;1;203 756 385;1;1;1;2;1993.0;2;1;16;5;2023;19;1;29;29232;2;6;1;1;48,00115000; -4,11068000;4;2;2;0;1;3;1;5;1;50;1;Indemne
202300039933;155 609 741;80;0;2;8;1;3;203 756 387;1;1;4;2;1973.0;5;2;16;5;2023;19;1;29;29232;2;6;1;1;48,00115000; -4,11068000;4;1;1;0;1;2;1;5;1;50;1;Blessé léger
202300039933;155 609 741;80;0;2;8;1;3;203 756 387;1;1;4;2;1973.0;5;2;16;5;2023;19;1;29;29232;2;6;1;1;48,00115000; -4,11068000;4;2;2;0;1;3;1;5;1;50;1;Blessé léger
202300039968;155 609 676;7;0;2;3;15;1;203 756 309;1;1;1;1;1978.0;0;1;9;2;2023;17;2;67;67118;2;2;1;3;48,58047200;7,68700700;7;1;1;0;1;1;1;5;1;30;3;Indemne
202300039968;155 609 679;1;0;2;8;1;5;203 756 312;1;1;4;2;1980.0;1;9;9;2;2023;17;2;67;67118;2;2;1;3;48,58047200;7,68700700;7;1;1;0;1;1;1;5;1;30;3;Blessé léger
202300039977;155 609 662;1;0;1;1;1;5;203 756 288;10;3;3;1;1963.0;5;0;16;5;2023;18;1;75;75114;2;1;1;6;48,83334500;2,31236900;4;1;1;1;1;1;1;0;5;30;1;Blessé hospitalisé
202300039977;155 609 662;1;0;1;1;1;5;203 756 289;1;1;1;1;1960.0;1;2;16;5;2023;18;1;75;75114;2;1;1;6;48,83334500;2,31236900;4;1;1;1;1;1;1;0;5;30;1;Indemne
202300039983;155 609 649;32;0;2;1;1;1;203 756 275;1;1;1;1;2001.0;2;2;16;5;2023;08;1;75;75120;2;1;1;3;48,86497000;2,41097300;4;1;3;0;1;1;1;0;5;30;1;Indemne
202300039983;155 609 651;1;0;2;7;19;5;203 756 277;1;1;4;1;2000.0;1;8;16;5;2023;08;1;75;75120;2;1;1;3;48,86497000;2,41097300;4;1;3;0;1;1;1;0;5;30;1;Blessé léger
202300039987;155 609 643;80;0;2;7;15;3;203 756 266;1;1;4;1;1963.0;1;8;16;5;2023;08;1;75;75118;2;2;1;3;48,88979700;2,34293900;4;2;2;0;1;1;1;0;1;30;1;Blessé léger
202300039987;155 609 643;80;0;2;7;15;3;203 756 266;1;1;4;1;1963.0;1;8;16;5;2023;08;1;75;75118;2;2;1;3;48,88979700;2,34293900;4;1;1;0;1;1;1;0;1;30;1;Blessé léger
202300039987;155 609 644;7;0;2;3;12;1;203 756 269;1;1;1;1;1979.0;1;1;16;5;2023;08;1;75;75118;2;2;1;3;48,88979700;2,34293900;4;2;2;0;1;1;1;0;1;30;1;Indemne
202300039987;155 609 644;7;0;2;3;12;1;203 756 269;1;1;1;1;1979.0;1;1;16;5;2023;08;1;75;75118;2;2;1;3;48,88979700;2,34293900;4;1;1;0;1;1;1;0;1;30;1;Indemne
202300039991;155 609 635;1;0;0;0;1;5;203 756 257;1;1;4;2;1966.0;1;8;23;2;2023;11;1;974;97416;1;1;1;7; -21,30804000;55,45717000;4;2;2;0;2;1;1;0;1;50;3;Blessé léger
202300039995;155 609 628;1;0;2;1;1;5;203 756 249;1;1;4;1;1994.0;9;8;23;2;2023;21;5;69;69388;2;2;2;3;45,74235000;4,85838000;4;1;1;1;1;1;2;9;5;30;3;Blessé léger
202300039995;155 609 628;1;0;2;1;1;5;203 756 249;1;1;4;1;1994.0;9;8;23;2;2023;21;5;69;69388;2;2;2;3;45,74235000;4,85838000;4;1;3;2;3;1;2;5;5;30;3;Blessé léger
202300039995;155 609 629;7;0;2;2;1;1;203 756 250;1;1;1;2;1990.0;9;8;23;2;2023;21;5;69;69388;2;2;2;3;45,74235000;4,85838000;4;1;1;1;1;1;2;9;5;30;3;Indemne
202300039995;155 609 629;7;0;2;2;1;1;203 756 250;1;1;1;2;1990.0;9;8;23;2;2023;21;5;69;69388;2;2;2;3;45,74235000;4,85838000;4;1;3;2;3;1;2;5;5;30;3;Indemne
202300039998;155 609 623;7;0;2;2;1;1;203 756 242;1;1;1;1;1982.0;0;1;23;2;2023;10;1;69;69388;2;1;1;3;45,74146295;4,88455668;4;2;2;2;2;1;1;0;1;50;3;Indemne
202300039998;155 609 624;1;0;2;2;13;0;203 756 243;1;1;4;2;1964.0;1;8;23;2;2023;10;1;69;69388;2;1;1;3;45,74146295;4,88455668;4;2;2;2;2;1;1;0;1;50;3;Blessé léger
202300040022;155 609 582;7;0;9;2;2;1;203 756 175;1;1;1;1;1938.0;3;8;23;2;2023;15;1;76;76114;2;1;1;2;49,59046000;0,48505000;3;2;2;0;1;1;1;0;1;50;3;Indemne
202300040022;155 609 583;1;0;2;4;2;5;203 756 177;1;1;4;1;1961.0;5;2;23;2;2023;15;1;76;76114;2;1;1;2;49,59046000;0,48505000;3;2;2;0;1;1;1;0;1;50;3;Blessé léger
202300040038;155 609 556;7;0;2;2;15;3;203 756 141;1;1;1;1;2002.0;5;1;8;4;2023;14;1;69;69387;2;2;1;1;45,74804000;4,85620000;4;1;1;2;1;1;1;0;1;30;5;Indemne
202300040038;155 609 556;7;0;2;2;15;3;203 756 141;1;1;1;1;2002.0;5;1;8;4;2023;14;1;69;69387;2;2;1;1;45,74804000;4,85620000;4;1;1;2;1;1;1;0;1;30;5;Indemne
202300040038;155 609 558;1;0;2;1;1;0;203 756 143;1;1;4;1;2006.0;5;2;8;4;2023;14;1;69;69387;2;2;1;1;45,74804000;4,85620000;4;1;1;2;1;1;1;0;1;30;5;Blessé léger
202300040038;155 609 558;1;0;2;1;1;0;203 756 143;1;1;4;1;2006.0;5;2;8;4;2023;14;1;69;69387;2;2;1;1;45,74804000;4,85620000;4;1;1;2;1;1;1;0;1;30;5;Blessé léger
202300040050;155 609 532;7;0;0;3;15;1;203 756 113;1;1;1;1;1991.0;5;8;3;9;2023;01;5;75;75119;2;3;1;3;48,88577900;2,37097800;4;1;3;3;1;1;1;0;5;30;6;Indemne
202300040050;155 609 533;1;0;0;1;2;5;203 756 114;1;1;4;1;1992.0;9;8;3;9;2023;01;5;75;75119;2;3;1;3;48,88577900;2,37097800;4;1;3;3;1;1;1;0;5;30;6;Blessé léger
202300040054;155 609 525;1;1;2;1;1;5;203 756 102;1;1;4;1;2005.0;5;2;2;9;2023;17;1;75;75113;2;1;1;4;48,82387700;2,35796200;4;3;3;1;1;1;1;0;5;30;5;Blessé léger
202300040065;155 609 503;7;0;2;1;26;1;203 756 070;1;1;1;2;1975.0;9;8;22;2;2023;13;1;49;49353;2;1;1;3;47,44196000; -0,48314000;3;1;2;0;1;2;1;0;1;30;2;Indemne
202300040065;155 609 505;1;0;2;0;0;5;203 756 072;1;1;4;2;1985.0;9;8;22;2;2023;13;1;49;49353;2;1;1;3;47,44196000; -0,48314000;3;1;2;0;1;2;1;0;1;30;2;Blessé léger
202300040067;155 609 499;7;0;2;3;1;1;203 756 065;1;1;1;1;1955.0;4;8;3;9;2023;17;1;75;75104;2;2;1;3;48,85595100;2,36732200;4;1;1;0;1;1;1;0;1;30;6;Indemne
202300040067;155 609 499;7;0;2;3;1;1;203 756 065;1;1;1;1;1955.0;4;8;3;9;2023;17;1;75;75104;2;2;1;3;48,85595100;2,36732200;4;1;2;3;1;1;1;0;1;30;6;Indemne
202300040067;155 609 502;80;0;2;1;1;3;203 756 068;1;1;4;2;2001.0;5;8;3;9;2023;17;1;75;75104;2;2;1;3;48,85595100;2,36732200;4;1;1;0;1;1;1;0;1;30;6;Blessé léger
202300040067;155 609 502;80;0;2;1;1;3;203 756 068;1;1;4;2;2001.0;5;8;3;9;2023;17;1;75;75104;2;2;1;3;48,85595100;2,36732200;4;1;2;3;1;1;1;0;1;30;6;Blessé léger
202300040069;155 609 496;80;0;1;1;1;3;203 756 060;10;3;4;1;1979.0;5;0;3;9;2023;11;1;75;75104;2;1;1;6;48,85071600;2,36112300;4;2;2;1;2;1;1;1;1;30;6;Blessé léger
202300040069;155 609 496;80;0;1;1;1;3;203 756 062;1;1;4;2;1950.0;5;2;3;9;2023;11;1;75;75104;2;1;1;6;48,85071600;2,36112300;4;2;2;1;2;1;1;1;1;30;6;Blessé léger
202300040079;155 609 481;7;0;9;7;2;0;203 756 043;1;1;1;1;1979.0;0;8;3;9;2023;19;1;93;93048;2;1;1;3;48,85630348;2,42616910;3;2;2;0;1;1;1;0;1;50;6;Indemne
202300040079;155 609 483;1;1;2;8;2;5;203 756 045;1;1;3;1;1988.0;0;8;3;9;2023;19;1;93;93048;2;1;1;3;48,85630348;2,42616910;3;2;2;0;1;1;1;0;1;50;6;Blessé hospitalisé
202300040090;155 609 459;7;0;2;3;9;1;203 756 015;1;1;1;2;1960.0;5;1;23;2;2023;11;1;29;29232;2;6;1;3;48,00074500; -4,15202200;3;2;2;0;2;1;1;0;1;50;3;Indemne
202300040090;155 609 461;1;0;2;2;1;5;203 756 018;1;1;4;1;1972.0;0;2;23;2;2023;11;1;29;29232;2;6;1;3;48,00074500; -4,15202200;3;2;2;0;2;1;1;0;1;50;3;Blessé léger
202300040149;155 609 353;7;0;2;2;15;1;203 755 870;1;1;1;1;1998.0;0;1;2;9;2023;13;1;54;54578;2;2;1;3;48,67029000;6,15830000;4;2;4;0;1;1;1;0;1;50;5;Indemne
202300040149;155 609 353;7;0;2;2;15;1;203 755 870;1;1;1;1;1998.0;0;1;2;9;2023;13;1;54;54578;2;2;1;3;48,67029000;6,15830000;4;2;3;0;1;1;1;0;1;50;5;Indemne
202300040149;155 609 354;1;0;2;0;1;5;203 755 872;1;1;4;1;1970.0;0;2;2;9;2023;13;1;54;54578;2;2;1;3;48,67029000;6,15830000;4;2;4;0;1;1;1;0;1;50;5;Blessé léger
202300040149;155 609 354;1;0;2;0;1;5;203 755 872;1;1;4;1;1970.0;0;2;2;9;2023;13;1;54;54578;2;2;1;3;48,67029000;6,15830000;4;2;3;0;1;1;1;0;1;50;5;Blessé léger
202300040151;155 609 349;1;0;2;0;0;5;203 755 863;1;1;4;2;1996.0;0;8;2;9;2023;13;1;49;49007;2;2;1;3;47,47861000; -0,55620000;4;2;3;2;1;1;1;0;1;50;5;Blessé léger
202300040151;155 609 349;1;0;2;0;0;5;203 755 863;1;1;4;2;1996.0;0;8;2;9;2023;13;1;49;49007;2;2;1;3;47,47861000; -0,55620000;4;2;2;2;1;1;1;0;1;50;5;Blessé léger
202300040151;155 609 351;50;0;2;0;5;3;203 755 866;1;1;1;1;2001.0;0;8;2;9;2023;13;1;49;49007;2;2;1;3;47,47861000; -0,55620000;4;2;3;2;1;1;1;0;1;50;5;Indemne
202300040151;155 609 351;50;0;2;0;5;3;203 755 866;1;1;1;1;2001.0;0;8;2;9;2023;13;1;49;49007;2;2;1;3;47,47861000; -0,55620000;4;2;2;2;1;1;1;0;1;50;5;Indemne
202300040151;155 609 351;50;0;2;0;5;3;203 755 867;2;2;1;1;1998.0;0;8;2;9;2023;13;1;49;49007;2;2;1;3;47,47861000; -0,55620000;4;2;3;2;1;1;1;0;1;50;5;Indemne
202300040151;155 609 351;50;0;2;0;5;3;203 755 867;2;2;1;1;1998.0;0;8;2;9;2023;13;1;49;49007;2;2;1;3;47,47861000; -0,55620000;4;2;2;2;1;1;1;0;1;50;5;Indemne
202300040154;155 609 345;7;0;2;1;1;1;203 755 859;1;1;1;2;2001.0;5;8;3;9;2023;00;5;45;45302;2;2;1;3;47,94329000;1,89264000;4;3;4;0;2;1;1;0;1;50;6;Indemne
202300040154;155 609 346;80;0;2;8;19;3;203 755 861;1;1;2;2;2001.0;0;8;3;9;2023;00;5;45;45302;2;2;1;3;47,94329000;1,89264000;4;3;4;0;2;1;1;0;1;50;6;Tué
202300040161;155 609 334;7;0;2;2;1;2;203 755 844;1;1;1;1;1974.0;5;1;1;9;2023;18;1;35;35115;2;2;1;3;48,35098000; -1,19273000;4;1;1;0;1;1;1;0;1;30;4;Indemne
202300040161;155 609 334;7;0;2;2;1;2;203 755 844;1;1;1;1;1974.0;5;1;1;9;2023;18;1;35;35115;2;2;1;3;48,35098000; -1,19273000;4;1;1;0;1;1;1;0;1;30;4;Indemne
202300040161;155 609 336;1;0;2;8;9;5;203 755 846;1;1;3;1;2015.0;5;8;1;9;2023;18;1;35;35115;2;2;1;3;48,35098000; -1,19273000;4;1;1;0;1;1;1;0;1;30;4;Blessé hospitalisé
202300040161;155 609 336;1;0;2;8;9;5;203 755 846;1;1;3;1;2015.0;5;8;1;9;2023;18;1;35;35115;2;2;1;3;48,35098000; -1,19273000;4;1;1;0;1;1;1;0;1;30;4;Blessé hospitalisé
202300040165;155 609 327;1;0;2;4;1;5;203 755 836;1;1;3;2;1962.0;9;2;2;4;2023;11;1;06;06069;2;1;1;2;43,63523800;6,95167000;4;2;1;0;1;1;1;0;1;50;6;Blessé hospitalisé
202300040165;155 609 328;7;0;2;1;1;1;203 755 837;1;1;1;1;1940.0;0;1;2;4;2023;11;1;06;06069;2;1;1;2;43,63523800;6,95167000;4;2;1;0;1;1;1;0;1;50;6;Indemne
202300040173;155 609 311;1;6;0;1;0;5;203 755 816;1;1;3;1;1957.0;0;8;1;9;2023;19;1;22;22113;2;1;1;6;48,73280000; -3,46388000;4;2;2;0;2;2;1;0;1;20;4;Blessé hospitalisé
202300040174;155 609 312;10;0;2;2;16;1;203 755 817;1;1;1;1;2000.0;5;1;7;4;2023;18;5;988;98818;2;3;1;3; -22,30955000;166,45802000;4;2;2;2;1;1;1;5;5;50;4;Indemne
202300040174;155 609 313;1;0;2;8;19;5;203 755 818;1;1;3;1;2003.0;5;2;7;4;2023;18;5;988;98818;2;3;1;3; -22,30955000;166,45802000;4;2;2;2;1;1;1;5;5;50;4;Blessé hospitalisé
202300040177;155 609 305;1;0;2;1;1;5;203 755 810;1;1;4;1;1959.0;5;8;2;9;2023;19;1;14;14220;2;1;1;2;49,36238000;0,07378000;4;1;2;1;1;1;1;0;5;50;5;Blessé léger
202300040177;155 609 306;7;0;2;5;20;1;203 755 811;1;1;1;1;1974.0;5;1;2;9;2023;19;1;14;14220;2;1;1;2;49,36238000;0,07378000;4;1;2;1;1;1;1;0;5;50;5;Indemne
202300040182;155 609 297;1;0;2;6;15;5;203 755 799;1;1;4;1;1969.0;4;8;7;4;2023;06;1;974;97411;2;1;1;3; -20,88703000;55,47108000;4;2;4;3;1;1;1;0;6;30;4;Blessé léger
202300040182;155 609 299;37;0;9;8;7;1;203 755 801;1;1;1;1;1991.0;4;1;7;4;2023;06;1;974;97411;2;1;1;3; -20,88703000;55,47108000;4;2;4;3;1;1;1;0;6;30;4;Indemne
202300040188;155 609 286;1;0;2;1;1;5;203 755 782;1;1;4;1;2003.0;1;8;7;4;2023;13;1;973;97302;2;3;1;3;4,91739000; -52,32143000;3;2;2;0;1;1;1;0;1;50;4;Blessé léger
202300040188;155 609 286;1;0;2;1;1;5;203 755 782;1;1;4;1;2003.0;1;8;7;4;2023;13;1;973;97302;2;3;1;3;4,91739000; -52,32143000;3;2;2;0;1;1;1;0;1;30;4;Blessé léger
202300040188;155 609 288;7;0;9;3;15;1;203 755 786;1;1;1;1;1960.0;0;1;7;4;2023;13;1;973;97302;2;3;1;3;4,91739000; -52,32143000;3;2;2;0;1;1;1;0;1;50;4;Indemne
202300040188;155 609 288;7;0;9;3;15;1;203 755 786;1;1;1;1;1960.0;0;1;7;4;2023;13;1;973;97302;2;3;1;3;4,91739000; -52,32143000;3;2;2;0;1;1;1;0;1;30;4;Indemne
202300040191;155 609 283;1;0;2;2;1;5;203 755 778;1;1;4;2;1953.0;5;2;2;9;2023;20;1;75;75105;2;2;1;3;48,85377200;2,34434700;4;2;4;1;1;1;1;0;5;30;5;Blessé léger
202300040198;155 609 268;38;0;2;1;1;1;203 755 754;1;1;1;1;1967.0;4;1;2;9;2023;00;5;75;75113;2;1;1;1;48,82623670;2,38626069;4;1;1;0;2;1;1;8;1;30;5;Indemne
202300040198;155 609 270;1;0;2;7;19;5;203 755 756;1;1;3;2;1993.0;9;8;2;9;2023;00;5;75;75113;2;1;1;1;48,82623670;2,38626069;4;1;1;0;2;1;1;8;1;30;5;Blessé hospitalisé
202300040200;155 609 266;80;1;0;1;2;3;203 755 752;1;1;4;1;1986.0;9;8;2;9;2023;04;5;75;75111;2;3;1;6;48,85439900;2,38407700;4;2;0;0;1;1;1;0;1;30;5;Blessé léger
202300040201;155 609 264;7;0;2;1;15;1;203 755 750;1;1;1;1;1993.0;1;1;7;4;2023;08;1;95;95051;2;3;7;1;49,01614290;2,17679769;4;2;2;1;1;1;1;0;5;50;4;Indemne
202300040201;155 609 264;7;0;2;1;15;1;203 755 750;1;1;1;1;1993.0;1;1;7;4;2023;08;1;95;95051;2;3;7;1;49,01614290;2,17679769;4;2;3;0;1;1;1;0;5;50;4;Indemne