Num_Acc;id_vehicule;catv;obs;obsm;choc;manv;motor;id_usager;place;catu;grav;sexe;an_nais;trajet;secu1;jour;mois;an;hrmn;lum;dep;com;agg;int;atm;col;lat;long;catr;circ;nbv;vosp;prof;plan;surf;infra;situ;vma;day_of_week;gravity
202300040201;155 609 265;1;0;2;8;1;5;203 755 751;1;1;4;1;1970.0;1;2;7;4;2023;08;1;95;95051;2;3;7;1;49,01614290;2,17679769;4;2;2;1;1;1;1;0;5;50;4;Blessé léger
202300040201;155 609 265;1;0;2;8;1;5;203 755 751;1;1;4;1;1970.0;1;2;7;4;2023;08;1;95;95051;2;3;7;1;49,01614290;2,17679769;4;2;3;0;1;1;1;0;5;50;4;Blessé léger
202300040235;155 609 205;1;0;0;0;0;5;203 755 669;1;1;4;1;1989.0;1;8;6;4;2023;14;1;72;72181;2;6;8;3;48,01109900;0,19913500;4;2;0;0;1;1;1;0;1;50;3;Blessé léger
202300040235;155 609 207;7;0;2;2;26;1;203 755 671;1;1;1;2;1949.0;0;1;6;4;2023;14;1;72;72181;2;6;8;3;48,01109900;0,19913500;4;2;0;0;1;1;1;0;1;50;3;Indemne
202300040258;155 609 166;1;10;0;0;0;5;203 755 614;1;1;2;1;1980.0;5;2;2;9;2023;13;1;974;97410;1;1;1;7; -21,08061100;55,62667600;3;2;2;0;2;3;2;0;1;80;5;Tué
202300040287;155 609 116;7;0;2;1;9;1;203 755 544;1;1;1;1;1988.0;0;1;9;12;2023;13;1;72;72181;1;9;2;3;48,02450000;0,17708000;4;1;2;1;1;2;2;5;1;50;5;Indemne
202300040287;155 609 117;1;0;2;7;0;5;203 755 546;1;1;4;1;1984.0;0;2;9;12;2023;13;1;72;72181;1;9;2;3;48,02450000;0,17708000;4;1;2;1;1;2;2;5;1;50;5;Blessé léger
202300040296;155 609 101;37;0;2;8;1;1;203 755 523;1;1;1;1;1994.0;4;1;6;4;2023;18;1;50;50129;2;3;1;3;49,65008000; -1,66014000;4;2;2;0;2;1;1;0;1;50;3;Indemne
202300040296;155 609 101;37;0;2;8;1;1;203 755 523;1;1;1;1;1994.0;4;1;6;4;2023;18;1;50;50129;2;3;1;3;49,65008000; -1,66014000;4;2;2;0;4;1;1;0;1;50;3;Indemne
202300040296;155 609 103;1;0;2;1;16;5;203 755 526;1;1;4;1;2007.0;5;8;6;4;2023;18;1;50;50129;2;3;1;3;49,65008000; -1,66014000;4;2;2;0;2;1;1;0;1;50;3;Blessé léger
202300040296;155 609 103;1;0;2;1;16;5;203 755 526;1;1;4;1;2007.0;5;8;6;4;2023;18;1;50;50129;2;3;1;3;49,65008000; -1,66014000;4;2;2;0;4;1;1;0;1;50;3;Blessé léger
202300040314;155 609 075;7;0;2;2;2;0;203 755 491;1;1;1;1;2004.0;5;1;2;9;2023;18;1;70;70120;1;1;7;2;47,70281600;6,70987800;3;2;2;0;1;1;1;0;1;80;5;Indemne
202300040314;155 609 077;1;0;2;8;2;5;203 755 493;1;1;3;1;1956.0;3;0;2;9;2023;18;1;70;70120;1;1;7;2;47,70281600;6,70987800;3;2;2;0;1;1;1;0;1;80;5;Blessé hospitalisé
202300040354;155 608 999;1;1;0;7;2;5;203 755 381;1;1;4;1;2010.0;2;8;7;4;2023;08;1;24;24037;2;1;1;6;44,85914000;0,47776000;4;2;1;0;1;1;1;0;1;30;4;Blessé léger
202300040366;155 608 979;10;0;9;4;4;1;203 755 354;1;1;1;1;1980.0;4;8;8;8;2023;10;1;59;59177;1;1;1;1;50,15580300;3,87675500;3;2;2;0;1;1;1;0;1;90;1;Indemne
202300040366;155 608 981;1;0;2;0;1;5;203 755 357;1;1;2;1;1935.0;5;2;8;8;2023;10;1;59;59177;1;1;1;1;50,15580300;3,87675500;3;2;2;0;1;1;1;0;1;90;1;Tué
202300040368;155 608 973;7;0;2;3;15;1;203 755 348;1;1;1;2;1978.0;5;1;9;12;2023;09;1;75;75112;2;3;3;1;48,83610800;2,39223600;4;1;2;2;2;1;2;0;5;30;5;Indemne
202300040368;155 608 973;7;0;2;3;15;1;203 755 348;1;1;1;2;1978.0;5;1;9;12;2023;09;1;75;75112;2;3;3;1;48,83610800;2,39223600;4;1;1;0;1;1;2;0;5;30;5;Indemne
202300040368;155 608 976;1;0;2;1;1;5;203 755 351;1;1;4;2;1978.0;4;2;9;12;2023;09;1;75;75112;2;3;3;1;48,83610800;2,39223600;4;1;2;2;2;1;2;0;5;30;5;Blessé léger
202300040368;155 608 976;1;0;2;1;1;5;203 755 351;1;1;4;2;1978.0;4;2;9;12;2023;09;1;75;75112;2;3;3;1;48,83610800;2,39223600;4;1;1;0;1;1;2;0;5;30;5;Blessé léger
202300040373;155 608 966;7;0;2;1;0;1;203 755 339;1;1;1;2;1961.0;9;8;3;4;2023;19;1;10;10325;2;9;1;3;48,26750977;4,06187832;3;4;1;0;1;2;1;9;1;50;0;Indemne
202300040373;155 608 968;1;0;2;0;0;5;203 755 342;1;1;4;1;2004.0;5;8;3;4;2023;19;1;10;10325;2;9;1;3;48,26750977;4,06187832;3;4;1;0;1;2;1;9;1;50;0;Blessé léger
202300040374;155 608 965;80;0;1;1;21;3;203 755 337;1;1;4;2;1990.0;5;8;9;12;2023;09;1;75;75110;2;3;3;6;48,87980000;2,36553200;4;2;2;2;1;1;2;0;1;30;5;Blessé léger
202300040374;155 608 965;80;0;1;1;21;3;203 755 338;10;3;1;1;1981.0;5;0;9;12;2023;09;1;75;75110;2;3;3;6;48,87980000;2,36553200;4;2;2;2;1;1;2;0;1;30;5;Indemne
202300040380;155 608 952;1;0;2;1;1;5;203 755 315;1;1;3;1;2007.0;9;8;7;4;2023;22;5;06;06088;2;1;1;3;43,70589000;7,28328000;4;1;3;0;1;1;1;0;1;50;4;Blessé hospitalisé
202300040380;155 608 954;7;0;2;3;1;0;203 755 317;1;1;1;1;2000.0;0;8;7;4;2023;22;5;06;06088;2;1;1;3;43,70589000;7,28328000;4;1;3;0;1;1;1;0;1;50;4;Indemne
202300040382;155 608 948;1;0;2;1;1;5;203 755 311;1;1;3;2;2001.0;0;8;9;12;2023;11;1;94;94052;2;3;2;3;48,83104600;2,46887200;3;4;2;1;1;1;2;5;5;30;5;Blessé hospitalisé
202300040382;155 608 951;7;0;2;8;19;3;203 755 313;1;1;1;1;1990.0;1;1;9;12;2023;11;1;94;94052;2;3;2;3;48,83104600;2,46887200;3;4;2;1;1;1;2;5;5;30;5;Indemne
202300040402;155 608 914;1;0;0;1;2;5;203 755 266;1;1;4;1;1994.0;5;2;8;4;2023;18;1;75;75116;2;1;1;7;48,86789300;2,23410900;4;2;2;0;1;1;1;0;1;30;5;Blessé léger
202300040411;155 608 900;1;0;2;1;1;5;203 755 246;1;1;4;1;2004.0;5;2;8;4;2023;18;1;75;75113;2;3;1;2;48,82280700;2,35841200;4;2;4;1;1;1;1;5;1;30;5;Blessé léger
202300040411;155 608 903;7;0;2;6;1;1;203 755 249;1;1;1;2;1985.0;5;1;8;4;2023;18;1;75;75113;2;3;1;2;48,82280700;2,35841200;4;2;4;1;1;1;1;5;1;30;5;Indemne
202300040411;155 608 903;7;0;2;6;1;1;203 755 251;2;2;1;1;1944.0;5;1;8;4;2023;18;1;75;75113;2;3;1;2;48,82280700;2,35841200;4;2;4;1;1;1;1;5;1;30;5;Indemne
202300040429;155 608 868;1;0;2;7;9;5;203 755 204;1;1;4;1;1951.0;3;0;8;12;2023;18;5;68;68060;2;6;2;3;47,74054300;7,14378500;3;3;0;0;1;1;2;9;1;50;4;Blessé léger
202300040429;155 608 870;7;0;2;8;9;1;203 755 205;1;1;1;1;1969.0;5;1;8;12;2023;18;5;68;68060;2;6;2;3;47,74054300;7,14378500;3;3;0;0;1;1;2;9;1;50;4;Indemne
202300040454;155 608 822;7;0;2;2;26;1;203 755 150;1;1;1;1;1975.0;5;8;5;4;2023;15;1;17;17413;2;4;1;3;46,08026800; -1,04937700;3;2;2;0;1;1;1;0;1;50;2;Indemne
202300040454;155 608 824;1;0;2;8;1;5;203 755 153;1;1;3;1;1949.0;5;2;5;4;2023;15;1;17;17413;2;4;1;3;46,08026800; -1,04937700;3;2;2;0;1;1;1;0;1;50;2;Blessé hospitalisé
202300040459;155 608 813;10;0;2;2;2;0;203 755 138;1;1;1;1;1954.0;5;1;26;8;2023;22;3;84;84080;1;1;1;2;44,04738000;4,98204000;3;2;2;0;1;1;1;0;1;80;5;Indemne
202300040459;155 608 815;1;0;2;4;2;5;203 755 141;1;1;3;1;1996.0;5;8;26;8;2023;22;3;84;84080;1;1;1;2;44,04738000;4,98204000;3;2;2;0;1;1;1;0;1;80;5;Blessé hospitalisé
202300040473;155 608 794;1;0;2;4;1;5;203 755 105;1;1;3;1;1979.0;5;8;1;9;2023;18;1;77;77374;1;1;1;2;48,81314000;2,69276000;3;2;2;0;1;1;1;8;1;80;4;Blessé hospitalisé
202300040473;155 608 795;7;0;2;2;17;2;203 755 106;1;1;1;1;1989.0;5;8;1;9;2023;18;1;77;77374;1;1;1;2;48,81314000;2,69276000;3;2;2;0;1;1;1;8;1;80;4;Indemne
202300040489;155 608 770;7;0;9;7;14;1;203 755 071;1;1;1;2;1992.0;3;1;8;12;2023;15;1;76;76020;1;2;8;3;49,45661400;0,91172900;7;2;2;0;1;1;1;0;1;80;4;Indemne
202300040489;155 608 770;7;0;9;7;14;1;203 755 071;1;1;1;2;1992.0;3;1;8;12;2023;15;1;76;76020;1;2;8;3;49,45661400;0,91172900;7;2;2;0;1;1;1;0;1;80;4;Indemne
202300040489;155 608 772;1;0;2;8;1;5;203 755 073;1;1;3;1;1942.0;5;2;8;12;2023;15;1;76;76020;1;2;8;3;49,45661400;0,91172900;7;2;2;0;1;1;1;0;1;80;4;Blessé hospitalisé
202300040489;155 608 772;1;0;2;8;1;5;203 755 073;1;1;3;1;1942.0;5;2;8;12;2023;15;1;76;76020;1;2;8;3;49,45661400;0,91172900;7;2;2;0;1;1;1;0;1;80;4;Blessé hospitalisé
202300040516;155 608 727;1;0;2;0;0;5;203 755 013;1;1;4;2;1987.0;5;2;2;9;2023;00;5;59;59350;2;1;1;3;50,61314000;3,06202000;7;2;4;2;1;1;1;0;5;30;5;Blessé léger
202300040516;155 608 730;7;0;9;0;0;0;203 755 016;1;1;1;1;1994.0;5;1;2;9;2023;00;5;59;59350;2;1;1;3;50,61314000;3,06202000;7;2;4;2;1;1;1;0;5;30;5;Indemne
202300040531;155 608 700;7;0;2;2;16;1;203 754 978;1;1;1;1;1959.0;5;1;31;8;2023;18;1;56;56121;2;6;2;3;47,73289000; -3,37252000;4;2;2;0;1;1;2;5;1;30;3;Indemne
202300040531;155 608 700;7;0;2;2;16;1;203 754 978;1;1;1;1;1959.0;5;1;31;8;2023;18;1;56;56121;2;6;2;3;47,73289000; -3,37252000;4;3;2;1;1;1;2;5;5;30;3;Indemne
202300040531;155 608 704;1;0;2;8;1;5;203 754 981;1;1;4;2;1989.0;5;2;31;8;2023;18;1;56;56121;2;6;2;3;47,73289000; -3,37252000;4;2;2;0;1;1;2;5;1;30;3;Blessé léger
202300040531;155 608 704;1;0;2;8;1;5;203 754 981;1;1;4;2;1989.0;5;2;31;8;2023;18;1;56;56121;2;6;2;3;47,73289000; -3,37252000;4;3;2;1;1;1;2;5;5;30;3;Blessé léger
202300040554;155 608 662;7;0;2;2;16;1;203 754 925;1;1;1;2;1993.0;5;1;28;8;2023;12;1;44;44184;2;6;1;3;47,28204000; -2,20395000;4;1;0;0;1;2;1;0;1;50;0;Indemne
202300040554;155 608 663;1;0;2;1;1;5;203 754 926;1;1;4;1;1976.0;5;2;28;8;2023;12;1;44;44184;2;6;1;3;47,28204000; -2,20395000;4;1;0;0;1;2;1;0;1;50;0;Blessé léger
202300040561;155 608 649;10;0;2;2;1;1;203 754 907;1;1;1;1;1958.0;0;1;1;9;2023;19;1;33;33063;2;1;1;3;44,85225101; -0,56805164;4;2;6;3;1;1;1;0;1;50;4;Indemne
202300040561;155 608 650;1;0;2;7;19;5;203 754 908;1;1;1;1;2004.0;0;0;1;9;2023;19;1;33;33063;2;1;1;3;44,85225101; -0,56805164;4;2;6;3;1;1;1;0;1;50;4;Indemne
202300040561;155 608 650;1;0;2;7;19;5;203 754 909;2;2;4;1;2004.0;0;0;1;9;2023;19;1;33;33063;2;1;1;3;44,85225101; -0,56805164;4;2;6;3;1;1;1;0;1;50;4;Blessé léger
202300040566;155 608 640;7;0;2;4;4;1;203 754 893;1;1;1;1;1969.0;5;1;1;9;2023;09;1;22;22278;2;1;8;2;48,50962000; -2,75478000;4;2;3;3;4;1;3;0;6;30;4;Indemne
202300040566;155 608 641;1;0;2;1;1;5;203 754 895;1;1;4;1;2000.0;1;8;1;9;2023;09;1;22;22278;2;1;8;2;48,50962000; -2,75478000;4;2;3;3;4;1;3;0;6;30;4;Blessé léger
202300040597;155 608 590;7;0;2;2;15;1;203 754 829;1;1;1;2;1964.0;0;0;8;12;2023;13;1;79;79191;2;2;1;3;46,32737000; -0,45487000;4;2;2;0;2;1;2;0;1;30;4;Indemne
202300040597;155 608 590;7;0;2;2;15;1;203 754 829;1;1;1;2;1964.0;0;0;8;12;2023;13;1;79;79191;2;2;1;3;46,32737000; -0,45487000;4;2;2;0;2;1;2;0;1;30;4;Indemne
202300040597;155 608 592;1;0;2;1;25;5;203 754 831;1;1;4;1;2011.0;0;0;8;12;2023;13;1;79;79191;2;2;1;3;46,32737000; -0,45487000;4;2;2;0;2;1;2;0;1;30;4;Blessé léger
202300040597;155 608 592;1;0;2;1;25;5;203 754 831;1;1;4;1;2011.0;0;0;8;12;2023;13;1;79;79191;2;2;1;3;46,32737000; -0,45487000;4;2;2;0;2;1;2;0;1;30;4;Blessé léger
202300040598;155 608 586;1;0;2;0;2;5;203 754 825;1;1;3;1;1936.0;3;2;3;10;2023;17;1;22;22152;1;6;1;3;48,76050909; -3,29320818;3;1;2;0;2;2;1;0;1;30;1;Blessé hospitalisé
202300040598;155 608 588;7;0;9;0;1;1;203 754 827;1;1;1;1;1942.0;0;1;3;10;2023;17;1;22;22152;1;6;1;3;48,76050909; -3,29320818;3;1;2;0;2;2;1;0;1;30;1;Indemne
202300040610;155 608 562;1;0;2;1;1;5;203 754 794;1;1;4;1;2003.0;5;2;4;10;2023;15;1;72;72146;1;1;1;2;47,87441100;0,11682600;4;2;2;0;1;1;1;0;1;50;2;Blessé léger
202300040610;155 608 563;7;0;0;4;23;1;203 754 795;1;1;1;2;1978.0;5;1;4;10;2023;15;1;72;72146;1;1;1;2;47,87441100;0,11682600;4;2;2;0;1;1;1;0;1;50;2;Indemne
202300040624;155 608 538;1;0;2;8;19;5;203 754 760;1;1;2;1;1956.0;5;0;4;10;2023;15;1;987;98733;2;1;1;3; -17,67332200; -149,59062700;3;2;2;2;1;1;1;0;1;60;2;Tué
202300040624;155 608 540;33;0;2;1;21;1;203 754 762;1;1;4;1;2002.0;3;2;4;10;2023;15;1;987;98733;2;1;1;3; -17,67332200; -149,59062700;3;2;2;2;1;1;1;0;1;60;2;Blessé léger
202300040630;155 608 528;7;0;2;3;1;1;203 754 749;1;1;1;1;2005.0;2;1;8;12;2023;12;1;67;67482;2;1;1;3;48,58747000;7,69977000;4;3;3;1;1;1;2;0;1;50;4;Indemne
202300040630;155 608 530;1;0;2;8;15;5;203 754 751;1;1;4;1;1980.0;1;8;8;12;2023;12;1;67;67482;2;1;1;3;48,58747000;7,69977000;4;3;3;1;1;1;2;0;1;50;4;Blessé léger
202300040642;155 608 510;7;0;2;7;16;1;203 754 728;1;1;1;2;1988.0;5;1;2;10;2023;18;1;01;01043;2;6;1;2;45,82122600;4,99054500;3;3;2;0;1;2;1;0;1;80;0;Indemne
202300040642;155 608 512;1;0;0;4;1;5;203 754 729;1;1;4;1;1962.0;5;2;2;10;2023;18;1;01;01043;2;6;1;2;45,82122600;4,99054500;3;3;2;0;1;2;1;0;1;80;0;Blessé léger
202300040644;155 608 508;1;0;1;1;1;5;203 754 723;1;1;1;2;2007.0;0;8;8;12;2023;18;5;49;49007;2;1;2;6;47,47497000; -0,53538000;4;2;2;0;1;1;2;0;1;50;4;Indemne
202300040644;155 608 508;1;0;1;1;1;5;203 754 725;10;3;4;1;1948.0;0;0;8;12;2023;18;5;49;49007;2;1;2;6;47,47497000; -0,53538000;4;2;2;0;1;1;2;0;1;50;4;Blessé léger
202300040648;155 608 500;7;0;2;2;2;0;203 754 716;1;1;1;2;1983.0;1;1;5;10;2023;08;1;46;46175;1;1;7;2;44,61605329;2,00107813;3;2;2;0;2;1;1;0;1;80;3;Indemne
202300040648;155 608 501;1;0;2;4;2;5;203 754 717;1;1;4;1;1977.0;1;2;5;10;2023;08;1;46;46175;1;1;7;2;44,61605329;2,00107813;3;2;2;0;2;1;1;0;1;80;3;Blessé léger
202300040650;155 608 496;7;0;2;2;9;0;203 754 712;1;1;1;2;1954.0;9;1;4;10;2023;16;1;31;31004;1;6;1;2;43,45098700;1,59065700;3;1;2;0;1;2;1;5;1;80;2;Indemne
202300040650;155 608 497;1;0;2;4;1;5;203 754 713;1;1;3;1;1966.0;5;2;4;10;2023;16;1;31;31004;1;6;1;2;43,45098700;1,59065700;3;1;2;0;1;2;1;5;1;80;2;Blessé hospitalisé
202300040660;155 608 474;1;0;2;1;1;5;203 754 687;1;1;4;2;1970.0;1;2;8;12;2023;08;1;35;35238;2;1;1;3;48,10318900; -1,70370200;4;2;2;0;1;1;1;0;1;30;4;Blessé léger
202300040660;155 608 476;7;0;2;3;11;1;203 754 689;1;1;1;1;1988.0;2;8;8;12;2023;08;1;35;35238;2;1;1;3;48,10318900; -1,70370200;4;2;2;0;1;1;1;0;1;30;4;Indemne
202300040683;155 608 423;1;0;2;7;1;5;203 754 618;1;1;3;1;1982.0;1;9;4;1;2023;08;3;35;35024;1;3;2;3;48,16118700; -1,64801400;3;2;2;0;1;1;2;0;1;70;2;Blessé hospitalisé
202300040683;155 608 425;7;0;2;1;16;1;203 754 620;1;1;1;1;1964.0;1;1;4;1;2023;08;3;35;35024;1;3;2;3;48,16118700; -1,64801400;3;2;2;0;1;1;2;0;1;70;2;Indemne
202300040706;155 608 381;1;0;2;1;1;5;203 754 565;1;1;4;1;1972.0;1;2;2;10;2023;19;1;87;87085;2;3;1;3;45,82797000;1,25155000;4;2;2;0;1;1;1;0;1;30;0;Blessé léger
202300040706;155 608 381;1;0;2;1;1;5;203 754 565;1;1;4;1;1972.0;1;2;2;10;2023;19;1;87;87085;2;3;1;3;45,82797000;1,25155000;4;1;1;1;1;1;1;0;1;30;0;Blessé léger
202300040706;155 608 382;7;0;2;3;15;1;203 754 566;1;1;1;1;1996.0;1;1;2;10;2023;19;1;87;87085;2;3;1;3;45,82797000;1,25155000;4;2;2;0;1;1;1;0;1;30;0;Indemne
202300040706;155 608 382;7;0;2;3;15;1;203 754 566;1;1;1;1;1996.0;1;1;2;10;2023;19;1;87;87085;2;3;1;3;45,82797000;1,25155000;4;1;1;1;1;1;1;0;1;30;0;Indemne
202300040711;155 608 373;7;0;2;2;9;0;203 754 552;1;1;1;1;1979.0;1;8;3;10;2023;18;1;81;81004;2;6;1;3;43,92111000;2,16887000;3;1;2;0;1;2;1;9;1;50;1;Indemne
202300040711;155 608 375;1;0;2;4;1;5;203 754 554;1;1;4;2;1964.0;0;8;3;10;2023;18;1;81;81004;2;6;1;3;43,92111000;2,16887000;3;1;2;0;1;2;1;9;1;50;1;Blessé léger
202300040713;155 608 370;7;0;2;3;13;1;203 754 549;1;1;1;1;1967.0;1;1;2;10;2023;12;1;81;81004;2;1;7;2;43,92666000;2,15358000;4;1;1;0;1;2;1;0;1;50;0;Indemne
202300040713;155 608 372;1;0;0;5;1;5;203 754 551;1;1;3;1;1964.0;0;8;2;10;2023;12;1;81;81004;2;1;7;2;43,92666000;2,15358000;4;1;1;0;1;2;1;0;1;50;0;Blessé hospitalisé
202300040720;155 608 354;7;0;2;0;1;1;203 754 534;1;1;1;1;1993.0;0;1;3;10;2023;10;1;77;77243;2;9;2;3;48,87788800;2,71653500;4;2;2;0;2;1;2;5;1;50;1;Indemne
202300040720;155 608 355;1;0;2;1;15;5;203 754 535;1;1;4;1;1950.0;0;8;3;10;2023;10;1;77;77243;2;9;2;3;48,87788800;2,71653500;4;2;2;0;2;1;2;5;1;50;1;Blessé léger
202300040722;155 608 353;1;0;2;1;1;5;203 754 533;1;1;3;1;1962.0;5;2;14;1;2023;13;1;70;70116;2;3;8;3;47,61174700;6,73562800;3;2;2;0;4;2;1;0;1;50;5;Blessé hospitalisé
202300040722;155 608 353;1;0;2;1;1;5;203 754 533;1;1;3;1;1962.0;5;2;14;1;2023;13;1;70;70116;2;3;8;3;47,61174700;6,73562800;3;2;2;0;4;1;1;0;1;50;5;Blessé hospitalisé
202300040722;155 608 356;10;0;9;3;15;1;203 754 536;1;1;1;1;1990.0;4;1;14;1;2023;13;1;70;70116;2;3;8;3;47,61174700;6,73562800;3;2;2;0;4;2;1;0;1;50;5;Indemne
202300040722;155 608 356;10;0;9;3;15;1;203 754 536;1;1;1;1;1990.0;4;1;14;1;2023;13;1;70;70116;2;3;8;3;47,61174700;6,73562800;3;2;2;0;4;1;1;0;1;50;5;Indemne
202300040726;155 608 344;7;0;2;0;16;1;203 754 522;1;1;1;1;1997.0;0;8;3;10;2023;07;2;69;69266;2;6;8;3;45,77937000;4,87503000;4;1;1;2;1;2;1;5;1;50;1;Indemne
202300040726;155 608 344;7;0;2;0;16;1;203 754 522;1;1;1;1;1997.0;0;8;3;10;2023;07;2;69;69266;2;6;8;3;45,77937000;4,87503000;4;2;2;2;1;1;1;0;1;30;1;Indemne
202300040726;155 608 345;1;0;2;6;15;5;203 754 523;1;1;4;2;1980.0;1;2;3;10;2023;07;2;69;69266;2;6;8;3;45,77937000;4,87503000;4;1;1;2;1;2;1;5;1;50;1;Blessé léger
202300040726;155 608 345;1;0;2;6;15;5;203 754 523;1;1;4;2;1980.0;1;2;3;10;2023;07;2;69;69266;2;6;8;3;45,77937000;4,87503000;4;2;2;2;1;1;1;0;1;30;1;Blessé léger
202300040730;155 608 339;30;0;2;1;13;3;203 754 514;1;1;1;1;1973.0;1;2;3;10;2023;07;1;67;67218;2;1;1;1;48,51991000;7,73259000;4;2;2;1;4;1;1;0;5;50;1;Indemne
202300040730;155 608 340;1;0;2;1;1;5;203 754 515;1;1;4;2;1976.0;1;2;3;10;2023;07;1;67;67218;2;1;1;1;48,51991000;7,73259000;4;2;2;1;4;1;1;0;5;50;1;Blessé léger
202300040733;155 608 334;7;0;9;2;17;1;203 754 507;1;1;1;1;1938.0;0;1;3;10;2023;11;1;64;64348;2;1;8;3;43,32470000; -0,38072000;4;2;2;0;1;1;1;0;1;50;1;Indemne
202300040733;155 608 336;1;0;2;6;2;5;203 754 509;1;1;4;1;1995.0;5;2;3;10;2023;11;1;64;64348;2;1;8;3;43,32470000; -0,38072000;4;2;2;0;1;1;1;0;1;50;1;Blessé léger
202300040760;155 608 295;1;0;2;7;1;5;203 754 453;1;1;4;1;1976.0;5;2;2;10;2023;13;1;56;56121;2;6;1;3;47,75160000; -3,36940000;4;3;2;0;1;2;1;5;1;30;0;Blessé léger
202300040760;155 608 296;7;0;2;1;9;1;203 754 454;1;1;1;1;1948.0;5;1;2;10;2023;13;1;56;56121;2;6;1;3;47,75160000; -3,36940000;4;3;2;0;1;2;1;5;1;30;0;Indemne
202300040778;155 608 265;30;0;2;1;1;1;203 754 412;1;1;4;2;2005.0;1;2;3;10;2023;07;3;37;37122;2;1;8;2;47,34815000;0,65329000;4;2;2;0;1;1;2;0;1;50;1;Blessé léger
202300040778;155 608 267;1;0;2;4;1;5;203 754 414;1;1;4;1;1997.0;1;8;3;10;2023;07;3;37;37122;2;1;8;2;47,34815000;0,65329000;4;2;2;0;1;1;2;0;1;50;1;Blessé léger
202300040786;155 608 248;7;0;2;2;1;1;203 754 391;1;1;1;2;1960.0;0;1;2;10;2023;17;1;35;35238;2;2;1;3;48,08833000; -1,66917000;4;2;2;0;1;1;1;5;1;30;0;Indemne
202300040786;155 608 248;7;0;2;2;1;1;203 754 391;1;1;1;2;1960.0;0;1;2;10;2023;17;1;35;35238;2;2;1;3;48,08833000; -1,66917000;4;3;2;2;1;1;1;5;5;30;0;Indemne
202300040786;155 608 252;1;0;2;8;1;5;203 754 396;1;1;4;1;1995.0;0;8;2;10;2023;17;1;35;35238;2;2;1;3;48,08833000; -1,66917000;4;2;2;0;1;1;1;5;1;30;0;Blessé léger
202300040786;155 608 252;1;0;2;8;1;5;203 754 396;1;1;4;1;1995.0;0;8;2;10;2023;17;1;35;35238;2;2;1;3;48,08833000; -1,66917000;4;3;2;2;1;1;1;5;5;30;0;Blessé léger
202300040789;155 608 245;1;0;2;0;1;5;203 754 388;1;1;4;2;1996.0;5;8;3;10;2023;22;4;34;34172;2;1;1;1;43,59550000;3,86573000;4;1;2;0;1;1;1;0;1;30;1;Blessé léger
202300040789;155 608 247;7;0;2;1;1;1;203 754 390;1;1;1;1;1993.0;5;1;3;10;2023;22;4;34;34172;2;1;1;1;43,59550000;3,86573000;4;1;2;0;1;1;1;0;1;30;1;Indemne
202300040819;155 608 179;7;0;2;7;2;1;203 754 296;1;1;1;1;1993.0;5;8;1;10;2023;13;1;75;75119;2;2;1;3;48,88321200;2,38792800;4;2;2;0;1;1;1;0;1;30;6;Indemne
202300040819;155 608 181;1;0;2;1;1;5;203 754 297;1;1;4;1;1994.0;5;8;1;10;2023;13;1;75;75119;2;2;1;3;48,88321200;2,38792800;4;2;2;0;1;1;1;0;1;30;6;Blessé léger
202300040821;155 608 175;32;0;2;7;1;1;203 754 291;1;1;4;1;1996.0;9;2;3;10;2023;14;1;75;75116;2;2;1;3;48,87494000;2,27108300;4;2;2;2;1;1;1;0;1;50;1;Blessé léger
202300040821;155 608 175;32;0;2;7;1;1;203 754 291;1;1;4;1;1996.0;9;2;3;10;2023;14;1;75;75116;2;2;1;3;48,87494000;2,27108300;4;2;2;0;1;1;1;0;1;50;1;Blessé léger
202300040821;155 608 176;1;0;2;8;19;5;203 754 292;1;1;1;1;1994.0;9;8;3;10;2023;14;1;75;75116;2;2;1;3;48,87494000;2,27108300;4;2;2;2;1;1;1;0;1;50;1;Indemne
202300040821;155 608 176;1;0;2;8;19;5;203 754 292;1;1;1;1;1994.0;9;8;3;10;2023;14;1;75;75116;2;2;1;3;48,87494000;2,27108300;4;2;2;0;1;1;1;0;1;50;1;Indemne
202300040824;155 608 171;1;0;2;0;10;5;203 754 284;1;1;4;2;1989.0;9;8;2;10;2023;23;5;75;75115;2;2;1;3;48,83724100;2,29644400;4;2;2;0;1;1;1;0;1;30;0;Blessé léger
202300040824;155 608 171;1;0;2;0;10;5;203 754 284;1;1;4;2;1989.0;9;8;2;10;2023;23;5;75;75115;2;2;1;3;48,83724100;2,29644400;4;1;2;1;1;1;1;0;1;30;0;Blessé léger
202300040824;155 608 172;31;0;2;0;1;1;203 754 287;1;1;4;2;1958.0;9;2;2;10;2023;23;5;75;75115;2;2;1;3;48,83724100;2,29644400;4;2;2;0;1;1;1;0;1;30;0;Blessé léger
202300040824;155 608 172;31;0;2;0;1;1;203 754 287;1;1;4;2;1958.0;9;2;2;10;2023;23;5;75;75115;2;2;1;3;48,83724100;2,29644400;4;1;2;1;1;1;1;0;1;30;0;Blessé léger
202300040825;155 608 169;1;12;2;8;1;5;203 754 283;1;1;4;1;2003.0;5;8;3;10;2023;13;1;75;75114;2;1;1;6;48,83520400;2,33317400;4;2;2;0;1;1;2;0;1;30;1;Blessé léger
202300040830;155 608 161;1;0;1;1;1;5;203 754 271;1;1;1;2;2006.0;2;8;3;10;2023;13;1;75;75113;2;2;1;6;48,83107700;2,34425200;4;1;2;1;1;1;1;0;1;30;1;Indemne