Num_Acc;id_vehicule;catv;obs;obsm;choc;manv;motor;id_usager;place;catu;grav;sexe;an_nais;trajet;secu1;jour;mois;an;hrmn;lum;dep;com;agg;int;atm;col;lat;long;catr;circ;nbv;vosp;prof;plan;surf;infra;situ;vma;day_of_week;gravity
202300041306;155 607 340;1;0;2;1;1;5;203 753 181;1;1;3;1;1973.0;1;8;20;6;2023;13;1;44;44184;2;4;1;2;47,26343000; -2,22701000;4;1;2;2;2;1;1;9;1;50;1;Blessé hospitalisé
202300041306;155 607 340;1;0;2;1;1;5;203 753 181;1;1;3;1;1973.0;1;8;20;6;2023;13;1;44;44184;2;4;1;2;47,26343000; -2,22701000;4;2;2;0;1;1;1;0;1;50;1;Blessé hospitalisé
202300041309;155 607 332;1;0;2;7;14;5;203 753 172;1;1;4;2;1980.0;0;0;17;6;2023;16;1;41;41018;2;1;1;3;47,58478000;1,31841000;4;2;3;1;1;1;1;0;1;50;5;Blessé léger
202300041309;155 607 333;7;0;2;8;13;1;203 753 173;1;1;1;1;1975.0;1;1;17;6;2023;16;1;41;41018;2;1;1;3;47,58478000;1,31841000;4;2;3;1;1;1;1;0;1;50;5;Indemne
202300041312;155 607 328;80;14;0;7;1;3;203 753 167;1;1;4;2;1966.0;1;2;20;6;2023;07;1;37;37261;2;1;2;7;47,40104000;0,68366000;4;2;3;1;1;1;2;0;5;30;1;Blessé léger
202300041366;155 607 240;1;0;2;1;1;5;203 753 057;1;1;4;1;1990.0;9;0;20;6;2023;18;1;75;75112;2;3;1;6;48,83672200;2,39843300;4;1;1;2;2;3;1;0;1;30;1;Blessé léger
202300041366;155 607 240;1;0;2;1;1;5;203 753 057;1;1;4;1;1990.0;9;0;20;6;2023;18;1;75;75112;2;3;1;6;48,83672200;2,39843300;4;1;1;0;2;1;1;0;1;30;1;Blessé léger
202300041366;155 607 241;7;1;2;1;20;2;203 753 058;1;1;1;1;1955.0;5;1;20;6;2023;18;1;75;75112;2;3;1;6;48,83672200;2,39843300;4;1;1;2;2;3;1;0;1;30;1;Indemne
202300041366;155 607 241;7;1;2;1;20;2;203 753 058;1;1;1;1;1955.0;5;1;20;6;2023;18;1;75;75112;2;3;1;6;48,83672200;2,39843300;4;1;1;0;2;1;1;0;1;30;1;Indemne
202300041366;155 607 241;7;1;2;1;20;2;203 753 059;2;2;4;2;1936.0;5;1;20;6;2023;18;1;75;75112;2;3;1;6;48,83672200;2,39843300;4;1;1;2;2;3;1;0;1;30;1;Blessé léger
202300041366;155 607 241;7;1;2;1;20;2;203 753 059;2;2;4;2;1936.0;5;1;20;6;2023;18;1;75;75112;2;3;1;6;48,83672200;2,39843300;4;1;1;0;2;1;1;0;1;30;1;Blessé léger
202300041368;155 607 237;1;0;2;7;7;5;203 753 054;1;1;4;2;1999.0;9;8;20;6;2023;13;1;75;75111;2;1;1;3;48,86178600;2,36704600;4;2;4;3;1;1;1;9;1;30;1;Blessé léger
202300041368;155 607 238;7;0;2;1;9;1;203 753 055;1;1;1;1;1985.0;9;1;20;6;2023;13;1;75;75111;2;1;1;3;48,86178600;2,36704600;4;2;4;3;1;1;1;9;1;30;1;Indemne
202300041372;155 607 230;1;0;1;0;1;5;203 753 046;1;1;1;1;1997.0;5;8;20;6;2023;19;1;75;75109;2;4;1;6;48,87296600;2,33331400;4;1;4;0;1;1;1;0;5;30;1;Indemne
202300041372;155 607 230;1;0;1;0;1;5;203 753 046;1;1;1;1;1997.0;5;8;20;6;2023;19;1;75;75109;2;4;1;6;48,87296600;2,33331400;4;2;4;1;1;1;1;5;5;30;1;Indemne
202300041372;155 607 230;1;0;1;0;1;5;203 753 047;10;3;4;2;1993.0;5;0;20;6;2023;19;1;75;75109;2;4;1;6;48,87296600;2,33331400;4;1;4;0;1;1;1;0;5;30;1;Blessé léger
202300041372;155 607 230;1;0;1;0;1;5;203 753 047;10;3;4;2;1993.0;5;0;20;6;2023;19;1;75;75109;2;4;1;6;48,87296600;2,33331400;4;2;4;1;1;1;1;5;5;30;1;Blessé léger
202300041377;155 607 223;80;0;0;0;23;3;203 753 034;1;1;4;2;2004.0;9;8;19;6;2023;06;1;75;75104;2;3;1;7;48,86102600;2,35136900;4;1;1;0;1;1;1;6;1;30;0;Blessé léger
202300041381;155 607 216;10;0;2;4;4;1;203 753 023;1;1;1;1;1968.0;4;1;20;6;2023;14;1;94;94080;2;1;1;2;48,84968000;2,43461000;4;2;1;1;1;1;1;0;1;30;1;Indemne
202300041381;155 607 217;1;0;2;4;23;5;203 753 024;1;1;4;2;1976.0;5;8;20;6;2023;14;1;94;94080;2;1;1;2;48,84968000;2,43461000;4;2;1;1;1;1;1;0;1;30;1;Blessé léger
202300041400;155 607 185;80;0;2;1;1;3;203 752 984;1;1;4;1;2009.0;5;8;18;6;2023;14;1;93;93032;2;1;1;3;48,88995036;2,52401072;4;2;2;0;1;1;1;0;1;50;6;Blessé léger
202300041400;155 607 186;7;0;2;3;23;1;203 752 985;1;1;1;2;2000.0;1;1;18;6;2023;14;1;93;93032;2;1;1;3;48,88995036;2,52401072;4;2;2;0;1;1;1;0;1;50;6;Indemne
202300041401;155 607 182;1;0;2;0;0;5;203 752 980;1;1;4;1;1999.0;4;2;20;6;2023;09;1;93;93079;2;1;1;3;48,95443628;2,33473299;3;2;4;1;1;1;1;0;5;50;1;Blessé léger
202300041401;155 607 184;50;0;2;2;11;3;203 752 981;1;1;1;1;1991.0;0;8;20;6;2023;09;1;93;93079;2;1;1;3;48,95443628;2,33473299;3;2;4;1;1;1;1;0;5;50;1;Indemne
202300041412;155 607 161;7;0;9;3;1;0;203 752 950;1;1;1;2;1997.0;9;1;19;6;2023;23;5;92;92051;2;1;1;1;48,87900138;2,27951892;4;1;1;0;1;1;1;5;1;50;0;Indemne
202300041412;155 607 162;1;0;2;1;1;5;203 752 952;1;1;4;1;2001.0;0;8;19;6;2023;23;5;92;92051;2;1;1;1;48,87900138;2,27951892;4;1;1;0;1;1;1;5;1;50;0;Blessé léger
202300041454;155 607 087;1;0;2;4;1;5;203 752 824;1;1;4;2;2000.0;5;8;16;5;2023;19;1;75;75114;2;1;1;2;48,83637900;2,33431700;4;2;4;3;1;1;1;0;1;50;1;Blessé léger
202300041454;155 607 088;31;0;2;1;1;1;203 752 827;1;1;1;2;2001.0;5;2;16;5;2023;19;1;75;75114;2;1;1;2;48,83637900;2,33431700;4;2;4;3;1;1;1;0;1;50;1;Indemne
202300041471;155 607 058;1;0;2;1;1;5;203 752 788;1;1;1;2;1992.0;1;8;16;5;2023;10;1;75;75107;2;3;1;3;48,85748000;2,29127500;4;2;7;1;1;1;1;0;5;25;1;Indemne
202300041471;155 607 058;1;0;2;1;1;5;203 752 788;1;1;1;2;1992.0;1;8;16;5;2023;10;1;75;75107;2;3;1;3;48,85748000;2,29127500;4;2;7;1;1;1;1;0;5;25;1;Indemne
202300041471;155 607 059;80;0;2;8;11;3;203 752 790;1;1;4;2;1967.0;9;8;16;5;2023;10;1;75;75107;2;3;1;3;48,85748000;2,29127500;4;2;7;1;1;1;1;0;5;25;1;Blessé léger
202300041471;155 607 059;80;0;2;8;11;3;203 752 790;1;1;4;2;1967.0;9;8;16;5;2023;10;1;75;75107;2;3;1;3;48,85748000;2,29127500;4;2;7;1;1;1;1;0;5;25;1;Blessé léger
202300041493;155 607 025;10;0;0;3;22;0;203 752 745;1;1;1;1;1986.0;4;8;16;5;2023;15;1;93;93045;2;1;1;6;48,87856061;2,41147488;3;3;2;1;1;1;1;0;1;30;1;Indemne
202300041493;155 607 026;1;1;0;1;17;5;203 752 747;1;1;4;1;1973.0;9;8;16;5;2023;15;1;93;93045;2;1;1;6;48,87856061;2,41147488;3;3;2;1;1;1;1;0;1;30;1;Blessé léger
202300041494;155 607 024;1;0;9;1;1;5;203 752 744;1;1;4;1;1939.0;0;2;3;11;2023;10;1;83;83137;2;1;3;6;43,12541525;5,92607921;4;3;2;0;1;1;2;0;1;30;4;Blessé léger
202300041506;155 607 002;1;0;2;3;1;5;203 752 713;1;1;3;2;1976.0;5;2;13;5;2023;10;1;26;26344;1;1;1;1;44,68314500;5,03657200;3;2;2;0;3;3;2;0;1;80;5;Blessé hospitalisé
202300041506;155 607 003;99;0;9;3;1;1;203 752 714;1;1;1;1;1983.0;4;1;13;5;2023;10;1;26;26344;1;1;1;1;44,68314500;5,03657200;3;2;2;0;3;3;2;0;1;80;5;Indemne
202300041523;155 606 966;1;0;0;8;1;5;203 752 660;1;1;4;1;1996.0;5;2;17;5;2023;13;1;65;65006;1;1;1;7;42,91048600;0,29770400;3;2;2;0;2;3;1;0;3;80;2;Blessé léger
202300041527;155 606 958;38;0;9;5;15;1;203 752 651;1;1;1;1;1971.0;4;1;3;11;2023;18;5;83;83090;2;3;8;3;43,12325359;5,82312942;3;2;2;0;1;1;1;0;4;50;4;Indemne
202300041527;155 606 960;1;0;2;1;25;5;203 752 653;1;1;4;2;2008.0;0;8;3;11;2023;18;5;83;83090;2;3;8;3;43,12325359;5,82312942;3;2;2;0;1;1;1;0;4;50;4;Blessé léger
202300041527;155 606 960;1;0;2;1;25;5;203 752 654;5;2;1;2;2008.0;0;8;3;11;2023;18;5;83;83090;2;3;8;3;43,12325359;5,82312942;3;2;2;0;1;1;1;0;4;50;4;Indemne
202300041528;155 606 956;1;0;2;1;1;5;203 752 649;1;1;4;2;1963.0;5;2;16;5;2023;13;1;49;49214;2;3;1;3;47,52654600; -0,61156400;4;2;1;2;1;2;1;5;5;50;1;Blessé léger
202300041528;155 606 956;1;0;2;1;1;5;203 752 649;1;1;4;2;1963.0;5;2;16;5;2023;13;1;49;49214;2;3;1;3;47,52654600; -0,61156400;4;2;1;2;1;3;1;5;5;50;1;Blessé léger
202300041528;155 606 957;50;0;2;8;1;3;203 752 650;1;1;1;2;2002.0;5;0;16;5;2023;13;1;49;49214;2;3;1;3;47,52654600; -0,61156400;4;2;1;2;1;2;1;5;5;50;1;Indemne
202300041528;155 606 957;50;0;2;8;1;3;203 752 650;1;1;1;2;2002.0;5;0;16;5;2023;13;1;49;49214;2;3;1;3;47,52654600; -0,61156400;4;2;1;2;1;3;1;5;5;50;1;Indemne
202300041532;155 606 949;7;0;9;4;4;1;203 752 640;1;1;1;1;1997.0;5;1;16;5;2023;16;1;02;02532;2;3;1;2;49,75562800;3,36282500;3;2;2;0;1;1;1;0;1;50;1;Indemne
202300041532;155 606 950;1;0;2;1;1;5;203 752 641;1;1;3;1;1945.0;5;2;16;5;2023;16;1;02;02532;2;3;1;2;49,75562800;3,36282500;3;2;2;0;1;1;1;0;1;50;1;Blessé hospitalisé
202300041533;155 606 946;1;0;2;3;2;5;203 752 637;1;1;4;1;1982.0;5;2;14;5;2023;09;1;58;58031;1;1;1;6;47,00643600;3,44520100;3;2;3;0;2;2;1;0;1;90;6;Blessé léger
202300041534;155 606 945;1;0;2;3;2;5;203 752 636;1;1;3;1;1960.0;5;2;14;5;2023;10;1;58;58232;2;1;1;6;46,99654700;3,39063400;3;2;2;0;4;2;1;0;1;50;6;Blessé hospitalisé
202300041537;155 606 937;7;0;9;3;15;1;203 752 628;1;1;1;2;1946.0;0;1;4;11;2023;18;2;76;76540;2;4;2;3;49,43444000;1,13187000;4;2;2;0;2;1;2;0;1;50;5;Indemne
202300041537;155 606 937;7;0;9;3;15;1;203 752 628;1;1;1;2;1946.0;0;1;4;11;2023;18;2;76;76540;2;4;2;3;49,43444000;1,13187000;4;2;2;0;2;2;2;0;1;50;5;Indemne
202300041537;155 606 938;1;0;2;1;0;5;203 752 629;1;1;3;1;1970.0;0;8;4;11;2023;18;2;76;76540;2;4;2;3;49,43444000;1,13187000;4;2;2;0;2;1;2;0;1;50;5;Blessé hospitalisé
202300041537;155 606 938;1;0;2;1;0;5;203 752 629;1;1;3;1;1970.0;0;8;4;11;2023;18;2;76;76540;2;4;2;3;49,43444000;1,13187000;4;2;2;0;2;2;2;0;1;50;5;Blessé hospitalisé
202300041541;155 606 929;7;0;2;1;18;1;203 752 617;1;1;1;1;1966.0;5;8;3;11;2023;16;2;74;74010;2;6;3;2;45,90552000;6,13246000;4;2;2;2;1;1;2;0;8;30;4;Indemne
202300041541;155 606 929;7;0;2;1;18;1;203 752 617;1;1;1;1;1966.0;5;8;3;11;2023;16;2;74;74010;2;6;3;2;45,90552000;6,13246000;4;2;2;2;1;1;2;0;1;30;4;Indemne
202300041541;155 606 930;1;0;2;4;16;5;203 752 618;1;1;3;1;1964.0;0;8;3;11;2023;16;2;74;74010;2;6;3;2;45,90552000;6,13246000;4;2;2;2;1;1;2;0;8;30;4;Blessé hospitalisé
202300041541;155 606 930;1;0;2;4;16;5;203 752 618;1;1;3;1;1964.0;0;8;3;11;2023;16;2;74;74010;2;6;3;2;45,90552000;6,13246000;4;2;2;2;1;1;2;0;1;30;4;Blessé hospitalisé
202300041542;155 606 928;1;0;0;0;1;5;203 752 616;1;1;2;1;1974.0;5;2;17;5;2023;11;1;50;50410;1;1;1;7;48,55349200; -1,49286600;3;2;2;0;1;1;1;0;1;80;2;Tué
202300041550;155 606 914;1;0;2;1;1;5;203 752 600;1;1;4;1;1991.0;0;8;3;11;2023;16;1;59;59286;2;4;7;1;50,61199000;3,00017000;4;2;3;1;1;1;1;0;1;50;4;Blessé léger
202300041550;155 606 914;1;0;2;1;1;5;203 752 600;1;1;4;1;1991.0;0;8;3;11;2023;16;1;59;59286;2;4;7;1;50,61199000;3,00017000;4;1;1;0;1;1;1;0;1;50;4;Blessé léger
202300041550;155 606 916;7;0;9;2;15;1;203 752 604;1;1;1;1;1985.0;0;1;3;11;2023;16;1;59;59286;2;4;7;1;50,61199000;3,00017000;4;2;3;1;1;1;1;0;1;50;4;Indemne
202300041550;155 606 916;7;0;9;2;15;1;203 752 604;1;1;1;1;1985.0;0;1;3;11;2023;16;1;59;59286;2;4;7;1;50,61199000;3,00017000;4;1;1;0;1;1;1;0;1;50;4;Indemne
202300041571;155 606 875;1;0;2;7;1;5;203 752 549;1;1;4;1;1933.0;5;0;17;5;2023;10;1;34;34344;2;1;1;3;43,56325600;4,09042100;4;3;4;1;1;1;1;0;1;50;2;Blessé léger
202300041571;155 606 876;31;0;2;1;1;1;203 752 551;1;1;4;1;2001.0;5;2;17;5;2023;10;1;34;34344;2;1;1;3;43,56325600;4,09042100;4;3;4;1;1;1;1;0;1;50;2;Blessé léger
202300041576;155 606 865;1;0;2;3;15;5;203 752 533;1;1;4;2;2011.0;2;0;15;5;2023;09;1;21;21038;2;3;1;1;47,20060100;5,39749000;3;2;2;0;1;1;1;0;1;50;0;Blessé léger
202300041576;155 606 865;1;0;2;3;15;5;203 752 533;1;1;4;2;2011.0;2;0;15;5;2023;09;1;21;21038;2;3;1;1;47,20060100;5,39749000;3;2;2;0;1;1;1;0;1;50;0;Blessé léger
202300041576;155 606 867;7;0;2;2;15;1;203 752 536;1;1;1;1;1944.0;2;1;15;5;2023;09;1;21;21038;2;3;1;1;47,20060100;5,39749000;3;2;2;0;1;1;1;0;1;50;0;Indemne
202300041576;155 606 867;7;0;2;2;15;1;203 752 536;1;1;1;1;1944.0;2;1;15;5;2023;09;1;21;21038;2;3;1;1;47,20060100;5,39749000;3;2;2;0;1;1;1;0;1;50;0;Indemne
202300041613;155 606 796;1;14;0;1;1;5;203 752 444;1;1;4;1;1978.0;5;8;4;11;2023;02;5;75;75117;2;3;1;7;48,88798900;2,31671800;4;2;2;0;2;1;9;0;1;30;5;Blessé léger
202300041623;155 606 778;7;0;2;1;1;1;203 752 421;1;1;1;1;1994.0;4;1;4;11;2023;02;4;75;75110;2;2;1;3;48,86977000;2,35227800;4;2;2;1;1;1;1;0;1;30;5;Indemne
202300041623;155 606 778;7;0;2;1;1;1;203 752 421;1;1;1;1;1994.0;4;1;4;11;2023;02;4;75;75110;2;2;1;3;48,86977000;2,35227800;4;1;1;1;1;2;1;0;1;30;5;Indemne
202300041623;155 606 780;1;0;2;1;15;5;203 752 423;1;1;4;1;1987.0;5;8;4;11;2023;02;4;75;75110;2;2;1;3;48,86977000;2,35227800;4;2;2;1;1;1;1;0;1;30;5;Blessé léger
202300041623;155 606 780;1;0;2;1;15;5;203 752 423;1;1;4;1;1987.0;5;8;4;11;2023;02;4;75;75110;2;2;1;3;48,86977000;2,35227800;4;1;1;1;1;2;1;0;1;30;5;Blessé léger
202300041630;155 606 766;1;0;2;1;1;5;203 752 407;1;1;1;1;1995.0;9;8;4;11;2023;00;5;75;75107;2;2;1;3;48,85646900;2,32112100;4;1;1;0;1;1;1;0;1;30;5;Indemne
202300041630;155 606 767;1;0;2;8;1;5;203 752 408;1;1;4;2;1996.0;9;8;4;11;2023;00;5;75;75107;2;2;1;3;48,85646900;2,32112100;4;1;1;0;1;1;1;0;1;30;5;Blessé léger
202300041652;155 606 726;1;0;2;1;1;5;203 752 358;1;1;4;1;2010.0;2;2;15;5;2023;08;1;69;69266;2;2;1;1;45,76614000;4,89781000;4;1;2;0;1;1;1;0;5;50;0;Blessé léger
202300041652;155 606 726;1;0;2;1;1;5;203 752 358;1;1;4;1;2010.0;2;2;15;5;2023;08;1;69;69266;2;2;1;1;45,76614000;4,89781000;4;2;2;2;1;1;1;5;5;50;0;Blessé léger
202300041652;155 606 727;7;0;2;1;15;1;203 752 359;1;1;1;1;1988.0;5;1;15;5;2023;08;1;69;69266;2;2;1;1;45,76614000;4,89781000;4;1;2;0;1;1;1;0;5;50;0;Indemne
202300041652;155 606 727;7;0;2;1;15;1;203 752 359;1;1;1;1;1988.0;5;1;15;5;2023;08;1;69;69266;2;2;1;1;45,76614000;4,89781000;4;2;2;2;1;1;1;5;5;50;0;Indemne
202300041675;155 606 691;1;0;2;7;1;5;203 752 301;1;1;4;1;1983.0;1;2;22;2;2023;06;2;973;97302;2;6;2;3;4,92715000; -52,28971000;3;1;2;0;1;2;2;0;1;50;2;Blessé léger
202300041675;155 606 693;7;0;2;3;9;3;203 752 303;1;1;1;1;1959.0;5;1;22;2;2023;06;2;973;97302;2;6;2;3;4,92715000; -52,28971000;3;1;2;0;1;2;2;0;1;50;2;Indemne
202300041698;155 606 656;1;0;2;3;1;5;203 752 249;1;1;4;2;1959.0;5;8;15;5;2023;16;1;29;29039;2;3;1;3;47,86402000; -3,89962000;4;2;0;0;1;1;1;5;3;50;0;Blessé léger
202300041698;155 606 659;7;0;2;3;23;1;203 752 252;1;1;1;1;1948.0;5;1;15;5;2023;16;1;29;29039;2;3;1;3;47,86402000; -3,89962000;4;2;0;0;1;1;1;5;3;50;0;Indemne
202300041733;155 606 594;1;8;0;1;1;5;203 752 156;1;1;4;1;2010.0;2;2;21;2;2023;13;1;71;71309;2;1;1;7;46,79017000;4,40698000;4;2;2;0;2;2;1;0;4;50;1;Blessé léger
202300041745;155 606 574;1;0;2;3;15;5;203 752 128;1;1;4;1;1980.0;9;8;15;5;2023;21;5;75;75120;2;7;1;3;48,86831900;2,40141200;4;2;2;0;2;1;1;0;1;30;0;Blessé léger
202300041745;155 606 575;32;0;2;1;1;1;203 752 132;1;1;1;1;1973.0;5;2;15;5;2023;21;5;75;75120;2;7;1;3;48,86831900;2,40141200;4;2;2;0;2;1;1;0;1;30;0;Indemne
202300041750;155 606 570;1;0;1;1;1;5;203 752 122;1;1;1;2;1989.0;9;2;15;5;2023;17;1;75;75120;2;4;2;6;48,84930100;2,41461200;4;3;0;1;1;1;2;0;5;30;0;Indemne
202300041750;155 606 570;1;0;1;1;1;5;203 752 123;10;3;4;1;2020.0;5;0;15;5;2023;17;1;75;75120;2;4;2;6;48,84930100;2,41461200;4;3;0;1;1;1;2;0;5;30;0;Blessé léger
202300041754;155 606 565;7;0;9;2;17;1;203 752 116;1;1;1;1;1945.0;5;1;5;11;2023;11;1;34;34163;1;3;6;3;43,63126900;3,70311100;3;2;2;0;1;1;1;0;1;80;6;Indemne
202300041754;155 606 567;1;0;2;4;15;5;203 752 119;1;1;3;1;1960.0;5;2;5;11;2023;11;1;34;34163;1;3;6;3;43,63126900;3,70311100;3;2;2;0;1;1;1;0;1;80;6;Blessé hospitalisé
202300041760;155 606 550;80;0;2;8;1;5;203 752 098;1;1;3;2;1996.0;5;0;4;11;2023;08;1;973;97311;2;2;1;3;5,50163100; -54,02768300;4;2;2;0;1;1;1;0;1;50;5;Blessé hospitalisé
202300041760;155 606 550;80;0;2;8;1;5;203 752 100;2;2;4;2;2002.0;5;0;4;11;2023;08;1;973;97311;2;2;1;3;5,50163100; -54,02768300;4;2;2;0;1;1;1;0;1;50;5;Blessé léger
202300041760;155 606 552;7;0;2;2;19;1;203 752 101;1;1;1;1;1977.0;1;1;4;11;2023;08;1;973;97311;2;2;1;3;5,50163100; -54,02768300;4;2;2;0;1;1;1;0;1;50;5;Indemne
202300041775;155 606 523;7;0;2;3;1;1;203 752 060;1;1;1;1;1978.0;4;1;15;5;2023;10;1;75;75108;2;4;1;3;48,86639400;2,32348500;4;1;2;1;1;1;1;0;1;30;0;Indemne
202300041775;155 606 525;1;0;2;6;12;5;203 752 062;1;1;4;2;1993.0;5;8;15;5;2023;10;1;75;75108;2;4;1;3;48,86639400;2,32348500;4;1;2;1;1;1;1;0;1;30;0;Blessé léger
202300041779;155 606 516;7;0;2;2;15;1;203 752 050;1;1;1;1;1946.0;0;1;21;2;2023;20;5;36;36044;2;3;1;3;46,81619000;1,70088000;4;2;2;0;1;1;1;0;1;50;1;Indemne
202300041779;155 606 516;7;0;2;2;15;1;203 752 050;1;1;1;1;1946.0;0;1;21;2;2023;20;5;36;36044;2;3;1;3;46,81619000;1,70088000;4;2;2;0;1;1;1;0;1;50;1;Indemne
202300041779;155 606 518;1;0;2;1;1;5;203 752 053;1;1;3;1;1972.0;5;2;21;2;2023;20;5;36;36044;2;3;1;3;46,81619000;1,70088000;4;2;2;0;1;1;1;0;1;50;1;Blessé hospitalisé
202300041779;155 606 518;1;0;2;1;1;5;203 752 053;1;1;3;1;1972.0;5;2;21;2;2023;20;5;36;36044;2;3;1;3;46,81619000;1,70088000;4;2;2;0;1;1;1;0;1;50;1;Blessé hospitalisé
202300041794;155 606 491;7;0;2;1;13;0;203 752 013;1;1;1;1;1985.0;1;1;14;2;2023;20;5;24;24322;2;3;1;2;45,18545000;0,70201000;3;2;2;0;1;1;1;0;1;50;1;Indemne
202300041794;155 606 491;7;0;2;1;13;0;203 752 013;1;1;1;1;1985.0;1;1;14;2;2023;20;5;24;24322;2;3;1;2;45,18545000;0,70201000;3;4;3;0;1;1;1;0;1;50;1;Indemne
202300041794;155 606 493;1;0;2;4;1;5;203 752 016;1;1;3;1;2003.0;4;0;14;2;2023;20;5;24;24322;2;3;1;2;45,18545000;0,70201000;3;2;2;0;1;1;1;0;1;50;1;Blessé hospitalisé
202300041794;155 606 493;1;0;2;4;1;5;203 752 016;1;1;3;1;2003.0;4;0;14;2;2023;20;5;24;24322;2;3;1;2;45,18545000;0,70201000;3;4;3;0;1;1;1;0;1;50;1;Blessé hospitalisé
202300041798;155 606 482;1;0;2;1;2;5;203 752 001;1;1;4;1;1992.0;5;2;15;5;2023;17;1;57;57307;1;1;1;2;49,17742700;6,38281500;3;2;2;0;2;3;1;0;1;80;0;Blessé léger
202300041798;155 606 484;14;0;0;5;2;1;203 752 004;2;2;1;1;1986.0;4;1;15;5;2023;17;1;57;57307;1;1;1;2;49,17742700;6,38281500;3;2;2;0;2;3;1;0;1;80;0;Indemne
202300041798;155 606 484;14;0;0;5;2;1;203 752 005;1;1;1;2;1974.0;9;1;15;5;2023;17;1;57;57307;1;1;1;2;49,17742700;6,38281500;3;2;2;0;2;3;1;0;1;80;0;Indemne
202300041823;155 606 440;1;0;2;3;13;5;203 751 953;1;1;3;1;1966.0;5;2;9;4;2023;11;1;04;04152;1;1;1;3;43,80648500;5,71951000;3;2;2;0;2;3;1;0;1;50;6;Blessé hospitalisé
202300041823;155 606 444;7;0;2;3;1;1;203 751 957;1;1;1;1;1954.0;5;1;9;4;2023;11;1;04;04152;1;1;1;3;43,80648500;5,71951000;3;2;2;0;2;3;1;0;1;50;6;Indemne
202300041823;155 606 444;7;0;2;3;1;1;203 751 959;2;2;1;2;1954.0;5;1;9;4;2023;11;1;04;04152;1;1;1;3;43,80648500;5,71951000;3;2;2;0;2;3;1;0;1;50;6;Indemne
202300041847;155 606 399;7;0;2;3;22;1;203 751 892;2;2;1;1;1976.0;9;8;23;2;2023;19;5;75;75111;2;4;1;3;48,85293700;2,38851100;4;1;2;2;1;1;1;0;1;30;3;Indemne
202300041847;155 606 399;7;0;2;3;22;1;203 751 894;1;1;1;1;1970.0;9;8;23;2;2023;19;5;75;75111;2;4;1;3;48,85293700;2,38851100;4;1;2;2;1;1;1;0;1;30;3;Indemne
202300041847;155 606 403;1;0;2;1;1;5;203 751 898;1;1;4;1;2000.0;1;8;23;2;2023;19;5;75;75111;2;4;1;3;48,85293700;2,38851100;4;1;2;2;1;1;1;0;1;30;3;Blessé léger
202300041858;155 606 378;7;0;2;2;1;1;203 751 869;1;1;1;2;1934.0;9;1;16;5;2023;17;1;35;35117;1;1;1;2;48,15025700; -2,21511900;3;2;2;0;1;1;1;0;1;80;1;Indemne
202300041858;155 606 379;1;0;2;4;1;5;203 751 870;1;1;3;2;1953.0;5;2;16;5;2023;17;1;35;35117;1;1;1;2;48,15025700; -2,21511900;3;2;2;0;1;1;1;0;1;80;1;Blessé hospitalisé
202300041881;155 606 336;1;0;0;1;5;5;203 751 809;2;2;4;1;2006.0;0;0;23;2;2023;15;1;92;92044;2;1;8;7;48,89793000;2,29183000;4;1;1;0;1;1;1;0;1;50;3;Blessé léger
202300041881;155 606 336;1;0;0;1;5;5;203 751 811;2;2;4;1;2006.0;5;8;23;2;2023;15;1;92;92044;2;1;8;7;48,89793000;2,29183000;4;1;1;0;1;1;1;0;1;50;3;Blessé léger
202300041881;155 606 336;1;0;0;1;5;5;203 751 812;1;1;1;1;2006.0;5;8;23;2;2023;15;1;92;92044;2;1;8;7;48,89793000;2,29183000;4;1;1;0;1;1;1;0;1;50;3;Indemne
202300041907;155 606 291;10;0;2;3;2;1;203 751 748;1;1;1;1;1996.0;4;1;6;4;2023;09;1;69;69081;2;2;1;3;45,78173000;4,77562000;4;2;2;2;2;1;1;0;1;30;3;Indemne
202300041907;155 606 291;10;0;2;3;2;1;203 751 748;1;1;1;1;1996.0;4;1;6;4;2023;09;1;69;69081;2;2;1;3;45,78173000;4,77562000;4;1;1;2;1;1;1;0;1;20;3;Indemne
202300041907;155 606 294;1;0;2;4;2;5;203 751 751;1;1;4;1;1985.0;1;2;6;4;2023;09;1;69;69081;2;2;1;3;45,78173000;4,77562000;4;2;2;2;2;1;1;0;1;30;3;Blessé léger
202300041907;155 606 294;1;0;2;4;2;5;203 751 751;1;1;4;1;1985.0;1;2;6;4;2023;09;1;69;69081;2;2;1;3;45,78173000;4,77562000;4;1;1;2;1;1;1;0;1;20;3;Blessé léger
202300041909;155 606 287;80;0;2;3;16;3;203 751 745;1;1;2;1;1977.0;1;8;5;4;2023;00;5;69;69382;2;2;1;1;45,76466000;4,83815000;4;1;1;0;1;1;1;0;1;50;2;Tué
202300041909;155 606 287;80;0;2;3;16;3;203 751 745;1;1;2;1;1977.0;1;8;5;4;2023;00;5;69;69382;2;2;1;1;45,76466000;4,83815000;4;1;2;3;1;1;1;0;1;50;2;Tué
202300041909;155 606 289;7;0;2;1;1;1;203 751 746;1;1;1;1;1991.0;5;1;5;4;2023;00;5;69;69382;2;2;1;1;45,76466000;4,83815000;4;1;1;0;1;1;1;0;1;50;2;Indemne