Num_Acc;id_vehicule;catv;obs;obsm;choc;manv;motor;id_usager;place;catu;grav;sexe;an_nais;trajet;secu1;jour;mois;an;hrmn;lum;dep;com;agg;int;atm;col;lat;long;catr;circ;nbv;vosp;prof;plan;surf;infra;situ;vma;day_of_week;gravity
202300041909;155 606 289;7;0;2;1;1;1;203 751 746;1;1;1;1;1991.0;5;1;5;4;2023;00;5;69;69382;2;2;1;1;45,76466000;4,83815000;4;1;2;3;1;1;1;0;1;50;2;Indemne
202300041912;155 606 282;17;0;2;5;17;1;203 751 739;1;1;1;1;1988.0;4;1;23;2;2023;10;1;2B;2B152;1;1;1;3;42,89423800;9,47329900;3;2;2;0;1;1;1;0;1;80;3;Indemne
202300041912;155 606 283;1;0;0;3;2;5;203 751 740;1;1;3;1;1981.0;5;2;23;2;2023;10;1;2B;2B152;1;1;1;3;42,89423800;9,47329900;3;2;2;0;1;1;1;0;1;80;3;Blessé hospitalisé
202300041926;155 606 258;1;0;2;1;1;5;203 751 706;1;1;4;1;2006.0;5;2;23;2;2023;16;1;35;35306;1;6;1;6;48,56516000; -1,92569700;3;2;2;0;1;2;1;0;1;80;3;Blessé léger
202300041926;155 606 259;7;0;0;4;1;1;203 751 707;1;1;1;2;1954.0;5;1;23;2;2023;16;1;35;35306;1;6;1;6;48,56516000; -1,92569700;3;2;2;0;1;2;1;0;1;80;3;Indemne
202300041929;155 606 255;1;0;0;0;16;5;203 751 702;1;1;3;1;2009.0;5;0;23;2;2023;18;1;50;50639;2;7;1;7;48,84035200; -1,21827000;4;2;2;0;2;1;1;0;1;50;3;Blessé hospitalisé
202300041938;155 606 243;7;0;2;2;16;1;203 751 683;1;1;1;2;1984.0;1;1;23;2;2023;13;1;30;30006;1;6;1;3;43,67151100;4,21209000;3;3;4;0;1;1;1;0;1;90;3;Indemne
202300041938;155 606 244;1;0;2;1;19;5;203 751 684;1;1;4;2;1985.0;3;0;23;2;2023;13;1;30;30006;1;6;1;3;43,67151100;4,21209000;3;3;4;0;1;1;1;0;1;90;3;Blessé léger
202300041944;155 606 230;1;0;2;4;2;5;203 751 669;1;1;4;1;1960.0;5;2;5;4;2023;16;1;81;81257;2;9;1;3;43,94202860;2,19074350;3;1;2;0;1;2;1;0;1;50;2;Blessé léger
202300041944;155 606 231;7;0;2;1;9;1;203 751 670;1;1;1;2;1948.0;3;8;5;4;2023;16;1;81;81257;2;9;1;3;43,94202860;2,19074350;3;1;2;0;1;2;1;0;1;50;2;Indemne
202300041953;155 606 216;80;12;0;1;1;3;203 751 653;1;1;3;2;1964.0;4;2;24;2;2023;11;1;66;66094;2;1;1;6;42,61046430;2,99578100;4;2;2;0;1;1;1;9;1;30;4;Blessé hospitalisé
202300041958;155 606 206;7;0;2;1;1;0;203 751 642;1;1;1;2;1990.0;4;1;20;2;2023;12;1;83;83053;1;1;1;1;43,17013100;5,89804900;3;2;2;0;2;4;1;0;1;80;0;Indemne
202300041958;155 606 208;1;0;2;0;1;5;203 751 643;1;1;3;1;1959.0;5;2;20;2;2023;12;1;83;83053;1;1;1;1;43,17013100;5,89804900;3;2;2;0;2;4;1;0;1;80;0;Blessé hospitalisé
202300041963;155 606 199;7;0;2;3;9;1;203 751 628;1;1;1;2;1970.0;5;1;24;2;2023;16;1;31;31395;1;6;7;3;43,46024200;1,29558600;3;1;1;0;1;3;1;0;1;80;4;Indemne
202300041963;155 606 200;1;0;2;2;26;5;203 751 629;1;1;4;1;1952.0;5;2;24;2;2023;16;1;31;31395;1;6;7;3;43,46024200;1,29558600;3;1;1;0;1;3;1;0;1;80;4;Blessé léger
202300041966;155 606 193;1;0;2;0;2;5;203 751 621;1;1;4;1;1981.0;0;8;5;4;2023;19;2;67;67482;2;1;7;3;48,59944000;7,77006000;4;2;4;2;2;1;1;9;5;50;2;Blessé léger
202300041966;155 606 194;7;0;2;1;15;1;203 751 622;1;1;1;1;1994.0;0;1;5;4;2023;19;2;67;67482;2;1;7;3;48,59944000;7,77006000;4;2;4;2;2;1;1;9;5;50;2;Indemne
202300041971;155 606 186;7;0;2;6;2;1;203 751 610;1;1;1;2;2005.0;0;1;5;4;2023;07;1;64;64335;2;3;1;5;43,33519000; -0,45695000;4;2;2;0;1;1;1;0;1;50;2;Indemne
202300041971;155 606 186;7;0;2;6;2;1;203 751 610;1;1;1;2;2005.0;0;1;5;4;2023;07;1;64;64335;2;3;1;5;43,33519000; -0,45695000;4;2;2;0;1;1;1;0;1;30;2;Indemne
202300041971;155 606 187;1;0;2;1;17;5;203 751 611;1;1;4;1;1975.0;1;2;5;4;2023;07;1;64;64335;2;3;1;5;43,33519000; -0,45695000;4;2;2;0;1;1;1;0;1;50;2;Blessé léger
202300041971;155 606 187;1;0;2;1;17;5;203 751 611;1;1;4;1;1975.0;1;2;5;4;2023;07;1;64;64335;2;3;1;5;43,33519000; -0,45695000;4;2;2;0;1;1;1;0;1;30;2;Blessé léger
202300041971;155 606 189;7;0;2;3;15;1;203 751 612;1;1;1;2;1969.0;0;1;5;4;2023;07;1;64;64335;2;3;1;5;43,33519000; -0,45695000;4;2;2;0;1;1;1;0;1;50;2;Indemne
202300041971;155 606 189;7;0;2;3;15;1;203 751 612;1;1;1;2;1969.0;0;1;5;4;2023;07;1;64;64335;2;3;1;5;43,33519000; -0,45695000;4;2;2;0;1;1;1;0;1;30;2;Indemne
202300041977;155 606 174;7;0;9;1;1;1;203 751 596;1;1;1;1;1997.0;0;1;6;4;2023;04;5;63;63113;2;2;1;3;45,78747000;3,10586000;4;2;5;0;1;1;1;5;1;30;3;Indemne
202300041977;155 606 174;7;0;9;1;1;1;203 751 596;1;1;1;1;1997.0;0;1;6;4;2023;04;5;63;63113;2;2;1;3;45,78747000;3,10586000;4;2;2;0;1;1;1;5;1;30;3;Indemne
202300041977;155 606 177;1;0;2;1;1;5;203 751 598;1;1;4;1;2004.0;5;8;6;4;2023;04;5;63;63113;2;2;1;3;45,78747000;3,10586000;4;2;5;0;1;1;1;5;1;30;3;Blessé léger
202300041977;155 606 177;1;0;2;1;1;5;203 751 598;1;1;4;1;2004.0;5;8;6;4;2023;04;5;63;63113;2;2;1;3;45,78747000;3,10586000;4;2;2;0;1;1;1;5;1;30;3;Blessé léger
202300041987;155 606 155;1;0;2;0;0;5;203 751 570;1;1;4;1;1968.0;1;2;30;8;2023;17;1;22;22278;2;1;1;3;48,52500000; -2,80500000;4;2;2;0;1;4;1;9;1;30;2;Blessé léger
202300041987;155 606 157;21;14;0;7;14;1;203 751 573;1;1;1;1;1970.0;1;8;30;8;2023;17;1;22;22278;2;1;1;3;48,52500000; -2,80500000;4;2;2;0;1;4;1;9;1;30;2;Indemne
202300042005;155 606 124;10;0;2;7;1;1;203 751 528;1;1;1;2;2003.0;0;1;1;9;2023;17;1;10;10387;2;3;1;3;48,29436000;4,09063000;4;2;2;1;1;1;1;0;1;50;4;Indemne
202300042005;155 606 124;10;0;2;7;1;1;203 751 528;1;1;1;2;2003.0;0;1;1;9;2023;17;1;10;10387;2;3;1;3;48,29436000;4,09063000;4;2;2;1;1;1;1;0;1;50;4;Indemne
202300042005;155 606 126;1;0;2;1;1;5;203 751 530;1;1;4;1;1975.0;5;2;1;9;2023;17;1;10;10387;2;3;1;3;48,29436000;4,09063000;4;2;2;1;1;1;1;0;1;50;4;Blessé léger
202300042005;155 606 126;1;0;2;1;1;5;203 751 530;1;1;4;1;1975.0;5;2;1;9;2023;17;1;10;10387;2;3;1;3;48,29436000;4,09063000;4;2;2;1;1;1;1;0;1;50;4;Blessé léger
202300042011;155 606 115;7;0;9;0;16;1;203 751 516;1;1;1;2;1979.0;0;1;6;4;2023;15;1;47;47201;2;4;1;2;44,19396000;0,59873000;3;2;2;2;1;1;1;0;1;50;3;Indemne
202300042011;155 606 115;7;0;9;0;16;1;203 751 516;1;1;1;2;1979.0;0;1;6;4;2023;15;1;47;47201;2;4;1;2;44,19396000;0,59873000;3;2;2;0;1;3;1;0;1;50;3;Indemne
202300042011;155 606 116;1;0;2;0;0;5;203 751 517;1;1;4;1;1972.0;5;2;6;4;2023;15;1;47;47201;2;4;1;2;44,19396000;0,59873000;3;2;2;2;1;1;1;0;1;50;3;Blessé léger
202300042011;155 606 116;1;0;2;0;0;5;203 751 517;1;1;4;1;1972.0;5;2;6;4;2023;15;1;47;47201;2;4;1;2;44,19396000;0,59873000;3;2;2;0;1;3;1;0;1;50;3;Blessé léger
202300042032;155 606 077;21;0;0;4;1;1;203 751 462;1;1;1;1;1985.0;4;1;23;2;2023;15;1;50;50159;1;1;1;6;49,03719000; -1,23100200;3;2;2;0;1;1;1;0;1;80;3;Indemne
202300042032;155 606 078;1;0;9;1;1;5;203 751 465;1;1;3;1;2006.0;5;2;23;2;2023;15;1;50;50159;1;1;1;6;49,03719000; -1,23100200;3;2;2;0;1;1;1;0;1;80;3;Blessé hospitalisé
202300042040;155 606 062;7;0;2;5;16;3;203 751 441;1;1;1;1;1991.0;5;1;1;9;2023;15;1;75;75114;2;3;1;2;48,82780500;2,32915000;4;2;3;1;2;1;1;0;5;30;4;Indemne
202300042040;155 606 062;7;0;2;5;16;3;203 751 441;1;1;1;1;1991.0;5;1;1;9;2023;15;1;75;75114;2;3;1;2;48,82780500;2,32915000;4;1;1;0;1;1;1;0;5;30;4;Indemne
202300042040;155 606 064;80;0;2;1;1;3;203 751 445;1;1;4;1;2000.0;1;8;1;9;2023;15;1;75;75114;2;3;1;2;48,82780500;2,32915000;4;2;3;1;2;1;1;0;5;30;4;Blessé léger
202300042040;155 606 064;80;0;2;1;1;3;203 751 445;1;1;4;1;2000.0;1;8;1;9;2023;15;1;75;75114;2;3;1;2;48,82780500;2,32915000;4;1;1;0;1;1;1;0;5;30;4;Blessé léger
202300042057;155 606 036;1;0;1;1;19;5;203 751 408;10;3;4;2;1974.0;5;0;1;9;2023;16;1;75;75108;2;3;1;6;48,86394310;2,31039047;4;2;3;3;1;1;1;2;1;30;4;Blessé léger
202300042057;155 606 036;1;0;1;1;19;5;203 751 409;1;1;1;2;2002.0;5;8;1;9;2023;16;1;75;75108;2;3;1;6;48,86394310;2,31039047;4;2;3;3;1;1;1;2;1;30;4;Indemne
202300042070;155 606 017;1;0;0;6;13;5;203 751 382;1;1;3;1;1951.0;5;2;23;2;2023;11;1;76;76192;1;1;1;6;50,02382100;1,34253400;3;2;2;0;2;3;1;0;1;80;3;Blessé hospitalisé
202300042074;155 606 009;7;0;2;2;15;1;203 751 375;1;1;1;2;1972.0;1;1;5;4;2023;08;1;33;33281;2;2;1;3;44,84207000; -0,66068000;4;3;3;2;1;1;1;5;1;50;2;Indemne
202300042074;155 606 009;7;0;2;2;15;1;203 751 375;1;1;1;2;1972.0;1;1;5;4;2023;08;1;33;33281;2;2;1;3;44,84207000; -0,66068000;4;2;2;2;1;1;1;5;1;50;2;Indemne
202300042074;155 606 012;1;0;2;3;1;5;203 751 377;1;1;3;1;1990.0;1;2;5;4;2023;08;1;33;33281;2;2;1;3;44,84207000; -0,66068000;4;3;3;2;1;1;1;5;1;50;2;Blessé hospitalisé
202300042074;155 606 012;1;0;2;3;1;5;203 751 377;1;1;3;1;1990.0;1;2;5;4;2023;08;1;33;33281;2;2;1;3;44,84207000; -0,66068000;4;2;2;2;1;1;1;5;1;50;2;Blessé hospitalisé
202300042091;155 605 980;80;0;2;1;1;3;203 751 341;1;1;3;1;2004.0;5;0;20;2;2023;19;2;29;29076;1;9;1;1;48,43752200; -4,59909800;4;2;2;0;2;1;1;0;1;90;0;Blessé hospitalisé
202300042091;155 605 982;7;0;2;3;1;1;203 751 343;1;1;1;1;1944.0;5;1;20;2;2023;19;2;29;29076;1;9;1;1;48,43752200; -4,59909800;4;2;2;0;2;1;1;0;1;90;0;Indemne
202300042099;155 605 966;7;0;2;2;16;1;203 751 326;1;1;1;1;1936.0;5;1;1;9;2023;12;1;94;94038;2;3;1;2;48,78327000;2,34545000;3;2;2;0;1;1;1;0;1;50;4;Indemne
202300042099;155 605 972;1;0;2;4;1;5;203 751 330;1;1;4;2;1984.0;1;2;1;9;2023;12;1;94;94038;2;3;1;2;48,78327000;2,34545000;3;2;2;0;1;1;1;0;1;50;4;Blessé léger
202300042100;155 605 962;7;0;2;3;1;1;203 751 315;1;1;1;1;1966.0;9;1;7;12;2023;06;5;75;75116;2;2;1;3;48,84534300;2,25755800;4;2;2;0;1;1;1;0;1;30;3;Indemne
202300042100;155 605 962;7;0;2;3;1;1;203 751 315;1;1;1;1;1966.0;9;1;7;12;2023;06;5;75;75116;2;2;1;3;48,84534300;2,25755800;4;2;2;0;1;1;1;0;1;30;3;Indemne
202300042100;155 605 965;1;0;2;1;1;5;203 751 321;1;1;4;1;1964.0;1;8;7;12;2023;06;5;75;75116;2;2;1;3;48,84534300;2,25755800;4;2;2;0;1;1;1;0;1;30;3;Blessé léger
202300042100;155 605 965;1;0;2;1;1;5;203 751 321;1;1;4;1;1964.0;1;8;7;12;2023;06;5;75;75116;2;2;1;3;48,84534300;2,25755800;4;2;2;0;1;1;1;0;1;30;3;Blessé léger
202300042124;155 605 923;31;0;2;2;17;0;203 751 266;1;1;1;1;2002.0;0;2;1;9;2023;14;1;93;93077;2;1;1;3;48,88301643;2,49594435;3;1;4;0;1;1;1;0;1;50;4;Indemne
202300042124;155 605 924;1;0;2;0;15;5;203 751 269;1;1;4;1;1993.0;0;8;1;9;2023;14;1;93;93077;2;1;1;3;48,88301643;2,49594435;3;1;4;0;1;1;1;0;1;50;4;Blessé léger
202300042149;155 605 880;7;0;2;2;15;2;203 751 209;1;1;1;1;1982.0;1;1;1;9;2023;17;1;92;92062;2;9;1;3;48,88459806;2,23432159;4;2;0;0;2;1;2;0;1;30;4;Indemne
202300042149;155 605 882;1;0;2;1;0;5;203 751 212;1;1;4;1;1993.0;1;8;1;9;2023;17;1;92;92062;2;9;1;3;48,88459806;2,23432159;4;2;0;0;2;1;2;0;1;30;4;Blessé léger
202300042167;155 605 851;7;0;2;1;9;1;203 751 176;1;1;1;2;1979.0;1;1;5;4;2023;08;1;10;10333;2;9;7;1;48,27647000;4,06471000;4;2;2;0;1;1;1;0;1;50;2;Indemne
202300042167;155 605 854;1;0;2;0;0;5;203 751 179;1;1;4;2;2002.0;9;8;5;4;2023;08;1;10;10333;2;9;7;1;48,27647000;4,06471000;4;2;2;0;1;1;1;0;1;50;2;Blessé léger
202300042170;155 605 846;80;0;2;3;1;3;203 751 170;1;1;3;1;1959.0;0;0;1;9;2023;17;1;17;17420;2;1;1;1;46,08250400; -1,07825900;3;2;2;1;3;1;1;2;5;50;4;Blessé hospitalisé
202300042170;155 605 848;50;0;2;3;1;3;203 751 172;1;1;4;1;2007.0;5;0;1;9;2023;17;1;17;17420;2;1;1;1;46,08250400; -1,07825900;3;2;2;1;3;1;1;2;5;50;4;Blessé léger
202300042174;155 605 836;7;0;2;0;9;1;203 751 155;1;1;1;1;1977.0;1;1;8;12;2023;09;1;94;94002;2;6;2;3;48,80447000;2,41951000;4;1;1;0;1;1;2;9;1;30;4;Indemne
202300042174;155 605 838;1;0;2;1;9;5;203 751 159;1;1;4;2;1984.0;9;2;8;12;2023;09;1;94;94002;2;6;2;3;48,80447000;2,41951000;4;1;1;0;1;1;2;9;1;30;4;Blessé léger
202300042174;155 605 838;1;0;2;1;9;5;203 751 161;4;2;4;2;2022.0;9;2;8;12;2023;09;1;94;94002;2;6;2;3;48,80447000;2,41951000;4;1;1;0;1;1;2;9;1;30;4;Blessé léger
202300042180;155 605 829;1;12;0;1;2;5;203 751 149;1;1;3;1;2011.0;5;0;1;9;2023;17;1;974;97404;2;1;1;7; -21,26760200;55,37086700;4;3;2;0;1;1;1;0;1;30;4;Blessé hospitalisé
202300042193;155 605 806;34;0;2;1;2;1;203 751 120;1;1;1;1;1971.0;0;2;8;12;2023;15;1;92;92044;2;1;1;2;48,89863387;2,27796793;3;1;2;0;1;1;1;0;1;50;4;Indemne
202300042193;155 605 807;1;0;2;4;1;5;203 751 122;1;1;4;1;2004.0;0;0;8;12;2023;15;1;92;92044;2;1;1;2;48,89863387;2,27796793;3;1;2;0;1;1;1;0;1;50;4;Blessé léger
202300042204;155 605 788;1;0;1;1;1;5;203 751 097;10;3;4;2;1962.0;9;0;7;4;2023;17;1;75;75101;2;2;1;6;48,85872300;2,34834200;4;2;5;1;1;1;1;0;5;30;4;Blessé léger
202300042204;155 605 788;1;0;1;1;1;5;203 751 097;10;3;4;2;1962.0;9;0;7;4;2023;17;1;75;75101;2;2;1;6;48,85872300;2,34834200;4;1;3;0;1;1;1;0;5;30;4;Blessé léger
202300042204;155 605 788;1;0;1;1;1;5;203 751 098;1;1;1;1;1995.0;5;2;7;4;2023;17;1;75;75101;2;2;1;6;48,85872300;2,34834200;4;2;5;1;1;1;1;0;5;30;4;Indemne
202300042204;155 605 788;1;0;1;1;1;5;203 751 098;1;1;1;1;1995.0;5;2;7;4;2023;17;1;75;75101;2;2;1;6;48,85872300;2,34834200;4;1;3;0;1;1;1;0;5;30;4;Indemne
202300042218;155 605 762;7;1;2;2;13;0;203 751 068;1;1;1;1;1983.0;0;1;7;4;2023;08;1;94;94054;2;3;1;1;48,74704519;2,41871810;4;2;2;0;1;2;1;0;3;30;4;Indemne
202300042218;155 605 763;1;0;2;2;1;5;203 751 069;1;1;4;1;1971.0;1;8;7;4;2023;08;1;94;94054;2;3;1;1;48,74704519;2,41871810;4;2;2;0;1;2;1;0;3;30;4;Blessé léger
202300042233;155 605 738;1;0;2;1;14;5;203 751 031;2;2;4;1;1993.0;1;8;7;4;2023;08;1;92;92077;2;6;1;6;48,82690000;2,18852000;3;4;2;0;2;2;1;5;1;30;4;Blessé léger
202300042233;155 605 738;1;0;2;1;14;5;203 751 031;2;2;4;1;1993.0;1;8;7;4;2023;08;1;92;92077;2;6;1;6;48,82690000;2,18852000;3;4;2;0;2;2;1;0;1;30;4;Blessé léger
202300042233;155 605 738;1;0;2;1;14;5;203 751 032;1;1;4;2;1993.0;1;8;7;4;2023;08;1;92;92077;2;6;1;6;48,82690000;2,18852000;3;4;2;0;2;2;1;5;1;30;4;Blessé léger
202300042233;155 605 738;1;0;2;1;14;5;203 751 032;1;1;4;2;1993.0;1;8;7;4;2023;08;1;92;92077;2;6;1;6;48,82690000;2,18852000;3;4;2;0;2;2;1;0;1;30;4;Blessé léger
202300042240;155 605 727;1;0;2;4;1;5;203 751 021;1;1;3;1;1957.0;5;2;1;9;2023;14;1;01;01133;1;6;1;3;45,78257200;5,76908800;3;2;1;0;1;1;1;5;1;80;4;Blessé hospitalisé
202300042240;155 605 731;7;0;2;3;9;1;203 751 024;1;1;1;2;1967.0;5;1;1;9;2023;14;1;01;01133;1;6;1;3;45,78257200;5,76908800;3;2;1;0;1;1;1;5;1;80;4;Indemne
202300042254;155 605 701;1;1;0;1;1;5;203 750 990;1;1;4;1;1963.0;5;2;7;4;2023;18;1;50;50167;2;1;1;2;48,72476700; -1,52217000;4;2;2;0;1;1;1;0;1;50;4;Blessé léger
202300042254;155 605 704;7;0;0;8;22;0;203 750 993;1;1;1;2;1966.0;4;0;7;4;2023;18;1;50;50167;2;1;1;2;48,72476700; -1,52217000;4;2;2;0;1;1;1;0;1;50;4;Indemne
202300042265;155 605 684;1;2;2;2;0;5;203 750 970;1;1;3;2;2005.0;5;0;26;2;2023;13;1;11;11307;1;1;6;2;43,22028300;2,86944900;3;2;2;0;1;1;1;0;3;80;6;Blessé hospitalisé
202300042265;155 605 686;2;0;2;4;17;1;203 750 972;1;1;1;1;2007.0;5;2;26;2;2023;13;1;11;11307;1;1;6;2;43,22028300;2,86944900;3;2;2;0;1;1;1;0;3;80;6;Indemne
202300042266;155 605 685;1;0;0;0;1;5;203 750 971;1;1;3;1;1959.0;5;2;8;12;2023;15;1;14;14739;2;3;8;7;49,34235000; -0,51751000;3;2;2;0;2;1;2;0;1;30;4;Blessé hospitalisé
202300042266;155 605 685;1;0;0;0;1;5;203 750 971;1;1;3;1;1959.0;5;2;8;12;2023;15;1;14;14739;2;3;8;7;49,34235000; -0,51751000;3;2;2;0;1;1;2;0;1;50;4;Blessé hospitalisé
202300042296;155 605 627;80;0;2;8;15;3;203 750 880;1;1;4;1;1935.0;5;2;8;4;2023;09;1;18;18028;1;2;1;3;47,15156700;2,28421200;3;2;2;0;1;1;1;0;1;80;5;Blessé léger
202300042296;155 605 629;7;0;9;1;17;1;203 750 882;2;2;1;2;1974.0;5;1;8;4;2023;09;1;18;18028;1;2;1;3;47,15156700;2,28421200;3;2;2;0;1;1;1;0;1;80;5;Indemne
202300042296;155 605 629;7;0;9;1;17;1;203 750 883;1;1;1;1;1973.0;5;1;8;4;2023;09;1;18;18028;1;2;1;3;47,15156700;2,28421200;3;2;2;0;1;1;1;0;1;80;5;Indemne
202300042309;155 605 607;1;0;2;6;0;5;203 750 847;1;1;4;1;2011.0;1;0;8;12;2023;18;5;80;80212;2;1;1;3;49,91273300;2,51513300;3;2;2;0;2;1;1;0;1;50;4;Blessé léger
202300042309;155 605 608;7;0;2;2;1;1;203 750 849;1;1;1;1;2001.0;1;1;8;12;2023;18;5;80;80212;2;1;1;3;49,91273300;2,51513300;3;2;2;0;2;1;1;0;1;50;4;Indemne
202300042342;155 605 545;1;12;0;3;25;5;203 750 767;1;1;3;1;1999.0;5;0;7;4;2023;19;1;45;45039;2;1;1;6;47,79689000;2,38288000;3;2;2;0;1;1;1;0;4;50;4;Blessé hospitalisé
202300042408;155 605 416;1;0;2;8;26;5;203 750 601;1;1;4;2;1997.0;5;8;8;12;2023;01;5;69;69381;2;1;2;7;45,76932000;4,83787000;4;2;7;3;1;1;2;0;1;50;4;Blessé léger
202300042454;155 605 334;7;0;2;2;19;1;203 750 479;1;1;1;2;1981.0;0;8;7;12;2023;11;1;71;71475;2;2;8;3;46,76454000;4,83289000;4;2;2;2;1;1;1;0;1;50;3;Indemne
202300042454;155 605 336;1;0;2;0;0;5;203 750 481;1;1;4;2;1943.0;0;8;7;12;2023;11;1;71;71475;2;2;8;3;46,76454000;4,83289000;4;2;2;2;1;1;1;0;1;50;3;Blessé léger
202300042459;155 605 324;1;0;2;7;1;5;203 750 467;1;1;4;1;1988.0;0;2;31;8;2023;20;2;59;59599;2;3;2;3;50,72298941;3,14455895;4;1;1;0;1;1;2;0;1;30;3;Blessé léger
202300042459;155 605 324;1;0;2;7;1;5;203 750 467;1;1;4;1;1988.0;0;2;31;8;2023;20;2;59;59599;2;3;2;3;50,72298941;3,14455895;4;2;1;2;1;1;2;0;1;30;3;Blessé léger
202300042459;155 605 326;7;0;2;3;1;0;203 750 469;1;1;1;1;1975.0;9;1;31;8;2023;20;2;59;59599;2;3;2;3;50,72298941;3,14455895;4;1;1;0;1;1;2;0;1;30;3;Indemne
202300042459;155 605 326;7;0;2;3;1;0;203 750 469;1;1;1;1;1975.0;9;1;31;8;2023;20;2;59;59599;2;3;2;3;50,72298941;3,14455895;4;2;1;2;1;1;2;0;1;30;3;Indemne
202300042463;155 605 317;1;0;2;1;13;5;203 750 454;1;1;3;1;2008.0;5;8;30;8;2023;17;1;59;59227;2;1;1;1;50,35855000;3,30046000;3;2;2;0;1;1;1;0;1;50;2;Blessé hospitalisé
202300042463;155 605 318;7;0;2;1;1;3;203 750 455;1;1;1;1;1989.0;0;1;30;8;2023;17;1;59;59227;2;1;1;1;50,35855000;3,30046000;3;2;2;0;1;1;1;0;1;50;2;Indemne
202300042491;155 605 273;1;0;0;8;1;5;203 750 400;1;1;4;1;1995.0;5;8;31;8;2023;08;1;37;37261;2;1;1;7;47,39110000;0,69480000;4;2;2;1;1;1;1;0;5;30;3;Blessé léger
202300042496;155 605 267;1;0;2;8;13;5;203 750 391;1;1;4;1;1998.0;0;8;7;12;2023;09;1;59;59350;2;1;8;3;50,61251000;3,05789000;4;2;4;2;1;1;1;0;1;50;3;Blessé léger
202300042496;155 605 269;7;0;0;7;17;1;203 750 392;1;1;1;1;1974.0;4;1;7;12;2023;09;1;59;59350;2;1;8;3;50,61251000;3,05789000;4;2;4;2;1;1;1;0;1;50;3;Indemne
202300042504;155 605 250;1;0;0;8;1;5;203 750 371;1;1;4;1;1976.0;0;2;30;8;2023;17;1;31;31149;2;6;1;3;43,61236500;1,31807600;7;2;2;0;1;1;1;0;5;50;2;Blessé léger
202300042504;155 605 250;1;0;0;8;1;5;203 750 371;1;1;4;1;1976.0;0;2;30;8;2023;17;1;31;31149;2;6;1;3;43,61236500;1,31807600;7;2;0;1;1;1;1;0;5;50;2;Blessé léger
202300042504;155 605 253;10;1;2;1;1;1;203 750 373;1;1;1;1;2004.0;3;1;30;8;2023;17;1;31;31149;2;6;1;3;43,61236500;1,31807600;7;2;2;0;1;1;1;0;5;50;2;Indemne
202300042504;155 605 253;10;1;2;1;1;1;203 750 373;1;1;1;1;2004.0;3;1;30;8;2023;17;1;31;31149;2;6;1;3;43,61236500;1,31807600;7;2;0;1;1;1;1;0;5;50;2;Indemne
202300042511;155 605 241;1;0;2;1;15;5;203 750 357;1;1;3;2;1980.0;0;2;30;8;2023;18;1;29;29019;2;9;1;1;48,38223000; -4,50205000;4;2;2;0;3;1;1;0;1;50;2;Blessé hospitalisé
202300042511;155 605 241;1;0;2;1;15;5;203 750 357;1;1;3;2;1980.0;0;2;30;8;2023;18;1;29;29019;2;9;1;1;48,38223000; -4,50205000;4;1;1;0;1;1;1;0;1;50;2;Blessé hospitalisé
202300042511;155 605 243;7;0;2;1;1;1;203 750 358;1;1;1;1;1997.0;0;1;30;8;2023;18;1;29;29019;2;9;1;1;48,38223000; -4,50205000;4;2;2;0;3;1;1;0;1;50;2;Indemne
202300042511;155 605 243;7;0;2;1;1;1;203 750 358;1;1;1;1;1997.0;0;1;30;8;2023;18;1;29;29019;2;9;1;1;48,38223000; -4,50205000;4;1;1;0;1;1;1;0;1;50;2;Indemne
202300042530;155 605 206;80;0;2;2;1;3;203 750 308;1;1;4;1;2005.0;9;8;31;8;2023;16;1;06;06159;2;3;1;3;43,70148000;7,30661000;7;2;2;0;1;1;1;0;1;30;3;Blessé léger
202300042530;155 605 206;80;0;2;2;1;3;203 750 308;1;1;4;1;2005.0;9;8;31;8;2023;16;1;06;06159;2;3;1;3;43,70148000;7,30661000;7;1;1;0;2;3;1;0;1;30;3;Blessé léger
202300042530;155 605 208;7;0;9;3;15;1;203 750 311;1;1;1;1;2003.0;0;1;31;8;2023;16;1;06;06159;2;3;1;3;43,70148000;7,30661000;7;2;2;0;1;1;1;0;1;30;3;Indemne
202300042530;155 605 208;7;0;9;3;15;1;203 750 311;1;1;1;1;2003.0;0;1;31;8;2023;16;1;06;06159;2;3;1;3;43,70148000;7,30661000;7;1;1;0;2;3;1;0;1;30;3;Indemne
202300042535;155 605 197;1;0;2;0;15;5;203 750 297;1;1;3;1;2003.0;5;2;6;12;2023;22;3;34;34032;2;1;1;3;43,34131000;3,18345000;3;2;2;0;1;1;1;0;1;50;2;Blessé hospitalisé
202300042535;155 605 198;7;0;2;1;1;1;203 750 299;1;1;1;1;1977.0;1;1;6;12;2023;22;3;34;34032;2;1;1;3;43,34131000;3,18345000;3;2;2;0;1;1;1;0;1;50;2;Indemne
202300042539;155 605 191;7;0;2;3;20;1;203 750 291;1;1;1;1;1986.0;0;1;7;12;2023;18;5;33;33063;2;1;3;3;44,84352000; -0,59946000;4;2;4;3;1;1;2;0;1;50;3;Indemne
202300042539;155 605 192;1;0;2;1;1;5;203 750 292;1;1;4;2;1999.0;0;0;7;12;2023;18;5;33;33063;2;1;3;3;44,84352000; -0,59946000;4;2;4;3;1;1;2;0;1;50;3;Blessé léger
202300042541;155 605 188;1;0;2;1;0;5;203 750 287;1;1;3;1;2007.0;1;2;31;8;2023;08;1;01;01283;2;3;8;3;46,25502300;5,63601800;4;2;2;0;1;1;1;0;1;50;3;Blessé hospitalisé