Num_Acc;id_vehicule;catv;obs;obsm;choc;manv;motor;id_usager;place;catu;grav;sexe;an_nais;trajet;secu1;jour;mois;an;hrmn;lum;dep;com;agg;int;atm;col;lat;long;catr;circ;nbv;vosp;prof;plan;surf;infra;situ;vma;day_of_week;gravity
202300043105;155 604 134;80;0;2;3;2;3;203 748 853;1;1;3;1;1982.0;5;0;19;7;2023;09;1;69;69389;2;1;1;5;45,79909000;4,83370000;7;2;2;0;1;1;1;0;1;30;2;Blessé hospitalisé
202300043105;155 604 135;14;0;2;3;1;1;203 748 854;1;1;1;1;1975.0;4;1;19;7;2023;09;1;69;69389;2;1;1;5;45,79909000;4,83370000;7;2;2;0;1;1;1;0;1;30;2;Indemne
202300043111;155 604 124;10;0;2;2;2;1;203 748 840;1;1;1;1;1939.0;3;1;21;7;2023;19;1;84;84035;2;2;1;2;43,83800000;5,06600000;4;2;2;0;1;1;1;5;1;50;4;Indemne
202300043111;155 604 124;10;0;2;2;2;1;203 748 840;1;1;1;1;1939.0;3;1;21;7;2023;19;1;84;84035;2;2;1;2;43,83800000;5,06600000;4;3;2;0;1;1;1;0;1;50;4;Indemne
202300043111;155 604 125;1;0;2;4;0;5;203 748 841;1;1;4;2;1950.0;0;8;21;7;2023;19;1;84;84035;2;2;1;2;43,83800000;5,06600000;4;2;2;0;1;1;1;5;1;50;4;Blessé léger
202300043111;155 604 125;1;0;2;4;0;5;203 748 841;1;1;4;2;1950.0;0;8;21;7;2023;19;1;84;84035;2;2;1;2;43,83800000;5,06600000;4;3;2;0;1;1;1;0;1;50;4;Blessé léger
202300043117;155 604 113;80;0;2;1;19;3;203 748 826;1;1;3;1;1946.0;0;8;21;7;2023;07;1;66;66136;1;6;9;3;42,73092682;2,89556265;4;2;4;1;1;1;1;0;5;70;4;Blessé hospitalisé
202300043117;155 604 114;10;0;2;7;9;1;203 748 827;1;1;1;1;1995.0;4;1;21;7;2023;07;1;66;66136;1;6;9;3;42,73092682;2,89556265;4;2;4;1;1;1;1;0;5;70;4;Indemne
202300043122;155 604 103;1;0;2;1;1;5;203 748 816;1;1;4;1;1987.0;1;2;20;7;2023;12;1;51;51454;2;1;1;3;49,23245000;4,01416000;4;2;4;2;1;1;1;0;4;50;3;Blessé léger
202300043122;155 604 104;7;0;2;2;9;1;203 748 817;1;1;1;1;1970.0;0;1;20;7;2023;12;1;51;51454;2;1;1;3;49,23245000;4,01416000;4;2;4;2;1;1;1;0;4;50;3;Indemne
202300043127;155 604 094;7;0;2;2;1;1;203 748 804;1;1;1;2;2001.0;5;1;20;7;2023;19;1;42;42207;2;2;1;3;45,45538953;4,50579543;4;1;1;0;1;1;1;0;1;50;3;Indemne
202300043127;155 604 094;7;0;2;2;1;1;203 748 804;1;1;1;2;2001.0;5;1;20;7;2023;19;1;42;42207;2;2;1;3;45,45538953;4,50579543;4;2;2;0;1;1;1;0;1;50;3;Indemne
202300043127;155 604 095;1;0;2;9;1;5;203 748 805;1;1;3;2;1974.0;5;8;20;7;2023;19;1;42;42207;2;2;1;3;45,45538953;4,50579543;4;1;1;0;1;1;1;0;1;50;3;Blessé hospitalisé
202300043127;155 604 095;1;0;2;9;1;5;203 748 805;1;1;3;2;1974.0;5;8;20;7;2023;19;1;42;42207;2;2;1;3;45,45538953;4,50579543;4;2;2;0;1;1;1;0;1;50;3;Blessé hospitalisé
202300043129;155 604 091;7;0;2;7;26;1;203 748 800;1;1;1;1;2003.0;1;1;21;7;2023;09;1;41;41018;1;1;1;3;47,58626000;1,32637000;4;1;3;3;2;1;1;0;4;50;4;Indemne
202300043129;155 604 092;1;0;2;1;25;5;203 748 801;1;1;4;1;1968.0;1;8;21;7;2023;09;1;41;41018;1;1;1;3;47,58626000;1,32637000;4;1;3;3;2;1;1;0;4;50;4;Blessé léger
202300043130;155 604 089;1;0;2;1;19;5;203 748 798;1;1;3;1;1983.0;9;8;21;7;2023;03;5;38;38421;2;1;1;1;45,17266000;5,75652000;7;2;2;0;1;1;1;0;1;30;4;Blessé hospitalisé
202300043130;155 604 090;7;0;9;2;1;0;203 748 799;1;1;1;1;1998.0;1;1;21;7;2023;03;5;38;38421;2;1;1;1;45,17266000;5,75652000;7;2;2;0;1;1;1;0;1;30;4;Indemne
202300043131;155 604 087;99;0;2;0;1;1;203 748 796;1;1;1;1;1967.0;0;1;21;7;2023;19;1;35;35238;2;2;1;3;48,12949000; -1,65387000;4;1;1;0;1;1;1;0;1;50;4;Indemne
202300043131;155 604 087;99;0;2;0;1;1;203 748 796;1;1;1;1;1967.0;0;1;21;7;2023;19;1;35;35238;2;2;1;3;48,12949000; -1,65387000;4;1;1;2;1;1;1;0;1;50;4;Indemne
202300043131;155 604 088;1;0;2;1;1;5;203 748 797;1;1;4;1;1980.0;0;8;21;7;2023;19;1;35;35238;2;2;1;3;48,12949000; -1,65387000;4;1;1;0;1;1;1;0;1;50;4;Blessé léger
202300043131;155 604 088;1;0;2;1;1;5;203 748 797;1;1;4;1;1980.0;0;8;21;7;2023;19;1;35;35238;2;2;1;3;48,12949000; -1,65387000;4;1;1;2;1;1;1;0;1;50;4;Blessé léger
202300043132;155 604 085;10;0;2;2;15;1;203 748 794;1;1;1;1;1961.0;1;1;21;7;2023;08;1;35;35238;2;2;1;3;48,12784000; -1,65747000;4;2;2;1;1;1;1;8;1;50;4;Indemne
202300043132;155 604 085;10;0;2;2;15;1;203 748 794;1;1;1;1;1961.0;1;1;21;7;2023;08;1;35;35238;2;2;1;3;48,12784000; -1,65747000;4;2;2;2;1;1;1;8;1;50;4;Indemne
202300043132;155 604 086;1;0;2;0;0;5;203 748 795;1;1;4;1;1990.0;1;2;21;7;2023;08;1;35;35238;2;2;1;3;48,12784000; -1,65747000;4;2;2;1;1;1;1;8;1;50;4;Blessé léger
202300043132;155 604 086;1;0;2;0;0;5;203 748 795;1;1;4;1;1990.0;1;2;21;7;2023;08;1;35;35238;2;2;1;3;48,12784000; -1,65747000;4;2;2;2;1;1;1;8;1;50;4;Blessé léger
202300043133;155 604 083;1;0;2;1;1;5;203 748 791;1;1;4;2;1996.0;0;8;20;7;2023;22;5;35;35238;2;1;2;3;48,11023000; -1,67516000;4;1;1;2;1;1;2;6;1;20;3;Blessé léger
202300043133;155 604 084;7;0;2;3;20;1;203 748 792;1;1;1;1;1972.0;5;1;20;7;2023;22;5;35;35238;2;1;2;3;48,11023000; -1,67516000;4;1;1;2;1;1;2;6;1;20;3;Indemne
202300043133;155 604 084;7;0;2;3;20;1;203 748 793;2;2;1;2;1972.0;5;1;20;7;2023;22;5;35;35238;2;1;2;3;48,11023000; -1,67516000;4;1;1;2;1;1;2;6;1;20;3;Indemne
202300043167;155 604 022;1;0;2;1;5;5;203 748 709;1;1;2;1;1977.0;5;0;20;6;2023;00;3;971;97116;1;1;1;1;16,32307400; -61,47234700;2;2;2;0;3;1;1;0;1;80;1;Tué
202300043167;155 604 023;7;0;2;1;1;1;203 748 710;1;1;4;1;1996.0;5;1;20;6;2023;00;3;971;97116;1;1;1;1;16,32307400; -61,47234700;2;2;2;0;3;1;1;0;1;80;1;Blessé léger
202300043248;155 603 867;1;0;2;1;2;5;203 748 505;1;1;4;1;2007.0;0;8;14;6;2023;16;1;67;67043;2;1;1;2;48,61422000;7,74773000;4;2;2;0;1;1;1;0;1;50;2;Blessé léger
202300043248;155 603 868;7;0;2;4;23;1;203 748 506;1;1;1;1;1976.0;0;1;14;6;2023;16;1;67;67043;2;1;1;2;48,61422000;7,74773000;4;2;2;0;1;1;1;0;1;50;2;Indemne
202300043260;155 603 848;1;0;2;0;0;5;203 748 479;1;1;4;1;1990.0;4;8;17;6;2023;16;1;51;51454;2;1;1;3;49,25263000;4,03157000;4;2;2;0;1;1;1;0;1;30;5;Blessé léger
202300043260;155 603 849;7;0;2;7;1;1;203 748 480;2;2;1;2;1990.0;0;1;17;6;2023;16;1;51;51454;2;1;1;3;49,25263000;4,03157000;4;2;2;0;1;1;1;0;1;30;5;Indemne
202300043260;155 603 849;7;0;2;7;1;1;203 748 481;1;1;1;2;1989.0;1;8;17;6;2023;16;1;51;51454;2;1;1;3;49,25263000;4,03157000;4;2;2;0;1;1;1;0;1;30;5;Indemne
202300043261;155 603 847;1;0;0;9;25;5;203 748 478;1;1;4;1;1999.0;1;2;16;6;2023;18;1;51;51172;2;1;1;7;49,22098400;4,06115100;4;2;2;0;1;1;1;0;4;50;4;Blessé léger
202300043287;155 603 806;7;0;2;2;1;1;203 748 421;1;1;1;2;1996.0;1;1;19;6;2023;12;1;13;13063;2;9;1;3;43,58994000;4,99401000;4;2;2;0;1;1;1;6;1;30;0;Indemne
202300043287;155 603 807;1;0;2;8;19;5;203 748 422;1;1;4;1;2012.0;2;8;19;6;2023;12;1;13;13063;2;9;1;3;43,58994000;4,99401000;4;2;2;0;1;1;1;6;1;30;0;Blessé léger
202300043289;155 603 802;1;0;2;1;1;5;203 748 417;1;1;3;2;1998.0;9;8;15;6;2023;20;1;11;11262;2;3;1;3;43,18704300;3,01054600;4;1;1;0;1;1;1;9;1;50;3;Blessé hospitalisé
202300043289;155 603 802;1;0;2;1;1;5;203 748 417;1;1;3;2;1998.0;9;8;15;6;2023;20;1;11;11262;2;3;1;3;43,18704300;3,01054600;4;2;1;0;1;1;1;9;1;50;3;Blessé hospitalisé
202300043289;155 603 803;7;0;9;1;1;1;203 748 418;1;1;1;2;1997.0;1;1;15;6;2023;20;1;11;11262;2;3;1;3;43,18704300;3,01054600;4;1;1;0;1;1;1;9;1;50;3;Indemne
202300043289;155 603 803;7;0;9;1;1;1;203 748 418;1;1;1;2;1997.0;1;1;15;6;2023;20;1;11;11262;2;3;1;3;43,18704300;3,01054600;4;2;1;0;1;1;1;9;1;50;3;Indemne
202300043291;155 603 798;1;0;2;4;0;5;203 748 413;1;1;2;1;1946.0;5;2;19;6;2023;08;1;10;10387;2;1;1;2;48,29190000;4,08663000;4;2;4;2;1;1;1;0;5;50;0;Tué
202300043291;155 603 799;7;0;2;1;1;1;203 748 414;1;1;1;1;1967.0;5;1;19;6;2023;08;1;10;10387;2;1;1;2;48,29190000;4,08663000;4;2;4;2;1;1;1;0;5;50;0;Indemne
202300043293;155 603 794;7;0;2;8;22;6;203 748 409;1;1;1;1;1986.0;0;1;16;6;2023;18;1;10;10387;2;1;1;3;48,29238000;4,07408000;4;2;2;0;1;1;1;0;1;50;4;Indemne
202300043293;155 603 795;1;1;0;1;1;5;203 748 410;1;1;4;1;1983.0;4;8;16;6;2023;18;1;10;10387;2;1;1;3;48,29238000;4,07408000;4;2;2;0;1;1;1;0;1;50;4;Blessé léger
202300043315;155 603 749;1;0;2;1;1;5;203 748 351;1;1;4;1;1997.0;1;2;19;6;2023;11;1;75;75113;2;3;1;3;48,83449900;2,36384500;4;1;1;1;1;1;1;0;1;30;0;Blessé léger
202300043315;155 603 749;1;0;2;1;1;5;203 748 351;1;1;4;1;1997.0;1;2;19;6;2023;11;1;75;75113;2;3;1;3;48,83449900;2,36384500;4;1;2;1;2;1;1;0;1;30;0;Blessé léger
202300043315;155 603 750;33;1;2;1;9;1;203 748 352;1;1;4;1;1976.0;1;2;19;6;2023;11;1;75;75113;2;3;1;3;48,83449900;2,36384500;4;1;1;1;1;1;1;0;1;30;0;Blessé léger
202300043315;155 603 750;33;1;2;1;9;1;203 748 352;1;1;4;1;1976.0;1;2;19;6;2023;11;1;75;75113;2;3;1;3;48,83449900;2,36384500;4;1;2;1;2;1;1;0;1;30;0;Blessé léger
202300043318;155 603 743;1;0;2;9;19;5;203 748 344;1;1;4;1;1996.0;9;8;18;6;2023;23;5;75;75110;2;3;1;4;48,87036400;2,34956700;4;1;1;0;1;1;1;0;1;30;6;Blessé léger
202300043318;155 603 744;31;0;2;1;1;1;203 748 345;1;1;1;1;1999.0;1;2;18;6;2023;23;5;75;75110;2;3;1;4;48,87036400;2,34956700;4;1;1;0;1;1;1;0;1;30;6;Indemne
202300043318;155 603 745;7;0;2;1;1;0;203 748 346;1;1;1;1;1995.0;9;1;18;6;2023;23;5;75;75110;2;3;1;4;48,87036400;2,34956700;4;1;1;0;1;1;1;0;1;30;6;Indemne
202300043323;155 603 734;1;0;2;1;11;5;203 748 333;1;1;4;1;1984.0;1;8;16;6;2023;11;1;75;75101;2;2;1;1;48,85853100;2,34823300;4;2;4;1;1;1;1;0;1;30;4;Blessé léger
202300043323;155 603 734;1;0;2;1;11;5;203 748 333;1;1;4;1;1984.0;1;8;16;6;2023;11;1;75;75101;2;2;1;1;48,85853100;2,34823300;4;2;3;1;1;1;1;0;1;30;4;Blessé léger
202300043323;155 603 735;7;0;2;3;1;1;203 748 334;1;1;1;1;1976.0;4;1;16;6;2023;11;1;75;75101;2;2;1;1;48,85853100;2,34823300;4;2;4;1;1;1;1;0;1;30;4;Indemne
202300043323;155 603 735;7;0;2;3;1;1;203 748 334;1;1;1;1;1976.0;4;1;16;6;2023;11;1;75;75101;2;2;1;1;48,85853100;2,34823300;4;2;3;1;1;1;1;0;1;30;4;Indemne
202300043366;155 603 650;80;0;4;7;19;3;203 748 228;1;1;3;2;1961.0;0;8;3;11;2023;19;5;67;67482;2;8;1;3;48,58412000;7,75909000;4;2;4;3;1;1;1;4;6;30;4;Blessé hospitalisé
202300043366;155 603 651;40;0;2;1;1;3;203 748 229;1;1;1;1;1967.0;4;1;3;11;2023;19;5;67;67482;2;8;1;3;48,58412000;7,75909000;4;2;4;3;1;1;1;4;6;30;4;Indemne
202300043377;155 603 624;1;0;2;1;0;5;203 748 196;1;1;4;1;1992.0;0;0;15;5;2023;07;1;60;60141;2;1;1;1;49,18604400;2,46066900;3;1;1;0;1;1;1;6;8;50;0;Blessé léger
202300043377;155 603 625;7;0;2;1;0;0;203 748 197;1;1;1;2;1989.0;1;1;15;5;2023;07;1;60;60141;2;1;1;1;49,18604400;2,46066900;3;1;1;0;1;1;1;6;8;50;0;Indemne
202300043384;155 603 609;1;0;2;1;19;5;203 748 179;1;1;4;1;2006.0;5;8;3;11;2023;23;5;57;57463;2;1;1;1;49,10330000;6,19479000;4;2;2;0;1;1;1;0;1;50;4;Blessé léger
202300043384;155 603 611;7;0;2;1;0;1;203 748 181;1;1;1;1;1995.0;5;1;3;11;2023;23;5;57;57463;2;1;1;1;49,10330000;6,19479000;4;2;2;0;1;1;1;0;1;50;4;Indemne
202300043387;155 603 605;7;0;9;3;9;1;203 748 174;1;1;1;1;2002.0;0;8;16;3;2023;17;1;74;74112;2;1;1;3;45,93740000;6,09989600;3;2;2;0;1;1;1;0;1;50;3;Indemne
202300043387;155 603 606;1;0;2;1;1;5;203 748 175;1;1;3;1;1946.0;0;8;16;3;2023;17;1;74;74112;2;1;1;3;45,93740000;6,09989600;3;2;2;0;1;1;1;0;1;50;3;Blessé hospitalisé
202300043418;155 603 551;34;12;2;3;21;1;203 748 098;1;1;4;1;1998.0;0;2;14;5;2023;17;1;67;67447;2;3;1;3;48,60126000;7,75454000;4;2;2;0;1;1;1;0;5;50;6;Blessé léger
202300043418;155 603 551;34;12;2;3;21;1;203 748 098;1;1;4;1;1998.0;0;2;14;5;2023;17;1;67;67447;2;3;1;3;48,60126000;7,75454000;4;3;5;2;1;1;1;0;1;50;6;Blessé léger
202300043418;155 603 554;1;0;2;8;19;5;203 748 101;1;1;4;2;1976.0;0;8;14;5;2023;17;1;67;67447;2;3;1;3;48,60126000;7,75454000;4;2;2;0;1;1;1;0;5;50;6;Blessé léger
202300043418;155 603 554;1;0;2;8;19;5;203 748 101;1;1;4;2;1976.0;0;8;14;5;2023;17;1;67;67447;2;3;1;3;48,60126000;7,75454000;4;3;5;2;1;1;1;0;1;50;6;Blessé léger
202300043422;155 603 543;1;0;2;7;19;0;203 748 089;1;1;4;1;1988.0;0;0;3;11;2023;20;5;33;33522;2;3;2;3;44,80893000; -0,60572000;4;2;2;0;1;1;2;5;1;50;4;Blessé léger
202300043422;155 603 544;7;0;2;2;1;3;203 748 090;1;1;1;1;1974.0;5;1;3;11;2023;20;5;33;33522;2;3;2;3;44,80893000; -0,60572000;4;2;2;0;1;1;2;5;1;50;4;Indemne
202300043459;155 603 485;7;0;2;2;1;2;203 748 013;1;1;1;1;1986.0;4;1;3;11;2023;20;5;75;75110;2;2;2;3;48,87734400;2,35511200;4;1;1;0;2;1;2;0;5;30;4;Indemne
202300043459;155 603 485;7;0;2;2;1;2;203 748 013;1;1;1;1;1986.0;4;1;3;11;2023;20;5;75;75110;2;2;2;3;48,87734400;2,35511200;4;2;4;3;3;1;2;0;5;30;4;Indemne
202300043459;155 603 486;80;0;2;7;1;3;203 748 014;1;1;4;1;1996.0;9;8;3;11;2023;20;5;75;75110;2;2;2;3;48,87734400;2,35511200;4;1;1;0;2;1;2;0;5;30;4;Blessé léger
202300043459;155 603 486;80;0;2;7;1;3;203 748 014;1;1;4;1;1996.0;9;8;3;11;2023;20;5;75;75110;2;2;2;3;48,87734400;2,35511200;4;2;4;3;3;1;2;0;5;30;4;Blessé léger
202300043462;155 603 479;99;0;2;0;19;3;203 748 006;1;1;1;1;2004.0;4;2;14;5;2023;11;1;75;75107;2;3;1;3;48,86076600;2,32529900;4;1;4;1;1;1;1;0;5;30;6;Indemne
202300043462;155 603 480;80;0;2;8;1;3;203 748 007;1;1;4;2;1985.0;5;8;14;5;2023;11;1;75;75107;2;3;1;3;48,86076600;2,32529900;4;1;4;1;1;1;1;0;5;30;6;Blessé léger
202300043463;155 603 477;1;0;2;1;1;5;203 748 004;1;1;4;1;1994.0;9;8;3;11;2023;09;1;75;75111;2;4;1;3;48,85061200;2,39215800;4;2;4;1;1;1;1;0;5;30;4;Blessé léger
202300043463;155 603 477;1;0;2;1;1;5;203 748 004;1;1;4;1;1994.0;9;8;3;11;2023;09;1;75;75111;2;4;1;3;48,85061200;2,39215800;4;1;1;0;1;2;1;0;5;30;4;Blessé léger
202300043463;155 603 478;7;0;2;2;16;1;203 748 005;1;1;1;2;1955.0;9;1;3;11;2023;09;1;75;75111;2;4;1;3;48,85061200;2,39215800;4;2;4;1;1;1;1;0;5;30;4;Indemne
202300043463;155 603 478;7;0;2;2;16;1;203 748 005;1;1;1;2;1955.0;9;1;3;11;2023;09;1;75;75111;2;4;1;3;48,85061200;2,39215800;4;1;1;0;1;2;1;0;5;30;4;Indemne
202300043466;155 603 472;1;12;0;7;21;5;203 747 997;1;1;4;2;1974.0;5;2;14;5;2023;10;1;75;75103;2;3;1;6;48,86521400;2,35569600;4;2;3;1;1;1;1;0;1;30;6;Blessé léger
202300043466;155 603 472;1;12;0;7;21;5;203 747 998;2;2;1;1;2011.0;5;2;14;5;2023;10;1;75;75103;2;3;1;6;48,86521400;2,35569600;4;2;3;1;1;1;1;0;1;30;6;Indemne
202300043475;155 603 456;1;0;2;7;0;5;203 747 974;1;1;4;1;1987.0;1;8;3;11;2023;16;1;93;93070;2;4;1;3;48,90252900;2,33429600;4;2;2;0;1;1;1;0;1;50;4;Blessé léger
202300043475;155 603 456;1;0;2;7;0;5;203 747 974;1;1;4;1;1987.0;1;8;3;11;2023;16;1;93;93070;2;4;1;3;48,90252900;2,33429600;4;1;1;0;1;1;1;0;8;30;4;Blessé léger
202300043475;155 603 458;7;0;2;1;2;1;203 747 976;1;1;1;1;1983.0;0;1;3;11;2023;16;1;93;93070;2;4;1;3;48,90252900;2,33429600;4;2;2;0;1;1;1;0;1;50;4;Indemne
202300043475;155 603 458;7;0;2;1;2;1;203 747 976;1;1;1;1;1983.0;0;1;3;11;2023;16;1;93;93070;2;4;1;3;48,90252900;2,33429600;4;1;1;0;1;1;1;0;8;30;4;Indemne
202300043475;155 603 458;7;0;2;1;2;1;203 747 977;2;2;1;1;1960.0;0;1;3;11;2023;16;1;93;93070;2;4;1;3;48,90252900;2,33429600;4;2;2;0;1;1;1;0;1;50;4;Indemne
202300043475;155 603 458;7;0;2;1;2;1;203 747 977;2;2;1;1;1960.0;0;1;3;11;2023;16;1;93;93070;2;4;1;3;48,90252900;2,33429600;4;1;1;0;1;1;1;0;8;30;4;Indemne
202300043483;155 603 442;7;0;2;3;16;1;203 747 956;1;1;1;2;1972.0;1;1;13;5;2023;23;5;93;93048;2;7;1;1;48,85816050;2,43649315;3;3;3;1;1;1;1;0;1;50;5;Indemne
202300043483;155 603 442;7;0;2;3;16;1;203 747 956;1;1;1;2;1972.0;1;1;13;5;2023;23;5;93;93048;2;7;1;1;48,85816050;2,43649315;3;2;2;1;1;1;1;0;1;50;5;Indemne
202300043483;155 603 443;1;0;2;1;19;5;203 747 957;1;1;4;1;1984.0;5;8;13;5;2023;23;5;93;93048;2;7;1;1;48,85816050;2,43649315;3;3;3;1;1;1;1;0;1;50;5;Blessé léger
202300043483;155 603 443;1;0;2;1;19;5;203 747 957;1;1;4;1;1984.0;5;8;13;5;2023;23;5;93;93048;2;7;1;1;48,85816050;2,43649315;3;2;2;1;1;1;1;0;1;50;5;Blessé léger
202300043500;155 603 407;99;0;2;1;0;1;203 747 908;1;1;1;1;1967.0;0;8;31;10;2023;18;5;23;23079;2;1;2;1;45,88004600;2,17144900;4;2;2;0;1;1;2;0;1;50;1;Indemne
202300043500;155 603 408;1;0;2;1;16;5;203 747 909;1;1;3;2;1976.0;0;0;31;10;2023;18;5;23;23079;2;1;2;1;45,88004600;2,17144900;4;2;2;0;1;1;2;0;1;50;1;Blessé hospitalisé
202300043548;155 603 334;1;0;0;8;1;5;203 747 799;1;1;4;1;1989.0;5;0;14;5;2023;15;1;27;27067;1;1;1;3;49,29939000;1,65917500;3;2;2;0;1;1;1;0;1;80;6;Blessé léger
202300043548;155 603 334;1;0;0;8;1;5;203 747 800;2;2;1;2;2018.0;5;0;14;5;2023;15;1;27;27067;1;1;1;3;49,29939000;1,65917500;3;2;2;0;1;1;1;0;1;80;6;Indemne
202300043548;155 603 334;1;0;0;8;1;5;203 747 801;2;2;3;2;2022.0;5;0;14;5;2023;15;1;27;27067;1;1;1;3;49,29939000;1,65917500;3;2;2;0;1;1;1;0;1;80;6;Blessé hospitalisé
202300043548;155 603 335;7;0;9;2;1;1;203 747 802;1;1;1;1;1974.0;0;1;14;5;2023;15;1;27;27067;1;1;1;3;49,29939000;1,65917500;3;2;2;0;1;1;1;0;1;80;6;Indemne
202300043560;155 603 314;7;0;2;2;2;1;203 747 763;1;1;1;1;1967.0;1;1;3;11;2023;18;2;85;85084;1;1;1;2;46,76319300; -1,22651000;3;2;2;0;1;1;1;0;1;80;4;Indemne
202300043560;155 603 316;1;0;2;4;1;5;203 747 765;1;1;2;1;1967.0;5;2;3;11;2023;18;2;85;85084;1;1;1;2;46,76319300; -1,22651000;3;2;2;0;1;1;1;0;1;80;4;Tué
202300043573;155 603 295;7;0;2;1;1;1;203 747 729;1;1;1;1;1994.0;1;8;3;11;2023;06;2;987;98733;1;1;1;1; -17,69600000; -149,54800000;2;2;2;0;4;2;1;0;1;60;4;Indemne
202300043573;155 603 296;1;0;2;7;26;5;203 747 732;1;1;3;1;2017.0;5;0;3;11;2023;06;2;987;98733;1;1;1;1; -17,69600000; -149,54800000;2;2;2;0;4;2;1;0;1;60;4;Blessé hospitalisé
202300043575;155 603 293;1;0;1;1;1;5;203 747 718;10;3;3;2;1945.0;3;0;3;11;2023;11;2;33;33199;2;1;2;6;44,63797200; -1,11112800;3;2;2;1;1;1;2;0;5;50;4;Blessé hospitalisé
202300043575;155 603 293;1;0;1;1;1;5;203 747 719;1;1;1;1;2000.0;5;0;3;11;2023;11;2;33;33199;2;1;2;6;44,63797200; -1,11112800;3;2;2;1;1;1;2;0;5;50;4;Indemne
202300043645;155 603 165;1;0;2;4;19;5;203 747 541;1;1;4;1;1979.0;0;8;1;11;2023;18;3;973;97302;2;1;1;1;4,94124000; -52,32699000;4;1;2;0;1;3;1;0;1;50;2;Blessé léger
202300043645;155 603 166;7;0;2;1;9;2;203 747 542;1;1;1;2;1942.0;0;1;1;11;2023;18;3;973;97302;2;1;1;1;4,94124000; -52,32699000;4;1;2;0;1;3;1;0;1;50;2;Indemne
202300043668;155 603 118;1;0;2;0;0;5;203 747 480;1;1;4;1;1990.0;0;8;31;10;2023;20;5;84;84007;2;6;1;3;43,94111000;4,79857000;4;2;2;0;1;1;1;0;1;30;1;Blessé léger
202300043668;155 603 118;1;0;2;0;0;5;203 747 480;1;1;4;1;1990.0;0;8;31;10;2023;20;5;84;84007;2;6;1;3;43,94111000;4,79857000;4;2;2;0;1;1;1;0;1;50;1;Blessé léger
202300043668;155 603 119;7;0;2;1;1;1;203 747 481;1;1;1;2;1949.0;0;1;31;10;2023;20;5;84;84007;2;6;1;3;43,94111000;4,79857000;4;2;2;0;1;1;1;0;1;30;1;Indemne
202300043668;155 603 119;7;0;2;1;1;1;203 747 481;1;1;1;2;1949.0;0;1;31;10;2023;20;5;84;84007;2;6;1;3;43,94111000;4,79857000;4;2;2;0;1;1;1;0;1;50;1;Indemne
202300043687;155 603 086;1;0;2;7;19;5;203 747 443;1;1;4;2;1969.0;5;0;13;5;2023;10;1;51;51454;2;2;1;3;49,26093000;4,04902000;4;1;1;0;1;1;1;0;1;50;5;Blessé léger
202300043687;155 603 086;1;0;2;7;19;5;203 747 443;1;1;4;2;1969.0;5;0;13;5;2023;10;1;51;51454;2;2;1;3;49,26093000;4,04902000;4;2;3;0;1;1;1;0;1;50;5;Blessé léger
202300043687;155 603 087;7;0;2;1;1;1;203 747 444;1;1;1;2;1974.0;0;1;13;5;2023;10;1;51;51454;2;2;1;3;49,26093000;4,04902000;4;1;1;0;1;1;1;0;1;50;5;Indemne
202300043687;155 603 087;7;0;2;1;1;1;203 747 444;1;1;1;2;1974.0;0;1;13;5;2023;10;1;51;51454;2;2;1;3;49,26093000;4,04902000;4;2;3;0;1;1;1;0;1;50;5;Indemne
202300043726;155 603 013;1;0;0;0;1;5;203 747 351;1;1;4;1;1965.0;1;8;6;4;2023;07;2;75;75105;2;2;1;7;48,85307900;2,34678900;4;3;4;1;1;1;1;0;5;30;3;Blessé léger
202300043734;155 602 994;60;0;2;2;14;5;203 747 326;1;1;4;2;1998.0;1;8;6;4;2023;20;5;75;75117;2;3;1;6;48,88937700;2,32233200;4;2;2;1;2;1;1;0;1;30;3;Blessé léger
202300043734;155 602 994;60;0;2;2;14;5;203 747 326;1;1;4;2;1998.0;1;8;6;4;2023;20;5;75;75117;2;3;1;6;48,88937700;2,32233200;4;1;1;1;1;1;1;0;1;30;3;Blessé léger
202300043734;155 602 997;1;0;2;3;1;5;203 747 329;1;1;4;1;1995.0;1;8;6;4;2023;20;5;75;75117;2;3;1;6;48,88937700;2,32233200;4;2;2;1;2;1;1;0;1;30;3;Blessé léger
202300043734;155 602 997;1;0;2;3;1;5;203 747 329;1;1;4;1;1995.0;1;8;6;4;2023;20;5;75;75117;2;3;1;6;48,88937700;2,32233200;4;1;1;1;1;1;1;0;1;30;3;Blessé léger
202300043735;155 602 989;1;0;0;0;0;5;203 747 320;1;1;4;1;1974.0;5;2;21;2;2023;18;2;91;91339;2;9;1;4;48,62245000;2,25815000;4;2;2;0;2;1;1;0;1;30;1;Blessé léger
202300043735;155 602 990;33;0;0;0;0;0;203 747 322;1;1;1;1;1997.0;5;2;21;2;2023;18;2;91;91339;2;9;1;4;48,62245000;2,25815000;4;2;2;0;2;1;1;0;1;30;1;Indemne
202300043735;155 602 991;7;0;2;6;2;2;203 747 323;1;1;1;1;1990.0;5;1;21;2;2023;18;2;91;91339;2;9;1;4;48,62245000;2,25815000;4;2;2;0;2;1;1;0;1;30;1;Indemne
202300043740;155 602 982;7;0;2;4;23;1;203 747 310;1;1;1;2;1966.0;5;8;5;4;2023;22;5;75;75114;2;2;1;2;48,82545500;2,30229900;4;1;1;0;1;1;1;0;1;50;2;Indemne