Num_Acc;id_vehicule;catv;obs;obsm;choc;manv;motor;id_usager;place;catu;grav;sexe;an_nais;trajet;secu1;jour;mois;an;hrmn;lum;dep;com;agg;int;atm;col;lat;long;catr;circ;nbv;vosp;prof;plan;surf;infra;situ;vma;day_of_week;gravity
202300044173;155 602 200;1;0;2;8;1;5;203 746 206;1;1;4;1;1996.0;0;8;4;4;2023;11;1;67;67482;2;3;1;6;48,58289000;7,77227000;4;2;3;2;1;1;1;0;5;50;1;Blessé léger
202300044173;155 602 202;7;0;2;1;16;1;203 746 208;1;1;1;1;1967.0;0;1;4;4;2023;11;1;67;67482;2;3;1;6;48,58289000;7,77227000;4;2;4;0;1;1;1;0;1;50;1;Indemne
202300044173;155 602 202;7;0;2;1;16;1;203 746 208;1;1;1;1;1967.0;0;1;4;4;2023;11;1;67;67482;2;3;1;6;48,58289000;7,77227000;4;2;3;2;1;1;1;0;5;50;1;Indemne
202300044181;155 602 185;80;0;2;7;1;3;203 746 185;1;1;4;2;1978.0;5;8;5;4;2023;22;5;56;56260;2;1;2;3;47,66075000; -2,75398000;3;2;3;2;2;1;2;0;5;50;2;Blessé léger
202300044181;155 602 188;30;0;2;1;9;3;203 746 188;1;1;1;1;1997.0;4;2;5;4;2023;22;5;56;56260;2;1;2;3;47,66075000; -2,75398000;3;2;3;2;2;1;2;0;5;50;2;Indemne
202300044198;155 602 156;1;0;2;0;0;5;203 746 145;1;1;3;1;2001.0;0;8;18;3;2023;03;3;44;44109;2;1;1;6;47,23189000; -1,50771000;4;2;2;2;1;1;1;0;1;50;5;Blessé hospitalisé
202300044211;155 602 133;1;0;2;2;1;5;203 746 118;1;1;4;1;1947.0;0;2;5;4;2023;09;1;34;34003;2;6;1;3;43,29109000;3,51406000;4;4;2;0;1;1;1;0;1;30;2;Blessé léger
202300044211;155 602 135;7;0;9;3;9;0;203 746 121;1;1;1;1;1996.0;4;1;5;4;2023;09;1;34;34003;2;6;1;3;43,29109000;3,51406000;4;4;2;0;1;1;1;0;1;30;2;Indemne
202300044238;155 602 088;1;0;2;1;19;5;203 746 057;1;1;3;2;1986.0;0;8;20;2;2023;07;1;31;31555;2;1;5;3;43,57606000;1,40657000;4;2;4;1;1;1;1;0;1;50;0;Blessé hospitalisé
202300044238;155 602 092;7;0;2;3;1;1;203 746 063;1;1;1;2;1986.0;1;1;20;2;2023;07;1;31;31555;2;1;5;3;43,57606000;1,40657000;4;2;4;1;1;1;1;0;1;50;0;Indemne
202300044262;155 602 044;1;0;2;7;14;5;203 745 997;1;1;3;2;1960.0;0;8;2;4;2023;10;1;02;02168;2;6;2;3;49,04442000;3,40302000;4;1;1;0;1;2;2;5;1;50;6;Blessé hospitalisé
202300044262;155 602 047;7;0;2;3;0;1;203 746 000;1;1;1;1;1987.0;0;1;2;4;2023;10;1;02;02168;2;6;2;3;49,04442000;3,40302000;4;1;1;0;1;2;2;5;1;50;6;Indemne
202300044282;155 602 005;1;0;2;1;1;5;203 745 952;1;1;4;1;1997.0;5;8;30;8;2023;19;1;14;14117;2;2;1;3;49,29457000; -0,10843500;4;1;1;0;1;1;1;0;1;30;2;Blessé léger
202300044282;155 602 005;1;0;2;1;1;5;203 745 952;1;1;4;1;1997.0;5;8;30;8;2023;19;1;14;14117;2;2;1;3;49,29457000; -0,10843500;4;2;2;0;2;1;1;0;1;30;2;Blessé léger
202300044282;155 602 008;7;0;2;3;1;1;203 745 956;1;1;1;2;1996.0;5;1;30;8;2023;19;1;14;14117;2;2;1;3;49,29457000; -0,10843500;4;1;1;0;1;1;1;0;1;30;2;Indemne
202300044282;155 602 008;7;0;2;3;1;1;203 745 956;1;1;1;2;1996.0;5;1;30;8;2023;19;1;14;14117;2;2;1;3;49,29457000; -0,10843500;4;2;2;0;2;1;1;0;1;30;2;Indemne
202300044283;155 602 000;7;1;0;3;13;0;203 745 948;1;1;4;2;1947.0;5;1;5;4;2023;19;1;75;75119;2;1;1;3;48,88215100;2,37115400;4;2;3;3;2;1;1;0;1;30;2;Blessé léger
202300044283;155 602 003;80;0;2;3;1;3;203 745 951;1;1;4;1;1963.0;9;8;5;4;2023;19;1;75;75119;2;1;1;3;48,88215100;2,37115400;4;2;3;3;2;1;1;0;1;30;2;Blessé léger
202300044296;155 601 980;7;0;2;1;16;2;203 745 921;1;1;1;1;1934.0;5;1;5;4;2023;16;1;75;75115;2;2;1;1;48,84361000;2,29575000;4;1;1;0;1;1;1;0;1;30;2;Indemne
202300044296;155 601 983;1;0;2;1;2;5;203 745 927;1;1;4;2;2003.0;1;8;5;4;2023;16;1;75;75115;2;2;1;1;48,84361000;2,29575000;4;1;1;0;1;1;1;0;1;30;2;Blessé léger
202300044305;155 601 964;10;0;2;8;22;1;203 745 902;1;1;1;1;1961.0;4;8;4;4;2023;13;1;75;75114;2;2;1;6;48,83181000;2,31415100;4;2;3;1;1;1;1;0;6;30;1;Indemne
202300044305;155 601 967;80;1;0;2;1;3;203 745 906;1;1;4;1;2000.0;1;8;4;4;2023;13;1;75;75114;2;2;1;6;48,83181000;2,31415100;4;2;3;1;1;1;1;0;6;30;1;Blessé léger
202300044328;155 601 920;80;0;1;1;1;3;203 745 844;1;1;1;2;2003.0;5;8;30;8;2023;12;1;75;75113;2;2;1;6;48,83583800;2,35251300;4;2;4;3;2;1;1;0;1;30;2;Indemne
202300044328;155 601 920;80;0;1;1;1;3;203 745 847;10;3;4;1;1946.0;5;0;30;8;2023;12;1;75;75113;2;2;1;6;48,83583800;2,35251300;4;2;4;3;2;1;1;0;1;30;2;Blessé léger
202300044341;155 601 898;1;0;1;1;2;5;203 745 815;1;1;1;1;1988.0;1;2;30;8;2023;09;1;75;75109;2;5;8;6;48,87294300;2,33324200;4;1;3;3;1;1;1;0;1;30;2;Indemne
202300044341;155 601 898;1;0;1;1;2;5;203 745 817;10;3;4;2;1991.0;1;0;30;8;2023;09;1;75;75109;2;5;8;6;48,87294300;2,33324200;4;1;3;3;1;1;1;0;1;30;2;Blessé léger
202300044353;155 601 878;10;0;0;3;2;1;203 745 790;1;1;1;1;1974.0;1;1;29;8;2023;07;1;94;94046;2;2;1;3;48,80764100;2,43552900;4;1;2;0;1;1;1;0;1;50;1;Indemne
202300044353;155 601 881;1;0;0;0;0;5;203 745 793;1;1;4;2;2003.0;1;2;29;8;2023;07;1;94;94046;2;2;1;3;48,80764100;2,43552900;4;1;2;0;1;1;1;0;1;50;1;Blessé léger
202300044371;155 601 844;1;0;1;1;2;5;203 745 746;1;1;4;1;1961.0;5;2;30;8;2023;12;1;92;92064;2;2;1;6;48,84687993;2,21421272;3;1;1;0;2;1;1;0;1;50;2;Blessé léger
202300044371;155 601 844;1;0;1;1;2;5;203 745 746;1;1;4;1;1961.0;5;2;30;8;2023;12;1;92;92064;2;2;1;6;48,84687993;2,21421272;3;2;2;0;1;1;1;0;1;50;2;Blessé léger
202300044371;155 601 844;1;0;1;1;2;5;203 745 747;10;3;3;2;1955.0;9;0;30;8;2023;12;1;92;92064;2;2;1;6;48,84687993;2,21421272;3;1;1;0;2;1;1;0;1;50;2;Blessé hospitalisé
202300044371;155 601 844;1;0;1;1;2;5;203 745 747;10;3;3;2;1955.0;9;0;30;8;2023;12;1;92;92064;2;2;1;6;48,84687993;2,21421272;3;2;2;0;1;1;1;0;1;50;2;Blessé hospitalisé
202300044377;155 601 835;1;12;0;0;1;5;203 745 731;1;1;3;1;1973.0;5;2;8;10;2023;18;1;74;74043;1;1;1;6;46,26579000;6,34726500;3;2;2;0;2;2;1;2;1;80;6;Blessé hospitalisé
202300044398;155 601 798;7;0;2;1;19;0;203 745 684;1;1;1;1;2000.0;0;8;26;9;2023;14;1;56;56256;1;2;1;5;47,99316700; -2,30690900;3;2;2;0;2;1;1;0;1;80;1;Indemne
202300044398;155 601 801;1;1;2;8;1;5;203 745 688;1;1;3;1;1954.0;5;2;26;9;2023;14;1;56;56256;1;2;1;5;47,99316700; -2,30690900;3;2;2;0;2;1;1;0;1;80;1;Blessé hospitalisé
202300044398;155 601 802;7;0;2;8;23;1;203 745 689;1;1;1;2;1994.0;0;1;26;9;2023;14;1;56;56256;1;2;1;5;47,99316700; -2,30690900;3;2;2;0;2;1;1;0;1;80;1;Indemne
202300044419;155 601 760;7;0;9;3;9;1;203 745 640;1;1;1;1;2000.0;0;1;6;1;2023;07;4;63;63113;2;6;1;3;45,75901000;3,10142000;7;2;2;0;2;1;2;0;1;30;4;Indemne
202300044419;155 601 760;7;0;9;3;9;1;203 745 640;1;1;1;1;2000.0;0;1;6;1;2023;07;4;63;63113;2;6;1;3;45,75901000;3,10142000;7;1;2;0;2;1;2;5;1;30;4;Indemne
202300044419;155 601 763;80;0;2;2;1;3;203 745 643;1;1;4;2;1973.0;1;2;6;1;2023;07;4;63;63113;2;6;1;3;45,75901000;3,10142000;7;2;2;0;2;1;2;0;1;30;4;Blessé léger
202300044419;155 601 763;80;0;2;2;1;3;203 745 643;1;1;4;2;1973.0;1;2;6;1;2023;07;4;63;63113;2;6;1;3;45,75901000;3,10142000;7;1;2;0;2;1;2;5;1;30;4;Blessé léger
202300044426;155 601 749;1;0;2;1;1;5;203 745 627;1;1;3;1;1985.0;5;2;7;1;2023;01;3;62;62895;2;1;2;1;50,49568800;2,84452500;4;2;2;0;1;1;2;0;1;50;5;Blessé hospitalisé
202300044426;155 601 751;7;0;2;1;1;1;203 745 629;1;1;3;1;1992.0;5;8;7;1;2023;01;3;62;62895;2;1;2;1;50,49568800;2,84452500;4;2;2;0;1;1;2;0;1;50;5;Blessé hospitalisé
202300044449;155 601 707;10;0;2;1;1;1;203 745 573;1;1;1;1;1976.0;4;1;9;1;2023;14;1;54;54395;2;2;1;3;48,69300000;6,19650000;4;2;2;0;1;1;2;0;1;50;0;Indemne
202300044449;155 601 707;10;0;2;1;1;1;203 745 573;1;1;1;1;1976.0;4;1;9;1;2023;14;1;54;54395;2;2;1;3;48,69300000;6,19650000;4;2;2;0;1;1;2;2;1;50;0;Indemne
202300044449;155 601 709;1;0;2;4;1;5;203 745 575;1;1;4;1;1956.0;0;8;9;1;2023;14;1;54;54395;2;2;1;3;48,69300000;6,19650000;4;2;2;0;1;1;2;0;1;50;0;Blessé léger
202300044449;155 601 709;1;0;2;4;1;5;203 745 575;1;1;4;1;1956.0;0;8;9;1;2023;14;1;54;54395;2;2;1;3;48,69300000;6,19650000;4;2;2;0;1;1;2;2;1;50;0;Blessé léger
202300044451;155 601 701;10;0;2;4;4;1;203 745 567;1;1;1;1;1987.0;4;1;10;1;2023;11;1;51;51454;2;1;1;2;49,26133000;4,05019000;4;2;4;3;1;1;1;0;1;50;1;Indemne
202300044451;155 601 702;1;0;2;1;1;5;203 745 568;1;1;4;1;1991.0;0;8;10;1;2023;11;1;51;51454;2;1;1;2;49,26133000;4,05019000;4;2;4;3;1;1;1;0;1;50;1;Blessé léger
202300044454;155 601 696;1;0;2;4;2;5;203 745 560;1;1;4;2;1957.0;5;2;9;1;2023;18;5;51;51454;2;1;2;2;49,29082000;4,00370000;4;2;2;0;4;1;2;0;1;50;0;Blessé léger
202300044454;155 601 697;10;0;2;2;2;1;203 745 561;1;1;1;1;1983.0;4;1;9;1;2023;18;5;51;51454;2;1;2;2;49,29082000;4,00370000;4;2;2;0;4;1;2;0;1;50;0;Indemne
202300044459;155 601 689;1;0;0;0;1;5;203 745 550;1;1;4;2;1992.0;0;2;6;12;2023;08;2;76;76351;2;1;1;7;49,49249000;0,13097000;4;1;2;1;1;1;7;0;1;50;2;Blessé léger
202300044481;155 601 652;1;0;2;7;1;5;203 745 497;1;1;3;1;1994.0;1;2;10;1;2023;07;5;35;35238;2;2;2;3;48,10048042; -1,65006548;4;2;2;3;1;1;2;0;1;50;1;Blessé hospitalisé
202300044481;155 601 652;1;0;2;7;1;5;203 745 497;1;1;3;1;1994.0;1;2;10;1;2023;07;5;35;35238;2;2;2;3;48,10048042; -1,65006548;4;2;2;2;1;1;2;0;1;50;1;Blessé hospitalisé
202300044481;155 601 654;80;0;2;1;1;3;203 745 499;1;1;4;2;1985.0;1;8;10;1;2023;07;5;35;35238;2;2;2;3;48,10048042; -1,65006548;4;2;2;3;1;1;2;0;1;50;1;Blessé léger
202300044481;155 601 654;80;0;2;1;1;3;203 745 499;1;1;4;2;1985.0;1;8;10;1;2023;07;5;35;35238;2;2;2;3;48,10048042; -1,65006548;4;2;2;2;1;1;2;0;1;50;1;Blessé léger
202300044490;155 601 637;10;0;2;3;9;3;203 745 476;1;1;1;2;1959.0;4;1;10;1;2023;08;2;33;33318;2;9;2;3;44,78318000; -0,65253000;4;2;5;2;1;2;2;0;5;50;1;Indemne
202300044490;155 601 637;10;0;2;3;9;3;203 745 476;1;1;1;2;1959.0;4;1;10;1;2023;08;2;33;33318;2;9;2;3;44,78318000; -0,65253000;4;2;2;0;1;1;2;0;5;50;1;Indemne
202300044490;155 601 640;1;0;2;2;1;5;203 745 479;1;1;4;1;1959.0;0;0;10;1;2023;08;2;33;33318;2;9;2;3;44,78318000; -0,65253000;4;2;5;2;1;2;2;0;5;50;1;Blessé léger
202300044490;155 601 640;1;0;2;2;1;5;203 745 479;1;1;4;1;1959.0;0;0;10;1;2023;08;2;33;33318;2;9;2;3;44,78318000; -0,65253000;4;2;2;0;1;1;2;0;5;50;1;Blessé léger
202300044493;155 601 631;7;0;2;1;9;1;203 745 469;1;1;1;2;1979.0;0;1;3;10;2023;08;1;38;38486;2;1;1;1;45,16171400;5,69635200;4;2;2;0;1;1;1;0;6;50;1;Indemne
202300044493;155 601 633;1;0;2;1;1;5;203 745 471;1;1;3;1;1948.0;0;2;3;10;2023;08;1;38;38486;2;1;1;1;45,16171400;5,69635200;4;2;2;0;1;1;1;0;6;50;1;Blessé hospitalisé
202300044498;155 601 624;1;0;2;4;1;5;203 745 461;1;1;4;2;1975.0;1;2;10;1;2023;07;5;29;29019;2;6;2;2;48,40956470; -4,48292344;4;1;1;0;1;2;2;0;1;50;1;Blessé léger
202300044498;155 601 624;1;0;2;4;1;5;203 745 461;1;1;4;2;1975.0;1;2;10;1;2023;07;5;29;29019;2;6;2;2;48,40956470; -4,48292344;4;2;2;0;2;1;2;0;1;50;1;Blessé léger
202300044498;155 601 626;7;0;2;2;1;1;203 745 464;1;1;1;2;1970.0;1;1;10;1;2023;07;5;29;29019;2;6;2;2;48,40956470; -4,48292344;4;1;1;0;1;2;2;0;1;50;1;Indemne
202300044498;155 601 626;7;0;2;2;1;1;203 745 464;1;1;1;2;1970.0;1;1;10;1;2023;07;5;29;29019;2;6;2;2;48,40956470; -4,48292344;4;2;2;0;2;1;2;0;1;50;1;Indemne
202300044506;155 601 606;10;0;2;3;15;1;203 745 441;1;1;1;1;1979.0;0;1;5;12;2023;18;5;49;49007;2;1;1;3;47,47867000; -0,55613000;4;3;2;0;1;1;1;0;1;50;1;Indemne
202300044506;155 601 608;1;0;2;1;0;5;203 745 443;1;1;4;1;1997.0;0;8;5;12;2023;18;5;49;49007;2;1;1;3;47,47867000; -0,55613000;4;3;2;0;1;1;1;0;1;50;1;Blessé léger
202300044522;155 601 577;37;0;2;1;1;1;203 745 401;1;1;1;1;1965.0;4;1;6;12;2023;16;2;35;35238;2;2;1;1;48,11012700; -1,67399100;4;1;1;2;1;1;1;5;1;30;2;Indemne
202300044522;155 601 577;37;0;2;1;1;1;203 745 401;1;1;1;1;1965.0;4;1;6;12;2023;16;2;35;35238;2;2;1;1;48,11012700; -1,67399100;4;2;4;2;1;1;1;2;1;30;2;Indemne
202300044522;155 601 578;1;0;2;1;15;5;203 745 402;1;1;4;2;2005.0;5;2;6;12;2023;16;2;35;35238;2;2;1;1;48,11012700; -1,67399100;4;1;1;2;1;1;1;5;1;30;2;Blessé léger
202300044522;155 601 578;1;0;2;1;15;5;203 745 402;1;1;4;2;2005.0;5;2;6;12;2023;16;2;35;35238;2;2;1;1;48,11012700; -1,67399100;4;2;4;2;1;1;1;2;1;30;2;Blessé léger
202300044550;155 601 527;1;0;0;0;1;5;203 745 327;1;1;4;1;1935.0;9;8;6;12;2023;09;1;26;26362;2;2;1;6;44,91236000;4,90001000;4;2;2;1;2;1;1;0;1;50;2;Blessé léger
202300044550;155 601 527;1;0;0;0;1;5;203 745 327;1;1;4;1;1935.0;9;8;6;12;2023;09;1;26;26362;2;2;1;6;44,91236000;4,90001000;4;2;2;0;1;1;1;0;1;50;2;Blessé léger
202300044550;155 601 529;7;0;0;0;16;1;203 745 329;1;1;1;2;1993.0;1;1;6;12;2023;09;1;26;26362;2;2;1;6;44,91236000;4,90001000;4;2;2;1;2;1;1;0;1;50;2;Indemne
202300044550;155 601 529;7;0;0;0;16;1;203 745 329;1;1;1;2;1993.0;1;1;6;12;2023;09;1;26;26362;2;2;1;6;44,91236000;4,90001000;4;2;2;0;1;1;1;0;1;50;2;Indemne
202300044590;155 601 454;7;0;2;4;2;1;203 745 232;1;1;1;1;1979.0;0;1;20;7;2023;17;1;35;35238;2;1;1;2;48,12784000; -1,67152000;4;2;2;0;1;1;1;0;1;50;3;Indemne
202300044590;155 601 456;1;0;2;1;2;5;203 745 234;1;1;4;1;2001.0;0;8;20;7;2023;17;1;35;35238;2;1;1;2;48,12784000; -1,67152000;4;2;2;0;1;1;1;0;1;50;3;Blessé léger
202300044619;155 601 388;50;0;2;1;5;3;203 745 147;1;1;1;1;2014.0;5;8;6;1;2023;17;5;67;67482;2;1;1;6;48,53027128;7,76968360;4;1;1;0;1;1;1;0;1;30;4;Indemne
202300044619;155 601 390;1;0;2;1;1;5;203 745 150;1;1;4;2;1951.0;5;2;6;1;2023;17;5;67;67482;2;1;1;6;48,53027128;7,76968360;4;1;1;0;1;1;1;0;1;30;4;Blessé léger
202300044648;155 601 334;1;0;2;3;1;5;203 745 069;1;1;4;2;1962.0;1;8;21;7;2023;09;1;75;75106;2;1;1;3;48,84439400;2,32234100;4;1;3;3;1;1;1;0;6;30;4;Blessé léger
202300044648;155 601 337;1;0;2;5;3;5;203 745 071;1;1;1;1;1964.0;9;8;21;7;2023;09;1;75;75106;2;1;1;3;48,84439400;2,32234100;4;1;3;3;1;1;1;0;6;30;4;Indemne
202300044649;155 601 335;7;0;2;7;15;1;203 745 068;1;1;1;1;1946.0;9;1;29;9;2023;15;1;973;97302;2;3;1;2;4,93253000; -52,29049000;3;2;2;0;1;1;1;0;1;50;4;Indemne
202300044649;155 601 335;7;0;2;7;15;1;203 745 068;1;1;1;1;1946.0;9;1;29;9;2023;15;1;973;97302;2;3;1;2;4,93253000; -52,29049000;3;2;2;2;1;1;1;0;1;50;4;Indemne
202300044649;155 601 338;1;0;2;1;1;5;203 745 073;1;1;4;1;2007.0;5;2;29;9;2023;15;1;973;97302;2;3;1;2;4,93253000; -52,29049000;3;2;2;0;1;1;1;0;1;50;4;Blessé léger
202300044649;155 601 338;1;0;2;1;1;5;203 745 073;1;1;4;1;2007.0;5;2;29;9;2023;15;1;973;97302;2;3;1;2;4,93253000; -52,29049000;3;2;2;2;1;1;1;0;1;50;4;Blessé léger
202300044653;155 601 326;80;0;2;8;1;3;203 745 057;1;1;3;1;2007.0;2;8;5;1;2023;17;5;59;59017;2;2;2;3;50,68303597;2,87696958;4;1;2;1;1;1;2;0;1;30;3;Blessé hospitalisé
202300044653;155 601 326;80;0;2;8;1;3;203 745 057;1;1;3;1;2007.0;2;8;5;1;2023;17;5;59;59017;2;2;2;3;50,68303597;2,87696958;4;2;2;1;1;1;2;0;1;30;3;Blessé hospitalisé
202300044653;155 601 329;7;0;2;1;1;1;203 745 060;1;1;1;1;1985.0;4;1;5;1;2023;17;5;59;59017;2;2;2;3;50,68303597;2,87696958;4;1;2;1;1;1;2;0;1;30;3;Indemne
202300044653;155 601 329;7;0;2;1;1;1;203 745 060;1;1;1;1;1985.0;4;1;5;1;2023;17;5;59;59017;2;2;2;3;50,68303597;2,87696958;4;2;2;1;1;1;2;0;1;30;3;Indemne
202300044669;155 601 302;1;0;1;1;1;5;203 745 025;1;1;1;1;1994.0;1;8;21;7;2023;13;1;75;75114;2;3;1;6;48,83304900;2,34120100;4;1;1;1;1;1;1;0;1;30;4;Indemne
202300044669;155 601 302;1;0;1;1;1;5;203 745 026;10;3;4;1;1943.0;5;0;21;7;2023;13;1;75;75114;2;3;1;6;48,83304900;2,34120100;4;1;1;1;1;1;1;0;1;30;4;Blessé léger
202300044671;155 601 295;7;0;2;3;2;1;203 745 017;1;1;1;1;2001.0;5;1;9;1;2023;22;5;51;51454;2;3;2;3;49,25698000;4,03444000;4;1;2;0;1;1;2;0;1;30;0;Indemne
202300044671;155 601 295;7;0;2;3;2;1;203 745 017;1;1;1;1;2001.0;5;1;9;1;2023;22;5;51;51454;2;3;2;3;49,25698000;4,03444000;4;1;2;0;1;1;2;0;1;30;0;Indemne
202300044671;155 601 297;1;0;2;1;0;5;203 745 020;1;1;4;1;1979.0;0;8;9;1;2023;22;5;51;51454;2;3;2;3;49,25698000;4,03444000;4;1;2;0;1;1;2;0;1;30;0;Blessé léger
202300044671;155 601 297;1;0;2;1;0;5;203 745 020;1;1;4;1;1979.0;0;8;9;1;2023;22;5;51;51454;2;3;2;3;49,25698000;4,03444000;4;1;2;0;1;1;2;0;1;30;0;Blessé léger
202300044672;155 601 294;7;0;2;2;22;1;203 745 016;1;1;1;2;1942.0;5;8;21;7;2023;14;1;75;75113;2;3;1;3;48,82513600;2,35758800;4;3;3;1;1;1;1;0;5;30;4;Indemne
202300044672;155 601 294;7;0;2;2;22;1;203 745 018;2;2;1;2;1926.0;5;8;21;7;2023;14;1;75;75113;2;3;1;3;48,82513600;2,35758800;4;3;3;1;1;1;1;0;5;30;4;Indemne
202300044672;155 601 296;1;0;2;1;1;5;203 745 019;1;1;4;2;1970.0;9;8;21;7;2023;14;1;75;75113;2;3;1;3;48,82513600;2,35758800;4;3;3;1;1;1;1;0;5;30;4;Blessé léger
202300044697;155 601 247;1;0;2;3;1;5;203 744 950;1;1;4;1;1967.0;5;2;1;10;2023;10;1;71;71540;2;6;1;3;46,76824000;4,45193000;3;2;2;0;1;1;1;0;1;70;6;Blessé léger
202300044697;155 601 247;1;0;2;3;1;5;203 744 950;1;1;4;1;1967.0;5;2;1;10;2023;10;1;71;71540;2;6;1;3;46,76824000;4,45193000;3;1;2;0;1;2;1;5;1;50;6;Blessé léger
202300044697;155 601 251;7;0;2;2;12;1;203 744 954;1;1;1;1;1994.0;1;8;1;10;2023;10;1;71;71540;2;6;1;3;46,76824000;4,45193000;3;2;2;0;1;1;1;0;1;70;6;Indemne
202300044697;155 601 251;7;0;2;2;12;1;203 744 954;1;1;1;1;1994.0;1;8;1;10;2023;10;1;71;71540;2;6;1;3;46,76824000;4,45193000;3;1;2;0;1;2;1;5;1;50;6;Indemne
202300044699;155 601 240;1;0;2;1;18;5;203 744 938;1;1;4;1;1996.0;4;8;1;10;2023;21;3;69;69275;2;1;1;3;45,77028767;4,98480214;2;1;2;0;1;2;1;3;1;50;6;Blessé léger
202300044699;155 601 242;7;0;2;2;1;1;203 744 941;1;1;1;1;2002.0;5;1;1;10;2023;21;3;69;69275;2;1;1;3;45,77028767;4,98480214;2;1;2;0;1;2;1;3;1;50;6;Indemne
202300044699;155 601 242;7;0;2;2;1;1;203 744 943;2;2;1;1;2002.0;5;1;1;10;2023;21;3;69;69275;2;1;1;3;45,77028767;4,98480214;2;1;2;0;1;2;1;3;1;50;6;Indemne
202300044699;155 601 242;7;0;2;2;1;1;203 744 945;4;2;1;1;2000.0;5;1;1;10;2023;21;3;69;69275;2;1;1;3;45,77028767;4,98480214;2;1;2;0;1;2;1;3;1;50;6;Indemne
202300044712;155 601 221;1;0;1;0;1;5;203 744 911;10;3;4;2;1950.0;0;0;6;1;2023;07;4;11;11262;2;1;1;6;43,18773800;2,98928100;3;2;2;0;1;1;1;0;1;50;4;Blessé léger
202300044712;155 601 221;1;0;1;0;1;5;203 744 913;1;1;1;1;1963.0;0;8;6;1;2023;07;4;11;11262;2;1;1;6;43,18773800;2,98928100;3;2;2;0;1;1;1;0;1;50;4;Indemne
202300044716;155 601 216;10;0;9;7;0;0;203 744 905;1;1;1;1;1996.0;0;1;21;7;2023;13;1;93;93001;2;2;1;3;48,91776402;2,37472216;4;2;2;0;1;1;1;0;1;50;4;Indemne
202300044716;155 601 216;10;0;9;7;0;0;203 744 905;1;1;1;1;1996.0;0;1;21;7;2023;13;1;93;93001;2;2;1;3;48,91776402;2,37472216;4;1;1;0;1;1;1;0;1;50;4;Indemne
202300044716;155 601 218;1;0;2;1;1;5;203 744 908;1;1;4;2;2004.0;0;8;21;7;2023;13;1;93;93001;2;2;1;3;48,91776402;2,37472216;4;2;2;0;1;1;1;0;1;50;4;Blessé léger
202300044716;155 601 218;1;0;2;1;1;5;203 744 908;1;1;4;2;2004.0;0;8;21;7;2023;13;1;93;93001;2;2;1;3;48,91776402;2,37472216;4;1;1;0;1;1;1;0;1;50;4;Blessé léger
202300044719;155 601 211;1;0;2;1;19;5;203 744 898;1;1;4;1;1987.0;5;8;1;10;2023;16;1;60;60057;2;1;1;1;49,43735562;2,07375419;4;1;1;1;1;1;1;0;1;50;6;Blessé léger
202300044755;155 601 158;7;0;2;2;16;1;203 744 825;1;1;1;1;1999.0;9;1;9;1;2023;21;5;75;75116;2;7;1;3;48,84743500;2,27382500;4;2;5;0;1;1;1;0;1;30;0;Indemne
202300044755;155 601 160;1;0;2;1;1;5;203 744 827;1;1;4;1;1994.0;9;2;9;1;2023;21;5;75;75116;2;7;1;3;48,84743500;2,27382500;4;2;5;0;1;1;1;0;1;30;0;Blessé léger
202300044757;155 601 152;50;0;9;3;26;3;203 744 816;1;1;1;1;1972.0;3;8;1;10;2023;10;1;31;31483;2;1;1;3;43,10925000;0,72348000;3;1;2;0;1;1;1;0;1;50;6;Indemne
202300044757;155 601 154;1;0;2;1;19;5;203 744 817;1;1;4;1;1947.0;3;2;1;10;2023;10;1;31;31483;2;1;1;3;43,10925000;0,72348000;3;1;2;0;1;1;1;0;1;50;6;Blessé léger
202300044758;155 601 151;7;0;2;2;1;1;203 744 818;1;1;1;1;1986.0;1;1;18;7;2023;08;1;56;56258;2;1;1;3;47,59175200; -3,03535900;3;2;2;1;1;1;1;0;1;50;1;Indemne
202300044758;155 601 156;1;0;2;3;11;5;203 744 822;1;1;3;1;1946.0;5;0;18;7;2023;08;1;56;56258;2;1;1;3;47,59175200; -3,03535900;3;2;2;1;1;1;1;0;1;50;1;Blessé hospitalisé
202300044768;155 601 134;1;0;2;1;1;5;203 744 798;1;1;4;1;1969.0;5;8;10;1;2023;19;5;75;75112;2;7;2;2;48,83964000;2,39538500;4;1;1;0;1;3;2;0;1;30;1;Blessé léger
202300044768;155 601 135;7;0;2;2;1;2;203 744 799;1;1;1;1;1970.0;1;1;10;1;2023;19;5;75;75112;2;7;2;2;48,83964000;2,39538500;4;1;1;0;1;3;2;0;1;30;1;Indemne
202300044786;155 601 097;10;0;2;8;22;1;203 744 744;1;1;1;1;1996.0;4;1;10;1;2023;08;2;75;75107;2;2;8;3;48,85647200;2,32109400;4;1;1;0;1;1;1;0;1;30;1;Indemne
202300044786;155 601 100;1;0;2;7;1;5;203 744 748;1;1;4;1;1972.0;4;2;10;1;2023;08;2;75;75107;2;2;8;3;48,85647200;2,32109400;4;1;1;0;1;1;1;0;1;30;1;Blessé léger
202300044794;155 601 085;7;0;2;2;15;1;203 744 729;1;1;1;2;1975.0;1;1;21;7;2023;18;1;01;01267;2;2;1;3;46,18742200;5,52347800;3;2;2;0;1;1;1;0;1;50;4;Indemne
202300044794;155 601 085;7;0;2;2;15;1;203 744 729;1;1;1;2;1975.0;1;1;21;7;2023;18;1;01;01267;2;2;1;3;46,18742200;5,52347800;3;2;2;0;2;1;1;0;1;50;4;Indemne