Num_Acc;id_vehicule;catv;obs;obsm;choc;manv;motor;id_usager;place;catu;grav;sexe;an_nais;trajet;secu1;jour;mois;an;hrmn;lum;dep;com;agg;int;atm;col;lat;long;catr;circ;nbv;vosp;prof;plan;surf;infra;situ;vma;day_of_week;gravity
202300044794;155 601 088;1;0;2;1;1;5;203 744 732;1;1;4;1;1968.0;5;2;21;7;2023;18;1;01;01267;2;2;1;3;46,18742200;5,52347800;3;2;2;0;1;1;1;0;1;50;4;Blessé léger
202300044794;155 601 088;1;0;2;1;1;5;203 744 732;1;1;4;1;1968.0;5;2;21;7;2023;18;1;01;01267;2;2;1;3;46,18742200;5,52347800;3;2;2;0;2;1;1;0;1;50;4;Blessé léger
202300044804;155 601 065;7;0;9;2;15;1;203 744 704;1;1;1;1;1947.0;5;1;22;7;2023;11;1;05;05029;1;1;1;3;44,64697900;6,18223400;3;2;2;0;1;1;1;0;1;80;5;Indemne
202300044804;155 601 066;1;0;2;1;1;5;203 744 705;1;1;3;1;1954.0;5;2;22;7;2023;11;1;05;05029;1;1;1;3;44,64697900;6,18223400;3;2;2;0;1;1;1;0;1;80;5;Blessé hospitalisé
202300044808;155 601 060;1;0;2;1;1;5;203 744 698;1;1;3;1;1977.0;5;2;22;7;2023;09;1;43;43200;2;3;1;2;45,04151900;4,06080000;3;2;2;0;2;3;1;0;1;50;5;Blessé hospitalisé
202300044808;155 601 062;1;0;2;4;1;5;203 744 699;1;1;3;1;1964.0;5;2;22;7;2023;09;1;43;43200;2;3;1;2;45,04151900;4,06080000;3;2;2;0;2;3;1;0;1;50;5;Blessé hospitalisé
202300044810;155 601 055;1;3;0;1;1;5;203 744 692;1;1;2;1;1964.0;5;2;22;7;2023;10;1;43;43173;1;1;1;6;44,83461500;3,73198300;3;2;2;0;2;1;1;0;1;80;5;Tué
202300044821;155 601 038;1;0;2;3;16;5;203 744 671;1;1;3;1;2012.0;5;2;22;7;2023;12;1;85;85084;2;2;1;3;46,77080800; -1,23378600;4;2;2;0;4;1;1;0;1;50;5;Blessé hospitalisé
202300044821;155 601 039;7;0;2;1;1;1;203 744 672;1;1;1;2;1978.0;5;1;22;7;2023;12;1;85;85084;2;2;1;3;46,77080800; -1,23378600;4;2;2;0;4;1;1;0;1;50;5;Indemne
202300044843;155 601 002;1;0;2;1;0;5;203 744 624;1;1;4;1;1966.0;5;8;1;10;2023;11;1;93;93005;2;1;1;1;48,92384678;2,49376286;4;1;1;0;1;1;1;0;1;50;6;Blessé léger
202300044843;155 601 004;32;0;2;1;0;1;203 744 628;1;1;4;1;1963.0;9;8;1;10;2023;11;1;93;93005;2;1;1;1;48,92384678;2,49376286;4;1;1;0;1;1;1;0;1;50;6;Blessé léger
202300044868;155 600 954;1;0;0;8;2;5;203 744 552;1;1;3;1;1971.0;1;0;2;10;2023;07;3;60;60403;1;1;1;3;49,50584400;1,98642300;3;2;2;0;1;1;1;0;1;80;0;Blessé hospitalisé
202300044868;155 600 955;7;0;9;7;2;1;203 744 553;1;1;1;1;1983.0;1;1;2;10;2023;07;3;60;60403;1;1;1;3;49,50584400;1,98642300;3;2;2;0;1;1;1;0;1;80;0;Indemne
202300044887;155 600 922;1;1;0;1;1;5;203 744 517;1;1;3;1;1945.0;5;9;9;1;2023;15;1;56;56244;1;1;2;6;47,85569000; -2,45999000;3;2;2;0;2;3;2;0;1;80;0;Blessé hospitalisé
202300044890;155 600 917;7;0;2;1;1;1;203 744 512;1;1;1;2;1995.0;1;1;21;7;2023;19;1;22;22273;1;2;1;3;48,57109100; -2,48499700;3;2;2;0;1;3;1;0;1;80;4;Indemne
202300044890;155 600 917;7;0;2;1;1;1;203 744 512;1;1;1;2;1995.0;1;1;21;7;2023;19;1;22;22273;1;2;1;3;48,57109100; -2,48499700;3;2;2;0;1;1;1;0;1;80;4;Indemne
202300044890;155 600 920;1;0;0;6;19;5;203 744 515;1;1;3;1;2004.0;5;0;21;7;2023;19;1;22;22273;1;2;1;3;48,57109100; -2,48499700;3;2;2;0;1;3;1;0;1;80;4;Blessé hospitalisé
202300044890;155 600 920;1;0;0;6;19;5;203 744 515;1;1;3;1;2004.0;5;0;21;7;2023;19;1;22;22273;1;2;1;3;48,57109100; -2,48499700;3;2;2;0;1;1;1;0;1;80;4;Blessé hospitalisé
202300044915;155 600 873;1;0;2;8;1;5;203 744 454;1;1;3;1;1947.0;5;2;11;1;2023;12;1;60;60029;1;9;1;3;49,37453200;1,99032700;3;2;1;0;1;1;1;5;1;70;2;Blessé hospitalisé
202300044915;155 600 875;7;0;9;1;15;1;203 744 457;1;1;1;2;1950.0;5;1;11;1;2023;12;1;60;60029;1;9;1;3;49,37453200;1,99032700;3;2;1;0;1;1;1;5;1;70;2;Indemne
202300044941;155 600 826;7;0;2;3;1;2;203 744 383;1;1;1;1;1986.0;5;1;1;10;2023;11;1;01;01240;1;1;1;1;46,26224100;5,55252100;3;2;2;0;2;2;1;0;1;80;6;Indemne
202300044941;155 600 827;1;0;2;1;17;5;203 744 385;1;1;3;1;1992.0;5;2;1;10;2023;11;1;01;01240;1;1;1;1;46,26224100;5,55252100;3;2;2;0;2;2;1;0;1;80;6;Blessé hospitalisé
202300044974;155 600 765;7;0;2;2;1;1;203 744 305;1;1;1;2;1999.0;2;8;2;10;2023;07;1;973;97309;2;3;1;2;4,88373200; -52,28710600;4;2;2;0;1;1;1;9;1;50;0;Indemne
202300044974;155 600 767;1;0;2;4;15;5;203 744 307;1;1;4;1;2009.0;2;0;2;10;2023;07;1;973;97309;2;3;1;2;4,88373200; -52,28710600;4;2;2;0;1;1;1;9;1;50;0;Blessé léger
202300044993;155 600 719;1;0;2;7;1;5;203 744 248;1;1;3;2;1965.0;1;2;19;7;2023;09;1;65;65440;2;6;1;3;43,23283400;0,06135200;4;2;2;1;1;1;1;5;8;50;2;Blessé hospitalisé
202300044993;155 600 719;1;0;2;7;1;5;203 744 248;1;1;3;2;1965.0;1;2;19;7;2023;09;1;65;65440;2;6;1;3;43,23283400;0,06135200;4;1;1;1;1;2;1;5;1;50;2;Blessé hospitalisé
202300044993;155 600 720;7;0;2;1;9;1;203 744 249;1;1;1;1;1991.0;1;1;19;7;2023;09;1;65;65440;2;6;1;3;43,23283400;0,06135200;4;2;2;1;1;1;1;5;8;50;2;Indemne
202300044993;155 600 720;7;0;2;1;9;1;203 744 249;1;1;1;1;1991.0;1;1;19;7;2023;09;1;65;65440;2;6;1;3;43,23283400;0,06135200;4;1;1;1;1;2;1;5;1;50;2;Indemne
202300044995;155 600 715;1;0;2;1;19;5;203 744 244;1;1;4;1;2003.0;5;8;20;7;2023;18;1;64;64445;2;1;1;3;43,30943000; -0,36394000;4;1;2;2;1;1;1;5;1;30;3;Blessé léger
202300044995;155 600 716;7;0;9;6;2;1;203 744 245;1;1;1;1;1984.0;1;1;20;7;2023;18;1;64;64445;2;1;1;3;43,30943000; -0,36394000;4;1;2;2;1;1;1;5;1;30;3;Indemne
202300045000;155 600 706;30;0;2;2;17;3;203 744 232;1;1;4;1;2002.0;4;2;19;7;2023;19;1;49;49007;2;1;1;3;47,46705000; -0,55791000;4;2;2;0;1;1;1;0;1;30;2;Blessé léger
202300045000;155 600 707;1;0;2;0;1;5;203 744 233;1;1;4;1;1965.0;9;8;19;7;2023;19;1;49;49007;2;1;1;3;47,46705000; -0,55791000;4;2;2;0;1;1;1;0;1;30;2;Blessé léger
202300045008;155 600 690;14;0;2;3;16;1;203 744 214;1;1;1;1;1966.0;1;8;20;7;2023;08;1;33;33063;2;2;1;3;44,83663000; -0,56540000;4;1;2;3;2;1;1;9;5;50;3;Indemne
202300045008;155 600 691;1;0;2;1;1;5;203 744 215;1;1;4;2;2000.0;1;2;20;7;2023;08;1;33;33063;2;2;1;3;44,83663000; -0,56540000;4;1;2;3;2;1;1;9;5;50;3;Blessé léger
202300045009;155 600 688;15;0;2;7;17;1;203 744 212;1;1;1;1;1981.0;4;1;19;7;2023;23;5;33;33063;2;1;1;3;44,83858400; -0,62123716;4;2;2;2;1;1;1;0;1;50;2;Indemne
202300045009;155 600 689;1;0;2;3;2;5;203 744 213;1;1;4;1;1987.0;5;2;19;7;2023;23;5;33;33063;2;1;1;3;44,83858400; -0,62123716;4;2;2;2;1;1;1;0;1;50;2;Blessé léger
202300045010;155 600 686;7;0;2;3;0;1;203 744 209;1;1;1;1;1948.0;5;1;20;7;2023;16;1;28;28223;2;9;1;3;48,72745000;1,39235000;3;2;2;0;1;1;1;5;1;50;3;Indemne
202300045010;155 600 686;7;0;2;3;0;1;203 744 210;2;2;1;1;1967.0;5;1;20;7;2023;16;1;28;28223;2;9;1;3;48,72745000;1,39235000;3;2;2;0;1;1;1;5;1;50;3;Indemne
202300045010;155 600 687;1;0;2;7;15;5;203 744 211;1;1;4;2;2005.0;1;8;20;7;2023;16;1;28;28223;2;9;1;3;48,72745000;1,39235000;3;2;2;0;1;1;1;5;1;50;3;Blessé léger
202300045023;155 600 661;32;4;2;1;1;1;203 744 178;1;1;4;1;1996.0;9;2;20;7;2023;17;1;75;75120;2;1;1;3;48,87277300;2,39082800;4;2;3;1;1;1;1;0;1;30;3;Blessé léger
202300045023;155 600 661;32;4;2;1;1;1;203 744 179;2;2;4;1;1987.0;9;2;20;7;2023;17;1;75;75120;2;1;1;3;48,87277300;2,39082800;4;2;3;1;1;1;1;0;1;30;3;Blessé léger
202300045023;155 600 662;1;4;2;1;13;5;203 744 180;1;1;4;1;1981.0;9;2;20;7;2023;17;1;75;75120;2;1;1;3;48,87277300;2,39082800;4;2;3;1;1;1;1;0;1;30;3;Blessé léger
202300045030;155 600 647;60;0;2;8;19;5;203 744 161;1;1;4;1;2008.0;5;8;19;7;2023;17;1;75;75107;2;3;1;6;48,86256678;2,30996132;4;1;1;1;1;1;1;0;5;30;2;Blessé léger
202300045030;155 600 648;1;0;2;1;1;5;203 744 162;1;1;4;1;1989.0;5;8;19;7;2023;17;1;75;75107;2;3;1;6;48,86256678;2,30996132;4;1;1;1;1;1;1;0;5;30;2;Blessé léger
202300045032;155 600 644;1;0;1;1;1;5;203 744 157;1;1;4;1;1995.0;9;8;20;7;2023;15;1;75;75111;2;1;1;6;48,86556500;2,36708900;4;1;1;1;1;1;1;0;1;30;3;Blessé léger
202300045032;155 600 644;1;0;1;1;1;5;203 744 158;10;3;1;1;1990.0;5;0;20;7;2023;15;1;75;75111;2;1;1;6;48,86556500;2,36708900;4;1;1;1;1;1;1;0;1;30;3;Indemne
202300045034;155 600 640;1;0;2;4;1;5;203 744 153;1;1;3;2;1963.0;1;2;20;7;2023;09;1;75;75108;2;2;1;2;48,87484100;2,31981600;4;2;4;1;2;1;1;5;1;30;3;Blessé hospitalisé
202300045034;155 600 640;1;0;2;4;1;5;203 744 153;1;1;3;2;1963.0;1;2;20;7;2023;09;1;75;75108;2;2;1;2;48,87484100;2,31981600;4;2;8;1;1;1;1;5;1;30;3;Blessé hospitalisé
202300045034;155 600 641;43;0;2;1;1;1;203 744 154;1;1;1;1;1968.0;1;8;20;7;2023;09;1;75;75108;2;2;1;2;48,87484100;2,31981600;4;2;4;1;2;1;1;5;1;30;3;Indemne
202300045034;155 600 641;43;0;2;1;1;1;203 744 154;1;1;1;1;1968.0;1;8;20;7;2023;09;1;75;75108;2;2;1;2;48,87484100;2,31981600;4;2;8;1;1;1;1;5;1;30;3;Indemne
202300045035;155 600 638;7;0;2;0;1;1;203 744 151;1;1;1;1;1972.0;4;1;20;7;2023;22;5;75;75107;2;2;1;3;48,86104700;2,31324100;4;2;12;0;1;1;1;0;1;30;3;Indemne
202300045035;155 600 639;1;0;2;1;1;5;203 744 152;1;1;4;1;1998.0;9;8;20;7;2023;22;5;75;75107;2;2;1;3;48,86104700;2,31324100;4;2;12;0;1;1;1;0;1;30;3;Blessé léger
202300045038;155 600 633;1;0;2;2;15;5;203 744 146;1;1;4;2;1975.0;1;2;19;7;2023;11;1;75;75107;2;3;1;3;48,85556600;2,29403200;4;2;2;0;1;1;1;0;1;30;2;Blessé léger
202300045038;155 600 633;1;0;2;2;15;5;203 744 146;1;1;4;2;1975.0;1;2;19;7;2023;11;1;75;75107;2;3;1;3;48,85556600;2,29403200;4;1;1;0;1;1;1;0;1;30;2;Blessé léger
202300045038;155 600 634;31;0;2;3;17;3;203 744 147;1;1;4;1;1964.0;1;2;19;7;2023;11;1;75;75107;2;3;1;3;48,85556600;2,29403200;4;2;2;0;1;1;1;0;1;30;2;Blessé léger
202300045038;155 600 634;31;0;2;3;17;3;203 744 147;1;1;4;1;1964.0;1;2;19;7;2023;11;1;75;75107;2;3;1;3;48,85556600;2,29403200;4;1;1;0;1;1;1;0;1;30;2;Blessé léger
202300045039;155 600 632;1;0;0;0;1;5;203 744 145;1;1;4;1;1959.0;5;2;19;7;2023;13;1;75;75101;2;4;1;7;48,86636900;2,32346900;4;1;4;1;1;1;1;0;5;30;2;Blessé léger
202300045039;155 600 632;1;0;0;0;1;5;203 744 145;1;1;4;1;1959.0;5;2;19;7;2023;13;1;75;75101;2;4;1;7;48,86636900;2,32346900;4;1;1;2;1;1;1;0;5;30;2;Blessé léger
202300045041;155 600 629;1;0;2;8;19;5;203 744 142;1;1;1;1;2005.0;5;8;19;7;2023;20;1;94;94076;1;1;1;3;48,79340300;2,36915400;3;2;4;1;1;1;1;0;1;50;2;Indemne
202300045041;155 600 630;50;0;2;1;1;3;203 744 143;1;1;4;2;2005.0;5;8;19;7;2023;20;1;94;94076;1;1;1;3;48,79340300;2,36915400;3;2;4;1;1;1;1;0;1;50;2;Blessé léger
202300045053;155 600 606;7;0;2;0;0;1;203 744 116;1;1;1;1;1982.0;4;1;14;6;2023;09;1;93;93001;2;9;1;3;48,91322912;2,37415565;3;2;4;1;1;1;1;0;1;30;2;Indemne
202300045053;155 600 607;1;0;2;0;0;5;203 744 117;1;1;4;2;2004.0;0;2;14;6;2023;09;1;93;93001;2;9;1;3;48,91322912;2,37415565;3;2;4;1;1;1;1;0;1;30;2;Blessé léger
202300045077;155 600 570;1;0;0;0;1;5;203 744 071;1;1;3;1;1957.0;5;2;19;6;2023;17;1;65;65388;1;1;1;7;42,83143900;0,23907600;4;2;2;0;2;1;1;0;1;80;0;Blessé hospitalisé
202300045092;155 600 539;1;0;2;2;2;5;203 744 030;1;1;3;1;1974.0;5;2;18;6;2023;12;1;04;04046;1;1;1;3;44,02380400;6,09221900;3;2;2;0;1;2;1;0;1;80;6;Blessé hospitalisé
202300045092;155 600 540;1;0;2;3;2;5;203 744 031;1;1;1;2;2004.0;5;2;18;6;2023;12;1;04;04046;1;1;1;3;44,02380400;6,09221900;3;2;2;0;1;2;1;0;1;80;6;Indemne
202300045097;155 600 531;80;15;0;0;2;3;203 744 022;1;1;3;2;1965.0;5;2;19;6;2023;19;1;52;52357;1;1;8;7;48,41349800;5,25008100;3;2;2;0;2;3;1;0;3;80;0;Blessé hospitalisé
202300045111;155 600 505;7;0;2;0;10;1;203 743 980;1;1;1;1;1970.0;5;1;18;6;2023;11;1;69;69094;1;1;1;7;45,74731600;4,64877200;3;2;2;0;2;3;1;0;1;70;6;Indemne
202300045111;155 600 506;80;15;2;0;1;3;203 743 981;1;1;3;1;1967.0;5;2;18;6;2023;11;1;69;69094;1;1;1;7;45,74731600;4,64877200;3;2;2;0;2;3;1;0;1;70;6;Blessé hospitalisé
202300045186;155 600 368;7;0;2;1;0;0;203 743 780;1;1;1;1;1948.0;3;1;19;6;2023;14;1;70;70310;1;1;1;2;47,69401400;6,50871300;3;2;2;1;1;3;1;0;5;80;0;Indemne
202300045186;155 600 369;80;0;2;4;2;3;203 743 781;1;1;2;2;1968.0;1;0;19;6;2023;14;1;70;70310;1;1;1;2;47,69401400;6,50871300;3;2;2;1;1;3;1;0;5;80;0;Tué
202300045189;155 600 364;7;0;2;1;1;1;203 743 773;1;1;1;1;1981.0;3;1;17;6;2023;20;1;38;38061;2;1;1;2;45,34052500;5,61630400;4;2;2;0;2;1;1;0;1;30;5;Indemne
202300045189;155 600 365;1;0;0;4;1;5;203 743 774;1;1;4;1;1974.0;5;2;17;6;2023;20;1;38;38061;2;1;1;2;45,34052500;5,61630400;4;2;2;0;2;1;1;0;1;30;5;Blessé léger
202300045198;155 600 347;7;0;2;3;24;1;203 743 752;1;1;1;1;1970.0;0;1;17;6;2023;12;1;94;94081;2;1;1;3;48,80402173;2,38487944;4;2;2;0;1;1;1;0;1;50;5;Indemne
202300045198;155 600 348;1;0;2;1;1;5;203 743 753;1;1;4;1;2008.0;0;8;17;6;2023;12;1;94;94081;2;1;1;3;48,80402173;2,38487944;4;2;2;0;1;1;1;0;1;50;5;Blessé léger
202300045225;155 600 303;7;0;2;3;1;1;203 743 692;1;1;1;2;1974.0;5;1;17;6;2023;15;1;65;65428;1;1;1;1;42,97152400; -0,15393200;3;2;2;0;2;3;1;0;1;80;5;Indemne
202300045225;155 600 304;1;0;2;1;13;5;203 743 693;1;1;3;1;1958.0;5;2;17;6;2023;15;1;65;65428;1;1;1;1;42,97152400; -0,15393200;3;2;2;0;2;3;1;0;1;80;5;Blessé hospitalisé
202300045243;155 600 274;7;0;2;2;15;1;203 743 652;1;1;1;1;1969.0;5;1;9;10;2023;17;1;62;62753;2;3;1;3;50,30686000;2,80204400;3;2;3;1;1;1;1;5;5;50;0;Indemne
202300045243;155 600 274;7;0;2;2;15;1;203 743 652;1;1;1;1;1969.0;5;1;9;10;2023;17;1;62;62753;2;3;1;3;50,30686000;2,80204400;3;1;1;0;2;2;1;5;5;50;0;Indemne
202300045243;155 600 275;1;0;2;7;26;5;203 743 653;1;1;4;1;1963.0;5;8;9;10;2023;17;1;62;62753;2;3;1;3;50,30686000;2,80204400;3;2;3;1;1;1;1;5;5;50;0;Blessé léger
202300045243;155 600 275;1;0;2;7;26;5;203 743 653;1;1;4;1;1963.0;5;8;9;10;2023;17;1;62;62753;2;3;1;3;50,30686000;2,80204400;3;1;1;0;2;2;1;5;5;50;0;Blessé léger
202300045248;155 600 267;7;0;2;2;1;1;203 743 643;1;1;1;2;1987.0;5;1;1;11;2023;18;5;56;56121;2;1;3;3;47,76164000; -3,36633000;4;2;2;3;1;1;2;0;1;30;2;Indemne
202300045248;155 600 268;1;0;2;7;19;5;203 743 644;1;1;4;1;1998.0;0;2;1;11;2023;18;5;56;56121;2;1;3;3;47,76164000; -3,36633000;4;2;2;3;1;1;2;0;1;30;2;Blessé léger
202300045254;155 600 258;1;0;2;1;26;5;203 743 633;1;1;3;1;2000.0;1;8;24;10;2023;09;1;38;38185;2;2;3;3;45,18856000;5,74455000;7;2;2;1;1;1;2;0;5;30;1;Blessé hospitalisé
202300045254;155 600 258;1;0;2;1;26;5;203 743 633;1;1;3;1;2000.0;1;8;24;10;2023;09;1;38;38185;2;2;3;3;45,18856000;5,74455000;7;2;2;1;1;1;2;9;5;30;1;Blessé hospitalisé
202300045254;155 600 259;7;0;2;3;1;1;203 743 634;1;1;1;1;1936.0;0;1;24;10;2023;09;1;38;38185;2;2;3;3;45,18856000;5,74455000;7;2;2;1;1;1;2;0;5;30;1;Indemne
202300045254;155 600 259;7;0;2;3;1;1;203 743 634;1;1;1;1;1936.0;0;1;24;10;2023;09;1;38;38185;2;2;3;3;45,18856000;5,74455000;7;2;2;1;1;1;2;9;5;30;1;Indemne
202300045260;155 600 249;7;0;2;1;1;3;203 743 617;1;1;1;1;1983.0;5;1;13;5;2023;04;5;75;75116;2;1;1;1;48,87176800;2,26436900;4;2;3;0;1;1;1;0;1;30;5;Indemne
202300045260;155 600 251;80;0;2;3;9;3;203 743 618;1;1;3;1;1996.0;9;8;13;5;2023;04;5;75;75116;2;1;1;1;48,87176800;2,26436900;4;2;3;0;1;1;1;0;1;30;5;Blessé hospitalisé
202300045272;155 600 226;1;0;2;1;2;5;203 743 583;1;1;4;1;1999.0;9;8;13;5;2023;10;1;75;75110;2;2;1;2;48,87177200;2,35715000;4;1;1;3;1;1;1;0;1;30;5;Blessé léger
202300045272;155 600 226;1;0;2;1;2;5;203 743 583;1;1;4;1;1999.0;9;8;13;5;2023;10;1;75;75110;2;2;1;2;48,87177200;2,35715000;4;1;3;3;1;1;1;0;1;30;5;Blessé léger
202300045274;155 600 221;50;0;2;1;14;3;203 743 576;1;1;1;1;2003.0;5;8;13;5;2023;02;5;75;75110;2;3;1;1;48,87653800;2,35583500;4;1;4;1;2;1;1;0;5;30;5;Indemne
202300045274;155 600 221;50;0;2;1;14;3;203 743 577;2;2;1;2;2004.0;5;8;13;5;2023;02;5;75;75110;2;3;1;1;48,87653800;2,35583500;4;1;4;1;2;1;1;0;5;30;5;Indemne
202300045274;155 600 222;1;0;2;1;13;5;203 743 578;1;1;3;1;1976.0;9;8;13;5;2023;02;5;75;75110;2;3;1;1;48,87653800;2,35583500;4;1;4;1;2;1;1;0;5;30;5;Blessé hospitalisé
202300045276;155 600 217;7;0;2;1;15;2;203 743 569;1;1;1;1;1992.0;9;1;13;5;2023;01;5;75;75110;2;2;1;3;48,87481200;2,35738500;4;2;4;1;1;1;1;0;5;30;5;Indemne
202300045276;155 600 217;7;0;2;1;15;2;203 743 569;1;1;1;1;1992.0;9;1;13;5;2023;01;5;75;75110;2;2;1;3;48,87481200;2,35738500;4;1;4;1;1;1;1;0;5;30;5;Indemne
202300045276;155 600 218;80;0;2;7;1;3;203 743 570;1;1;4;1;2000.0;1;8;13;5;2023;01;5;75;75110;2;2;1;3;48,87481200;2,35738500;4;2;4;1;1;1;1;0;5;30;5;Blessé léger
202300045276;155 600 218;80;0;2;7;1;3;203 743 570;1;1;4;1;2000.0;1;8;13;5;2023;01;5;75;75110;2;2;1;3;48,87481200;2,35738500;4;1;4;1;1;1;1;0;5;30;5;Blessé léger
202300045282;155 600 208;1;0;2;1;2;5;203 743 557;1;1;4;2;1995.0;1;8;13;5;2023;16;1;75;75103;2;3;1;2;48,86702700;2,36334400;4;2;5;1;1;1;1;0;1;30;5;Blessé léger
202300045282;155 600 208;1;0;2;1;2;5;203 743 557;1;1;4;2;1995.0;1;8;13;5;2023;16;1;75;75103;2;3;1;2;48,86702700;2,36334400;4;2;4;0;1;1;1;0;1;30;5;Blessé léger
202300045282;155 600 209;10;0;0;4;1;1;203 743 558;1;1;1;1;1996.0;1;1;13;5;2023;16;1;75;75103;2;3;1;2;48,86702700;2,36334400;4;2;5;1;1;1;1;0;1;30;5;Indemne
202300045282;155 600 209;10;0;0;4;1;1;203 743 558;1;1;1;1;1996.0;1;1;13;5;2023;16;1;75;75103;2;3;1;2;48,86702700;2,36334400;4;2;4;0;1;1;1;0;1;30;5;Indemne
202300045284;155 600 205;80;14;0;3;13;3;203 743 552;1;1;4;2;1945.0;5;8;13;5;2023;14;1;75;75104;2;3;1;6;48,85524100;2,36114800;4;2;0;1;1;1;1;0;1;30;5;Blessé léger
202300045284;155 600 205;80;14;0;3;13;3;203 743 552;1;1;4;2;1945.0;5;8;13;5;2023;14;1;75;75104;2;3;1;6;48,85524100;2,36114800;4;1;0;0;1;1;1;0;1;30;5;Blessé léger
202300045287;155 600 198;1;0;2;8;19;5;203 743 544;1;1;2;1;1944.0;5;8;1;11;2023;13;1;06;06088;2;1;1;4;43,67538120;7,22778330;7;3;6;0;1;1;1;0;1;50;2;Tué
202300045287;155 600 200;7;0;2;1;1;1;203 743 546;1;1;4;1;1998.0;5;1;1;11;2023;13;1;06;06088;2;1;1;4;43,67538120;7,22778330;7;3;6;0;1;1;1;0;1;50;2;Blessé léger
202300045287;155 600 201;7;0;2;1;1;1;203 743 548;1;1;1;1;1991.0;5;1;1;11;2023;13;1;06;06088;2;1;1;4;43,67538120;7,22778330;7;3;6;0;1;1;1;0;1;50;2;Indemne
202300045294;155 600 188;10;0;2;2;22;1;203 743 530;1;1;1;1;1971.0;3;1;13;5;2023;08;1;93;93027;2;3;1;3;48,92430000;2,38436000;3;2;2;0;1;1;1;0;1;30;5;Indemne
202300045294;155 600 188;10;0;2;2;22;1;203 743 530;1;1;1;1;1971.0;3;1;13;5;2023;08;1;93;93027;2;3;1;3;48,92430000;2,38436000;3;2;2;0;1;1;1;0;1;30;5;Indemne
202300045294;155 600 188;10;0;2;2;22;1;203 743 531;2;2;1;1;1999.0;3;1;13;5;2023;08;1;93;93027;2;3;1;3;48,92430000;2,38436000;3;2;2;0;1;1;1;0;1;30;5;Indemne
202300045294;155 600 188;10;0;2;2;22;1;203 743 531;2;2;1;1;1999.0;3;1;13;5;2023;08;1;93;93027;2;3;1;3;48,92430000;2,38436000;3;2;2;0;1;1;1;0;1;30;5;Indemne
202300045294;155 600 189;1;0;2;3;1;5;203 743 532;1;1;4;2;1978.0;0;8;13;5;2023;08;1;93;93027;2;3;1;3;48,92430000;2,38436000;3;2;2;0;1;1;1;0;1;30;5;Blessé léger
202300045294;155 600 189;1;0;2;3;1;5;203 743 532;1;1;4;2;1978.0;0;8;13;5;2023;08;1;93;93027;2;3;1;3;48,92430000;2,38436000;3;2;2;0;1;1;1;0;1;30;5;Blessé léger
202300045299;155 600 179;1;0;2;3;0;5;203 743 522;1;1;4;1;2001.0;1;8;13;5;2023;18;1;92;92051;2;3;1;3;48,88754900;2,27848300;3;2;5;3;1;1;1;0;1;50;5;Blessé léger
202300045299;155 600 179;1;0;2;3;0;5;203 743 522;1;1;4;1;2001.0;1;8;13;5;2023;18;1;92;92051;2;3;1;3;48,88754900;2,27848300;3;2;3;1;1;1;1;0;1;50;5;Blessé léger
202300045299;155 600 181;0;0;2;2;12;0;203 743 524;1;1;1;1;1985.0;1;8;13;5;2023;18;1;92;92051;2;3;1;3;48,88754900;2,27848300;3;2;5;3;1;1;1;0;1;50;5;Indemne
202300045299;155 600 181;0;0;2;2;12;0;203 743 524;1;1;1;1;1985.0;1;8;13;5;2023;18;1;92;92051;2;3;1;3;48,88754900;2,27848300;3;2;3;1;1;1;1;0;1;50;5;Indemne
202300045311;155 600 157;7;0;2;2;16;1;203 743 490;1;1;1;2;1981.0;9;1;2;11;2023;09;1;75;75104;2;3;2;3;48,85873000;2,34835700;4;1;5;0;1;1;2;0;1;30;3;Indemne
202300045311;155 600 157;7;0;2;2;16;1;203 743 490;1;1;1;2;1981.0;9;1;2;11;2023;09;1;75;75104;2;3;2;3;48,85873000;2,34835700;4;1;1;0;1;1;2;0;1;30;3;Indemne
202300045311;155 600 159;1;0;2;0;1;5;203 743 492;1;1;4;1;1997.0;1;8;2;11;2023;09;1;75;75104;2;3;2;3;48,85873000;2,34835700;4;1;5;0;1;1;2;0;1;30;3;Blessé léger
202300045311;155 600 159;1;0;2;0;1;5;203 743 492;1;1;4;1;1997.0;1;8;2;11;2023;09;1;75;75104;2;3;2;3;48,85873000;2,34835700;4;1;1;0;1;1;2;0;1;30;3;Blessé léger
202300045321;155 600 141;7;0;2;4;4;1;203 743 467;1;1;1;1;1995.0;0;1;2;11;2023;20;5;93;93029;2;1;2;2;48,92079121;2,45329372;3;2;2;0;1;1;2;0;1;50;3;Indemne
202300045321;155 600 142;1;0;2;1;1;5;203 743 468;1;1;4;1;1998.0;0;8;2;11;2023;20;5;93;93029;2;1;2;2;48,92079121;2,45329372;3;2;2;0;1;1;2;0;1;50;3;Blessé léger
202300045336;155 600 117;7;0;0;3;1;1;203 743 432;1;1;1;2;1972.0;5;1;14;5;2023;14;1;71;71580;2;3;1;3;46,65999600;5,24507000;4;2;2;0;1;1;1;0;1;50;6;Indemne
202300045336;155 600 117;7;0;0;3;1;1;203 743 432;1;1;1;2;1972.0;5;1;14;5;2023;14;1;71;71580;2;3;1;3;46,65999600;5,24507000;4;2;2;0;2;1;1;0;8;50;6;Indemne