Num_Acc;id_vehicule;catv;obs;obsm;choc;manv;motor;id_usager;place;catu;grav;sexe;an_nais;trajet;secu1;jour;mois;an;hrmn;lum;dep;com;agg;int;atm;col;lat;long;catr;circ;nbv;vosp;prof;plan;surf;infra;situ;vma;day_of_week;gravity
202300046928;155 597 278;1;2;0;1;0;5;203 739 574;1;1;4;1;1986.0;5;2;19;7;2023;00;5;92;92073;2;1;1;6;48,87115675;2,22779131;4;2;0;0;1;1;1;0;1;30;2;Blessé léger
202300046930;155 597 274;10;0;2;2;15;1;203 739 570;1;1;1;1;2002.0;4;1;19;7;2023;12;1;92;92077;2;1;1;3;48,82626000;2,19203000;3;2;2;1;1;1;1;0;1;30;2;Indemne
202300046930;155 597 275;1;0;2;1;1;5;203 739 571;1;1;4;1;1960.0;0;2;19;7;2023;12;1;92;92077;2;1;1;3;48,82626000;2,19203000;3;2;2;1;1;1;1;0;1;30;2;Blessé léger
202300046932;155 597 270;7;0;2;2;16;0;203 739 564;1;1;1;2;1966.0;0;8;19;7;2023;06;1;92;92051;2;2;1;3;48,89363317;2,26743490;3;3;4;1;1;1;1;0;5;50;2;Indemne
202300046932;155 597 270;7;0;2;2;16;0;203 739 564;1;1;1;2;1966.0;0;8;19;7;2023;06;1;92;92051;2;2;1;3;48,89363317;2,26743490;3;2;0;0;1;1;1;0;5;50;2;Indemne
202300046932;155 597 271;1;0;2;8;1;5;203 739 565;1;1;4;2;1993.0;1;8;19;7;2023;06;1;92;92051;2;2;1;3;48,89363317;2,26743490;3;3;4;1;1;1;1;0;5;50;2;Blessé léger
202300046932;155 597 271;1;0;2;8;1;5;203 739 565;1;1;4;2;1993.0;1;8;19;7;2023;06;1;92;92051;2;2;1;3;48,89363317;2,26743490;3;2;0;0;1;1;1;0;5;50;2;Blessé léger
202300046934;155 597 266;50;0;9;1;5;3;203 739 560;1;1;4;2;1985.0;1;8;18;7;2023;08;1;92;92050;2;1;1;1;48,89248921;2,21358848;4;2;2;1;1;1;1;0;5;50;1;Blessé léger
202300046934;155 597 267;80;0;9;1;0;3;203 739 561;1;1;1;2;1966.0;1;2;18;7;2023;08;1;92;92050;2;1;1;1;48,89248921;2,21358848;4;2;2;1;1;1;1;0;5;50;1;Indemne
202300046935;155 597 265;1;0;0;0;0;5;203 739 559;1;1;4;1;2000.0;5;8;19;7;2023;14;1;92;92020;2;1;1;7;48,80097300;2,27923200;3;2;2;0;2;1;1;0;1;50;2;Blessé léger
202300046947;155 597 245;7;0;9;8;23;1;203 739 527;1;1;1;2;1982.0;4;8;17;6;2023;06;2;02;02173;2;1;1;6;49,61275400;3,20345900;4;2;2;0;1;2;1;0;1;50;5;Indemne
202300046947;155 597 246;80;0;2;2;17;3;203 739 528;1;1;2;1;1934.0;5;2;17;6;2023;06;2;02;02173;2;1;1;6;49,61275400;3,20345900;4;2;2;0;1;2;1;0;1;50;5;Tué
202300046950;155 597 241;7;0;2;3;9;1;203 739 523;1;1;1;1;1963.0;1;1;17;7;2023;08;1;56;56117;2;6;1;3;47,88205300; -2,83428000;4;2;2;0;1;1;1;5;1;50;0;Indemne
202300046950;155 597 242;1;0;2;1;1;5;203 739 524;1;1;3;1;1961.0;3;0;17;7;2023;08;1;56;56117;2;6;1;3;47,88205300; -2,83428000;4;2;2;0;1;1;1;5;1;50;0;Blessé hospitalisé
202300046958;155 597 227;7;0;9;1;15;1;203 739 504;1;1;1;1;1970.0;5;1;19;7;2023;20;2;46;46213;1;2;7;1;44,83961667;1,76415458;3;2;2;0;1;1;1;0;1;80;2;Indemne
202300046958;155 597 227;7;0;9;1;15;1;203 739 504;1;1;1;1;1970.0;5;1;19;7;2023;20;2;46;46213;1;2;7;1;44,83961667;1,76415458;3;2;2;0;1;1;1;0;1;80;2;Indemne
202300046958;155 597 229;1;0;2;1;1;5;203 739 506;1;1;3;2;1980.0;5;0;19;7;2023;20;2;46;46213;1;2;7;1;44,83961667;1,76415458;3;2;2;0;1;1;1;0;1;80;2;Blessé hospitalisé
202300046958;155 597 229;1;0;2;1;1;5;203 739 506;1;1;3;2;1980.0;5;0;19;7;2023;20;2;46;46213;1;2;7;1;44,83961667;1,76415458;3;2;2;0;1;1;1;0;1;80;2;Blessé hospitalisé
202300046963;155 597 219;7;0;2;7;1;1;203 739 495;1;1;1;2;1943.0;5;1;19;7;2023;16;1;29;29035;1;1;1;3;48,49655805; -4,53622331;3;2;2;0;1;1;1;0;1;80;2;Indemne
202300046963;155 597 221;1;0;2;8;1;5;203 739 498;1;1;4;1;1961.0;5;2;19;7;2023;16;1;29;29035;1;1;1;3;48,49655805; -4,53622331;3;2;2;0;1;1;1;0;1;80;2;Blessé léger
202300046982;155 597 193;1;0;0;0;0;5;203 739 457;1;1;3;1;1936.0;5;2;19;7;2023;08;2;09;09327;1;1;1;7;42,99108800;1,74167600;3;2;2;0;2;1;1;0;1;80;2;Blessé hospitalisé
202300046988;155 597 181;7;0;2;3;16;1;203 739 433;1;1;1;1;1963.0;4;1;16;6;2023;16;1;34;34183;2;6;7;3;43,29093200;3,11849200;3;1;1;1;1;3;1;0;5;50;4;Indemne
202300046988;155 597 181;7;0;2;3;16;1;203 739 434;2;2;1;2;1969.0;4;1;16;6;2023;16;1;34;34183;2;6;7;3;43,29093200;3,11849200;3;1;1;1;1;3;1;0;5;50;4;Indemne
202300046988;155 597 182;80;0;2;2;1;3;203 739 435;1;1;3;2;1950.0;5;0;16;6;2023;16;1;34;34183;2;6;7;3;43,29093200;3,11849200;3;1;1;1;1;3;1;0;5;50;4;Blessé hospitalisé
202300046993;155 597 172;1;0;2;1;1;5;203 739 419;1;1;1;1;1969.0;5;2;16;6;2023;15;1;68;68329;2;1;1;3;48,05058900;7,11023600;3;2;2;0;1;1;1;0;1;50;4;Indemne
202300046993;155 597 173;1;0;0;6;21;5;203 739 420;1;1;3;1;1954.0;5;2;16;6;2023;15;1;68;68329;2;1;1;3;48,05058900;7,11023600;3;2;2;0;1;1;1;0;1;50;4;Blessé hospitalisé
202300046998;155 597 163;1;0;0;0;1;5;203 739 409;1;1;3;2;1967.0;3;0;17;6;2023;10;1;44;44205;1;1;1;7;47,43579100; -1,44941200;4;2;2;2;1;3;1;0;1;50;5;Blessé hospitalisé
202300046999;155 597 161;7;0;2;1;15;1;203 739 407;1;1;1;1;1936.0;5;1;16;6;2023;17;1;27;27016;2;3;1;1;49,24570300;1,39694000;3;2;2;0;1;2;1;0;1;50;4;Indemne
202300046999;155 597 162;1;0;2;1;1;5;203 739 408;1;1;3;1;1971.0;5;2;16;6;2023;17;1;27;27016;2;3;1;1;49,24570300;1,39694000;3;2;2;0;1;2;1;0;1;50;4;Blessé hospitalisé
202300047014;155 597 132;1;0;2;1;2;5;203 739 375;1;1;2;1;1946.0;5;2;17;6;2023;11;1;71;71120;2;1;1;2;46,20813400;4,32488600;3;2;2;0;2;1;1;0;1;50;5;Tué
202300047014;155 597 133;7;0;0;4;23;3;203 739 376;1;1;1;1;1977.0;3;1;17;6;2023;11;1;71;71120;2;1;1;2;46,20813400;4,32488600;3;2;2;0;2;1;1;0;1;50;5;Indemne
202300047033;155 597 105;10;0;0;0;1;1;203 739 341;1;1;1;1;1970.0;4;1;16;6;2023;11;1;66;66182;2;1;1;3;42,72454000;3,03598200;4;2;2;0;1;3;1;0;1;50;4;Indemne
202300047033;155 597 106;1;0;2;3;1;5;203 739 342;1;1;3;1;1964.0;5;2;16;6;2023;11;1;66;66182;2;1;1;3;42,72454000;3,03598200;4;2;2;0;1;3;1;0;1;50;4;Blessé hospitalisé
202300047041;155 597 093;1;0;0;0;1;5;203 739 327;1;1;2;1;1953.0;5;2;16;6;2023;15;1;09;09334;1;1;1;7;42,80646300;1,42050700;3;2;1;0;2;2;1;0;3;80;4;Tué
202300047049;155 597 082;7;0;2;2;1;1;203 739 311;1;1;1;1;1941.0;5;1;17;6;2023;13;1;80;80110;1;3;1;6;50,17374400;1,65913900;3;2;2;0;1;3;1;0;1;50;5;Indemne
202300047049;155 597 083;1;0;2;5;19;5;203 739 312;1;1;3;1;2010.0;5;0;17;6;2023;13;1;80;80110;1;3;1;6;50,17374400;1,65913900;3;2;2;0;1;3;1;0;1;50;5;Blessé hospitalisé
202300047063;155 597 056;1;12;2;0;5;5;203 739 275;1;1;3;1;2014.0;5;0;16;6;2023;17;1;80;80136;2;9;1;1;49,94117400;2,72003900;4;1;1;0;1;1;1;0;1;50;4;Blessé hospitalisé
202300047063;155 597 057;38;0;0;1;0;1;203 739 276;1;1;1;2;1971.0;4;1;16;6;2023;17;1;80;80136;2;9;1;1;49,94117400;2,72003900;4;1;1;0;1;1;1;0;1;50;4;Indemne
202300047089;155 597 016;1;0;2;8;15;5;203 739 222;1;1;3;1;1996.0;0;0;16;6;2023;17;1;44;44169;1;3;1;3;47,25169356; -1,40135989;4;2;2;0;1;1;1;0;1;50;4;Blessé hospitalisé
202300047089;155 597 016;1;0;2;8;15;5;203 739 222;1;1;3;1;1996.0;0;0;16;6;2023;17;1;44;44169;1;3;1;3;47,25169356; -1,40135989;4;2;2;0;1;1;1;5;1;80;4;Blessé hospitalisé
202300047089;155 597 017;7;0;2;1;1;1;203 739 223;1;1;1;1;1997.0;0;1;16;6;2023;17;1;44;44169;1;3;1;3;47,25169356; -1,40135989;4;2;2;0;1;1;1;0;1;50;4;Indemne
202300047089;155 597 017;7;0;2;1;1;1;203 739 223;1;1;1;1;1997.0;0;1;16;6;2023;17;1;44;44169;1;3;1;3;47,25169356; -1,40135989;4;2;2;0;1;1;1;5;1;80;4;Indemne
202300047102;155 596 998;1;0;0;0;1;5;203 739 198;1;1;2;1;1955.0;5;2;14;6;2023;14;1;36;36156;1;1;7;7;46,45982067;2,13873227;3;2;2;0;1;1;1;0;3;80;2;Tué
202300047113;155 596 977;32;0;2;1;2;1;203 739 168;1;1;1;1;1985.0;5;2;28;5;2023;17;1;11;11170;1;1;1;3;43,10985000;3,06372600;3;2;2;0;2;1;1;0;1;80;6;Indemne
202300047113;155 596 978;80;0;2;8;1;3;203 739 169;1;1;3;2;1951.0;5;2;28;5;2023;17;1;11;11170;1;1;1;3;43,10985000;3,06372600;3;2;2;0;2;1;1;0;1;80;6;Blessé hospitalisé
202300047118;155 596 967;10;0;9;3;1;0;203 739 157;1;1;1;1;1999.0;0;8;15;6;2023;17;1;18;18207;2;3;1;3;46,99143800;2,24073100;3;2;2;0;1;1;1;5;1;50;3;Indemne
202300047118;155 596 968;1;0;2;1;16;5;203 739 158;1;1;4;2;2008.0;5;0;15;6;2023;17;1;18;18207;2;3;1;3;46,99143800;2,24073100;3;2;2;0;1;1;1;5;1;50;3;Blessé léger
202300047123;155 596 956;3;0;9;2;17;1;203 739 143;1;1;1;1;1986.0;9;1;15;6;2023;11;1;68;68028;2;1;1;2;48,20493900;7,35383100;3;2;2;0;2;1;1;0;1;50;3;Indemne
202300047123;155 596 957;80;0;2;4;1;3;203 739 144;1;1;3;1;1944.0;9;2;15;6;2023;11;1;68;68028;2;1;1;2;48,20493900;7,35383100;3;2;2;0;2;1;1;0;1;50;3;Blessé hospitalisé
202300047124;155 596 954;80;0;2;1;1;3;203 739 141;1;1;3;1;1980.0;5;0;12;6;2023;17;1;67;67492;1;1;1;1;48,59309000;7,47765500;3;2;2;0;2;1;1;0;1;80;0;Blessé hospitalisé
202300047124;155 596 955;7;0;2;2;15;1;203 739 142;1;1;1;1;1954.0;5;1;12;6;2023;17;1;67;67492;1;1;1;1;48,59309000;7,47765500;3;2;2;0;2;1;1;0;1;80;0;Indemne
202300047126;155 596 951;1;13;0;0;0;5;203 739 138;1;1;2;1;1939.0;5;2;13;6;2023;18;1;01;01211;1;4;1;7;46,13341200;5,19164100;3;2;2;0;1;1;1;0;3;80;1;Tué
202300047126;155 596 951;1;13;0;0;0;5;203 739 138;1;1;2;1;1939.0;5;2;13;6;2023;18;1;01;01211;1;4;1;7;46,13341200;5,19164100;3;2;2;0;2;1;1;0;1;80;1;Tué
202300047141;155 596 923;1;0;2;7;1;5;203 739 099;1;1;4;2;1986.0;0;2;7;4;2023;14;1;93;93070;2;1;1;3;48,90818000;2,33262000;3;2;3;1;1;1;1;0;5;50;4;Blessé léger
202300047141;155 596 924;7;0;2;3;22;1;203 739 100;1;1;1;1;1973.0;0;8;7;4;2023;14;1;93;93070;2;1;1;3;48,90818000;2,33262000;3;2;3;1;1;1;1;0;5;50;4;Indemne
202300047192;155 596 828;1;0;2;1;1;5;203 738 963;1;1;2;1;1995.0;4;8;27;10;2023;22;5;87;87085;2;1;3;1;45,84965000;1,26298000;4;2;2;0;2;1;2;0;1;50;4;Tué
202300047192;155 596 829;7;0;2;3;17;1;203 738 964;1;1;1;1;1978.0;5;8;27;10;2023;22;5;87;87085;2;1;3;1;45,84965000;1,26298000;4;2;2;0;2;1;2;0;1;50;4;Indemne
202300047220;155 596 769;1;0;2;1;15;5;203 738 892;1;1;3;2;1962.0;4;8;30;10;2023;15;1;59;59368;2;2;2;1;50,64844000;3,07835000;4;2;2;0;1;1;2;0;5;30;0;Blessé hospitalisé
202300047220;155 596 769;1;0;2;1;15;5;203 738 892;1;1;3;2;1962.0;4;8;30;10;2023;15;1;59;59368;2;2;2;1;50,64844000;3,07835000;4;1;1;1;1;1;2;0;5;50;0;Blessé hospitalisé
202300047220;155 596 770;7;0;9;1;16;0;203 738 893;1;1;1;1;1978.0;5;1;30;10;2023;15;1;59;59368;2;2;2;1;50,64844000;3,07835000;4;2;2;0;1;1;2;0;5;30;0;Indemne
202300047220;155 596 770;7;0;9;1;16;0;203 738 893;1;1;1;1;1978.0;5;1;30;10;2023;15;1;59;59368;2;2;2;1;50,64844000;3,07835000;4;1;1;1;1;1;2;0;5;50;0;Indemne
202300047226;155 596 758;1;1;0;1;1;5;203 738 879;1;1;4;2;2000.0;0;8;12;5;2023;19;1;92;92023;2;1;1;3;48,80880100;2,27378100;4;2;2;0;1;1;1;0;1;30;4;Blessé léger
202300047226;155 596 760;7;0;2;3;24;1;203 738 881;1;1;1;1;1983.0;0;1;12;5;2023;19;1;92;92023;2;1;1;3;48,80880100;2,27378100;4;2;2;0;1;1;1;0;1;30;4;Indemne
202300047234;155 596 744;7;0;9;2;17;1;203 738 862;1;1;1;2;1966.0;3;1;13;5;2023;12;1;54;54514;1;1;1;4;49,50803800;5,61768300;3;2;2;0;1;1;1;0;1;80;5;Indemne
202300047234;155 596 746;1;13;2;5;2;5;203 738 864;1;1;2;1;1941.0;5;2;13;5;2023;12;1;54;54514;1;1;1;4;49,50803800;5,61768300;3;2;2;0;1;1;1;0;1;80;5;Tué
202300047234;155 596 747;7;0;2;3;17;6;203 738 866;1;1;1;1;2003.0;5;1;13;5;2023;12;1;54;54514;1;1;1;4;49,50803800;5,61768300;3;2;2;0;1;1;1;0;1;80;5;Indemne
202300047244;155 596 731;10;0;2;2;16;1;203 738 847;1;1;1;1;1995.0;5;1;30;10;2023;17;1;47;47001;2;3;8;3;44,20451318;0,62636447;3;2;2;0;1;1;1;0;1;30;0;Indemne
202300047244;155 596 733;1;0;2;0;0;5;203 738 849;1;1;4;2;1943.0;0;8;30;10;2023;17;1;47;47001;2;3;8;3;44,20451318;0,62636447;3;2;2;0;1;1;1;0;1;30;0;Blessé léger
202300047254;155 596 712;7;0;2;3;24;1;203 738 824;1;1;1;1;1961.0;5;1;31;10;2023;15;1;37;37233;2;1;1;3;47,39504000;0,71439000;4;3;2;1;1;1;1;0;5;50;1;Indemne
202300047254;155 596 713;1;1;0;1;1;5;203 738 825;1;1;4;1;1969.0;5;8;31;10;2023;15;1;37;37233;2;1;1;3;47,39504000;0,71439000;4;3;2;1;1;1;1;0;5;50;1;Blessé léger
202300047257;155 596 709;7;0;2;5;16;1;203 738 817;1;1;1;2;2003.0;5;1;31;10;2023;18;5;35;35238;2;1;1;3;48,10539000; -1,67780000;4;3;4;3;1;1;2;0;5;30;1;Indemne
202300047257;155 596 709;7;0;2;5;16;1;203 738 821;2;2;1;2;2003.0;5;1;31;10;2023;18;5;35;35238;2;1;1;3;48,10539000; -1,67780000;4;3;4;3;1;1;2;0;5;30;1;Indemne
202300047257;155 596 710;1;0;2;0;1;5;203 738 822;1;1;4;2;1996.0;5;2;31;10;2023;18;5;35;35238;2;1;1;3;48,10539000; -1,67780000;4;3;4;3;1;1;2;0;5;30;1;Blessé léger
202300047258;155 596 706;1;0;0;0;1;5;203 738 813;1;1;3;1;1989.0;5;2;12;5;2023;18;1;36;36182;1;1;1;7;46,44608088;1,39317106;3;2;2;0;4;3;1;0;1;80;4;Blessé hospitalisé
202300047270;155 596 688;50;0;0;4;15;3;203 738 789;1;1;1;1;2002.0;1;0;13;5;2023;08;1;95;95394;2;3;1;2;49,05909500;2,18844700;3;2;2;0;2;2;1;0;1;50;5;Indemne
202300047270;155 596 690;1;0;9;1;21;5;203 738 791;1;1;4;1;1960.0;5;2;13;5;2023;08;1;95;95394;2;3;1;2;49,05909500;2,18844700;3;2;2;0;2;2;1;0;1;50;5;Blessé léger
202300047278;155 596 671;10;0;2;3;9;1;203 738 765;1;1;1;1;1969.0;4;1;30;10;2023;10;1;29;29019;2;6;2;1;48,41565000; -4,46225100;4;2;2;0;1;1;2;0;1;50;0;Indemne
202300047278;155 596 671;10;0;2;3;9;1;203 738 765;1;1;1;1;1969.0;4;1;30;10;2023;10;1;29;29019;2;6;2;1;48,41565000; -4,46225100;4;2;2;0;1;1;2;0;1;50;0;Indemne
202300047278;155 596 673;1;0;2;7;1;5;203 738 768;1;1;3;2;1961.0;3;8;30;10;2023;10;1;29;29019;2;6;2;1;48,41565000; -4,46225100;4;2;2;0;1;1;2;0;1;50;0;Blessé hospitalisé
202300047278;155 596 673;1;0;2;7;1;5;203 738 768;1;1;3;2;1961.0;3;8;30;10;2023;10;1;29;29019;2;6;2;1;48,41565000; -4,46225100;4;2;2;0;1;1;2;0;1;50;0;Blessé hospitalisé
202300047280;155 596 667;7;0;9;3;1;1;203 738 761;1;1;1;1;1958.0;0;1;12;5;2023;09;1;67;67300;2;1;1;1;48,53770500;7,49883700;4;2;3;1;1;1;1;5;1;50;4;Indemne
202300047280;155 596 669;1;0;2;2;1;5;203 738 763;1;1;4;1;2006.0;4;0;12;5;2023;09;1;67;67300;2;1;1;1;48,53770500;7,49883700;4;2;3;1;1;1;1;5;1;50;4;Blessé léger
202300047281;155 596 668;7;0;9;1;1;1;203 738 762;1;1;1;1;2003.0;5;1;31;10;2023;21;5;26;26198;2;1;1;1;44,55360000;4,72216000;4;2;2;0;1;4;1;0;1;30;1;Indemne
202300047281;155 596 670;1;0;2;1;1;5;203 738 764;1;1;4;1;2006.0;5;8;31;10;2023;21;5;26;26198;2;1;1;1;44,55360000;4,72216000;4;2;2;0;1;4;1;0;1;30;1;Blessé léger
202300047293;155 596 648;1;0;0;7;9;5;203 738 735;1;1;4;1;1970.0;5;2;5;4;2023;08;1;44;44120;2;6;1;3;47,20050600; -1,75964200;7;4;3;2;1;2;1;0;1;30;2;Blessé léger
202300047293;155 596 650;7;0;9;3;9;1;203 738 738;1;1;1;2;2002.0;2;1;5;4;2023;08;1;44;44120;2;6;1;3;47,20050600; -1,75964200;7;4;3;2;1;2;1;0;1;30;2;Indemne
202300047296;155 596 638;7;0;2;3;9;1;203 738 725;1;1;1;1;1997.0;0;1;31;10;2023;11;1;13;13005;2;1;1;3;43,28704000;5,60157000;4;2;2;0;1;1;1;0;1;30;1;Indemne
202300047296;155 596 640;1;0;2;1;1;5;203 738 727;1;1;4;2;1939.0;0;8;31;10;2023;11;1;13;13005;2;1;1;3;43,28704000;5,60157000;4;2;2;0;1;1;1;0;1;30;1;Blessé léger
202300047307;155 596 616;7;0;2;3;26;1;203 738 702;1;1;1;1;1978.0;1;1;30;10;2023;07;2;10;10325;2;1;2;3;48,26480979;4,04087716;2;1;1;0;1;1;2;0;4;50;0;Indemne
202300047307;155 596 618;1;0;2;1;25;5;203 738 704;1;1;3;1;2006.0;1;8;30;10;2023;07;2;10;10325;2;1;2;3;48,26480979;4,04087716;2;1;1;0;1;1;2;0;4;50;0;Blessé hospitalisé
202300047317;155 596 599;7;0;2;8;22;1;203 738 677;1;1;1;2;1980.0;3;8;31;10;2023;12;1;04;04070;2;1;1;3;44,09489000;6,23561000;4;2;2;0;1;1;1;0;1;50;1;Indemne
202300047317;155 596 601;1;0;2;1;1;5;203 738 680;1;1;4;1;1969.0;1;2;31;10;2023;12;1;04;04070;2;1;1;3;44,09489000;6,23561000;4;2;2;0;1;1;1;0;1;50;1;Blessé léger
202300047353;155 596 536;1;12;0;1;1;5;203 738 591;1;1;4;2;1974.0;9;8;31;10;2023;14;1;75;75108;2;2;8;7;48,86906300;2,31030500;4;2;6;1;1;3;1;5;5;50;1;Blessé léger
202300047354;155 596 534;7;0;2;1;15;2;203 738 589;1;1;1;1;1974.0;5;1;10;5;2023;12;1;95;95555;2;9;2;3;48,96281000;2,28690000;4;2;0;0;1;1;2;0;1;30;2;Indemne
202300047354;155 596 535;80;0;2;1;1;3;203 738 590;1;1;4;1;1992.0;1;2;10;5;2023;12;1;95;95555;2;9;2;3;48,96281000;2,28690000;4;2;0;0;1;1;2;0;1;30;2;Blessé léger
202300047364;155 596 514;7;0;2;0;0;1;203 738 561;1;1;1;1;2000.0;0;1;30;10;2023;20;5;94;94003;2;9;1;3;48,80786235;2,33340302;3;1;0;1;1;1;1;0;1;50;0;Indemne
202300047364;155 596 514;7;0;2;0;0;1;203 738 561;1;1;1;1;2000.0;0;1;30;10;2023;20;5;94;94003;2;9;1;3;48,80786235;2,33340302;3;1;0;0;1;1;1;0;1;50;0;Indemne
202300047364;155 596 515;1;0;2;0;0;5;203 738 562;1;1;4;1;1979.0;0;8;30;10;2023;20;5;94;94003;2;9;1;3;48,80786235;2,33340302;3;1;0;1;1;1;1;0;1;50;0;Blessé léger
202300047364;155 596 515;1;0;2;0;0;5;203 738 562;1;1;4;1;1979.0;0;8;30;10;2023;20;5;94;94003;2;9;1;3;48,80786235;2,33340302;3;1;0;0;1;1;1;0;1;50;0;Blessé léger
202300047381;155 596 482;7;0;2;7;2;1;203 738 524;1;1;1;1;1980.0;0;1;4;4;2023;19;1;60;60170;1;1;7;3;49,20338300;2,56026500;3;2;2;0;2;1;1;0;1;70;1;Indemne
202300047381;155 596 484;1;0;0;8;2;5;203 738 526;1;1;4;1;2004.0;1;2;4;4;2023;19;1;60;60170;1;1;7;3;49,20338300;2,56026500;3;2;2;0;2;1;1;0;1;70;1;Blessé léger
202300047390;155 596 466;7;0;9;2;1;1;203 738 503;1;1;1;1;1992.0;0;1;30;10;2023;13;1;92;92024;2;1;2;2;48,90233906;2,31396818;3;2;4;1;1;1;2;0;1;50;0;Indemne
202300047390;155 596 467;1;0;2;1;1;5;203 738 504;1;1;4;1;1993.0;0;2;30;10;2023;13;1;92;92024;2;1;2;2;48,90233906;2,31396818;3;2;4;1;1;1;2;0;1;50;0;Blessé léger
202300047393;155 596 461;1;0;2;1;1;5;203 738 498;1;1;1;1;1969.0;0;2;11;5;2023;19;1;67;67482;2;1;1;1;48,57344000;7,71779000;4;2;2;1;1;1;2;0;5;25;3;Indemne
202300047393;155 596 464;50;0;2;1;13;3;203 738 501;1;1;4;1;1998.0;0;8;11;5;2023;19;1;67;67482;2;1;1;1;48,57344000;7,71779000;4;2;2;1;1;1;2;0;5;25;3;Blessé léger
202300047394;155 596 456;80;0;0;0;1;3;203 738 491;1;1;3;1;1947.0;5;2;31;10;2023;11;1;22;22372;1;1;2;7;48,52424400; -2,86619800;4;2;2;0;1;2;2;0;3;50;1;Blessé hospitalisé
202300047394;155 596 458;10;0;0;0;15;1;203 738 494;1;1;1;1;1998.0;4;8;31;10;2023;11;1;22;22372;1;1;2;7;48,52424400; -2,86619800;4;2;2;0;1;2;2;0;3;50;1;Indemne
202300047434;155 596 390;7;0;9;1;15;1;203 738 407;1;1;1;1;1989.0;1;1;10;5;2023;07;1;54;54395;2;3;1;1;48,68500000;6,18711000;4;2;2;0;1;1;1;0;1;20;2;Indemne
202300047434;155 596 392;1;0;2;1;16;5;203 738 411;1;1;4;1;1980.0;5;8;10;5;2023;07;1;54;54395;2;3;1;1;48,68500000;6,18711000;4;2;2;0;1;1;1;0;1;20;2;Blessé léger
202300047452;155 596 361;10;0;9;8;22;0;203 738 362;1;1;1;1;1994.0;4;1;3;4;2023;15;1;78;78551;2;1;1;6;48,89542200;2,09347900;3;1;1;0;1;1;1;0;1;50;0;Indemne
202300047452;155 596 362;1;1;0;1;1;5;203 738 364;1;1;3;1;1976.0;0;8;3;4;2023;15;1;78;78551;2;1;1;6;48,89542200;2,09347900;3;1;1;0;1;1;1;0;1;50;0;Blessé hospitalisé
202300047457;155 596 347;7;0;0;3;9;1;203 738 347;1;1;1;2;1987.0;1;1;10;5;2023;16;1;45;45234;2;6;1;2;47,82392000;1,93292000;4;1;1;0;1;1;2;0;1;50;2;Indemne
202300047457;155 596 347;7;0;0;3;9;1;203 738 347;1;1;1;2;1987.0;1;1;10;5;2023;16;1;45;45234;2;6;1;2;47,82392000;1,93292000;4;1;2;0;1;1;2;0;1;50;2;Indemne
202300047457;155 596 350;1;0;2;4;1;5;203 738 352;1;1;3;1;1959.0;5;2;10;5;2023;16;1;45;45234;2;6;1;2;47,82392000;1,93292000;4;1;1;0;1;1;2;0;1;50;2;Blessé hospitalisé
202300047457;155 596 350;1;0;2;4;1;5;203 738 352;1;1;3;1;1959.0;5;2;10;5;2023;16;1;45;45234;2;6;1;2;47,82392000;1,93292000;4;1;2;0;1;1;2;0;1;50;2;Blessé hospitalisé
202300047460;155 596 340;21;0;2;8;0;1;203 738 338;1;1;1;1;1983.0;4;8;31;10;2023;08;1;27;27218;1;1;7;3;49,26155200;0,46190900;4;2;2;0;1;1;2;0;1;50;1;Indemne
202300047460;155 596 342;1;0;2;1;2;5;203 738 341;1;1;2;1;1956.0;5;0;31;10;2023;08;1;27;27218;1;1;7;3;49,26155200;0,46190900;4;2;2;0;1;1;2;0;1;50;1;Tué
202300047464;155 596 336;7;0;2;1;15;1;203 738 333;1;1;1;1;1962.0;1;8;3;4;2023;18;1;73;73008;2;6;1;3;45,70442854;5,89465678;3;2;2;0;1;2;1;5;1;50;0;Indemne
202300047464;155 596 336;7;0;2;1;15;1;203 738 333;1;1;1;1;1962.0;1;8;3;4;2023;18;1;73;73008;2;6;1;3;45,70442854;5,89465678;3;2;2;0;1;1;1;5;1;50;0;Indemne
202300047464;155 596 337;1;0;2;7;1;5;203 738 334;1;1;4;1;1999.0;5;2;3;4;2023;18;1;73;73008;2;6;1;3;45,70442854;5,89465678;3;2;2;0;1;2;1;5;1;50;0;Blessé léger
202300047464;155 596 337;1;0;2;7;1;5;203 738 334;1;1;4;1;1999.0;5;2;3;4;2023;18;1;73;73008;2;6;1;3;45,70442854;5,89465678;3;2;2;0;1;1;1;5;1;50;0;Blessé léger
202300047475;155 596 318;1;1;2;1;2;0;203 738 307;1;1;4;2;2006.0;0;8;3;4;2023;12;1;69;69264;2;1;1;3;45,99502000;4,73222000;4;2;2;0;1;1;1;0;1;50;0;Blessé léger
202300047475;155 596 320;7;0;2;8;24;1;203 738 308;1;1;1;1;1982.0;0;8;3;4;2023;12;1;69;69264;2;1;1;3;45,99502000;4,73222000;4;2;2;0;1;1;1;0;1;50;0;Indemne
202300047490;155 596 293;7;0;2;6;1;1;203 738 272;1;1;1;2;1957.0;9;1;11;5;2023;09;1;33;33063;2;2;1;3;44,84593000; -0,58499000;4;1;1;0;1;1;1;0;1;50;3;Indemne
202300047490;155 596 293;7;0;2;6;1;1;203 738 272;1;1;1;2;1957.0;9;1;11;5;2023;09;1;33;33063;2;2;1;3;44,84593000; -0,58499000;4;1;0;0;1;1;1;0;1;30;3;Indemne