Num_Acc;id_vehicule;catv;obs;obsm;choc;manv;motor;id_usager;place;catu;grav;sexe;an_nais;trajet;secu1;jour;mois;an;hrmn;lum;dep;com;agg;int;atm;col;lat;long;catr;circ;nbv;vosp;prof;plan;surf;infra;situ;vma;day_of_week;gravity
202300048104;155 595 203;1;0;2;8;19;5;203 736 793;1;1;4;1;1972.0;5;8;27;8;2023;14;1;75;75112;2;3;1;3;48,84052100;2,43429900;4;2;2;1;1;1;1;0;1;30;6;Blessé léger
202300048106;155 595 199;80;0;1;1;1;3;203 736 783;10;3;1;1;1970.0;9;0;4;12;2023;12;1;75;75108;2;1;1;6;48,86974500;2,30805400;4;2;3;1;2;1;1;0;1;50;0;Indemne
202300048106;155 595 199;80;0;1;1;1;3;203 736 785;1;1;4;1;2003.0;9;8;4;12;2023;12;1;75;75108;2;1;1;6;48,86974500;2,30805400;4;2;3;1;2;1;1;0;1;50;0;Blessé léger
202300048107;155 595 196;1;0;2;0;1;5;203 736 772;1;1;4;1;2006.0;5;8;27;8;2023;18;1;75;75107;2;3;2;6;48,85897000;2,29339500;4;1;3;0;1;1;2;0;1;30;6;Blessé léger
202300048109;155 595 193;1;8;0;1;1;5;203 736 769;1;1;4;1;1986.0;9;8;4;12;2023;19;5;75;75104;2;3;1;6;48,85262300;2,35988500;4;2;4;2;1;1;1;0;5;25;0;Blessé léger
202300048110;155 595 192;80;8;0;1;14;3;203 736 768;1;1;4;1;1999.0;9;8;27;8;2023;08;1;75;75107;2;3;1;6;48,85964500;2,31306700;4;1;2;1;1;1;1;0;1;30;6;Blessé léger
202300048143;155 595 141;7;0;9;8;1;1;203 736 693;1;1;1;2;1989.0;0;1;27;8;2023;13;1;92;92012;2;2;1;3;48,83296000;2,24633000;3;2;4;1;1;1;1;0;1;50;6;Indemne
202300048143;155 595 141;7;0;9;8;1;1;203 736 693;1;1;1;2;1989.0;0;1;27;8;2023;13;1;92;92012;2;2;1;3;48,83296000;2,24633000;3;1;2;1;1;1;1;0;1;50;6;Indemne
202300048143;155 595 143;1;0;2;8;1;5;203 736 695;1;1;4;1;1997.0;0;2;27;8;2023;13;1;92;92012;2;2;1;3;48,83296000;2,24633000;3;2;4;1;1;1;1;0;1;50;6;Blessé léger
202300048143;155 595 143;1;0;2;8;1;5;203 736 695;1;1;4;1;1997.0;0;2;27;8;2023;13;1;92;92012;2;2;1;3;48,83296000;2,24633000;3;1;2;1;1;1;1;0;1;50;6;Blessé léger
202300048152;155 595 125;1;0;2;8;1;0;203 736 671;1;1;4;1;2000.0;1;8;17;2;2023;08;1;69;69387;2;2;1;2;45,73122136;4,83407395;4;2;3;2;1;1;1;5;1;30;4;Blessé léger
202300048152;155 595 125;1;0;2;8;1;0;203 736 671;1;1;4;1;2000.0;1;8;17;2;2023;08;1;69;69387;2;2;1;2;45,73122136;4,83407395;4;2;2;2;1;1;1;0;1;30;4;Blessé léger
202300048152;155 595 126;7;0;2;7;22;1;203 736 673;2;2;1;1;1985.0;0;1;17;2;2023;08;1;69;69387;2;2;1;2;45,73122136;4,83407395;4;2;3;2;1;1;1;5;1;30;4;Indemne
202300048152;155 595 126;7;0;2;7;22;1;203 736 673;2;2;1;1;1985.0;0;1;17;2;2023;08;1;69;69387;2;2;1;2;45,73122136;4,83407395;4;2;2;2;1;1;1;0;1;30;4;Indemne
202300048152;155 595 126;7;0;2;7;22;1;203 736 675;1;1;1;1;1983.0;0;1;17;2;2023;08;1;69;69387;2;2;1;2;45,73122136;4,83407395;4;2;3;2;1;1;1;5;1;30;4;Indemne
202300048152;155 595 126;7;0;2;7;22;1;203 736 675;1;1;1;1;1983.0;0;1;17;2;2023;08;1;69;69387;2;2;1;2;45,73122136;4,83407395;4;2;2;2;1;1;1;0;1;30;4;Indemne
202300048157;155 595 115;1;0;2;0;0;5;203 736 659;1;1;3;1;2002.0;0;8;17;2;2023;18;5;971;97101;1;1;2;3;16,27012000; -61,49840000;4;2;2;0;1;3;2;0;1;50;4;Blessé hospitalisé
202300048157;155 595 116;10;0;2;0;17;1;203 736 660;1;1;1;1;1975.0;9;8;17;2;2023;18;5;971;97101;1;1;2;3;16,27012000; -61,49840000;4;2;2;0;1;3;2;0;1;50;4;Indemne
202300048207;155 595 030;7;0;2;2;2;1;203 736 551;1;1;1;1;1943.0;5;1;4;12;2023;19;3;57;57177;1;1;2;2;48,80991670;6,69363180;3;2;2;0;1;1;6;9;1;80;0;Indemne
202300048207;155 595 031;1;14;2;4;2;5;203 736 552;1;1;4;1;1993.0;5;0;4;12;2023;19;3;57;57177;1;1;2;2;48,80991670;6,69363180;3;2;2;0;1;1;6;9;1;80;0;Blessé léger
202300048271;155 594 901;7;0;2;2;15;1;203 736 382;1;1;1;2;1962.0;5;1;28;9;2023;18;1;87;87085;2;3;1;3;45,84685000;1,25542000;4;1;1;0;1;1;1;0;1;30;3;Indemne
202300048271;155 594 901;7;0;2;2;15;1;203 736 382;1;1;1;2;1962.0;5;1;28;9;2023;18;1;87;87085;2;3;1;3;45,84685000;1,25542000;4;2;2;0;2;1;1;0;1;30;3;Indemne
202300048271;155 594 902;1;0;2;1;1;5;203 736 383;1;1;4;1;1979.0;5;2;28;9;2023;18;1;87;87085;2;3;1;3;45,84685000;1,25542000;4;1;1;0;1;1;1;0;1;30;3;Blessé léger
202300048271;155 594 902;1;0;2;1;1;5;203 736 383;1;1;4;1;1979.0;5;2;28;9;2023;18;1;87;87085;2;3;1;3;45,84685000;1,25542000;4;2;2;0;2;1;1;0;1;30;3;Blessé léger
202300048282;155 594 880;7;0;0;5;15;1;203 736 359;2;2;1;1;2000.0;5;1;19;7;2023;19;1;71;71472;2;2;7;3;46,95480300;4,07270900;3;2;2;0;2;2;1;0;1;50;2;Indemne
202300048282;155 594 880;7;0;0;5;15;1;203 736 359;2;2;1;1;2000.0;5;1;19;7;2023;19;1;71;71472;2;2;7;3;46,95480300;4,07270900;3;2;2;0;2;2;1;0;1;50;2;Indemne
202300048282;155 594 880;7;0;0;5;15;1;203 736 361;1;1;1;2;2002.0;5;1;19;7;2023;19;1;71;71472;2;2;7;3;46,95480300;4,07270900;3;2;2;0;2;2;1;0;1;50;2;Indemne
202300048282;155 594 880;7;0;0;5;15;1;203 736 361;1;1;1;2;2002.0;5;1;19;7;2023;19;1;71;71472;2;2;7;3;46,95480300;4,07270900;3;2;2;0;2;2;1;0;1;50;2;Indemne
202300048282;155 594 883;1;0;2;5;1;5;203 736 363;1;1;4;1;1988.0;5;9;19;7;2023;19;1;71;71472;2;2;7;3;46,95480300;4,07270900;3;2;2;0;2;2;1;0;1;50;2;Blessé léger
202300048282;155 594 883;1;0;2;5;1;5;203 736 363;1;1;4;1;1988.0;5;9;19;7;2023;19;1;71;71472;2;2;7;3;46,95480300;4,07270900;3;2;2;0;2;2;1;0;1;50;2;Blessé léger
202300048287;155 594 870;1;0;2;8;19;5;203 736 347;1;1;4;1;1976.0;5;0;17;2;2023;21;5;33;33063;2;1;1;3;44,83424483; -0,55223197;4;3;4;1;1;1;1;2;1;30;4;Blessé léger
202300048287;155 594 873;32;0;2;2;1;1;203 736 350;1;1;4;1;1997.0;5;2;17;2;2023;21;5;33;33063;2;1;1;3;44,83424483; -0,55223197;4;3;4;1;1;1;1;2;1;30;4;Blessé léger
202300048291;155 594 865;1;0;0;0;0;5;203 736 342;1;1;2;1;1968.0;5;2;19;7;2023;19;1;88;88470;2;1;1;7;48,08526800;6,73555300;4;2;2;0;2;1;1;0;3;50;2;Tué
202300048307;155 594 837;7;0;2;3;9;1;203 736 304;1;1;1;2;1957.0;0;1;20;7;2023;07;1;47;47157;1;2;1;3;44,51177425;0,18924379;3;2;2;0;1;1;1;5;1;80;3;Indemne
202300048307;155 594 837;7;0;2;3;9;1;203 736 304;1;1;1;2;1957.0;0;1;20;7;2023;07;1;47;47157;1;2;1;3;44,51177425;0,18924379;3;2;2;0;1;1;1;5;1;50;3;Indemne
202300048307;155 594 839;80;0;2;7;1;3;203 736 307;1;1;4;1;1959.0;1;2;20;7;2023;07;1;47;47157;1;2;1;3;44,51177425;0,18924379;3;2;2;0;1;1;1;5;1;80;3;Blessé léger
202300048307;155 594 839;80;0;2;7;1;3;203 736 307;1;1;4;1;1959.0;1;2;20;7;2023;07;1;47;47157;1;2;1;3;44,51177425;0,18924379;3;2;2;0;1;1;1;5;1;50;3;Blessé léger
202300048308;155 594 835;7;0;2;1;1;1;203 736 302;1;1;1;1;1995.0;1;1;28;9;2023;09;1;69;69259;2;1;1;3;45,72145000;4,88226000;4;1;2;1;1;1;1;0;1;50;3;Indemne
202300048308;155 594 836;1;0;2;8;19;5;203 736 303;1;1;4;1;2002.0;2;2;28;9;2023;09;1;69;69259;2;1;1;3;45,72145000;4,88226000;4;1;2;1;1;1;1;0;1;50;3;Blessé léger
202300048321;155 594 811;7;0;2;4;4;1;203 736 275;1;1;1;2;1993.0;1;1;14;6;2023;07;1;69;69381;2;3;1;2;45,77092000;4,82860000;4;2;2;0;2;1;1;0;1;30;2;Indemne
202300048321;155 594 811;7;0;2;4;4;1;203 736 275;1;1;1;2;1993.0;1;1;14;6;2023;07;1;69;69381;2;3;1;2;45,77092000;4,82860000;4;2;2;0;2;3;1;0;1;30;2;Indemne
202300048321;155 594 814;80;0;2;1;1;3;203 736 278;1;1;4;2;1970.0;0;2;14;6;2023;07;1;69;69381;2;3;1;2;45,77092000;4,82860000;4;2;2;0;2;1;1;0;1;30;2;Blessé léger
202300048321;155 594 814;80;0;2;1;1;3;203 736 278;1;1;4;2;1970.0;0;2;14;6;2023;07;1;69;69381;2;3;1;2;45,77092000;4,82860000;4;2;2;0;2;3;1;0;1;30;2;Blessé léger
202300048339;155 594 778;1;0;2;8;16;5;203 736 238;1;1;4;2;1964.0;1;8;14;6;2023;14;1;2A;2A004;2;3;1;3;41,93835000;8,74903000;6;2;1;0;1;1;1;0;1;50;2;Blessé léger
202300048339;155 594 780;7;0;2;3;1;1;203 736 241;1;1;1;1;2001.0;0;1;14;6;2023;14;1;2A;2A004;2;3;1;3;41,93835000;8,74903000;6;2;1;0;1;1;1;0;1;50;2;Indemne
202300048342;155 594 772;1;0;2;1;2;5;203 736 232;1;1;4;1;2007.0;1;8;29;9;2023;12;1;61;61001;2;1;1;2;48,43750100;0,09538300;4;2;2;0;1;1;1;0;1;30;4;Blessé léger
202300048342;155 594 774;10;0;2;5;1;1;203 736 234;1;1;1;1;1984.0;4;1;29;9;2023;12;1;61;61001;2;1;1;2;48,43750100;0,09538300;4;2;2;0;1;1;1;0;1;30;4;Indemne
202300048347;155 594 761;1;0;2;1;1;5;203 736 220;1;1;4;1;1994.0;9;8;17;2;2023;18;5;75;75105;2;3;1;3;48,85377700;2,34439500;4;2;2;0;1;1;1;0;1;30;4;Blessé léger
202300048347;155 594 761;1;0;2;1;1;5;203 736 220;1;1;4;1;1994.0;9;8;17;2;2023;18;5;75;75105;2;3;1;3;48,85377700;2,34439500;4;1;2;0;1;1;1;0;1;30;4;Blessé léger
202300048347;155 594 765;7;0;2;3;1;1;203 736 224;1;1;1;1;1977.0;9;1;17;2;2023;18;5;75;75105;2;3;1;3;48,85377700;2,34439500;4;2;2;0;1;1;1;0;1;30;4;Indemne
202300048347;155 594 765;7;0;2;3;1;1;203 736 224;1;1;1;1;1977.0;9;1;17;2;2023;18;5;75;75105;2;3;1;3;48,85377700;2,34439500;4;1;2;0;1;1;1;0;1;30;4;Indemne
202300048358;155 594 744;1;0;2;1;1;5;203 736 190;1;1;4;1;2006.0;0;2;14;6;2023;15;1;91;91347;2;9;7;3;48,63522000;2,28557000;4;2;2;0;2;1;1;0;1;50;2;Blessé léger
202300048358;155 594 746;7;0;2;1;15;1;203 736 192;1;1;1;1;1989.0;0;1;14;6;2023;15;1;91;91347;2;9;7;3;48,63522000;2,28557000;4;2;2;0;2;1;1;0;1;50;2;Indemne
202300048372;155 594 715;80;0;2;4;1;3;203 736 157;1;1;4;2;1964.0;5;2;28;9;2023;12;1;56;56121;2;1;2;2;47,75297000; -3,36123000;4;2;2;0;1;1;2;0;1;30;3;Blessé léger
202300048372;155 594 718;7;0;2;1;2;1;203 736 160;1;1;1;2;1992.0;1;1;28;9;2023;12;1;56;56121;2;1;2;2;47,75297000; -3,36123000;4;2;2;0;1;1;2;0;1;30;3;Indemne
202300048374;155 594 710;1;0;0;4;1;5;203 736 151;1;1;2;1;2007.0;5;8;30;4;2023;18;1;43;43185;2;1;1;2;45,39680000;3,32300800;3;2;2;0;2;1;1;0;1;50;6;Tué
202300048374;155 594 713;7;0;2;1;1;1;203 736 155;1;1;1;1;1990.0;5;1;30;4;2023;18;1;43;43185;2;1;1;2;45,39680000;3,32300800;3;2;2;0;2;1;1;0;1;50;6;Indemne
202300048389;155 594 684;7;0;2;1;1;1;203 736 121;1;1;1;1;1968.0;1;1;29;9;2023;07;1;54;54578;2;1;1;2;48,67623000;6,15367000;4;2;2;0;1;1;1;0;1;50;4;Indemne
202300048389;155 594 686;1;0;2;4;15;5;203 736 124;1;1;4;1;1984.0;1;2;29;9;2023;07;1;54;54578;2;1;1;2;48,67623000;6,15367000;4;2;2;0;1;1;1;0;1;50;4;Blessé léger
202300048392;155 594 677;7;0;2;2;2;1;203 736 113;1;1;1;1;1991.0;0;1;18;7;2023;12;1;974;97409;2;1;1;2; -20,93208000;55,64419000;4;2;2;0;1;1;1;0;1;50;1;Indemne
202300048392;155 594 679;1;0;2;4;2;5;203 736 116;1;1;3;1;1985.0;0;2;18;7;2023;12;1;974;97409;2;1;1;2; -20,93208000;55,64419000;4;2;2;0;1;1;1;0;1;50;1;Blessé hospitalisé
202300048398;155 594 667;7;0;2;0;0;1;203 736 099;1;1;1;1;1980.0;0;1;18;7;2023;20;1;69;69387;2;3;1;3;45,74420000;4,84792000;4;1;1;2;1;3;1;0;5;30;1;Indemne
202300048398;155 594 667;7;0;2;0;0;1;203 736 099;1;1;1;1;1980.0;0;1;18;7;2023;20;1;69;69387;2;3;1;3;45,74420000;4,84792000;4;2;3;1;1;1;1;0;5;50;1;Indemne
202300048398;155 594 670;1;0;2;0;0;0;203 736 102;1;1;4;1;1972.0;0;8;18;7;2023;20;1;69;69387;2;3;1;3;45,74420000;4,84792000;4;1;1;2;1;3;1;0;5;30;1;Blessé léger
202300048398;155 594 670;1;0;2;0;0;0;203 736 102;1;1;4;1;1972.0;0;8;18;7;2023;20;1;69;69387;2;3;1;3;45,74420000;4,84792000;4;2;3;1;1;1;1;0;5;50;1;Blessé léger
202300048400;155 594 665;80;0;2;1;1;3;203 736 097;1;1;4;2;1991.0;4;2;28;9;2023;10;1;54;54395;2;1;1;3;48,68849000;6,20450000;4;1;2;0;1;1;1;0;4;50;3;Blessé léger
202300048400;155 594 669;7;0;2;3;1;1;203 736 101;1;1;1;1;1988.0;0;1;28;9;2023;10;1;54;54395;2;1;1;3;48,68849000;6,20450000;4;1;2;0;1;1;1;0;4;50;3;Indemne
202300048409;155 594 646;1;0;2;1;1;5;203 736 073;1;1;4;1;1972.0;9;8;29;9;2023;11;1;51;51454;2;6;1;3;49,26451000;4,01029000;4;1;0;0;1;1;1;0;1;50;4;Blessé léger
202300048409;155 594 646;1;0;2;1;1;5;203 736 073;1;1;4;1;1972.0;9;8;29;9;2023;11;1;51;51454;2;6;1;3;49,26451000;4,01029000;4;1;0;1;1;2;1;0;1;50;4;Blessé léger
202300048409;155 594 652;7;0;2;6;9;1;203 736 079;1;1;1;2;2000.0;9;1;29;9;2023;11;1;51;51454;2;6;1;3;49,26451000;4,01029000;4;1;0;0;1;1;1;0;1;50;4;Indemne
202300048409;155 594 652;7;0;2;6;9;1;203 736 079;1;1;1;2;2000.0;9;1;29;9;2023;11;1;51;51454;2;6;1;3;49,26451000;4,01029000;4;1;0;1;1;2;1;0;1;50;4;Indemne
202300048417;155 594 632;3;0;2;7;1;1;203 736 057;1;1;1;1;1952.0;1;1;17;7;2023;16;1;95;95427;2;1;1;3;48,95644000;2,33421000;4;2;2;0;1;1;1;0;1;50;0;Indemne
202300048417;155 594 635;1;0;2;1;25;5;203 736 060;1;1;4;1;2015.0;5;0;17;7;2023;16;1;95;95427;2;1;1;3;48,95644000;2,33421000;4;2;2;0;1;1;1;0;1;50;0;Blessé léger
202300048419;155 594 628;7;0;2;1;13;1;203 736 052;1;1;1;1;1972.0;5;8;28;9;2023;22;3;49;49328;2;1;1;1;47,26725000; -0,07893000;4;2;2;1;1;1;1;0;4;50;3;Indemne
202300048419;155 594 631;1;0;2;8;1;5;203 736 055;1;1;4;1;1985.0;5;0;28;9;2023;22;3;49;49328;2;1;1;1;47,26725000; -0,07893000;4;2;2;1;1;1;1;0;4;50;3;Blessé léger
202300048432;155 594 601;1;0;2;0;0;0;203 736 016;1;1;4;1;1970.0;0;8;12;6;2023;13;1;69;69029;2;2;1;3;45,73919486;4,91021411;4;2;2;0;1;1;1;0;1;50;0;Blessé léger
202300048432;155 594 601;1;0;2;0;0;0;203 736 016;1;1;4;1;1970.0;0;8;12;6;2023;13;1;69;69029;2;2;1;3;45,73919486;4,91021411;4;1;1;2;1;1;1;0;1;50;0;Blessé léger
202300048432;155 594 605;7;0;2;3;1;1;203 736 021;1;1;1;1;1967.0;0;1;12;6;2023;13;1;69;69029;2;2;1;3;45,73919486;4,91021411;4;2;2;0;1;1;1;0;1;50;0;Indemne
202300048432;155 594 605;7;0;2;3;1;1;203 736 021;1;1;1;1;1967.0;0;1;12;6;2023;13;1;69;69029;2;2;1;3;45,73919486;4,91021411;4;1;1;2;1;1;1;0;1;50;0;Indemne
202300048435;155 594 595;1;0;2;1;1;5;203 736 010;1;1;4;2;1970.0;1;2;29;9;2023;07;1;47;47001;2;2;1;3;44,19540000;0,61698000;4;2;2;1;1;1;1;0;1;30;4;Blessé léger
202300048435;155 594 595;1;0;2;1;1;5;203 736 010;1;1;4;2;1970.0;1;2;29;9;2023;07;1;47;47001;2;2;1;3;44,19540000;0,61698000;4;2;2;0;1;1;1;0;1;30;4;Blessé léger
202300048435;155 594 599;7;0;2;3;1;1;203 736 014;1;1;1;1;1975.0;1;1;29;9;2023;07;1;47;47001;2;2;1;3;44,19540000;0,61698000;4;2;2;1;1;1;1;0;1;30;4;Indemne
202300048435;155 594 599;7;0;2;3;1;1;203 736 014;1;1;1;1;1975.0;1;1;29;9;2023;07;1;47;47001;2;2;1;3;44,19540000;0,61698000;4;2;2;0;1;1;1;0;1;30;4;Indemne
202300048436;155 594 591;1;15;0;1;1;5;203 736 006;1;1;4;1;2000.0;5;8;17;2;2023;16;1;92;92075;2;1;1;3;48,82526367;2,29302317;4;2;2;0;1;1;1;0;1;50;4;Blessé léger
202300048436;155 594 594;7;0;9;8;22;1;203 736 009;1;1;1;1;1962.0;9;8;17;2;2023;16;1;92;92075;2;1;1;3;48,82526367;2,29302317;4;2;2;0;1;1;1;0;1;50;4;Indemne
202300048439;155 594 588;1;0;2;3;0;5;203 736 002;1;1;4;1;1966.0;0;8;14;6;2023;08;1;68;68066;2;2;7;3;48,10729000;7,38482000;3;2;3;1;2;1;1;2;1;70;2;Blessé léger
202300048439;155 594 592;99;0;2;0;0;0;203 736 007;1;1;1;1;1977.0;4;1;14;6;2023;08;1;68;68066;2;2;7;3;48,10729000;7,38482000;3;2;3;1;2;1;1;2;1;70;2;Indemne
202300048446;155 594 576;80;0;2;1;19;3;203 735 988;1;1;4;2;1975.0;1;2;13;6;2023;08;1;67;67482;2;1;1;3;48,59232600;7,76109200;4;2;2;0;1;1;1;2;1;50;1;Blessé léger
202300048446;155 594 580;7;0;2;0;1;1;203 735 993;2;2;1;2;1952.0;0;1;13;6;2023;08;1;67;67482;2;1;1;3;48,59232600;7,76109200;4;2;2;0;1;1;1;2;1;50;1;Indemne
202300048446;155 594 580;7;0;2;0;1;1;203 735 995;1;1;1;1;1948.0;0;1;13;6;2023;08;1;67;67482;2;1;1;3;48,59232600;7,76109200;4;2;2;0;1;1;1;2;1;50;1;Indemne
202300048449;155 594 570;7;14;9;2;16;1;203 735 981;1;1;1;1;1939.0;3;1;15;6;2023;16;1;76;76351;2;4;1;3;49,50244000;0,16816300;3;2;0;0;1;1;1;0;1;50;3;Indemne
202300048449;155 594 570;7;14;9;2;16;1;203 735 981;1;1;1;1;1939.0;3;1;15;6;2023;16;1;76;76351;2;4;1;3;49,50244000;0,16816300;3;2;2;0;1;1;1;0;1;50;3;Indemne
202300048449;155 594 573;80;0;2;8;1;3;203 735 985;1;1;4;1;1970.0;0;0;15;6;2023;16;1;76;76351;2;4;1;3;49,50244000;0,16816300;3;2;0;0;1;1;1;0;1;50;3;Blessé léger
202300048449;155 594 573;80;0;2;8;1;3;203 735 985;1;1;4;1;1970.0;0;0;15;6;2023;16;1;76;76351;2;4;1;3;49,50244000;0,16816300;3;2;2;0;1;1;1;0;1;50;3;Blessé léger
202300048458;155 594 555;1;0;2;1;9;5;203 735 963;1;1;4;1;1973.0;5;8;28;9;2023;16;1;41;41018;2;1;1;1;47,56730000;1,31210000;4;2;2;1;1;1;1;0;1;50;3;Blessé léger
202300048458;155 594 558;7;0;2;7;1;1;203 735 966;1;1;1;1;2002.0;1;1;28;9;2023;16;1;41;41018;2;1;1;1;47,56730000;1,31210000;4;2;2;1;1;1;1;0;1;50;3;Indemne
202300048480;155 594 520;7;0;2;2;9;1;203 735 920;1;1;1;2;1949.0;0;8;18;7;2023;11;1;69;69029;2;9;1;3;45,74609000;4,92627000;7;2;2;3;1;1;1;0;4;50;1;Indemne
202300048480;155 594 524;1;0;2;1;1;0;203 735 925;1;1;4;1;1963.0;5;2;18;7;2023;11;1;69;69029;2;9;1;3;45,74609000;4,92627000;7;2;2;3;1;1;1;0;4;50;1;Blessé léger
202300048487;155 594 507;7;0;2;8;9;1;203 735 905;1;1;1;1;1975.0;4;1;26;9;2023;09;1;34;34172;2;3;1;3;43,60669000;3,86520000;4;2;0;0;1;1;1;0;1;30;1;Indemne
202300048487;155 594 507;7;0;2;8;9;1;203 735 905;1;1;1;1;1975.0;4;1;26;9;2023;09;1;34;34172;2;3;1;3;43,60669000;3,86520000;4;2;2;0;1;1;1;0;1;30;1;Indemne
202300048487;155 594 512;1;0;2;1;1;5;203 735 909;1;1;4;1;2007.0;0;8;26;9;2023;09;1;34;34172;2;3;1;3;43,60669000;3,86520000;4;2;0;0;1;1;1;0;1;30;1;Blessé léger
202300048487;155 594 512;1;0;2;1;1;5;203 735 909;1;1;4;1;2007.0;0;8;26;9;2023;09;1;34;34172;2;3;1;3;43,60669000;3,86520000;4;2;2;0;1;1;1;0;1;30;1;Blessé léger
202300048495;155 594 494;10;0;9;3;15;1;203 735 889;1;1;1;1;1972.0;4;1;18;7;2023;08;1;67;67482;2;1;7;1;48,59794000;7,77580000;4;2;5;0;1;1;1;9;1;50;1;Indemne
202300048495;155 594 494;10;0;9;3;15;1;203 735 892;2;2;1;1;2004.0;4;1;18;7;2023;08;1;67;67482;2;1;7;1;48,59794000;7,77580000;4;2;5;0;1;1;1;9;1;50;1;Indemne
202300048495;155 594 498;1;0;2;6;1;5;203 735 894;1;1;4;2;1969.0;1;8;18;7;2023;08;1;67;67482;2;1;7;1;48,59794000;7,77580000;4;2;5;0;1;1;1;9;1;50;1;Blessé léger
202300048499;155 594 486;7;0;2;1;1;1;203 735 879;1;1;1;1;2003.0;5;1;29;9;2023;18;1;33;33063;2;2;1;3;44,82205000; -0,57651000;4;1;1;0;1;1;1;0;1;30;4;Indemne
202300048499;155 594 486;7;0;2;1;1;1;203 735 879;1;1;1;1;2003.0;5;1;29;9;2023;18;1;33;33063;2;2;1;3;44,82205000; -0,57651000;4;2;2;0;1;1;1;0;1;30;4;Indemne
202300048499;155 594 491;80;0;2;7;1;3;203 735 886;1;1;4;2;1968.0;5;0;29;9;2023;18;1;33;33063;2;2;1;3;44,82205000; -0,57651000;4;1;1;0;1;1;1;0;1;30;4;Blessé léger
202300048499;155 594 491;80;0;2;7;1;3;203 735 886;1;1;4;2;1968.0;5;0;29;9;2023;18;1;33;33063;2;2;1;3;44,82205000; -0,57651000;4;2;2;0;1;1;1;0;1;30;4;Blessé léger
202300048529;155 594 431;7;0;2;8;22;0;203 735 810;1;1;1;1;1982.0;5;1;18;7;2023;08;1;59;59368;2;1;1;5;50,65742000;3,07387000;7;2;2;2;1;1;1;0;5;50;1;Indemne
202300048529;155 594 432;7;0;2;1;2;0;203 735 811;1;1;1;1;2000.0;1;1;18;7;2023;08;1;59;59368;2;1;1;5;50,65742000;3,07387000;7;2;2;2;1;1;1;0;5;50;1;Indemne
202300048529;155 594 437;1;0;2;2;1;5;203 735 819;1;1;3;2;1988.0;0;2;18;7;2023;08;1;59;59368;2;1;1;5;50,65742000;3,07387000;7;2;2;2;1;1;1;0;5;50;1;Blessé hospitalisé
202300048533;155 594 422;7;0;2;7;1;1;203 735 801;1;1;1;1;1992.0;1;1;14;6;2023;05;5;49;49007;2;2;1;3;47,47470000; -0,58615000;4;2;2;2;1;1;1;0;1;50;2;Indemne
202300048533;155 594 422;7;0;2;7;1;1;203 735 801;1;1;1;1;1992.0;1;1;14;6;2023;05;5;49;49007;2;2;1;3;47,47470000; -0,58615000;4;2;2;0;1;1;1;0;1;30;2;Indemne
202300048533;155 594 427;1;0;2;1;15;5;203 735 806;1;1;3;1;2003.0;0;8;14;6;2023;05;5;49;49007;2;2;1;3;47,47470000; -0,58615000;4;2;2;2;1;1;1;0;1;50;2;Blessé hospitalisé
202300048533;155 594 427;1;0;2;1;15;5;203 735 806;1;1;3;1;2003.0;0;8;14;6;2023;05;5;49;49007;2;2;1;3;47,47470000; -0,58615000;4;2;2;0;1;1;1;0;1;30;2;Blessé hospitalisé
202300048550;155 594 396;7;0;2;3;1;1;203 735 764;1;1;1;1;1973.0;1;1;29;9;2023;13;1;17;17380;2;1;1;1;45,64249900; -1,08758500;4;2;2;0;1;1;1;0;1;30;4;Indemne
202300048550;155 594 399;1;0;2;1;15;5;203 735 767;1;1;3;1;1943.0;5;2;29;9;2023;13;1;17;17380;2;1;1;1;45,64249900; -1,08758500;4;2;2;0;1;1;1;0;1;30;4;Blessé hospitalisé
202300048575;155 594 352;1;0;2;8;9;5;203 735 702;1;1;3;2;1951.0;5;0;17;2;2023;18;3;58;58087;2;1;8;3;46,76095700;3,55846000;3;2;2;0;1;1;2;0;1;50;4;Blessé hospitalisé
202300048575;155 594 355;7;0;2;1;1;1;203 735 706;1;1;1;2;1987.0;3;1;17;2;2023;18;3;58;58087;2;1;8;3;46,76095700;3,55846000;3;2;2;0;1;1;2;0;1;50;4;Indemne
202300048576;155 594 349;1;0;1;1;1;5;203 735 698;10;3;4;1;2002.0;0;0;14;6;2023;08;1;33;33550;2;1;1;6;44,77382000; -0,56483000;4;3;2;1;1;1;1;0;1;50;2;Blessé léger
202300048576;155 594 349;1;0;1;1;1;5;203 735 699;1;1;4;1;1999.0;1;0;14;6;2023;08;1;33;33550;2;1;1;6;44,77382000; -0,56483000;4;3;2;1;1;1;1;0;1;50;2;Blessé léger
202300048580;155 594 344;3;0;2;2;1;3;203 735 690;2;2;1;2;2007.0;0;1;28;9;2023;17;1;10;10387;2;1;1;2;48,30275000;4,07509000;4;3;5;1;1;1;1;0;1;50;3;Indemne
202300048580;155 594 344;3;0;2;2;1;3;203 735 691;1;1;1;2;2007.0;5;1;28;9;2023;17;1;10;10387;2;1;1;2;48,30275000;4,07509000;4;3;5;1;1;1;1;0;1;50;3;Indemne
202300048580;155 594 347;1;0;2;0;0;5;203 735 696;1;1;4;1;2001.0;1;8;28;9;2023;17;1;10;10387;2;1;1;2;48,30275000;4,07509000;4;3;5;1;1;1;1;0;1;50;3;Blessé léger