Num_Acc;id_vehicule;catv;obs;obsm;choc;manv;motor;id_usager;place;catu;grav;sexe;an_nais;trajet;secu1;jour;mois;an;hrmn;lum;dep;com;agg;int;atm;col;lat;long;catr;circ;nbv;vosp;prof;plan;surf;infra;situ;vma;day_of_week;gravity
202300049162;155 593 346;7;0;9;3;9;1;203 734 327;1;1;1;2;1995.0;1;1;23;10;2023;20;5;38;38229;2;2;2;3;45,20621600;5,75248000;7;2;2;0;1;1;2;0;1;30;0;Indemne
202300049162;155 593 347;80;0;2;1;9;3;203 734 328;1;1;4;1;1970.0;1;0;23;10;2023;20;5;38;38229;2;2;2;3;45,20621600;5,75248000;7;2;2;2;2;2;2;0;1;50;0;Blessé léger
202300049162;155 593 347;80;0;2;1;9;3;203 734 328;1;1;4;1;1970.0;1;0;23;10;2023;20;5;38;38229;2;2;2;3;45,20621600;5,75248000;7;2;2;0;1;1;2;0;1;30;0;Blessé léger
202300049168;155 593 337;80;0;0;0;1;3;203 734 314;1;1;2;1;1964.0;3;2;26;10;2023;10;1;43;43268;1;1;1;7;45,11309900;4,12373000;4;2;2;0;2;1;1;0;3;50;3;Tué
202300049275;155 593 134;10;0;0;0;0;1;203 734 027;1;1;1;1;1990.0;1;1;1;4;2023;08;1;06;06069;2;1;1;2;43,63983000;6,93419000;3;2;2;0;2;1;1;0;1;50;5;Indemne
202300049275;155 593 138;1;0;2;4;1;5;203 734 030;1;1;4;1;1947.0;5;2;1;4;2023;08;1;06;06069;2;1;1;2;43,63983000;6,93419000;3;2;2;0;2;1;1;0;1;50;5;Blessé léger
202300049316;155 593 071;80;0;1;2;5;3;203 733 942;10;3;4;1;1962.0;5;0;2;4;2023;19;1;75;75104;2;4;1;6;48,85572600;2,35897600;4;1;2;1;1;1;1;0;1;30;6;Blessé léger
202300049316;155 593 071;80;0;1;2;5;3;203 733 942;10;3;4;1;1962.0;5;0;2;4;2023;19;1;75;75104;2;4;1;6;48,85572600;2,35897600;4;1;3;1;1;1;1;0;5;30;6;Blessé léger
202300049316;155 593 071;80;0;1;2;5;3;203 733 944;1;1;1;1;2002.0;5;8;2;4;2023;19;1;75;75104;2;4;1;6;48,85572600;2,35897600;4;1;2;1;1;1;1;0;1;30;6;Indemne
202300049316;155 593 071;80;0;1;2;5;3;203 733 944;1;1;1;1;2002.0;5;8;2;4;2023;19;1;75;75104;2;4;1;6;48,85572600;2,35897600;4;1;3;1;1;1;1;0;5;30;6;Indemne
202300049330;155 593 045;7;0;2;7;16;0;203 733 902;1;1;1;2;1990.0;5;1;2;4;2023;17;1;92;92050;2;5;8;3;48,88824380;2,19414622;3;2;2;1;1;1;1;0;1;50;6;Indemne
202300049330;155 593 045;7;0;2;7;16;0;203 733 902;1;1;1;2;1990.0;5;1;2;4;2023;17;1;92;92050;2;5;8;3;48,88824380;2,19414622;3;2;2;1;1;1;1;0;5;50;6;Indemne
202300049330;155 593 047;1;0;2;8;1;5;203 733 904;1;1;4;2;1976.0;5;8;2;4;2023;17;1;92;92050;2;5;8;3;48,88824380;2,19414622;3;2;2;1;1;1;1;0;1;50;6;Blessé léger
202300049330;155 593 047;1;0;2;8;1;5;203 733 904;1;1;4;2;1976.0;5;8;2;4;2023;17;1;92;92050;2;5;8;3;48,88824380;2,19414622;3;2;2;1;1;1;1;0;5;50;6;Blessé léger
202300049373;155 592 969;7;0;2;2;15;1;203 733 785;1;1;1;1;1998.0;5;1;29;10;2023;19;5;67;67482;2;3;3;3;48,58040800;7,77755600;4;2;4;1;1;1;2;0;5;50;6;Indemne
202300049373;155 592 969;7;0;2;2;15;1;203 733 785;1;1;1;1;1998.0;5;1;29;10;2023;19;5;67;67482;2;3;3;3;48,58040800;7,77755600;4;2;2;0;1;2;2;0;8;50;6;Indemne
202300049373;155 592 973;80;0;2;7;19;3;203 733 789;1;1;4;2;1985.0;0;2;29;10;2023;19;5;67;67482;2;3;3;3;48,58040800;7,77755600;4;2;4;1;1;1;2;0;5;50;6;Blessé léger
202300049373;155 592 973;80;0;2;7;19;3;203 733 789;1;1;4;2;1985.0;0;2;29;10;2023;19;5;67;67482;2;3;3;3;48,58040800;7,77755600;4;2;2;0;1;2;2;0;8;50;6;Blessé léger
202300049395;155 592 931;7;0;9;2;17;1;203 733 730;1;1;1;2;1970.0;5;1;28;10;2023;11;1;62;62400;1;4;1;3;50,48243000;2,59382000;3;2;2;0;1;1;2;0;1;80;5;Indemne
202300049395;155 592 931;7;0;9;2;17;1;203 733 730;1;1;1;2;1970.0;5;1;28;10;2023;11;1;62;62400;1;4;1;3;50,48243000;2,59382000;3;2;2;0;1;1;2;0;1;80;5;Indemne
202300049395;155 592 934;1;0;2;3;15;5;203 733 735;1;1;4;2;2005.0;5;2;28;10;2023;11;1;62;62400;1;4;1;3;50,48243000;2,59382000;3;2;2;0;1;1;2;0;1;80;5;Blessé léger
202300049395;155 592 934;1;0;2;3;15;5;203 733 735;1;1;4;2;2005.0;5;2;28;10;2023;11;1;62;62400;1;4;1;3;50,48243000;2,59382000;3;2;2;0;1;1;2;0;1;80;5;Blessé léger
202300049420;155 592 891;1;0;2;7;1;5;203 733 667;1;1;4;2;1993.0;1;8;10;3;2023;16;1;74;74012;2;2;1;3;46,19167000;6,24197000;4;1;1;1;1;1;1;0;1;50;4;Blessé léger
202300049420;155 592 891;1;0;2;7;1;5;203 733 667;1;1;4;2;1993.0;1;8;10;3;2023;16;1;74;74012;2;2;1;3;46,19167000;6,24197000;4;2;2;1;1;1;1;0;1;50;4;Blessé léger
202300049420;155 592 891;1;0;2;7;1;5;203 733 667;1;1;4;2;1993.0;1;8;10;3;2023;16;1;74;74012;2;2;1;3;46,19167000;6,24197000;4;1;1;0;1;1;1;0;1;30;4;Blessé léger
202300049420;155 592 894;7;0;2;7;1;1;203 733 674;1;1;1;1;2001.0;0;8;10;3;2023;16;1;74;74012;2;2;1;3;46,19167000;6,24197000;4;1;1;1;1;1;1;0;1;50;4;Indemne
202300049420;155 592 894;7;0;2;7;1;1;203 733 674;1;1;1;1;2001.0;0;8;10;3;2023;16;1;74;74012;2;2;1;3;46,19167000;6,24197000;4;2;2;1;1;1;1;0;1;50;4;Indemne
202300049420;155 592 894;7;0;2;7;1;1;203 733 674;1;1;1;1;2001.0;0;8;10;3;2023;16;1;74;74012;2;2;1;3;46,19167000;6,24197000;4;1;1;0;1;1;1;0;1;30;4;Indemne
202300049427;155 592 883;80;0;1;1;25;3;203 733 653;1;1;4;1;1964.0;5;0;23;8;2023;10;1;988;98818;2;1;1;6; -22,29119000;166,43963000;4;3;2;0;1;1;1;0;4;30;2;Blessé léger
202300049427;155 592 883;80;0;1;1;25;3;203 733 655;10;3;4;1;1940.0;5;0;23;8;2023;10;1;988;98818;2;1;1;6; -22,29119000;166,43963000;4;3;2;0;1;1;1;0;4;30;2;Blessé léger
202300049444;155 592 846;80;0;2;8;1;3;203 733 606;1;1;4;1;1999.0;1;0;29;10;2023;19;5;33;33119;2;3;2;3;44,85332000; -0,53862000;4;3;4;3;1;1;2;0;1;30;6;Blessé léger
202300049444;155 592 846;80;0;2;8;1;3;203 733 606;1;1;4;1;1999.0;1;0;29;10;2023;19;5;33;33119;2;3;2;3;44,85332000; -0,53862000;4;1;1;0;1;3;2;0;1;30;6;Blessé léger
202300049444;155 592 850;7;0;2;1;15;1;203 733 611;1;1;1;2;1998.0;5;1;29;10;2023;19;5;33;33119;2;3;2;3;44,85332000; -0,53862000;4;3;4;3;1;1;2;0;1;30;6;Indemne
202300049444;155 592 850;7;0;2;1;15;1;203 733 611;1;1;1;2;1998.0;5;1;29;10;2023;19;5;33;33119;2;3;2;3;44,85332000; -0,53862000;4;1;1;0;1;3;2;0;1;30;6;Indemne
202300049446;155 592 841;1;0;2;1;9;5;203 733 601;1;1;4;2;2006.0;3;0;4;12;2023;18;5;22;22136;2;6;2;1;48,17721900; -2,74732800;4;2;2;0;2;1;2;0;1;50;0;Blessé léger
202300049446;155 592 841;1;0;2;1;9;5;203 733 601;1;1;4;2;2006.0;3;0;4;12;2023;18;5;22;22136;2;6;2;1;48,17721900; -2,74732800;4;2;2;0;2;2;2;0;1;50;0;Blessé léger
202300049446;155 592 844;7;0;2;6;9;1;203 733 604;1;1;1;1;1968.0;3;1;4;12;2023;18;5;22;22136;2;6;2;1;48,17721900; -2,74732800;4;2;2;0;2;1;2;0;1;50;0;Indemne
202300049446;155 592 844;7;0;2;6;9;1;203 733 604;1;1;1;1;1968.0;3;1;4;12;2023;18;5;22;22136;2;6;2;1;48,17721900; -2,74732800;4;2;2;0;2;2;2;0;1;50;0;Indemne
202300049512;155 592 730;1;15;0;1;17;5;203 733 446;1;1;4;1;1958.0;9;8;29;10;2023;12;1;75;75120;2;3;2;6;48,87326700;2,38191800;4;2;2;0;1;1;2;0;1;30;6;Blessé léger
202300049518;155 592 720;1;0;1;1;1;5;203 733 432;1;1;1;1;1984.0;5;8;29;10;2023;18;5;75;75113;2;1;1;6;48,82999100;2,36467000;4;2;4;1;1;1;2;0;5;30;6;Indemne
202300049518;155 592 720;1;0;1;1;1;5;203 733 436;10;3;4;2;1989.0;5;0;29;10;2023;18;5;75;75113;2;1;1;6;48,82999100;2,36467000;4;2;4;1;1;1;2;0;5;30;6;Blessé léger
202300049530;155 592 701;7;0;2;2;17;1;203 733 408;1;1;1;1;2003.0;3;1;24;8;2023;17;1;971;97107;2;1;1;1;16,04822000; -61,57051000;4;2;2;0;1;1;1;0;1;50;3;Indemne
202300049530;155 592 703;1;0;2;1;1;5;203 733 413;1;1;4;1;2011.0;3;8;24;8;2023;17;1;971;97107;2;1;1;1;16,04822000; -61,57051000;4;2;2;0;1;1;1;0;1;50;3;Blessé léger
202300049531;155 592 700;7;0;2;1;0;1;203 733 406;1;1;1;1;1999.0;5;1;28;10;2023;23;5;94;94058;2;1;3;3;48,85223759;2,51094662;3;1;2;1;1;1;2;0;1;50;5;Indemne
202300049531;155 592 702;1;0;2;8;0;5;203 733 411;1;1;4;1;1994.0;0;8;28;10;2023;23;5;94;94058;2;1;3;3;48,85223759;2,51094662;3;1;2;1;1;1;2;0;1;50;5;Blessé léger
202300049548;155 592 672;1;0;0;1;1;5;203 733 364;1;1;4;1;2003.0;5;8;1;4;2023;16;1;75;75105;2;4;1;7;48,83847400;2,35068100;4;2;2;0;2;1;1;5;1;30;5;Blessé léger
202300049555;155 592 662;7;0;2;1;17;1;203 733 351;1;1;1;1;1989.0;0;1;8;5;2023;06;2;973;97302;2;1;1;2;4,93448336; -52,31137562;3;2;2;0;1;1;1;0;1;50;0;Indemne
202300049555;155 592 664;1;0;9;4;2;5;203 733 354;1;1;4;1;1975.0;0;0;8;5;2023;06;2;973;97302;2;1;1;2;4,93448336; -52,31137562;3;2;2;0;1;1;1;0;1;50;0;Blessé léger
202300049567;155 592 639;7;0;2;1;1;1;203 733 324;1;1;1;1;1984.0;5;1;1;4;2023;15;1;75;75113;2;3;1;3;48,83381000;2,36516000;4;1;3;1;2;1;1;5;1;30;5;Indemne
202300049567;155 592 639;7;0;2;1;1;1;203 733 324;1;1;1;1;1984.0;5;1;1;4;2023;15;1;75;75113;2;3;1;3;48,83381000;2,36516000;4;1;1;0;1;1;1;5;1;30;5;Indemne
202300049567;155 592 642;1;0;2;7;1;5;203 733 327;1;1;4;2;1983.0;5;2;1;4;2023;15;1;75;75113;2;3;1;3;48,83381000;2,36516000;4;1;3;1;2;1;1;5;1;30;5;Blessé léger
202300049567;155 592 642;1;0;2;7;1;5;203 733 327;1;1;4;2;1983.0;5;2;1;4;2023;15;1;75;75113;2;3;1;3;48,83381000;2,36516000;4;1;1;0;1;1;1;5;1;30;5;Blessé léger
202300049583;155 592 614;1;0;2;1;1;5;203 733 281;1;1;4;2;2001.0;9;8;1;4;2023;13;1;75;75110;2;3;1;3;48,87566500;2,35661600;4;2;6;3;1;1;1;0;5;30;5;Blessé léger
202300049583;155 592 614;1;0;2;1;1;5;203 733 281;1;1;4;2;2001.0;9;8;1;4;2023;13;1;75;75110;2;3;1;3;48,87566500;2,35661600;4;2;2;2;1;1;1;0;5;30;5;Blessé léger
202300049583;155 592 618;10;0;2;2;16;1;203 733 285;1;1;1;1;1999.0;9;1;1;4;2023;13;1;75;75110;2;3;1;3;48,87566500;2,35661600;4;2;6;3;1;1;1;0;5;30;5;Indemne
202300049583;155 592 618;10;0;2;2;16;1;203 733 285;1;1;1;1;1999.0;9;1;1;4;2023;13;1;75;75110;2;3;1;3;48,87566500;2,35661600;4;2;2;2;1;1;1;0;5;30;5;Indemne
202300049591;155 592 598;80;0;2;1;17;3;203 733 257;1;1;1;1;1957.0;5;2;1;4;2023;12;1;75;75104;2;1;1;1;48,85668000;2,34836000;4;2;1;0;1;1;1;6;1;30;5;Indemne
202300049591;155 592 600;1;0;2;1;17;5;203 733 260;1;1;4;1;1985.0;1;2;1;4;2023;12;1;75;75104;2;1;1;1;48,85668000;2,34836000;4;2;1;0;1;1;1;6;1;30;5;Blessé léger
202300049596;155 592 589;40;0;2;3;1;3;203 733 246;1;1;1;2;1986.0;4;8;3;12;2023;11;1;63;63113;2;2;1;3;45,77065615;3,08674514;4;2;2;3;1;1;1;4;6;50;6;Indemne
202300049596;155 592 590;1;0;4;1;19;5;203 733 247;1;1;4;1;1991.0;0;8;3;12;2023;11;1;63;63113;2;2;1;3;45,77065615;3,08674514;4;2;2;3;1;1;1;4;6;50;6;Blessé léger
202300049597;155 592 585;1;0;2;1;1;5;203 733 242;1;1;1;1;2000.0;4;8;1;4;2023;15;1;94;94041;2;2;1;2;48,81230000;2,38628000;3;3;5;2;1;1;1;0;5;50;5;Indemne
202300049597;155 592 588;99;0;2;4;1;0;203 733 244;1;1;4;1;1987.0;9;1;1;4;2023;15;1;94;94041;2;2;1;2;48,81230000;2,38628000;3;3;5;2;1;1;1;0;5;50;5;Blessé léger
202300049636;155 592 518;1;1;0;1;14;5;203 733 157;1;1;3;1;2007.0;5;2;2;12;2023;14;1;29;29232;2;1;1;6;47,98941700; -4,10894500;4;2;2;0;2;1;1;0;1;50;5;Blessé hospitalisé
202300049664;155 592 462;1;0;9;1;1;5;203 733 084;1;1;3;1;1966.0;5;2;2;4;2023;11;1;11;11401;1;1;1;6;42,90605400;2,72134200;3;2;1;0;1;3;1;0;1;80;6;Blessé hospitalisé
202300049674;155 592 444;1;0;9;1;1;5;203 733 055;1;1;3;1;1965.0;5;8;29;1;2023;11;1;19;19272;2;1;9;6;45,27787000;1,78350000;4;2;2;0;1;1;1;9;1;50;6;Blessé hospitalisé
202300049680;155 592 435;1;0;2;1;1;5;203 733 045;1;1;3;1;1975.0;5;2;2;4;2023;10;1;29;29277;1;1;1;2;48,36950800; -4,07391100;3;2;2;0;1;1;1;0;1;80;6;Blessé hospitalisé
202300049680;155 592 437;1;0;2;4;1;5;203 733 047;1;1;1;1;1980.0;5;2;2;4;2023;10;1;29;29277;1;1;1;2;48,36950800; -4,07391100;3;2;2;0;1;1;1;0;1;80;6;Indemne
202300049684;155 592 427;3;0;9;2;1;1;203 733 037;1;1;1;1;2002.0;0;1;17;7;2023;21;5;973;97302;2;1;1;1;4,92194000; -52,31260000;4;2;2;0;1;1;1;0;1;50;0;Indemne
202300049684;155 592 431;1;0;0;0;0;5;203 733 041;1;1;4;1;1971.0;0;8;17;7;2023;21;5;973;97302;2;1;1;1;4,92194000; -52,31260000;4;2;2;0;1;1;1;0;1;50;0;Blessé léger
202300049686;155 592 422;7;0;2;5;4;1;203 733 029;1;1;1;1;2004.0;5;1;8;5;2023;22;5;87;87085;2;1;1;3;45,84175000;1,25844000;4;2;2;0;2;1;1;0;1;50;0;Indemne
202300049686;155 592 426;1;0;2;1;1;5;203 733 034;1;1;4;1;1999.0;5;8;8;5;2023;22;5;87;87085;2;1;1;3;45,84175000;1,25844000;4;2;2;0;2;1;1;0;1;50;0;Blessé léger
202300049694;155 592 407;1;12;0;7;1;5;203 733 002;1;1;4;2;1981.0;1;8;17;7;2023;19;1;69;69034;2;1;1;6;45,80666537;4,85736089;4;2;2;1;1;1;1;2;1;30;0;Blessé léger
202300049732;155 592 339;1;13;0;0;1;5;203 732 917;1;1;3;1;1994.0;5;2;2;4;2023;18;1;2B;2B296;1;1;1;6;42,58456000;8,91969100;3;2;2;0;1;4;1;0;1;80;6;Blessé hospitalisé
202300049740;155 592 329;1;0;0;8;15;5;203 732 903;1;1;4;1;1966.0;5;2;15;7;2023;16;1;87;87085;2;2;1;7;45,83608000;1,25061000;4;2;3;0;2;1;2;5;1;30;5;Blessé léger
202300049740;155 592 329;1;0;0;8;15;5;203 732 903;1;1;4;1;1966.0;5;2;15;7;2023;16;1;87;87085;2;2;1;7;45,83608000;1,25061000;4;2;2;0;2;1;2;5;1;30;5;Blessé léger
202300049754;155 592 305;7;0;2;7;17;3;203 732 868;1;1;1;2;1961.0;5;1;13;7;2023;20;1;87;87085;2;3;1;6;45,81484000;1,22268000;4;2;2;0;1;1;1;0;1;50;3;Indemne
202300049754;155 592 305;7;0;2;7;17;3;203 732 868;1;1;1;2;1961.0;5;1;13;7;2023;20;1;87;87085;2;3;1;6;45,81484000;1,22268000;4;2;2;0;1;1;1;0;1;50;3;Indemne
202300049754;155 592 308;1;0;2;8;15;5;203 732 874;1;1;4;2;1972.0;1;2;13;7;2023;20;1;87;87085;2;3;1;6;45,81484000;1,22268000;4;2;2;0;1;1;1;0;1;50;3;Blessé léger
202300049754;155 592 308;1;0;2;8;15;5;203 732 874;1;1;4;2;1972.0;1;2;13;7;2023;20;1;87;87085;2;3;1;6;45,81484000;1,22268000;4;2;2;0;1;1;1;0;1;50;3;Blessé léger
202300049762;155 592 287;1;1;0;1;1;5;203 732 848;1;1;4;2;1978.0;5;2;25;8;2023;09;1;49;49007;2;1;1;3;47,48740000; -0,55673000;4;2;2;0;1;1;1;0;1;50;4;Blessé léger
202300049762;155 592 292;7;0;2;3;22;1;203 732 853;1;1;1;1;1978.0;5;8;25;8;2023;09;1;49;49007;2;1;1;3;47,48740000; -0,55673000;4;2;2;0;1;1;1;0;1;50;4;Indemne
202300049764;155 592 281;7;0;9;2;21;1;203 732 840;1;1;1;1;1965.0;5;1;10;5;2023;09;1;77;77131;1;1;3;3;48,81612000;3,11228000;3;2;2;0;4;1;3;2;1;80;2;Indemne
202300049764;155 592 286;1;0;2;8;2;5;203 732 847;1;1;4;1;1957.0;5;2;10;5;2023;09;1;77;77131;1;1;3;3;48,81612000;3,11228000;3;2;2;0;4;1;3;2;1;80;2;Blessé léger
202300049770;155 592 270;10;0;2;2;15;1;203 732 820;1;1;1;1;1996.0;1;1;17;7;2023;07;1;81;81060;2;1;1;3;44,05614000;2,16427000;3;2;2;0;4;1;1;0;1;50;0;Indemne
202300049770;155 592 273;80;0;2;1;1;3;203 732 829;1;1;3;1;1976.0;5;2;17;7;2023;07;1;81;81060;2;1;1;3;44,05614000;2,16427000;3;2;2;0;4;1;1;0;1;50;0;Blessé hospitalisé
202300049776;155 592 257;1;0;0;0;0;5;203 732 805;1;1;4;2;1998.0;1;8;9;5;2023;07;1;76;76351;2;6;2;3;49,49617600;0,10783200;4;2;2;0;1;1;2;0;1;50;1;Blessé léger
202300049776;155 592 257;1;0;0;0;0;5;203 732 805;1;1;4;2;1998.0;1;8;9;5;2023;07;1;76;76351;2;6;2;3;49,49617600;0,10783200;4;1;1;0;1;3;2;0;1;50;1;Blessé léger
202300049776;155 592 263;7;0;9;3;9;1;203 732 814;1;1;1;2;1978.0;2;1;9;5;2023;07;1;76;76351;2;6;2;3;49,49617600;0,10783200;4;2;2;0;1;1;2;0;1;50;1;Indemne
202300049776;155 592 263;7;0;9;3;9;1;203 732 814;1;1;1;2;1978.0;2;1;9;5;2023;07;1;76;76351;2;6;2;3;49,49617600;0,10783200;4;1;1;0;1;3;2;0;1;50;1;Indemne
202300049781;155 592 251;1;0;2;8;15;5;203 732 799;1;1;4;1;1985.0;9;0;17;2;2023;10;1;33;33268;2;3;1;3;45,03984000; -0,67683900;3;2;2;0;1;1;1;0;1;50;4;Blessé léger
202300049781;155 592 253;7;0;9;2;17;1;203 732 801;1;1;1;1;1947.0;9;8;17;2;2023;10;1;33;33268;2;3;1;3;45,03984000; -0,67683900;3;2;2;0;1;1;1;0;1;50;4;Indemne
202300049792;155 592 227;7;0;2;3;23;1;203 732 754;1;1;1;2;2002.0;5;1;2;4;2023;10;1;35;35072;1;4;1;3;48,25491564; -1,17964491;3;2;2;0;2;1;1;0;1;80;6;Indemne
202300049792;155 592 233;1;0;2;3;1;5;203 732 761;1;1;4;2;1971.0;5;2;2;4;2023;10;1;35;35072;1;4;1;3;48,25491564; -1,17964491;3;2;2;0;2;1;1;0;1;80;6;Blessé léger
202300049813;155 592 188;7;0;9;1;1;1;203 732 704;1;1;1;1;1961.0;5;1;2;12;2023;20;5;974;97410;2;6;1;1; -21,04731100;55,71709900;2;3;2;0;1;3;1;5;1;50;5;Indemne
202300049813;155 592 191;1;0;2;7;19;5;203 732 709;1;1;4;1;2008.0;5;0;2;12;2023;20;5;974;97410;2;6;1;1; -21,04731100;55,71709900;2;3;2;0;1;3;1;5;1;50;5;Blessé léger
202300049832;155 592 155;33;0;2;3;21;1;203 732 659;1;1;4;1;1983.0;4;2;30;9;2023;10;1;06;06136;1;1;1;1;43,85885400;7,44276500;3;2;2;0;2;4;1;0;1;80;5;Blessé léger
202300049832;155 592 158;1;0;2;1;2;5;203 732 664;1;1;3;2;1968.0;5;2;30;9;2023;10;1;06;06136;1;1;1;1;43,85885400;7,44276500;3;2;2;0;2;4;1;0;1;80;5;Blessé hospitalisé
202300049845;155 592 129;7;0;2;1;10;1;203 732 626;1;1;1;1;1995.0;5;1;26;8;2023;21;2;33;33063;2;1;1;3;44,85119000; -0,56072000;4;2;2;1;1;1;1;6;5;30;5;Indemne
202300049845;155 592 134;1;0;2;7;1;5;203 732 633;1;1;4;1;1976.0;0;0;26;8;2023;21;2;33;33063;2;1;1;3;44,85119000; -0,56072000;4;2;2;1;1;1;1;6;5;30;5;Blessé léger
202300049873;155 592 077;10;0;2;2;16;1;203 732 549;1;1;1;1;1990.0;4;1;25;8;2023;10;1;33;33063;2;2;1;3;44,82539000; -0,58920000;4;2;4;3;1;1;1;0;1;50;4;Indemne
202300049873;155 592 077;10;0;2;2;16;1;203 732 549;1;1;1;1;1990.0;4;1;25;8;2023;10;1;33;33063;2;2;1;3;44,82539000; -0,58920000;4;2;4;0;1;1;1;0;1;50;4;Indemne
202300049873;155 592 082;1;0;2;8;1;5;203 732 554;1;1;4;1;1972.0;1;0;25;8;2023;10;1;33;33063;2;2;1;3;44,82539000; -0,58920000;4;2;4;3;1;1;1;0;1;50;4;Blessé léger
202300049873;155 592 082;1;0;2;8;1;5;203 732 554;1;1;4;1;1972.0;1;0;25;8;2023;10;1;33;33063;2;2;1;3;44,82539000; -0,58920000;4;2;4;0;1;1;1;0;1;50;4;Blessé léger
202300049881;155 592 066;7;0;9;7;1;1;203 732 533;1;1;1;1;1965.0;0;1;7;7;2023;21;1;51;51454;2;2;1;3;49,25284000;4,04929000;4;2;2;0;1;1;1;0;1;50;4;Indemne
202300049881;155 592 072;1;0;2;1;1;5;203 732 542;1;1;4;1;1997.0;0;8;7;7;2023;21;1;51;51454;2;2;1;3;49,25284000;4,04929000;4;2;2;0;1;1;1;0;1;50;4;Blessé léger
202300049908;155 592 025;10;0;2;1;1;1;203 732 481;1;1;1;2;1949.0;0;1;13;6;2023;14;1;85;85191;2;2;1;3;46,67296900; -1,42368400;4;1;1;0;1;1;1;0;1;30;1;Indemne
202300049908;155 592 025;10;0;2;1;1;1;203 732 481;1;1;1;2;1949.0;0;1;13;6;2023;14;1;85;85191;2;2;1;3;46,67296900; -1,42368400;4;1;1;0;2;1;1;0;1;30;1;Indemne
202300049908;155 592 030;1;0;2;1;1;5;203 732 486;1;1;4;1;1953.0;5;8;13;6;2023;14;1;85;85191;2;2;1;3;46,67296900; -1,42368400;4;1;1;0;1;1;1;0;1;30;1;Blessé léger
202300049908;155 592 030;1;0;2;1;1;5;203 732 486;1;1;4;1;1953.0;5;8;13;6;2023;14;1;85;85191;2;2;1;3;46,67296900; -1,42368400;4;1;1;0;2;1;1;0;1;30;1;Blessé léger
202300049921;155 592 001;7;0;2;1;15;1;203 732 454;1;1;1;1;1944.0;0;1;9;5;2023;08;1;67;67482;2;3;8;3;48,55444000;7,76624000;4;1;2;1;1;1;1;0;1;50;1;Indemne
202300049921;155 592 001;7;0;2;1;15;1;203 732 454;1;1;1;1;1944.0;0;1;9;5;2023;08;1;67;67482;2;3;8;3;48,55444000;7,76624000;4;1;5;1;1;1;1;0;1;50;1;Indemne
202300049921;155 592 008;1;0;2;0;19;5;203 732 461;1;1;4;2;1997.0;1;8;9;5;2023;08;1;67;67482;2;3;8;3;48,55444000;7,76624000;4;1;2;1;1;1;1;0;1;50;1;Blessé léger
202300049921;155 592 008;1;0;2;0;19;5;203 732 461;1;1;4;2;1997.0;1;8;9;5;2023;08;1;67;67482;2;3;8;3;48,55444000;7,76624000;4;1;5;1;1;1;1;0;1;50;1;Blessé léger
202300049924;155 591 994;80;0;2;0;12;3;203 732 444;1;1;3;1;1942.0;0;0;30;9;2023;14;1;60;60142;2;6;1;3;49,10041500;2,52868500;3;1;2;0;1;3;1;0;1;50;5;Blessé hospitalisé
202300049924;155 591 998;7;0;9;6;16;3;203 732 450;2;2;1;2;1997.0;5;1;30;9;2023;14;1;60;60142;2;6;1;3;49,10041500;2,52868500;3;1;2;0;1;3;1;0;1;50;5;Indemne
202300049924;155 591 998;7;0;9;6;16;3;203 732 453;1;1;1;1;1978.0;5;1;30;9;2023;14;1;60;60142;2;6;1;3;49,10041500;2,52868500;3;1;2;0;1;3;1;0;1;50;5;Indemne
202300049954;155 591 944;80;0;2;1;1;3;203 732 372;1;1;4;2;1960.0;5;2;30;3;2023;18;1;67;67365;2;3;1;3;48,54961000;7,71005000;4;2;4;1;1;1;1;0;5;50;3;Blessé léger
202300049954;155 591 944;80;0;2;1;1;3;203 732 372;1;1;4;2;1960.0;5;2;30;3;2023;18;1;67;67365;2;3;1;3;48,54961000;7,71005000;4;2;2;0;2;1;1;0;5;30;3;Blessé léger
202300049954;155 591 951;7;0;2;2;16;1;203 732 383;1;1;1;1;1965.0;1;1;30;3;2023;18;1;67;67365;2;3;1;3;48,54961000;7,71005000;4;2;4;1;1;1;1;0;5;50;3;Indemne
202300049954;155 591 951;7;0;2;2;16;1;203 732 383;1;1;1;1;1965.0;1;1;30;3;2023;18;1;67;67365;2;3;1;3;48,54961000;7,71005000;4;2;2;0;2;1;1;0;5;30;3;Indemne
202300049964;155 591 928;1;0;9;1;0;5;203 732 349;1;1;4;1;2018.0;0;2;13;6;2023;08;1;72;72181;2;9;1;3;48,01320000;0,17460000;4;2;1;1;1;1;1;2;5;25;1;Blessé léger
202300049964;155 591 931;50;0;9;1;1;3;203 732 354;1;1;1;1;1994.0;0;2;13;6;2023;08;1;72;72181;2;9;1;3;48,01320000;0,17460000;4;2;1;1;1;1;1;2;5;25;1;Indemne
202300049974;155 591 915;33;0;2;2;2;1;203 732 331;1;1;1;1;1967.0;3;2;29;9;2023;08;1;69;69225;1;4;1;3;45,87442500;4,41096800;4;2;2;0;2;1;1;0;1;80;4;Indemne
202300049974;155 591 918;80;0;2;1;5;3;203 732 334;1;1;3;2;1962.0;3;2;29;9;2023;08;1;69;69225;1;4;1;3;45,87442500;4,41096800;4;2;2;0;2;1;1;0;1;80;4;Blessé hospitalisé