Num_Acc;id_vehicule;catv;obs;obsm;choc;manv;motor;id_usager;place;catu;grav;sexe;an_nais;trajet;secu1;jour;mois;an;hrmn;lum;dep;com;agg;int;atm;col;lat;long;catr;circ;nbv;vosp;prof;plan;surf;infra;situ;vma;day_of_week;gravity
202300051402;155 589 364;10;0;2;3;15;1;203 728 880;1;1;1;1;1993.0;0;1;28;10;2023;21;5;28;28085;2;1;2;3;48,44651000;1,47974000;4;2;8;0;2;1;2;0;1;30;5;Indemne
202300051402;155 589 366;1;0;2;3;1;5;203 728 883;1;1;4;1;1995.0;0;8;28;10;2023;21;5;28;28085;2;1;2;3;48,44651000;1,47974000;4;2;8;0;2;1;2;0;1;30;5;Blessé léger
202300051422;155 589 331;1;0;2;1;1;5;203 728 834;1;1;3;1;1959.0;5;0;26;8;2023;18;1;37;37079;2;2;1;3;47,33127754;1,04613125;3;2;2;0;1;1;1;0;1;50;5;Blessé hospitalisé
202300051422;155 589 331;1;0;2;1;1;5;203 728 834;1;1;3;1;1959.0;5;0;26;8;2023;18;1;37;37079;2;2;1;3;47,33127754;1,04613125;3;2;2;0;2;1;1;0;1;50;5;Blessé hospitalisé
202300051422;155 589 334;7;0;2;5;15;1;203 728 838;1;1;1;1;1979.0;0;1;26;8;2023;18;1;37;37079;2;2;1;3;47,33127754;1,04613125;3;2;2;0;1;1;1;0;1;50;5;Indemne
202300051422;155 589 334;7;0;2;5;15;1;203 728 838;1;1;1;1;1979.0;0;1;26;8;2023;18;1;37;37079;2;2;1;3;47,33127754;1,04613125;3;2;2;0;2;1;1;0;1;50;5;Indemne
202300051435;155 589 313;7;0;2;8;1;1;203 728 810;1;1;1;2;1975.0;5;1;16;7;2023;10;1;14;14397;1;1;1;3;49,30376200; -0,85426700;4;2;2;0;1;2;1;0;1;80;6;Indemne
202300051435;155 589 317;1;0;2;3;21;5;203 728 812;1;1;4;1;1956.0;5;2;16;7;2023;10;1;14;14397;1;1;1;3;49,30376200; -0,85426700;4;2;2;0;1;2;1;0;1;80;6;Blessé léger
202300051437;155 589 307;10;0;2;3;1;1;203 728 802;1;1;1;1;1995.0;5;8;27;10;2023;14;1;13;13208;2;2;1;3;43,27000000;5,39000000;4;1;3;0;1;1;1;0;1;50;4;Indemne
202300051437;155 589 307;10;0;2;3;1;1;203 728 802;1;1;1;1;1995.0;5;8;27;10;2023;14;1;13;13208;2;2;1;3;43,27000000;5,39000000;4;2;2;0;1;1;1;0;1;50;4;Indemne
202300051437;155 589 307;10;0;2;3;1;1;203 728 802;1;1;1;1;1995.0;5;8;27;10;2023;14;1;13;13208;2;2;1;3;43,27000000;5,39000000;4;2;4;0;1;1;1;0;1;50;4;Indemne
202300051437;155 589 315;1;0;2;0;1;5;203 728 811;2;2;4;2;2008.0;0;8;27;10;2023;14;1;13;13208;2;2;1;3;43,27000000;5,39000000;4;1;3;0;1;1;1;0;1;50;4;Blessé léger
202300051437;155 589 315;1;0;2;0;1;5;203 728 811;2;2;4;2;2008.0;0;8;27;10;2023;14;1;13;13208;2;2;1;3;43,27000000;5,39000000;4;2;2;0;1;1;1;0;1;50;4;Blessé léger
202300051437;155 589 315;1;0;2;0;1;5;203 728 811;2;2;4;2;2008.0;0;8;27;10;2023;14;1;13;13208;2;2;1;3;43,27000000;5,39000000;4;2;4;0;1;1;1;0;1;50;4;Blessé léger
202300051437;155 589 315;1;0;2;0;1;5;203 728 814;1;1;4;1;2008.0;5;8;27;10;2023;14;1;13;13208;2;2;1;3;43,27000000;5,39000000;4;1;3;0;1;1;1;0;1;50;4;Blessé léger
202300051437;155 589 315;1;0;2;0;1;5;203 728 814;1;1;4;1;2008.0;5;8;27;10;2023;14;1;13;13208;2;2;1;3;43,27000000;5,39000000;4;2;2;0;1;1;1;0;1;50;4;Blessé léger
202300051437;155 589 315;1;0;2;0;1;5;203 728 814;1;1;4;1;2008.0;5;8;27;10;2023;14;1;13;13208;2;2;1;3;43,27000000;5,39000000;4;2;4;0;1;1;1;0;1;50;4;Blessé léger
202300051444;155 589 295;1;0;2;1;9;5;203 728 787;1;1;3;1;2008.0;5;0;1;4;2023;09;1;83;83054;2;3;1;3;43,16608500;6,03032500;4;2;1;0;2;1;1;0;1;50;5;Blessé hospitalisé
202300051444;155 589 299;7;0;9;3;1;1;203 728 794;1;1;1;1;1958.0;5;1;1;4;2023;09;1;83;83054;2;3;1;3;43,16608500;6,03032500;4;2;1;0;2;1;1;0;1;50;5;Indemne
202300051449;155 589 285;15;0;2;1;1;1;203 728 775;1;1;1;1;1971.0;4;1;17;7;2023;16;1;64;64529;1;1;1;2;43,30397600; -0,76271300;3;2;2;0;1;2;1;0;1;80;0;Indemne
202300051449;155 589 288;80;0;2;4;1;3;203 728 778;1;1;3;1;1945.0;5;0;17;7;2023;16;1;64;64529;1;1;1;2;43,30397600; -0,76271300;3;2;2;0;1;2;1;0;1;80;0;Blessé hospitalisé
202300051450;155 589 283;7;0;2;1;2;1;203 728 773;1;1;1;1;1998.0;5;1;12;6;2023;14;1;75;75117;2;4;1;3;48,88883500;2,30440000;4;2;3;1;1;1;1;0;1;50;0;Indemne
202300051450;155 589 283;7;0;2;1;2;1;203 728 773;1;1;1;1;1998.0;5;1;12;6;2023;14;1;75;75117;2;4;1;3;48,88883500;2,30440000;4;1;2;2;1;1;1;0;1;30;0;Indemne
202300051450;155 589 286;1;0;2;1;1;5;203 728 776;1;1;4;1;1998.0;1;8;12;6;2023;14;1;75;75117;2;4;1;3;48,88883500;2,30440000;4;2;3;1;1;1;1;0;1;50;0;Blessé léger
202300051450;155 589 286;1;0;2;1;1;5;203 728 776;1;1;4;1;1998.0;1;8;12;6;2023;14;1;75;75117;2;4;1;3;48,88883500;2,30440000;4;1;2;2;1;1;1;0;1;30;0;Blessé léger
202300051452;155 589 280;1;0;2;4;2;5;203 728 770;1;1;4;1;2018.0;5;2;2;12;2023;11;1;92;92014;2;2;1;3;48,77395595;2,31812131;4;2;1;0;2;1;1;0;1;30;5;Blessé léger
202300051452;155 589 280;1;0;2;4;2;5;203 728 770;1;1;4;1;2018.0;5;2;2;12;2023;11;1;92;92014;2;2;1;3;48,77395595;2,31812131;4;2;2;0;1;1;1;0;8;30;5;Blessé léger
202300051452;155 589 284;7;0;2;2;15;1;203 728 774;1;1;1;1;1965.0;5;8;2;12;2023;11;1;92;92014;2;2;1;3;48,77395595;2,31812131;4;2;1;0;2;1;1;0;1;30;5;Indemne
202300051452;155 589 284;7;0;2;2;15;1;203 728 774;1;1;1;1;1965.0;5;8;2;12;2023;11;1;92;92014;2;2;1;3;48,77395595;2,31812131;4;2;2;0;1;1;1;0;8;30;5;Indemne
202300051461;155 589 263;1;0;2;8;16;5;203 728 746;1;1;4;2;1984.0;9;8;12;6;2023;08;1;75;75114;2;3;1;3;48,84371500;2,32426800;4;2;6;1;1;1;1;0;1;30;0;Blessé léger
202300051461;155 589 263;1;0;2;8;16;5;203 728 746;1;1;4;2;1984.0;9;8;12;6;2023;08;1;75;75114;2;3;1;3;48,84371500;2,32426800;4;2;4;0;1;1;1;0;1;30;0;Blessé léger
202300051461;155 589 266;7;0;2;0;16;3;203 728 749;1;1;1;1;2000.0;9;8;12;6;2023;08;1;75;75114;2;3;1;3;48,84371500;2,32426800;4;2;6;1;1;1;1;0;1;30;0;Indemne
202300051461;155 589 266;7;0;2;0;16;3;203 728 749;1;1;1;1;2000.0;9;8;12;6;2023;08;1;75;75114;2;3;1;3;48,84371500;2,32426800;4;2;4;0;1;1;1;0;1;30;0;Indemne
202300051467;155 589 249;7;0;2;1;16;1;203 728 727;1;1;1;1;1986.0;3;1;10;6;2023;16;1;75;75114;2;2;1;1;48,82546600;2,30234500;4;1;1;0;1;1;1;0;1;30;5;Indemne
202300051467;155 589 249;7;0;2;1;16;1;203 728 727;1;1;1;1;1986.0;3;1;10;6;2023;16;1;75;75114;2;2;1;1;48,82546600;2,30234500;4;1;2;1;1;1;1;0;1;30;5;Indemne
202300051467;155 589 252;1;0;2;3;1;5;203 728 732;1;1;4;1;1984.0;5;2;10;6;2023;16;1;75;75114;2;2;1;1;48,82546600;2,30234500;4;1;1;0;1;1;1;0;1;30;5;Blessé léger
202300051467;155 589 252;1;0;2;3;1;5;203 728 732;1;1;4;1;1984.0;5;2;10;6;2023;16;1;75;75114;2;2;1;1;48,82546600;2,30234500;4;1;2;1;1;1;1;0;1;30;5;Blessé léger
202300051471;155 589 243;7;0;2;2;15;1;203 728 721;1;1;1;1;1986.0;1;1;28;10;2023;07;5;06;06088;2;1;1;3;43,67483000;7,22342000;4;2;2;0;2;1;1;0;1;50;5;Indemne
202300051471;155 589 247;1;0;2;0;0;5;203 728 728;1;1;3;1;1985.0;0;2;28;10;2023;07;5;06;06088;2;1;1;3;43,67483000;7,22342000;4;2;2;0;2;1;1;0;1;50;5;Blessé hospitalisé
202300051485;155 589 222;1;0;0;2;0;5;203 728 691;1;1;3;1;1978.0;5;2;25;8;2023;20;1;67;67023;1;2;1;7;48,77862700;7,71916200;3;2;2;0;2;1;1;0;1;80;4;Blessé hospitalisé
202300051492;155 589 210;7;0;9;2;17;1;203 728 673;1;1;1;1;1942.0;0;1;25;8;2023;11;1;55;55427;2;6;1;3;48,82115100;4,98165300;3;2;2;0;1;3;1;0;1;50;4;Indemne
202300051492;155 589 216;1;0;2;3;15;5;203 728 678;1;1;3;1;1957.0;0;2;25;8;2023;11;1;55;55427;2;6;1;3;48,82115100;4,98165300;3;2;2;0;1;3;1;0;1;50;4;Blessé hospitalisé
202300051494;155 589 207;7;0;2;3;2;1;203 728 670;1;1;1;1;1959.0;4;1;12;6;2023;18;1;75;75110;2;1;1;3;48,88221700;2,35073800;4;3;6;1;1;1;1;0;1;50;0;Indemne
202300051494;155 589 208;1;0;2;3;12;5;203 728 671;1;1;4;1;1976.0;5;8;12;6;2023;18;1;75;75110;2;1;1;3;48,88221700;2,35073800;4;3;6;1;1;1;1;0;1;50;0;Blessé léger
202300051513;155 589 174;7;0;2;6;20;1;203 728 623;1;1;1;1;1972.0;5;1;28;10;2023;12;1;75;75119;2;1;1;2;48,87814700;2,37189500;4;2;2;0;2;1;1;0;1;30;5;Indemne
202300051513;155 589 174;7;0;2;6;20;1;203 728 626;4;2;1;1;1973.0;5;1;28;10;2023;12;1;75;75119;2;1;1;2;48,87814700;2,37189500;4;2;2;0;2;1;1;0;1;30;5;Indemne
202300051513;155 589 174;7;0;2;6;20;1;203 728 628;2;2;1;1;2010.0;5;1;28;10;2023;12;1;75;75119;2;1;1;2;48,87814700;2,37189500;4;2;2;0;2;1;1;0;1;30;5;Indemne
202300051513;155 589 174;7;0;2;6;20;1;203 728 632;5;2;1;2;2001.0;9;1;28;10;2023;12;1;75;75119;2;1;1;2;48,87814700;2,37189500;4;2;2;0;2;1;1;0;1;30;5;Indemne
202300051513;155 589 183;1;1;2;2;1;5;203 728 637;1;1;4;1;1998.0;9;8;28;10;2023;12;1;75;75119;2;1;1;2;48,87814700;2,37189500;4;2;2;0;2;1;1;0;1;30;5;Blessé léger
202300051519;155 589 164;1;0;2;2;1;5;203 728 610;1;1;3;1;1997.0;5;2;26;8;2023;09;1;69;69069;2;3;3;3;45,74734200;4,74307900;7;2;2;0;1;1;2;0;1;30;5;Blessé hospitalisé
202300051519;155 589 164;1;0;2;2;1;5;203 728 610;1;1;3;1;1997.0;5;2;26;8;2023;09;1;69;69069;2;3;3;3;45,74734200;4,74307900;7;2;2;2;1;1;2;0;1;30;5;Blessé hospitalisé
202300051519;155 589 167;7;0;2;3;1;1;203 728 613;1;1;1;2;1956.0;3;1;26;8;2023;09;1;69;69069;2;3;3;3;45,74734200;4,74307900;7;2;2;0;1;1;2;0;1;30;5;Indemne
202300051519;155 589 167;7;0;2;3;1;1;203 728 613;1;1;1;2;1956.0;3;1;26;8;2023;09;1;69;69069;2;3;3;3;45,74734200;4,74307900;7;2;2;2;1;1;2;0;1;30;5;Indemne
202300051520;155 589 162;1;0;2;0;1;5;203 728 606;1;1;1;1;2001.0;5;2;28;10;2023;10;1;75;75119;2;1;1;4;48,87425500;2,37464000;4;2;4;1;1;1;1;0;5;30;5;Indemne
202300051520;155 589 163;1;0;2;4;1;5;203 728 609;1;1;1;1;2001.0;5;2;28;10;2023;10;1;75;75119;2;1;1;4;48,87425500;2,37464000;4;2;4;1;1;1;1;0;5;30;5;Indemne
202300051520;155 589 166;1;0;2;1;1;5;203 728 612;1;1;4;1;2001.0;5;2;28;10;2023;10;1;75;75119;2;1;1;4;48,87425500;2,37464000;4;2;4;1;1;1;1;0;5;30;5;Blessé léger
202300051542;155 589 124;7;0;2;3;15;1;203 728 555;1;1;1;2;1991.0;9;1;9;5;2023;13;1;75;75117;2;3;2;3;48,87927600;2,30306100;4;1;1;0;1;1;2;0;1;30;1;Indemne
202300051542;155 589 124;7;0;2;3;15;1;203 728 555;1;1;1;2;1991.0;9;1;9;5;2023;13;1;75;75117;2;3;2;3;48,87927600;2,30306100;4;2;2;0;1;1;2;0;1;30;1;Indemne
202300051542;155 589 127;1;0;2;8;1;5;203 728 559;1;1;4;2;1994.0;3;2;9;5;2023;13;1;75;75117;2;3;2;3;48,87927600;2,30306100;4;1;1;0;1;1;2;0;1;30;1;Blessé léger
202300051542;155 589 127;1;0;2;8;1;5;203 728 559;1;1;4;2;1994.0;3;2;9;5;2023;13;1;75;75117;2;3;2;3;48,87927600;2,30306100;4;2;2;0;1;1;2;0;1;30;1;Blessé léger
202300051563;155 589 089;1;0;2;1;1;5;203 728 500;1;1;4;1;1995.0;1;8;9;5;2023;08;1;75;75113;2;1;2;3;48,83239100;2,36113300;4;1;5;0;2;1;2;0;1;30;1;Blessé léger
202300051563;155 589 090;7;0;2;2;9;1;203 728 504;1;1;1;1;1972.0;1;1;9;5;2023;08;1;75;75113;2;1;2;3;48,83239100;2,36113300;4;1;5;0;2;1;2;0;1;30;1;Indemne
202300051570;155 589 081;80;0;2;8;15;3;203 728 493;1;1;4;1;2000.0;4;8;9;5;2023;20;5;75;75112;2;2;1;3;48,84089000;2,40469100;4;2;2;0;2;1;1;0;1;30;1;Blessé léger
202300051570;155 589 081;80;0;2;8;15;3;203 728 493;1;1;4;1;2000.0;4;8;9;5;2023;20;5;75;75112;2;2;1;3;48,84089000;2,40469100;4;1;1;0;1;1;1;0;1;30;1;Blessé léger
202300051570;155 589 082;43;0;2;1;1;1;203 728 494;1;1;1;1;1980.0;1;2;9;5;2023;20;5;75;75112;2;2;1;3;48,84089000;2,40469100;4;2;2;0;2;1;1;0;1;30;1;Indemne
202300051570;155 589 082;43;0;2;1;1;1;203 728 494;1;1;1;1;1980.0;1;2;9;5;2023;20;5;75;75112;2;2;1;3;48,84089000;2,40469100;4;1;1;0;1;1;1;0;1;30;1;Indemne
202300051597;155 589 035;33;1;9;7;17;1;203 728 431;1;1;1;1;1998.0;0;2;12;6;2023;20;1;92;92051;1;1;1;3;48,89547788;2,27138579;3;1;4;0;1;1;1;9;1;50;0;Indemne
202300051597;155 589 038;1;1;0;6;17;5;203 728 435;1;1;4;1;1970.0;0;8;12;6;2023;20;1;92;92051;1;1;1;3;48,89547788;2,27138579;3;1;4;0;1;1;1;9;1;50;0;Blessé léger
202300051615;155 588 997;7;0;2;2;9;1;203 728 373;1;1;1;1;1992.0;0;1;28;10;2023;21;3;94;94073;1;1;2;5;48,75888000;2,36864000;3;1;1;0;1;1;2;9;1;70;5;Indemne
202300051615;155 589 002;7;0;2;6;4;1;203 728 377;1;1;1;1;1977.0;0;1;28;10;2023;21;3;94;94073;1;1;2;5;48,75888000;2,36864000;3;1;1;0;1;1;2;9;1;70;5;Indemne
202300051615;155 589 004;1;0;2;4;1;5;203 728 378;1;1;4;1;1957.0;0;8;28;10;2023;21;3;94;94073;1;1;2;5;48,75888000;2,36864000;3;1;1;0;1;1;2;9;1;70;5;Blessé léger
202300051640;155 588 951;1;14;0;1;26;5;203 728 313;1;1;4;1;1960.0;1;8;12;6;2023;17;1;92;92036;2;1;1;6;48,94084600;2,30357100;3;2;4;0;1;1;1;0;1;50;0;Blessé léger
202300051646;155 588 934;80;0;2;3;1;3;203 728 290;1;1;4;1;1977.0;0;2;12;6;2023;12;1;92;92012;2;1;1;2;48,83151700;2,23649800;3;1;4;1;1;1;1;0;1;50;0;Blessé léger
202300051646;155 588 939;10;0;2;5;4;1;203 728 297;1;1;1;1;2001.0;0;1;12;6;2023;12;1;92;92012;2;1;1;2;48,83151700;2,23649800;3;1;4;1;1;1;1;0;1;50;0;Indemne
202300051655;155 588 920;7;0;9;1;1;1;203 728 273;1;1;1;1;1994.0;1;1;12;6;2023;17;1;92;92002;2;6;1;1;48,76378138;2,30928808;3;2;4;1;1;1;1;0;1;50;0;Indemne
202300051655;155 588 920;7;0;9;1;1;1;203 728 273;1;1;1;1;1994.0;1;1;12;6;2023;17;1;92;92002;2;6;1;1;48,76378138;2,30928808;3;4;4;1;1;1;1;0;1;50;0;Indemne
202300051655;155 588 926;1;0;2;1;15;5;203 728 279;1;1;4;2;1977.0;1;2;12;6;2023;17;1;92;92002;2;6;1;1;48,76378138;2,30928808;3;2;4;1;1;1;1;0;1;50;0;Blessé léger
202300051655;155 588 926;1;0;2;1;15;5;203 728 279;1;1;4;2;1977.0;1;2;12;6;2023;17;1;92;92002;2;6;1;1;48,76378138;2,30928808;3;4;4;1;1;1;1;0;1;50;0;Blessé léger
202300051665;155 588 895;80;0;2;1;1;3;203 728 241;1;1;4;2;1974.0;1;2;28;9;2023;16;1;69;69244;2;1;1;1;45,75844400;4,75488100;4;2;2;0;2;1;1;2;1;50;3;Blessé léger
202300051665;155 588 901;7;0;2;3;1;1;203 728 249;1;1;1;2;1953.0;5;1;28;9;2023;16;1;69;69244;2;1;1;1;45,75844400;4,75488100;4;2;2;0;2;1;1;2;1;50;3;Indemne
202300051669;155 588 887;7;0;2;2;1;1;203 728 233;1;1;1;1;1999.0;1;1;16;7;2023;21;3;971;97128;1;1;1;1;16,22518200; -61,40304900;4;2;1;0;1;2;2;0;1;70;6;Indemne
202300051669;155 588 890;1;0;2;0;13;5;203 728 236;1;1;3;1;2005.0;0;0;16;7;2023;21;3;971;97128;1;1;1;1;16,22518200; -61,40304900;4;2;1;0;1;2;2;0;1;70;6;Blessé hospitalisé
202300051705;155 588 822;7;0;2;7;16;1;203 728 148;1;1;1;1;1986.0;0;1;7;4;2023;16;1;93;93001;2;2;1;3;48,91435000;2,38089000;3;2;4;1;1;1;1;0;5;50;4;Indemne
202300051705;155 588 828;1;0;2;8;1;5;203 728 154;1;1;4;1;1999.0;0;8;7;4;2023;16;1;93;93001;2;2;1;3;48,91435000;2,38089000;3;2;4;1;1;1;1;0;5;50;4;Blessé léger
202300051740;155 588 757;1;0;2;0;1;5;203 728 061;1;1;4;1;1976.0;1;2;9;5;2023;10;1;92;92049;2;1;2;7;48,81605920;2,31297880;4;2;2;1;1;1;2;0;5;50;1;Blessé léger
202300051740;155 588 760;7;0;9;0;0;1;203 728 064;1;1;1;1;1980.0;1;1;9;5;2023;10;1;92;92049;2;1;2;7;48,81605920;2,31297880;4;2;2;1;1;1;2;0;5;50;1;Indemne
202300051757;155 588 722;7;0;2;7;26;1;203 728 020;1;1;1;1;1969.0;0;1;9;5;2023;09;1;92;92044;2;1;3;3;48,89290000;2,30041000;4;1;3;1;1;1;2;0;1;50;1;Indemne
202300051757;155 588 730;1;0;2;6;1;5;203 728 029;1;1;4;2;1988.0;1;8;9;5;2023;09;1;92;92044;2;1;3;3;48,89290000;2,30041000;4;1;3;1;1;1;2;0;1;50;1;Blessé léger
202300051779;155 588 690;7;0;9;2;1;1;203 727 977;1;1;1;1;1936.0;3;1;16;2;2023;13;1;47;47185;1;1;1;2;44,46512000;0,95229100;3;2;2;0;1;1;1;0;1;80;3;Indemne
202300051779;155 588 696;1;0;0;4;1;5;203 727 984;1;1;3;1;1947.0;5;2;16;2;2023;13;1;47;47185;1;1;1;2;44,46512000;0,95229100;3;2;2;0;1;1;1;0;1;80;3;Blessé hospitalisé
202300051782;155 588 682;1;0;2;1;1;5;203 727 967;1;1;4;1;2009.0;2;0;29;9;2023;07;2;33;33238;1;2;1;3;44,73438000; -0,57948100;3;2;2;0;1;2;1;0;1;80;4;Blessé léger
202300051782;155 588 682;1;0;2;1;1;5;203 727 967;1;1;4;1;2009.0;2;0;29;9;2023;07;2;33;33238;1;2;1;3;44,73438000; -0,57948100;3;2;2;0;1;2;1;0;1;80;4;Blessé léger
202300051782;155 588 687;7;0;2;3;1;1;203 727 973;1;1;1;2;1992.0;1;1;29;9;2023;07;2;33;33238;1;2;1;3;44,73438000; -0,57948100;3;2;2;0;1;2;1;0;1;80;4;Indemne
202300051782;155 588 687;7;0;2;3;1;1;203 727 973;1;1;1;2;1992.0;1;1;29;9;2023;07;2;33;33238;1;2;1;3;44,73438000; -0,57948100;3;2;2;0;1;2;1;0;1;80;4;Indemne
202300051793;155 588 655;7;0;2;2;17;1;203 727 935;1;1;1;1;1941.0;5;1;12;6;2023;18;1;35;35162;1;1;1;3;48,47168598; -1,16227895;3;2;2;0;1;1;1;0;1;80;0;Indemne
202300051793;155 588 661;1;0;2;3;1;5;203 727 944;1;1;3;1;1970.0;5;2;12;6;2023;18;1;35;35162;1;1;1;3;48,47168598; -1,16227895;3;2;2;0;1;1;1;0;1;80;0;Blessé hospitalisé
202300051801;155 588 641;7;0;2;2;16;1;203 727 916;1;1;1;1;1978.0;0;1;9;5;2023;20;1;92;92026;2;3;1;3;48,89394027;2,25652456;3;2;2;0;1;1;1;0;8;30;1;Indemne
202300051801;155 588 641;7;0;2;2;16;1;203 727 916;1;1;1;1;1978.0;0;1;9;5;2023;20;1;92;92026;2;3;1;3;48,89394027;2,25652456;3;1;3;2;2;1;1;0;5;30;1;Indemne
202300051801;155 588 647;1;0;2;1;1;5;203 727 923;1;1;4;1;1978.0;5;2;9;5;2023;20;1;92;92026;2;3;1;3;48,89394027;2,25652456;3;2;2;0;1;1;1;0;8;30;1;Blessé léger
202300051801;155 588 647;1;0;2;1;1;5;203 727 923;1;1;4;1;1978.0;5;2;9;5;2023;20;1;92;92026;2;3;1;3;48,89394027;2,25652456;3;1;3;2;2;1;1;0;5;30;1;Blessé léger
202300051832;155 588 589;1;0;2;1;5;5;203 727 845;1;1;4;2;2007.0;5;0;10;6;2023;12;1;01;01266;2;3;1;3;46,33276900;5,12400600;3;2;2;0;1;1;1;0;1;30;5;Blessé léger
202300051832;155 588 596;10;0;2;2;1;1;203 727 855;1;1;1;1;2002.0;3;1;10;6;2023;12;1;01;01266;2;3;1;3;46,33276900;5,12400600;3;2;2;0;1;1;1;0;1;30;5;Indemne
202300051855;155 588 550;1;0;0;0;1;5;203 727 789;1;1;4;1;1953.0;5;2;10;5;2023;15;1;23;23154;1;1;2;7;46,13061600;2,02373700;4;2;2;0;2;2;2;0;1;90;2;Blessé léger
202300051878;155 588 512;1;0;0;1;1;5;203 727 742;1;1;3;2;2003.0;5;2;9;5;2023;19;1;14;14061;1;1;2;7;48,98515785; -0,88450033;3;2;2;0;2;4;2;0;3;80;1;Blessé hospitalisé
202300051880;155 588 510;1;0;9;4;1;5;203 727 733;1;1;3;1;1964.0;5;2;7;2;2023;16;1;24;24274;1;1;1;2;44,80924300;0,46314200;3;2;2;0;1;1;1;0;1;70;1;Blessé hospitalisé
202300051880;155 588 515;13;0;9;0;17;1;203 727 741;1;1;1;1;1992.0;4;1;7;2;2023;16;1;24;24274;1;1;1;2;44,80924300;0,46314200;3;2;2;0;1;1;1;0;1;70;1;Indemne
202300051888;155 588 498;7;0;9;1;1;1;203 727 710;1;1;1;1;1985.0;5;1;12;6;2023;15;1;64;64314;1;1;1;2;43,21947000; -1,08618700;3;2;2;0;3;1;1;0;1;80;0;Indemne
202300051888;155 588 503;1;0;0;4;1;5;203 727 718;1;1;4;1;1962.0;5;2;12;6;2023;15;1;64;64314;1;1;1;2;43,21947000; -1,08618700;3;2;2;0;3;1;1;0;1;80;0;Blessé léger
202300051896;155 588 478;1;0;2;7;15;5;203 727 683;1;1;4;2;2005.0;5;2;26;9;2023;22;5;974;97411;2;3;1;3; -20,87520000;55,44500000;2;2;2;0;3;1;1;0;8;50;1;Blessé léger
202300051896;155 588 478;1;0;2;7;15;5;203 727 683;1;1;4;2;2005.0;5;2;26;9;2023;22;5;974;97411;2;3;1;3; -20,87520000;55,44500000;2;2;4;0;1;1;1;9;1;50;1;Blessé léger
202300051896;155 588 483;10;0;2;2;11;1;203 727 690;1;1;1;1;1967.0;5;1;26;9;2023;22;5;974;97411;2;3;1;3; -20,87520000;55,44500000;2;2;2;0;3;1;1;0;8;50;1;Indemne
202300051896;155 588 483;10;0;2;2;11;1;203 727 690;1;1;1;1;1967.0;5;1;26;9;2023;22;5;974;97411;2;3;1;3; -20,87520000;55,44500000;2;2;4;0;1;1;1;9;1;50;1;Indemne
202300051896;155 588 483;10;0;2;2;11;1;203 727 695;2;2;1;1;1967.0;0;1;26;9;2023;22;5;974;97411;2;3;1;3; -20,87520000;55,44500000;2;2;2;0;3;1;1;0;8;50;1;Indemne
202300051896;155 588 483;10;0;2;2;11;1;203 727 695;2;2;1;1;1967.0;0;1;26;9;2023;22;5;974;97411;2;3;1;3; -20,87520000;55,44500000;2;2;4;0;1;1;1;9;1;50;1;Indemne
202300051926;155 588 433;1;6;0;1;5;5;203 727 619;1;1;3;1;2007.0;0;0;27;9;2023;17;1;69;69381;2;1;1;6;45,77213727;4,83095238;4;1;2;3;2;2;1;1;6;50;2;Blessé hospitalisé
202300051926;155 588 433;1;6;0;1;5;5;203 727 623;2;2;2;1;2008.0;5;0;27;9;2023;17;1;69;69381;2;1;1;6;45,77213727;4,83095238;4;1;2;3;2;2;1;1;6;50;2;Tué
202300051949;155 588 390;1;0;2;2;1;5;203 727 563;1;1;3;1;1954.0;5;2;17;2;2023;13;1;34;34157;2;6;7;3;43,43135300;3,60355900;4;1;2;0;1;4;1;5;1;50;4;Blessé hospitalisé
202300051949;155 588 392;7;0;9;8;1;1;203 727 575;1;1;1;2;1960.0;5;1;17;2;2023;13;1;34;34157;2;6;7;3;43,43135300;3,60355900;4;1;2;0;1;4;1;5;1;50;4;Indemne
202300051974;155 588 351;7;0;2;1;13;1;203 727 512;1;1;1;1;1991.0;5;1;29;10;2023;09;1;29;29182;1;3;2;2;48,61337293; -3,68030684;3;2;2;0;1;1;2;0;1;80;6;Indemne
202300051974;155 588 355;1;0;2;8;15;5;203 727 518;1;1;2;1;1951.0;5;2;29;10;2023;09;1;29;29182;1;3;2;2;48,61337293; -3,68030684;3;2;2;0;1;1;2;0;1;80;6;Tué
202300051988;155 588 317;1;0;2;1;1;5;203 727 455;1;1;4;1;1969.0;5;2;13;6;2023;11;1;38;38052;1;4;1;3;45,06501900;6,04000200;3;2;2;0;4;1;1;0;1;50;1;Blessé léger
202300051988;155 588 317;1;0;2;1;1;5;203 727 455;1;1;4;1;1969.0;5;2;13;6;2023;11;1;38;38052;1;4;1;3;45,06501900;6,04000200;3;2;2;0;2;1;1;0;1;50;1;Blessé léger
202300051988;155 588 321;7;0;9;2;15;1;203 727 462;1;1;1;2;1974.0;4;1;13;6;2023;11;1;38;38052;1;4;1;3;45,06501900;6,04000200;3;2;2;0;4;1;1;0;1;50;1;Indemne
202300051988;155 588 321;7;0;9;2;15;1;203 727 462;1;1;1;2;1974.0;4;1;13;6;2023;11;1;38;38052;1;4;1;3;45,06501900;6,04000200;3;2;2;0;2;1;1;0;1;50;1;Indemne
202300052010;155 588 286;10;0;2;5;1;1;203 727 414;1;1;1;1;1984.0;4;1;29;3;2023;09;1;69;69389;2;1;1;2;45,78711000;4,80850000;4;2;2;3;1;1;1;0;1;50;2;Indemne