Num_Acc;id_vehicule;catv;obs;obsm;choc;manv;motor;id_usager;place;catu;grav;sexe;an_nais;trajet;secu1;jour;mois;an;hrmn;lum;dep;com;agg;int;atm;col;lat;long;catr;circ;nbv;vosp;prof;plan;surf;infra;situ;vma;day_of_week;gravity
202300053113;155 586 336;1;0;2;1;1;5;203 724 836;1;1;4;2;1978.0;0;8;24;8;2023;08;1;94;94015;2;3;1;1;48,84212200;2,53408800;4;2;2;0;1;1;1;0;1;50;3;Blessé léger
202300053113;155 586 336;1;0;2;1;1;5;203 724 836;1;1;4;2;1978.0;0;8;24;8;2023;08;1;94;94015;2;3;1;1;48,84212200;2,53408800;4;2;2;0;1;3;1;0;1;30;3;Blessé léger
202300053115;155 586 334;7;0;2;3;26;1;203 724 834;1;1;1;1;1966.0;5;1;24;9;2023;12;1;80;80021;2;2;1;3;49,89470000;2,29755000;4;1;1;0;1;1;1;0;1;30;6;Indemne
202300053115;155 586 334;7;0;2;3;26;1;203 724 834;1;1;1;1;1966.0;5;1;24;9;2023;12;1;80;80021;2;2;1;3;49,89470000;2,29755000;4;2;2;0;1;1;1;0;1;30;6;Indemne
202300053115;155 586 343;1;0;2;8;1;5;203 724 844;1;1;4;2;1982.0;5;2;24;9;2023;12;1;80;80021;2;2;1;3;49,89470000;2,29755000;4;1;1;0;1;1;1;0;1;30;6;Blessé léger
202300053115;155 586 343;1;0;2;8;1;5;203 724 844;1;1;4;2;1982.0;5;2;24;9;2023;12;1;80;80021;2;2;1;3;49,89470000;2,29755000;4;2;2;0;1;1;1;0;1;30;6;Blessé léger
202300053153;155 586 263;1;0;0;0;0;5;203 724 734;1;1;3;1;2009.0;5;0;15;2;2023;16;1;85;85178;2;1;1;7;46,76834000; -1,50316200;4;2;2;0;2;1;1;0;1;50;2;Blessé hospitalisé
202300053162;155 586 250;1;0;2;1;1;5;203 724 718;1;1;4;1;1959.0;5;2;15;2;2023;10;1;14;14322;1;6;1;3;49,25449380; -0,72422889;2;1;1;0;1;3;1;5;1;50;2;Blessé léger
202300053162;155 586 252;7;0;2;3;9;1;203 724 720;1;1;1;2;1967.0;3;1;15;2;2023;10;1;14;14322;1;6;1;3;49,25449380; -0,72422889;2;1;1;0;1;3;1;5;1;50;2;Indemne
202300053177;155 586 218;7;0;9;2;2;1;203 724 674;1;1;1;1;1975.0;4;1;9;6;2023;12;1;79;79174;2;6;1;3;46,22470000; -0,15504800;3;2;2;0;1;2;1;0;1;50;4;Indemne
202300053177;155 586 221;1;0;2;8;1;5;203 724 679;1;1;4;1;2005.0;5;0;9;6;2023;12;1;79;79174;2;6;1;3;46,22470000; -0,15504800;3;2;2;0;1;2;1;0;1;50;4;Blessé léger
202300053184;155 586 203;2;9;0;3;26;1;203 724 655;1;1;4;1;2007.0;5;2;12;6;2023;21;2;65;65389;2;1;1;1;43,07989500;0,48330700;4;2;2;0;1;1;1;0;1;50;0;Blessé léger
202300053184;155 586 207;1;0;2;0;26;5;203 724 661;1;1;4;2;2010.0;5;0;12;6;2023;21;2;65;65389;2;1;1;1;43,07989500;0,48330700;4;2;2;0;1;1;1;0;1;50;0;Blessé léger
202300053187;155 586 200;7;0;2;2;16;1;203 724 653;1;1;1;1;1979.0;9;1;24;8;2023;08;1;92;92007;2;3;1;3;48,79916000;2,32289000;3;2;3;1;1;1;1;0;5;50;3;Indemne
202300053187;155 586 200;7;0;2;2;16;1;203 724 653;1;1;1;1;1979.0;9;1;24;8;2023;08;1;92;92007;2;3;1;3;48,79916000;2,32289000;3;1;1;0;1;1;1;0;1;50;3;Indemne
202300053187;155 586 205;1;0;0;0;0;5;203 724 657;1;1;4;1;1995.0;0;2;24;8;2023;08;1;92;92007;2;3;1;3;48,79916000;2,32289000;3;2;3;1;1;1;1;0;5;50;3;Blessé léger
202300053187;155 586 205;1;0;0;0;0;5;203 724 657;1;1;4;1;1995.0;0;2;24;8;2023;08;1;92;92007;2;3;1;3;48,79916000;2,32289000;3;1;1;0;1;1;1;0;1;50;3;Blessé léger
202300053220;155 586 140;1;0;0;6;2;5;203 724 581;1;1;4;1;1967.0;5;2;25;8;2023;10;1;86;86174;1;6;1;2;46,78114800;0,53019200;3;1;1;0;1;2;1;0;1;90;4;Blessé léger
202300053220;155 586 143;7;0;2;2;9;1;203 724 587;1;1;1;2;2004.0;5;1;25;8;2023;10;1;86;86174;1;6;1;2;46,78114800;0,53019200;3;1;1;0;1;2;1;0;1;90;4;Indemne
202300053253;155 586 087;1;0;2;1;13;5;203 724 506;1;1;3;1;1978.0;4;0;8;5;2023;14;1;69;69282;2;1;1;1;45,76840392;4,98656767;4;2;2;0;1;3;1;0;1;50;0;Blessé hospitalisé
202300053253;155 586 091;7;0;2;2;1;1;203 724 512;1;1;4;1;1999.0;1;1;8;5;2023;14;1;69;69282;2;1;1;1;45,76840392;4,98656767;4;2;2;0;1;3;1;0;1;50;0;Blessé léger
202300053255;155 586 084;1;0;2;7;1;5;203 724 502;1;1;3;1;1971.0;5;2;25;8;2023;11;1;86;86070;2;3;1;3;46,56832500;0,63152300;3;2;1;0;1;1;1;0;1;50;4;Blessé hospitalisé
202300053255;155 586 088;7;0;2;3;10;1;203 724 507;1;1;1;2;1941.0;3;1;25;8;2023;11;1;86;86070;2;3;1;3;46,56832500;0,63152300;3;2;1;0;1;1;1;0;1;50;4;Indemne
202300053256;155 586 081;1;0;2;8;1;5;203 724 500;1;1;3;1;1955.0;5;2;10;6;2023;20;1;29;29117;1;1;1;2;48,56035428; -4,50586958;3;2;2;0;2;1;1;0;1;80;5;Blessé hospitalisé
202300053256;155 586 082;7;0;2;7;2;1;203 724 501;1;1;1;1;1987.0;5;8;10;6;2023;20;1;29;29117;1;1;1;2;48,56035428; -4,50586958;3;2;2;0;2;1;1;0;1;80;5;Indemne
202300053314;155 585 985;7;0;0;0;15;1;203 724 357;1;1;1;1;1955.0;3;1;7;7;2023;09;1;85;85164;2;3;1;3;46,82980000; -2,12068900;4;2;2;0;1;3;1;0;1;50;4;Indemne
202300053314;155 585 988;1;0;0;0;1;5;203 724 359;1;1;3;1;1954.0;5;0;7;7;2023;09;1;85;85164;2;3;1;3;46,82980000; -2,12068900;4;2;2;0;1;3;1;0;1;50;4;Blessé hospitalisé
202300053332;155 585 952;3;0;2;2;17;1;203 724 315;1;1;1;1;1948.0;3;1;28;3;2023;14;1;09;09160;2;1;1;3;42,93002600;1,85549300;3;2;2;0;1;1;1;0;1;30;1;Indemne
202300053332;155 585 957;1;0;0;3;1;5;203 724 322;1;1;4;2;1974.0;5;0;28;3;2023;14;1;09;09160;2;1;1;3;42,93002600;1,85549300;3;2;2;0;1;1;1;0;1;30;1;Blessé léger
202300053354;155 585 905;7;0;2;2;9;1;203 724 250;1;1;1;2;1955.0;5;8;26;9;2023;10;1;59;59009;1;3;1;2;50,64367000;3,13563000;4;2;2;0;1;1;1;0;1;50;1;Indemne
202300053354;155 585 905;7;0;2;2;9;1;203 724 250;1;1;1;2;1955.0;5;8;26;9;2023;10;1;59;59009;1;3;1;2;50,64367000;3,13563000;4;2;0;0;1;1;1;0;1;50;1;Indemne
202300053354;155 585 911;1;0;2;4;0;5;203 724 259;1;1;4;1;1985.0;5;8;26;9;2023;10;1;59;59009;1;3;1;2;50,64367000;3,13563000;4;2;2;0;1;1;1;0;1;50;1;Blessé léger
202300053354;155 585 911;1;0;2;4;0;5;203 724 259;1;1;4;1;1985.0;5;8;26;9;2023;10;1;59;59009;1;3;1;2;50,64367000;3,13563000;4;2;0;0;1;1;1;0;1;50;1;Blessé léger
202300053361;155 585 890;1;0;2;1;19;5;203 724 231;1;1;3;1;1969.0;1;2;26;9;2023;08;1;59;59507;2;1;1;3;50,60156000;3,07929000;4;2;0;0;1;1;1;0;1;50;1;Blessé hospitalisé
202300053361;155 585 898;7;0;1;3;19;1;203 724 238;1;1;1;2;1991.0;2;1;26;9;2023;08;1;59;59507;2;1;1;3;50,60156000;3,07929000;4;2;0;0;1;1;1;0;1;50;1;Indemne
202300053374;155 585 873;1;0;0;0;19;5;203 724 208;1;1;3;1;1972.0;1;8;26;9;2023;07;2;57;57463;2;3;5;7;49,10032000;6,20623000;4;2;4;1;2;1;1;0;5;50;1;Blessé hospitalisé
202300053374;155 585 873;1;0;0;0;19;5;203 724 208;1;1;3;1;1972.0;1;8;26;9;2023;07;2;57;57463;2;3;5;7;49,10032000;6,20623000;4;2;2;0;1;1;1;0;8;50;1;Blessé hospitalisé
202300053374;155 585 878;7;0;2;2;1;1;203 724 215;1;1;1;1;2002.0;1;1;26;9;2023;07;2;57;57463;2;3;5;7;49,10032000;6,20623000;4;2;4;1;2;1;1;0;5;50;1;Indemne
202300053374;155 585 878;7;0;2;2;1;1;203 724 215;1;1;1;1;2002.0;1;1;26;9;2023;07;2;57;57463;2;3;5;7;49,10032000;6,20623000;4;2;2;0;1;1;1;0;8;50;1;Indemne
202300053447;155 585 743;7;0;9;5;17;0;203 724 021;2;2;1;1;1943.0;0;1;26;9;2023;11;1;42;42207;2;4;1;3;45,45556000;4,50722000;4;2;1;0;2;4;1;0;1;50;1;Indemne
202300053447;155 585 743;7;0;9;5;17;0;203 724 021;2;2;1;1;1943.0;0;1;26;9;2023;11;1;42;42207;2;4;1;3;45,45556000;4,50722000;4;2;2;0;1;2;1;0;1;50;1;Indemne
202300053447;155 585 743;7;0;9;5;17;0;203 724 024;1;1;1;1;1939.0;0;1;26;9;2023;11;1;42;42207;2;4;1;3;45,45556000;4,50722000;4;2;1;0;2;4;1;0;1;50;1;Indemne
202300053447;155 585 743;7;0;9;5;17;0;203 724 024;1;1;1;1;1939.0;0;1;26;9;2023;11;1;42;42207;2;4;1;3;45,45556000;4,50722000;4;2;2;0;1;2;1;0;1;50;1;Indemne
202300053447;155 585 751;1;0;2;2;1;5;203 724 036;1;1;3;1;1954.0;0;2;26;9;2023;11;1;42;42207;2;4;1;3;45,45556000;4,50722000;4;2;1;0;2;4;1;0;1;50;1;Blessé hospitalisé
202300053447;155 585 751;1;0;2;2;1;5;203 724 036;1;1;3;1;1954.0;0;2;26;9;2023;11;1;42;42207;2;4;1;3;45,45556000;4,50722000;4;2;2;0;1;2;1;0;1;50;1;Blessé hospitalisé
202300053487;155 585 661;1;0;0;0;1;5;203 723 885;1;1;2;1;1967.0;5;2;18;8;2023;15;1;77;77327;1;1;9;7;48,57806900;3,04199000;3;2;2;0;1;3;1;0;1;80;4;Tué
202300053489;155 585 655;1;0;2;1;1;5;203 723 879;1;1;3;1;1963.0;5;2;8;5;2023;17;1;52;52331;2;1;1;3;48,47402300;4,76577100;3;2;2;0;1;1;1;0;1;50;0;Blessé hospitalisé
202300053489;155 585 660;7;0;2;3;15;1;203 723 886;1;1;1;1;1980.0;5;1;8;5;2023;17;1;52;52331;2;1;1;3;48,47402300;4,76577100;3;2;2;0;1;1;1;0;1;50;0;Indemne
202300053490;155 585 653;1;0;2;1;19;5;203 723 878;1;1;4;1;1965.0;9;8;13;2;2023;08;1;973;97302;2;1;3;3;4,93471000; -52,30855000;3;2;2;0;1;1;2;0;1;50;0;Blessé léger
202300053490;155 585 659;2;0;2;5;1;1;203 723 884;1;1;1;1;2000.0;0;2;13;2;2023;08;1;973;97302;2;1;3;3;4,93471000; -52,30855000;3;2;2;0;1;1;2;0;1;50;0;Indemne
202300053502;155 585 633;7;0;2;1;1;1;203 723 850;1;1;1;1;1987.0;9;1;13;2;2023;19;5;69;69386;2;2;1;3;45,77002000;4,85848000;4;2;3;2;1;1;1;0;1;30;0;Indemne
202300053502;155 585 633;7;0;2;1;1;1;203 723 850;1;1;1;1;1987.0;9;1;13;2;2023;19;5;69;69386;2;2;1;3;45,77002000;4,85848000;4;1;1;0;1;1;1;0;1;30;0;Indemne
202300053502;155 585 639;1;0;2;0;0;0;203 723 861;1;1;4;1;1983.0;1;8;13;2;2023;19;5;69;69386;2;2;1;3;45,77002000;4,85848000;4;2;3;2;1;1;1;0;1;30;0;Blessé léger
202300053502;155 585 639;1;0;2;0;0;0;203 723 861;1;1;4;1;1983.0;1;8;13;2;2023;19;5;69;69386;2;2;1;3;45,77002000;4,85848000;4;1;1;0;1;1;1;0;1;30;0;Blessé léger
202300053503;155 585 637;1;0;0;6;15;5;203 723 858;1;1;3;1;1956.0;0;2;7;5;2023;08;1;83;83148;1;3;1;6;43,43043700;6,42168000;3;2;2;0;1;1;1;0;1;80;6;Blessé hospitalisé
202300053503;155 585 637;1;0;0;6;15;5;203 723 858;1;1;3;1;1956.0;0;2;7;5;2023;08;1;83;83148;1;3;1;6;43,43043700;6,42168000;3;2;2;0;1;1;1;0;1;80;6;Blessé hospitalisé
202300053503;155 585 641;10;0;9;2;17;1;203 723 862;1;1;1;1;1995.0;0;8;7;5;2023;08;1;83;83148;1;3;1;6;43,43043700;6,42168000;3;2;2;0;1;1;1;0;1;80;6;Indemne
202300053503;155 585 641;10;0;9;2;17;1;203 723 862;1;1;1;1;1995.0;0;8;7;5;2023;08;1;83;83148;1;3;1;6;43,43043700;6,42168000;3;2;2;0;1;1;1;0;1;80;6;Indemne
202300053533;155 585 576;7;0;2;7;1;1;203 723 776;1;1;1;1;1939.0;5;1;11;6;2023;09;1;49;49021;1;1;1;3;47,45406500; -0,19878400;3;2;2;0;1;1;1;0;1;80;6;Indemne
202300053533;155 585 580;1;0;2;8;1;5;203 723 785;1;1;3;1;1976.0;5;2;11;6;2023;09;1;49;49021;1;1;1;3;47,45406500; -0,19878400;3;2;2;0;1;1;1;0;1;80;6;Blessé hospitalisé
202300053534;155 585 574;1;12;0;0;0;5;203 723 773;1;1;3;2;1957.0;5;0;24;8;2023;11;1;67;67368;2;1;7;7;48,46423900;7,41428300;4;2;2;0;2;1;1;0;1;30;3;Blessé hospitalisé
202300053570;155 585 504;1;0;2;8;2;0;203 723 686;1;1;4;1;2002.0;0;8;27;10;2023;12;1;69;69387;2;2;1;3;45,74970000;4,84265000;4;1;1;2;1;1;1;0;1;30;4;Blessé léger
202300053570;155 585 504;1;0;2;8;2;0;203 723 686;1;1;4;1;2002.0;0;8;27;10;2023;12;1;69;69387;2;2;1;3;45,74970000;4,84265000;4;1;1;2;1;1;1;0;1;30;4;Blessé léger
202300053570;155 585 515;7;0;2;1;19;1;203 723 699;1;1;1;1;1949.0;0;8;27;10;2023;12;1;69;69387;2;2;1;3;45,74970000;4,84265000;4;1;1;2;1;1;1;0;1;30;4;Indemne
202300053570;155 585 515;7;0;2;1;19;1;203 723 699;1;1;1;1;1949.0;0;8;27;10;2023;12;1;69;69387;2;2;1;3;45,74970000;4,84265000;4;1;1;2;1;1;1;0;1;30;4;Indemne
202300053575;155 585 499;1;0;0;0;0;5;203 723 678;1;1;3;1;1961.0;5;2;8;5;2023;11;1;85;85109;1;1;1;7;46,83620000; -1,00402000;3;2;2;0;1;1;1;0;1;70;0;Blessé hospitalisé
202300053579;155 585 488;1;0;2;1;13;5;203 723 661;2;2;4;1;2004.0;5;0;17;3;2023;14;1;974;97414;2;1;1;1; -21,26650600;55,44156200;4;2;2;0;4;3;1;0;1;50;4;Blessé léger
202300053579;155 585 488;1;0;2;1;13;5;203 723 663;1;1;4;1;2005.0;5;0;17;3;2023;14;1;974;97414;2;1;1;1; -21,26650600;55,44156200;4;2;2;0;4;3;1;0;1;50;4;Blessé léger
202300053579;155 585 494;7;0;9;3;1;1;203 723 670;1;1;1;2;1998.0;5;1;17;3;2023;14;1;974;97414;2;1;1;1; -21,26650600;55,44156200;4;2;2;0;4;3;1;0;1;50;4;Indemne
202300053579;155 585 494;7;0;9;3;1;1;203 723 673;7;2;1;1;2003.0;5;1;17;3;2023;14;1;974;97414;2;1;1;1; -21,26650600;55,44156200;4;2;2;0;4;3;1;0;1;50;4;Indemne
202300053579;155 585 494;7;0;9;3;1;1;203 723 676;2;2;1;2;1985.0;5;1;17;3;2023;14;1;974;97414;2;1;1;1; -21,26650600;55,44156200;4;2;2;0;4;3;1;0;1;50;4;Indemne
202300053584;155 585 485;1;0;2;1;2;5;203 723 657;1;1;4;1;2003.0;5;8;11;2;2023;18;1;87;87085;2;3;1;4;45,83132000;1,25609000;4;1;1;3;1;1;1;0;1;30;5;Blessé léger
202300053584;155 585 485;1;0;2;1;2;5;203 723 657;1;1;4;1;2003.0;5;8;11;2;2023;18;1;87;87085;2;3;1;4;45,83132000;1,25609000;4;2;2;0;2;1;1;0;1;30;5;Blessé léger
202300053584;155 585 492;1;0;2;4;2;5;203 723 668;1;1;4;1;2005.0;5;8;11;2;2023;18;1;87;87085;2;3;1;4;45,83132000;1,25609000;4;1;1;3;1;1;1;0;1;30;5;Blessé léger
202300053584;155 585 492;1;0;2;4;2;5;203 723 668;1;1;4;1;2005.0;5;8;11;2;2023;18;1;87;87085;2;3;1;4;45,83132000;1,25609000;4;2;2;0;2;1;1;0;1;30;5;Blessé léger
202300053584;155 585 497;7;0;2;4;2;2;203 723 675;1;1;1;1;2003.0;5;1;11;2;2023;18;1;87;87085;2;3;1;4;45,83132000;1,25609000;4;1;1;3;1;1;1;0;1;30;5;Indemne
202300053584;155 585 497;7;0;2;4;2;2;203 723 675;1;1;1;1;2003.0;5;1;11;2;2023;18;1;87;87085;2;3;1;4;45,83132000;1,25609000;4;2;2;0;2;1;1;0;1;30;5;Indemne
202300053593;155 585 461;1;0;2;7;1;5;203 723 630;1;1;4;1;2008.0;0;8;1;1;2023;12;1;83;83069;2;6;1;3;43,11645000;6,14649000;4;1;2;0;1;1;1;0;1;50;6;Blessé léger
202300053593;155 585 472;7;0;2;0;16;2;203 723 642;1;1;1;1;1947.0;0;1;1;1;2023;12;1;83;83069;2;6;1;3;43,11645000;6,14649000;4;1;2;0;1;1;1;0;1;50;6;Indemne
202300053608;155 585 441;7;0;2;1;26;1;203 723 606;1;1;1;1;1965.0;0;1;13;2;2023;13;1;78;78650;2;6;1;2;48,89562800;2,13917800;4;1;1;0;1;1;1;0;1;30;0;Indemne
202300053608;155 585 445;1;0;2;8;16;5;203 723 611;1;1;4;2;1977.0;9;8;13;2;2023;13;1;78;78650;2;6;1;2;48,89562800;2,13917800;4;1;1;0;1;1;1;0;1;30;0;Blessé léger
202300053634;155 585 389;1;0;0;3;1;5;203 723 528;1;1;3;1;1955.0;5;2;8;5;2023;11;1;49;49018;2;1;1;7;47,53949400; -0,11219900;3;2;2;0;1;1;1;0;4;50;0;Blessé hospitalisé
202300053660;155 585 346;1;0;0;0;1;5;203 723 472;1;1;4;1;2009.0;5;0;7;5;2023;15;1;31;31033;2;1;1;7;43,35063600;1,47856800;3;2;2;2;2;1;1;0;1;50;6;Blessé léger
202300053672;155 585 326;80;0;2;1;1;3;203 723 441;1;1;4;1;1977.0;0;8;14;7;2023;19;1;69;69259;2;2;1;3;45,69508000;4,87355000;4;2;2;2;2;1;1;0;1;50;4;Blessé léger
202300053672;155 585 326;80;0;2;1;1;3;203 723 441;1;1;4;1;1977.0;0;8;14;7;2023;19;1;69;69259;2;2;1;3;45,69508000;4,87355000;4;2;2;2;1;1;1;0;1;50;4;Blessé léger
202300053672;155 585 328;7;0;2;3;1;1;203 723 448;1;1;1;2;1976.0;1;1;14;7;2023;19;1;69;69259;2;2;1;3;45,69508000;4,87355000;4;2;2;2;2;1;1;0;1;50;4;Indemne
202300053672;155 585 328;7;0;2;3;1;1;203 723 448;1;1;1;2;1976.0;1;1;14;7;2023;19;1;69;69259;2;2;1;3;45,69508000;4,87355000;4;2;2;2;1;1;1;0;1;50;4;Indemne
202300053679;155 585 313;7;0;2;1;21;1;203 723 428;1;1;1;1;1964.0;1;1;8;6;2023;20;1;95;95598;2;1;1;1;48,98972000;2,29441000;4;2;0;0;1;1;1;0;1;50;3;Indemne
202300053679;155 585 317;1;0;2;0;25;5;203 723 432;1;1;4;1;2006.0;5;0;8;6;2023;20;1;95;95598;2;1;1;1;48,98972000;2,29441000;4;2;0;0;1;1;1;0;1;50;3;Blessé léger
202300053696;155 585 283;80;0;2;1;19;3;203 723 389;1;1;4;1;1967.0;5;2;13;2;2023;15;1;64;64284;2;9;1;3;43,29295000; -0,38666000;4;1;11;0;1;1;1;0;1;50;0;Blessé léger
202300053696;155 585 288;7;0;2;3;9;1;203 723 393;1;1;1;2;1964.0;0;1;13;2;2023;15;1;64;64284;2;9;1;3;43,29295000; -0,38666000;4;1;11;0;1;1;1;0;1;50;0;Indemne
202300053697;155 585 279;80;0;1;5;0;3;203 723 382;1;1;1;1;1998.0;4;2;14;7;2023;12;1;64;64122;2;1;1;6;43,48281000; -1,56584000;4;1;1;1;1;2;1;0;5;30;4;Indemne
202300053697;155 585 279;80;0;1;5;0;3;203 723 384;10;3;4;2;1960.0;5;0;14;7;2023;12;1;64;64122;2;1;1;6;43,48281000; -1,56584000;4;1;1;1;1;2;1;0;5;30;4;Blessé léger
202300053702;155 585 274;1;0;2;8;1;5;203 723 375;1;1;4;2;2004.0;0;2;28;3;2023;13;1;63;63113;2;2;1;1;45,78034000;3,08325000;4;1;1;0;1;1;1;0;6;30;1;Blessé léger
202300053702;155 585 274;1;0;2;8;1;5;203 723 375;1;1;4;2;2004.0;0;2;28;3;2023;13;1;63;63113;2;2;1;1;45,78034000;3,08325000;4;2;2;3;1;1;1;0;1;30;1;Blessé léger
202300053702;155 585 282;7;0;9;1;26;2;203 723 388;1;1;1;2;1967.0;0;1;28;3;2023;13;1;63;63113;2;2;1;1;45,78034000;3,08325000;4;1;1;0;1;1;1;0;6;30;1;Indemne
202300053702;155 585 282;7;0;9;1;26;2;203 723 388;1;1;1;2;1967.0;0;1;28;3;2023;13;1;63;63113;2;2;1;1;45,78034000;3,08325000;4;2;2;3;1;1;1;0;1;30;1;Indemne
202300053718;155 585 244;7;0;2;2;1;1;203 723 337;2;2;1;1;1998.0;5;1;11;2;2023;17;1;61;61006;2;1;1;3;48,74331000; -0,02472000;4;2;2;0;1;1;1;0;1;30;5;Indemne
202300053718;155 585 244;7;0;2;2;1;1;203 723 342;1;1;1;2;2003.0;5;1;11;2;2023;17;1;61;61006;2;1;1;3;48,74331000; -0,02472000;4;2;2;0;1;1;1;0;1;30;5;Indemne
202300053718;155 585 251;1;0;2;1;19;5;203 723 349;1;1;4;1;2001.0;5;0;11;2;2023;17;1;61;61006;2;1;1;3;48,74331000; -0,02472000;4;2;2;0;1;1;1;0;1;30;5;Blessé léger
202300053726;155 585 233;7;0;2;1;15;1;203 723 322;1;1;1;1;1962.0;0;1;12;7;2023;19;1;59;59507;2;3;1;3;50,60823000;3,08990000;4;1;1;1;1;1;1;0;1;30;2;Indemne
202300053726;155 585 233;7;0;2;1;15;1;203 723 322;1;1;1;1;1962.0;0;1;12;7;2023;19;1;59;59507;2;3;1;3;50,60823000;3,08990000;4;1;1;1;1;1;1;0;1;30;2;Indemne
202300053726;155 585 237;1;0;0;0;0;5;203 723 328;1;1;4;1;2011.0;5;2;12;7;2023;19;1;59;59507;2;3;1;3;50,60823000;3,08990000;4;1;1;1;1;1;1;0;1;30;2;Blessé léger
202300053726;155 585 237;1;0;0;0;0;5;203 723 328;1;1;4;1;2011.0;5;2;12;7;2023;19;1;59;59507;2;3;1;3;50,60823000;3,08990000;4;1;1;1;1;1;1;0;1;30;2;Blessé léger
202300053737;155 585 213;7;0;9;2;16;1;203 723 298;1;1;1;1;1971.0;0;1;10;3;2023;17;1;59;59350;2;1;1;3;50,62000000;3,07000000;4;1;2;1;1;1;1;0;5;50;4;Indemne
202300053737;155 585 221;1;0;2;1;1;5;203 723 306;1;1;4;1;1987.0;0;2;10;3;2023;17;1;59;59350;2;1;1;3;50,62000000;3,07000000;4;1;2;1;1;1;1;0;5;50;4;Blessé léger
202300053739;155 585 212;32;0;2;1;5;1;203 723 297;1;1;4;1;1985.0;9;2;26;9;2023;19;2;75;75116;2;2;1;3;48,85841200;2,25892700;4;3;2;0;1;1;1;0;1;30;1;Blessé léger
202300053739;155 585 219;1;0;2;8;19;5;203 723 303;1;1;4;1;1977.0;1;8;26;9;2023;19;2;75;75116;2;2;1;3;48,85841200;2,25892700;4;3;2;0;1;1;1;0;1;30;1;Blessé léger
202300053746;155 585 199;7;0;9;2;10;0;203 723 281;1;1;1;2;2001.0;0;8;29;3;2023;08;1;59;59350;2;2;1;3;50,63339000;3,04767000;4;3;4;1;1;1;1;0;8;50;2;Indemne
202300053746;155 585 199;7;0;9;2;10;0;203 723 281;1;1;1;2;2001.0;0;8;29;3;2023;08;1;59;59350;2;2;1;3;50,63339000;3,04767000;4;3;4;1;1;1;1;0;6;50;2;Indemne
202300053746;155 585 205;1;0;2;8;2;5;203 723 289;1;1;4;2;1976.0;2;0;29;3;2023;08;1;59;59350;2;2;1;3;50,63339000;3,04767000;4;3;4;1;1;1;1;0;8;50;2;Blessé léger
202300053746;155 585 205;1;0;2;8;2;5;203 723 289;1;1;4;2;1976.0;2;0;29;3;2023;08;1;59;59350;2;2;1;3;50,63339000;3,04767000;4;3;4;1;1;1;1;0;6;50;2;Blessé léger
202300053750;155 585 194;1;8;0;1;15;5;203 723 275;1;1;4;2;1948.0;5;8;14;7;2023;10;1;37;37261;2;3;1;6;47,38294357;0,66833138;4;2;1;1;1;1;1;0;4;50;4;Blessé léger
202300053754;155 585 186;10;0;2;0;15;1;203 723 263;1;1;1;1;1963.0;0;1;22;8;2023;06;2;974;97416;2;1;1;7; -21,33026000;55,47944000;2;2;3;0;1;1;1;0;1;50;1;Indemne
202300053754;155 585 191;1;0;2;0;1;5;203 723 268;1;1;4;1;1991.0;1;2;22;8;2023;06;2;974;97416;2;1;1;7; -21,33026000;55,47944000;2;2;3;0;1;1;1;0;1;50;1;Blessé léger
202300053757;155 585 182;1;0;2;1;2;5;203 723 258;1;1;4;1;2004.0;5;2;28;3;2023;16;1;56;56121;2;3;1;2;47,74528000; -3,37322000;4;2;2;0;1;1;1;0;1;30;1;Blessé léger
202300053757;155 585 182;1;0;2;1;2;5;203 723 258;1;1;4;1;2004.0;5;2;28;3;2023;16;1;56;56121;2;3;1;2;47,74528000; -3,37322000;4;2;2;0;1;1;1;0;1;30;1;Blessé léger
202300053757;155 585 185;7;0;2;4;23;1;203 723 262;1;1;1;2;1961.0;0;1;28;3;2023;16;1;56;56121;2;3;1;2;47,74528000; -3,37322000;4;2;2;0;1;1;1;0;1;30;1;Indemne
202300053757;155 585 185;7;0;2;4;23;1;203 723 262;1;1;1;2;1961.0;0;1;28;3;2023;16;1;56;56121;2;3;1;2;47,74528000; -3,37322000;4;2;2;0;1;1;1;0;1;30;1;Indemne
202300053759;155 585 172;1;0;2;8;1;5;203 723 246;1;1;4;2;1980.0;1;2;26;9;2023;08;1;75;75116;2;2;1;3;48,85855800;2,24487700;4;2;4;0;1;1;1;0;5;50;1;Blessé léger
202300053759;155 585 172;1;0;2;8;1;5;203 723 246;1;1;4;2;1980.0;1;2;26;9;2023;08;1;75;75116;2;2;1;3;48,85855800;2,24487700;4;2;3;0;1;1;1;0;5;50;1;Blessé léger
202300053759;155 585 181;7;0;2;1;1;1;203 723 257;1;1;1;1;1989.0;1;1;26;9;2023;08;1;75;75116;2;2;1;3;48,85855800;2,24487700;4;2;4;0;1;1;1;0;5;50;1;Indemne
202300053759;155 585 181;7;0;2;1;1;1;203 723 257;1;1;1;1;1989.0;1;1;26;9;2023;08;1;75;75116;2;2;1;3;48,85855800;2,24487700;4;2;3;0;1;1;1;0;5;50;1;Indemne
202300053770;155 585 159;1;0;1;8;1;5;203 723 228;1;1;1;1;1975.0;0;8;14;7;2023;10;1;35;35238;2;1;8;6;48,11534400; -1,67994100;4;1;1;0;1;4;1;0;1;30;4;Indemne