Num_Acc;id_vehicule;catv;obs;obsm;choc;manv;motor;id_usager;place;catu;grav;sexe;an_nais;trajet;secu1;jour;mois;an;hrmn;lum;dep;com;agg;int;atm;col;lat;long;catr;circ;nbv;vosp;prof;plan;surf;infra;situ;vma;day_of_week;gravity
202300053770;155 585 159;1;0;1;8;1;5;203 723 232;10;3;4;1;1944.0;5;0;14;7;2023;10;1;35;35238;2;1;8;6;48,11534400; -1,67994100;4;1;1;0;1;4;1;0;1;30;4;Blessé léger
202300053771;155 585 155;1;0;2;7;1;5;203 723 224;1;1;4;1;2004.0;4;8;26;9;2023;10;1;75;75115;2;2;1;3;48,84641300;2,28312400;4;2;2;0;1;1;1;0;1;30;1;Blessé léger
202300053771;155 585 164;33;0;2;1;1;1;203 723 235;1;1;4;1;2000.0;9;2;26;9;2023;10;1;75;75115;2;2;1;3;48,84641300;2,28312400;4;2;2;0;1;1;1;0;1;30;1;Blessé léger
202300053773;155 585 154;1;0;2;3;0;5;203 723 222;1;1;4;1;1959.0;5;8;10;6;2023;09;1;974;97407;2;6;1;3; -20,94522000;55,29275000;4;1;2;1;1;1;1;0;5;50;5;Blessé léger
202300053773;155 585 154;1;0;2;3;0;5;203 723 222;1;1;4;1;1959.0;5;8;10;6;2023;09;1;974;97407;2;6;1;3; -20,94522000;55,29275000;4;2;2;0;1;1;1;0;5;50;5;Blessé léger
202300053773;155 585 163;7;0;2;3;9;1;203 723 234;1;1;1;1;1959.0;3;1;10;6;2023;09;1;974;97407;2;6;1;3; -20,94522000;55,29275000;4;1;2;1;1;1;1;0;5;50;5;Indemne
202300053773;155 585 163;7;0;2;3;9;1;203 723 234;1;1;1;1;1959.0;3;1;10;6;2023;09;1;974;97407;2;6;1;3; -20,94522000;55,29275000;4;2;2;0;1;1;1;0;5;50;5;Indemne
202300053778;155 585 146;80;0;2;1;5;3;203 723 208;1;1;4;1;2005.0;0;8;29;11;2023;13;1;72;72181;2;1;1;1;47,99700000;0,20118000;4;1;1;3;2;1;1;0;1;50;2;Blessé léger
202300053778;155 585 150;7;0;2;2;16;1;203 723 215;1;1;1;1;1986.0;0;1;29;11;2023;13;1;72;72181;2;1;1;1;47,99700000;0,20118000;4;1;1;3;2;1;1;0;1;50;2;Indemne
202300053781;155 585 142;1;0;2;1;1;5;203 723 199;1;1;4;1;1974.0;5;8;15;7;2023;00;5;33;33063;2;5;1;1;44,85507910; -0,57377145;4;2;2;0;1;1;1;5;1;30;5;Blessé léger
202300053781;155 585 142;1;0;2;1;1;5;203 723 199;1;1;4;1;1974.0;5;8;15;7;2023;00;5;33;33063;2;5;1;1;44,85507910; -0,57377145;4;1;1;0;1;1;1;5;1;30;5;Blessé léger
202300053781;155 585 145;2;0;2;1;20;1;203 723 206;1;1;4;1;2003.0;4;2;15;7;2023;00;5;33;33063;2;5;1;1;44,85507910; -0,57377145;4;2;2;0;1;1;1;5;1;30;5;Blessé léger
202300053781;155 585 145;2;0;2;1;20;1;203 723 206;1;1;4;1;2003.0;4;2;15;7;2023;00;5;33;33063;2;5;1;1;44,85507910; -0,57377145;4;1;1;0;1;1;1;5;1;30;5;Blessé léger
202300053782;155 585 140;1;0;2;8;5;5;203 723 196;1;1;4;1;1989.0;9;8;26;9;2023;21;3;75;75111;2;2;1;3;48,86473600;2,38294900;4;1;2;2;1;1;1;0;5;30;1;Blessé léger
202300053782;155 585 140;1;0;2;8;5;5;203 723 196;1;1;4;1;1989.0;9;8;26;9;2023;21;3;75;75111;2;2;1;3;48,86473600;2,38294900;4;1;1;0;1;1;1;0;5;30;1;Blessé léger
202300053782;155 585 147;43;0;2;1;1;1;203 723 210;1;1;3;1;1966.0;9;2;26;9;2023;21;3;75;75111;2;2;1;3;48,86473600;2,38294900;4;1;2;2;1;1;1;0;5;30;1;Blessé hospitalisé
202300053782;155 585 147;43;0;2;1;1;1;203 723 210;1;1;3;1;1966.0;9;2;26;9;2023;21;3;75;75111;2;2;1;3;48,86473600;2,38294900;4;1;1;0;1;1;1;0;5;30;1;Blessé hospitalisé
202300053809;155 585 088;7;0;0;4;24;3;203 723 125;1;1;1;1;1947.0;0;8;29;3;2023;06;5;44;44109;2;1;1;2;47,22780000; -1,56131000;4;2;3;3;2;1;1;0;1;50;2;Indemne
202300053809;155 585 096;1;1;0;1;2;5;203 723 136;1;1;3;2;1996.0;0;2;29;3;2023;06;5;44;44109;2;1;1;2;47,22780000; -1,56131000;4;2;3;3;2;1;1;0;1;50;2;Blessé hospitalisé
202300053826;155 585 051;80;0;2;2;1;3;203 723 078;1;1;4;2;2001.0;9;8;26;9;2023;13;1;75;75107;2;2;1;3;48,86282800;2,31345900;4;2;2;1;1;1;1;2;5;30;1;Blessé léger
202300053826;155 585 051;80;0;2;2;1;3;203 723 078;1;1;4;2;2001.0;9;8;26;9;2023;13;1;75;75107;2;2;1;3;48,86282800;2,31345900;4;2;2;0;1;1;1;0;5;30;1;Blessé léger
202300053826;155 585 060;32;0;2;3;16;1;203 723 093;1;1;1;1;1963.0;9;2;26;9;2023;13;1;75;75107;2;2;1;3;48,86282800;2,31345900;4;2;2;1;1;1;1;2;5;30;1;Indemne
202300053826;155 585 060;32;0;2;3;16;1;203 723 093;1;1;1;1;1963.0;9;2;26;9;2023;13;1;75;75107;2;2;1;3;48,86282800;2,31345900;4;2;2;0;1;1;1;0;5;30;1;Indemne
202300053863;155 584 989;1;0;2;1;1;5;203 722 996;1;1;4;1;2012.0;2;2;28;3;2023;08;1;37;37261;2;1;1;3;47,38083000;0,68301000;4;2;2;0;1;1;1;0;4;50;1;Blessé léger
202300053863;155 584 994;1;0;2;1;1;5;203 723 003;1;1;4;1;2012.0;2;2;28;3;2023;08;1;37;37261;2;1;1;3;47,38083000;0,68301000;4;2;2;0;1;1;1;0;4;50;1;Blessé léger
202300053867;155 584 984;1;0;2;3;1;5;203 722 990;1;1;4;1;1966.0;5;8;13;2;2023;11;1;75;75118;2;2;1;3;48,89822100;2,35252300;4;1;2;0;1;1;1;0;1;50;0;Blessé léger
202300053867;155 584 984;1;0;2;3;1;5;203 722 990;1;1;4;1;1966.0;5;8;13;2;2023;11;1;75;75118;2;2;1;3;48,89822100;2,35252300;4;2;2;0;1;1;1;0;1;50;0;Blessé léger
202300053867;155 584 993;10;0;2;2;1;1;203 723 002;1;1;1;1;2000.0;4;1;13;2;2023;11;1;75;75118;2;2;1;3;48,89822100;2,35252300;4;1;2;0;1;1;1;0;1;50;0;Indemne
202300053867;155 584 993;10;0;2;2;1;1;203 723 002;1;1;1;1;2000.0;4;1;13;2;2023;11;1;75;75118;2;2;1;3;48,89822100;2,35252300;4;2;2;0;1;1;1;0;1;50;0;Indemne
202300053868;155 584 983;7;0;2;5;2;1;203 722 989;1;1;1;2;1983.0;4;1;1;1;2023;12;1;75;75120;2;3;1;2;48,86459600;2,40602400;4;2;2;0;1;1;1;0;1;30;6;Indemne
202300053868;155 584 983;7;0;2;5;2;1;203 722 989;1;1;1;2;1983.0;4;1;1;1;2023;12;1;75;75120;2;3;1;2;48,86459600;2,40602400;4;2;2;0;1;1;1;0;1;30;6;Indemne
202300053868;155 584 988;1;0;2;1;2;5;203 722 994;1;1;4;1;1996.0;5;2;1;1;2023;12;1;75;75120;2;3;1;2;48,86459600;2,40602400;4;2;2;0;1;1;1;0;1;30;6;Blessé léger
202300053868;155 584 988;1;0;2;1;2;5;203 722 994;1;1;4;1;1996.0;5;2;1;1;2023;12;1;75;75120;2;3;1;2;48,86459600;2,40602400;4;2;2;0;1;1;1;0;1;30;6;Blessé léger
202300053882;155 584 961;1;0;2;8;1;5;203 722 963;1;1;4;1;1988.0;1;2;26;9;2023;20;5;94;94034;2;2;1;3;48,75811000;2,31683000;3;2;2;0;1;1;1;0;1;50;1;Blessé léger
202300053882;155 584 961;1;0;2;8;1;5;203 722 963;1;1;4;1;1988.0;1;2;26;9;2023;20;5;94;94034;2;2;1;3;48,75811000;2,31683000;3;2;2;0;1;1;1;0;1;50;1;Blessé léger
202300053882;155 584 964;7;0;2;1;15;1;203 722 966;1;1;1;1;1974.0;5;1;26;9;2023;20;5;94;94034;2;2;1;3;48,75811000;2,31683000;3;2;2;0;1;1;1;0;1;50;1;Indemne
202300053882;155 584 964;7;0;2;1;15;1;203 722 966;1;1;1;1;1974.0;5;1;26;9;2023;20;5;94;94034;2;2;1;3;48,75811000;2,31683000;3;2;2;0;1;1;1;0;1;50;1;Indemne
202300053883;155 584 958;80;1;0;1;15;3;203 722 959;1;1;4;2;1961.0;5;2;12;2;2023;12;1;75;75116;2;3;8;6;48,85038400;2,27327900;4;2;2;0;1;1;1;0;1;30;6;Blessé léger
202300053883;155 584 958;80;1;0;1;15;3;203 722 959;1;1;4;2;1961.0;5;2;12;2;2023;12;1;75;75116;2;3;8;6;48,85038400;2,27327900;4;2;2;0;1;1;1;0;1;30;6;Blessé léger
202300053888;155 584 944;7;0;2;8;1;1;203 722 938;1;1;1;1;1985.0;5;1;1;1;2023;21;5;75;75118;2;2;2;3;48,88981206;2,34292835;4;2;2;0;1;3;2;0;1;30;6;Indemne
202300053888;155 584 944;7;0;2;8;1;1;203 722 938;1;1;1;1;1985.0;5;1;1;1;2023;21;5;75;75118;2;2;2;3;48,88981206;2,34292835;4;2;2;0;1;1;2;0;1;30;6;Indemne
202300053888;155 584 954;80;0;2;8;23;3;203 722 954;1;1;4;1;1990.0;4;2;1;1;2023;21;5;75;75118;2;2;2;3;48,88981206;2,34292835;4;2;2;0;1;3;2;0;1;30;6;Blessé léger
202300053888;155 584 954;80;0;2;8;23;3;203 722 954;1;1;4;1;1990.0;4;2;1;1;2023;21;5;75;75118;2;2;2;3;48,88981206;2,34292835;4;2;2;0;1;1;2;0;1;30;6;Blessé léger
202300053896;155 584 925;1;0;2;8;1;5;203 722 913;1;1;4;2;1978.0;1;2;29;11;2023;13;1;56;56121;2;6;1;3;47,74533000; -3,36798000;4;3;2;3;1;1;1;5;5;30;2;Blessé léger
202300053896;155 584 925;1;0;2;8;1;5;203 722 913;1;1;4;2;1978.0;1;2;29;11;2023;13;1;56;56121;2;6;1;3;47,74533000; -3,36798000;4;2;2;0;1;1;1;5;1;30;2;Blessé léger
202300053896;155 584 936;7;0;2;1;1;1;203 722 930;1;1;1;2;2000.0;1;1;29;11;2023;13;1;56;56121;2;6;1;3;47,74533000; -3,36798000;4;3;2;3;1;1;1;5;5;30;2;Indemne
202300053896;155 584 936;7;0;2;1;1;1;203 722 930;1;1;1;2;2000.0;1;1;29;11;2023;13;1;56;56121;2;6;1;3;47,74533000; -3,36798000;4;2;2;0;1;1;1;5;1;30;2;Indemne
202300053897;155 584 926;31;0;0;2;19;1;203 722 915;1;1;1;1;1952.0;0;2;8;5;2023;09;1;38;38565;2;1;1;3;45,29829800;5,63687600;3;2;2;0;4;3;1;0;1;50;0;Indemne
202300053897;155 584 934;1;0;0;1;1;5;203 722 927;1;1;4;1;1965.0;5;2;8;5;2023;09;1;38;38565;2;1;1;3;45,29829800;5,63687600;3;2;2;0;4;3;1;0;1;50;0;Blessé léger
202300053900;155 584 923;80;0;2;8;15;3;203 722 912;1;1;1;1;1990.0;4;0;27;3;2023;21;5;33;33063;2;3;1;3;44,83076000; -0,54467000;4;3;4;1;1;1;1;5;1;50;0;Indemne
202300053900;155 584 923;80;0;2;8;15;3;203 722 912;1;1;1;1;1990.0;4;0;27;3;2023;21;5;33;33063;2;3;1;3;44,83076000; -0,54467000;4;2;2;0;1;1;1;5;1;50;0;Indemne
202300053900;155 584 931;32;0;2;7;1;1;203 722 923;1;1;4;1;1975.0;1;2;27;3;2023;21;5;33;33063;2;3;1;3;44,83076000; -0,54467000;4;3;4;1;1;1;1;5;1;50;0;Blessé léger
202300053900;155 584 931;32;0;2;7;1;1;203 722 923;1;1;4;1;1975.0;1;2;27;3;2023;21;5;33;33063;2;3;1;3;44,83076000; -0,54467000;4;2;2;0;1;1;1;5;1;50;0;Blessé léger
202300053926;155 584 885;31;0;2;1;1;1;203 722 855;1;1;4;1;1972.0;1;2;13;2;2023;21;5;75;75111;2;3;1;3;48,85535200;2,38431200;4;2;4;1;1;1;1;0;1;30;0;Blessé léger
202300053926;155 584 888;1;0;2;8;15;5;203 722 859;1;1;1;2;1992.0;9;2;13;2;2023;21;5;75;75111;2;3;1;3;48,85535200;2,38431200;4;2;4;1;1;1;1;0;1;30;0;Indemne
202300053934;155 584 871;1;0;0;0;1;5;203 722 838;1;1;4;2;1954.0;0;8;20;1;2023;12;1;19;19272;2;1;1;7;45,27159456;1,77626610;3;2;2;0;1;1;7;0;1;30;4;Blessé léger
202300053943;155 584 856;1;0;2;1;2;5;203 722 814;1;1;4;1;2006.0;5;2;29;3;2023;16;1;17;17415;2;1;1;2;45,74109840; -0,63997149;4;2;2;1;2;1;1;0;1;50;2;Blessé léger
202300053943;155 584 859;7;0;9;5;2;1;203 722 821;1;1;1;1;1986.0;0;1;29;3;2023;16;1;17;17415;2;1;1;2;45,74109840; -0,63997149;4;2;2;1;2;1;1;0;1;50;2;Indemne
202300053978;155 584 801;7;0;2;5;15;1;203 722 739;1;1;1;1;1983.0;1;1;13;2;2023;11;1;75;75108;2;2;1;2;48,87011000;2,30665500;4;2;4;1;1;1;1;0;1;50;0;Indemne
202300053978;155 584 805;1;0;2;1;1;5;203 722 746;1;1;4;1;1974.0;9;8;13;2;2023;11;1;75;75108;2;2;1;2;48,87011000;2,30665500;4;2;4;1;1;1;1;0;1;50;0;Blessé léger
202300053993;155 584 774;7;0;9;3;24;2;203 722 708;1;1;1;1;1978.0;1;1;26;9;2023;13;1;92;92007;2;1;1;3;48,81036903;2,31158685;3;2;2;0;1;1;1;0;1;50;1;Indemne
202300053993;155 584 778;1;1;0;1;1;5;203 722 710;1;1;4;2;1987.0;1;8;26;9;2023;13;1;92;92007;2;1;1;3;48,81036903;2,31158685;3;2;2;0;1;1;1;0;1;50;1;Blessé léger
202300054001;155 584 760;1;0;2;0;1;5;203 722 693;1;1;4;1;1989.0;5;8;11;2;2023;12;1;75;75107;2;7;1;3;48,86072600;2,31875900;4;2;0;0;1;1;1;0;1;30;5;Blessé léger
202300054001;155 584 760;1;0;2;0;1;5;203 722 693;1;1;4;1;1989.0;5;8;11;2;2023;12;1;75;75107;2;7;1;3;48,86072600;2,31875900;4;2;2;0;1;1;1;0;1;30;5;Blessé léger
202300054001;155 584 775;7;0;2;1;1;2;203 722 709;1;1;1;1;1971.0;4;1;11;2;2023;12;1;75;75107;2;7;1;3;48,86072600;2,31875900;4;2;0;0;1;1;1;0;1;30;5;Indemne
202300054001;155 584 775;7;0;2;1;1;2;203 722 709;1;1;1;1;1971.0;4;1;11;2;2023;12;1;75;75107;2;7;1;3;48,86072600;2,31875900;4;2;2;0;1;1;1;0;1;30;5;Indemne
202300054011;155 584 741;1;0;2;8;16;5;203 722 667;1;1;4;2;1998.0;1;8;13;2;2023;15;1;75;75102;2;2;1;3;48,86386900;2,34896600;4;1;4;1;1;1;1;0;1;30;0;Blessé léger
202300054011;155 584 741;1;0;2;8;16;5;203 722 667;1;1;4;2;1998.0;1;8;13;2;2023;15;1;75;75102;2;2;1;3;48,86386900;2,34896600;4;2;4;3;1;1;1;0;1;30;0;Blessé léger
202300054011;155 584 748;37;0;2;7;1;3;203 722 677;1;1;1;1;1982.0;4;1;13;2;2023;15;1;75;75102;2;2;1;3;48,86386900;2,34896600;4;1;4;1;1;1;1;0;1;30;0;Indemne
202300054011;155 584 748;37;0;2;7;1;3;203 722 677;1;1;1;1;1982.0;4;1;13;2;2023;15;1;75;75102;2;2;1;3;48,86386900;2,34896600;4;2;4;3;1;1;1;0;1;30;0;Indemne
202300054020;155 584 728;7;0;2;3;14;2;203 722 648;1;1;1;1;1981.0;5;1;12;2;2023;07;1;75;75103;2;2;8;3;48,86456700;2,36582200;4;2;4;3;1;1;1;0;6;30;6;Indemne
202300054020;155 584 728;7;0;2;3;14;2;203 722 648;1;1;1;1;1981.0;5;1;12;2;2023;07;1;75;75103;2;2;8;3;48,86456700;2,36582200;4;1;1;0;1;1;1;0;6;30;6;Indemne
202300054020;155 584 732;1;0;2;3;8;5;203 722 653;1;1;4;1;1983.0;1;8;12;2;2023;07;1;75;75103;2;2;8;3;48,86456700;2,36582200;4;2;4;3;1;1;1;0;6;30;6;Blessé léger
202300054020;155 584 732;1;0;2;3;8;5;203 722 653;1;1;4;1;1983.0;1;8;12;2;2023;07;1;75;75103;2;2;8;3;48,86456700;2,36582200;4;1;1;0;1;1;1;0;6;30;6;Blessé léger
202300054037;155 584 691;80;0;2;2;11;3;203 722 602;1;1;4;1;1971.0;0;2;26;9;2023;19;2;92;92023;2;3;1;3;48,80419745;2,25802615;3;2;2;0;2;1;1;0;1;30;1;Blessé léger
202300054037;155 584 691;80;0;2;2;11;3;203 722 602;1;1;4;1;1971.0;0;2;26;9;2023;19;2;92;92023;2;3;1;3;48,80419745;2,25802615;3;2;3;1;2;1;1;0;1;30;1;Blessé léger
202300054037;155 584 695;34;0;9;8;17;1;203 722 608;1;1;4;1;2002.0;0;2;26;9;2023;19;2;92;92023;2;3;1;3;48,80419745;2,25802615;3;2;2;0;2;1;1;0;1;30;1;Blessé léger
202300054037;155 584 695;34;0;9;8;17;1;203 722 608;1;1;4;1;2002.0;0;2;26;9;2023;19;2;92;92023;2;3;1;3;48,80419745;2,25802615;3;2;3;1;2;1;1;0;1;30;1;Blessé léger
202300054039;155 584 688;7;0;2;8;15;1;203 722 599;1;1;1;2;1965.0;0;1;21;8;2023;17;1;76;76351;2;3;1;5;49,52702000;0,12994000;3;2;2;0;1;1;1;0;1;50;0;Indemne
202300054039;155 584 688;7;0;2;8;15;1;203 722 599;1;1;1;2;1965.0;0;1;21;8;2023;17;1;76;76351;2;3;1;5;49,52702000;0,12994000;3;2;2;0;2;1;1;0;1;50;0;Indemne
202300054039;155 584 696;7;0;2;7;15;1;203 722 610;1;1;1;2;1985.0;0;1;21;8;2023;17;1;76;76351;2;3;1;5;49,52702000;0,12994000;3;2;2;0;1;1;1;0;1;50;0;Indemne
202300054039;155 584 696;7;0;2;7;15;1;203 722 610;1;1;1;2;1985.0;0;1;21;8;2023;17;1;76;76351;2;3;1;5;49,52702000;0,12994000;3;2;2;0;2;1;1;0;1;50;0;Indemne
202300054039;155 584 700;1;0;2;1;1;5;203 722 614;1;1;4;1;1969.0;1;8;21;8;2023;17;1;76;76351;2;3;1;5;49,52702000;0,12994000;3;2;2;0;1;1;1;0;1;50;0;Blessé léger
202300054039;155 584 700;1;0;2;1;1;5;203 722 614;1;1;4;1;1969.0;1;8;21;8;2023;17;1;76;76351;2;3;1;5;49,52702000;0,12994000;3;2;2;0;2;1;1;0;1;50;0;Blessé léger
202300054060;155 584 656;1;0;2;1;1;5;203 722 553;1;1;4;1;1978.0;0;0;27;10;2023;09;2;33;33063;2;2;2;3;44,83199000; -0,56573000;4;1;1;0;2;1;2;0;1;30;4;Blessé léger
202300054060;155 584 656;1;0;2;1;1;5;203 722 553;1;1;4;1;1978.0;0;0;27;10;2023;09;2;33;33063;2;2;2;3;44,83199000; -0,56573000;4;1;1;0;1;1;2;0;1;30;4;Blessé léger
202300054060;155 584 667;7;0;2;3;1;1;203 722 568;1;1;1;2;1994.0;0;1;27;10;2023;09;2;33;33063;2;2;2;3;44,83199000; -0,56573000;4;1;1;0;2;1;2;0;1;30;4;Indemne
202300054060;155 584 667;7;0;2;3;1;1;203 722 568;1;1;1;2;1994.0;0;1;27;10;2023;09;2;33;33063;2;2;2;3;44,83199000; -0,56573000;4;1;1;0;1;1;2;0;1;30;4;Indemne
202300054070;155 584 640;7;0;2;3;9;1;203 722 534;1;1;1;2;1981.0;5;1;30;11;2023;08;3;33;33192;2;6;3;3;44,76786000; -0,61169000;4;2;2;0;1;1;2;0;1;50;3;Indemne
202300054070;155 584 640;7;0;2;3;9;1;203 722 534;1;1;1;2;1981.0;5;1;30;11;2023;08;3;33;33192;2;6;3;3;44,76786000; -0,61169000;4;2;2;0;1;1;2;0;1;50;3;Indemne
202300054070;155 584 648;1;0;2;1;1;5;203 722 544;1;1;4;1;2003.0;1;0;30;11;2023;08;3;33;33192;2;6;3;3;44,76786000; -0,61169000;4;2;2;0;1;1;2;0;1;50;3;Blessé léger
202300054070;155 584 648;1;0;2;1;1;5;203 722 544;1;1;4;1;2003.0;1;0;30;11;2023;08;3;33;33192;2;6;3;3;44,76786000; -0,61169000;4;2;2;0;1;1;2;0;1;50;3;Blessé léger
202300054084;155 584 612;1;0;2;1;1;5;203 722 498;1;1;3;1;1995.0;9;8;29;3;2023;15;1;75;75115;2;2;1;3;48,83768100;2,30781800;4;2;2;1;2;1;1;0;1;30;2;Blessé hospitalisé
202300054084;155 584 612;1;0;2;1;1;5;203 722 498;1;1;3;1;1995.0;9;8;29;3;2023;15;1;75;75115;2;2;1;3;48,83768100;2,30781800;4;2;2;1;1;1;1;0;1;30;2;Blessé hospitalisé
202300054084;155 584 622;10;0;2;3;1;1;203 722 511;1;1;3;1;1998.0;4;1;29;3;2023;15;1;75;75115;2;2;1;3;48,83768100;2,30781800;4;2;2;1;2;1;1;0;1;30;2;Blessé hospitalisé
202300054084;155 584 622;10;0;2;3;1;1;203 722 511;1;1;3;1;1998.0;4;1;29;3;2023;15;1;75;75115;2;2;1;3;48,83768100;2,30781800;4;2;2;1;1;1;1;0;1;30;2;Blessé hospitalisé
202300054088;155 584 609;80;12;2;8;1;3;203 722 495;1;1;3;1;1949.0;5;2;27;9;2023;11;1;95;95566;2;1;1;2;49,10735130;2,34998841;3;2;2;0;1;1;1;0;5;30;2;Blessé hospitalisé
202300054088;155 584 613;10;0;9;4;4;1;203 722 499;1;1;1;1;1993.0;4;1;27;9;2023;11;1;95;95566;2;1;1;2;49,10735130;2,34998841;3;2;2;0;1;1;1;0;5;30;2;Indemne
202300054104;155 584 583;1;0;1;1;1;5;203 722 458;10;3;4;2;1934.0;5;0;27;3;2023;13;1;75;75116;2;1;1;6;48,85944100;2,27940600;4;1;1;0;1;1;1;0;1;30;0;Blessé léger
202300054104;155 584 583;1;0;1;1;1;5;203 722 460;1;1;1;1;2009.0;2;8;27;3;2023;13;1;75;75116;2;1;1;6;48,85944100;2,27940600;4;1;1;0;1;1;1;0;1;30;0;Indemne
202300054121;155 584 556;80;0;2;1;15;3;203 722 416;1;1;4;1;1983.0;1;8;11;6;2023;00;5;44;44132;2;6;1;3;47,26133000; -2,34156000;4;2;2;0;1;1;1;0;1;30;6;Blessé léger
202300054121;155 584 556;80;0;2;1;15;3;203 722 416;1;1;4;1;1983.0;1;8;11;6;2023;00;5;44;44132;2;6;1;3;47,26133000; -2,34156000;4;1;1;0;1;2;1;0;1;30;6;Blessé léger
202300054121;155 584 559;7;0;2;6;2;2;203 722 422;1;1;1;1;1957.0;5;8;11;6;2023;00;5;44;44132;2;6;1;3;47,26133000; -2,34156000;4;2;2;0;1;1;1;0;1;30;6;Indemne
202300054121;155 584 559;7;0;2;6;2;2;203 722 422;1;1;1;1;1957.0;5;8;11;6;2023;00;5;44;44132;2;6;1;3;47,26133000; -2,34156000;4;1;1;0;1;2;1;0;1;30;6;Indemne
202300054122;155 584 551;1;0;2;3;5;5;203 722 407;1;1;3;1;1934.0;5;0;26;9;2023;09;1;38;38416;2;3;1;1;45,15077300;5,31646000;4;2;2;0;1;1;1;0;1;50;1;Blessé hospitalisé
202300054122;155 584 551;1;0;2;3;5;5;203 722 407;1;1;3;1;1934.0;5;0;26;9;2023;09;1;38;38416;2;3;1;1;45,15077300;5,31646000;4;2;2;2;1;1;1;0;1;50;1;Blessé hospitalisé
202300054122;155 584 558;7;0;9;2;16;1;203 722 420;1;1;1;2;1944.0;5;1;26;9;2023;09;1;38;38416;2;3;1;1;45,15077300;5,31646000;4;2;2;0;1;1;1;0;1;50;1;Indemne
202300054122;155 584 558;7;0;9;2;16;1;203 722 420;1;1;1;2;1944.0;5;1;26;9;2023;09;1;38;38416;2;3;1;1;45,15077300;5,31646000;4;2;2;2;1;1;1;0;1;50;1;Indemne
202300054138;155 584 527;7;0;0;0;0;3;203 722 374;1;1;1;1;1981.0;0;1;10;2;2023;00;5;93;93070;2;3;1;6;48,90391900;2,34415000;3;2;2;1;2;1;1;0;1;50;4;Indemne
202300054138;155 584 527;7;0;0;0;0;3;203 722 374;1;1;1;1;1981.0;0;1;10;2;2023;00;5;93;93070;2;3;1;6;48,90391900;2,34415000;3;1;1;0;1;1;1;0;1;50;4;Indemne
202300054138;155 584 533;1;11;0;0;1;5;203 722 382;1;1;3;2;1997.0;0;8;10;2;2023;00;5;93;93070;2;3;1;6;48,90391900;2,34415000;3;2;2;1;2;1;1;0;1;50;4;Blessé hospitalisé
202300054138;155 584 533;1;11;0;0;1;5;203 722 382;1;1;3;2;1997.0;0;8;10;2;2023;00;5;93;93070;2;3;1;6;48,90391900;2,34415000;3;1;1;0;1;1;1;0;1;50;4;Blessé hospitalisé
202300054141;155 584 522;1;0;2;8;1;5;203 722 369;1;1;3;1;1993.0;0;8;11;6;2023;00;5;38;38185;2;1;1;1;45,18682000;5,71863000;7;1;2;2;1;1;1;0;1;50;6;Blessé hospitalisé
202300054141;155 584 525;7;0;2;1;1;1;203 722 372;1;1;1;1;2001.0;5;1;11;6;2023;00;5;38;38185;2;1;1;1;45,18682000;5,71863000;7;1;2;2;1;1;1;0;1;50;6;Indemne
202300054141;155 584 525;7;0;2;1;1;1;203 722 375;2;2;1;2;2003.0;5;1;11;6;2023;00;5;38;38185;2;1;1;1;45,18682000;5,71863000;7;1;2;2;1;1;1;0;1;50;6;Indemne
202300054147;155 584 508;1;0;2;2;14;5;203 722 349;1;1;3;1;1954.0;5;8;29;3;2023;12;1;75;75113;2;2;1;3;48,83104000;2,37759200;4;1;1;0;1;1;1;0;1;30;2;Blessé hospitalisé
202300054147;155 584 515;7;0;0;3;1;1;203 722 359;1;1;1;1;1964.0;1;1;29;3;2023;12;1;75;75113;2;2;1;3;48,83104000;2,37759200;4;1;1;0;1;1;1;0;1;30;2;Indemne
202300054153;155 584 498;1;0;2;7;1;5;203 722 337;1;1;3;1;1937.0;5;8;22;8;2023;10;1;67;67482;2;3;1;1;48,58173000;7,70723000;4;2;2;0;1;4;1;0;1;50;1;Blessé hospitalisé
202300054153;155 584 498;1;0;2;7;1;5;203 722 337;1;1;3;1;1937.0;5;8;22;8;2023;10;1;67;67482;2;3;1;1;48,58173000;7,70723000;4;2;2;0;1;1;1;0;1;30;1;Blessé hospitalisé
202300054153;155 584 504;7;0;2;3;16;1;203 722 345;1;1;1;2;1936.0;5;1;22;8;2023;10;1;67;67482;2;3;1;1;48,58173000;7,70723000;4;2;2;0;1;4;1;0;1;50;1;Indemne
202300054153;155 584 504;7;0;2;3;16;1;203 722 345;1;1;1;2;1936.0;5;1;22;8;2023;10;1;67;67482;2;3;1;1;48,58173000;7,70723000;4;2;2;0;1;1;1;0;1;30;1;Indemne
202300054154;155 584 495;7;0;2;7;17;1;203 722 332;1;1;1;2;1982.0;4;8;25;9;2023;14;1;36;36180;2;4;1;3;46,73123041;1,96571857;3;2;2;0;1;1;1;0;1;50;0;Indemne
202300054154;155 584 500;1;0;2;3;15;5;203 722 338;1;1;4;1;1960.0;5;0;25;9;2023;14;1;36;36180;2;4;1;3;46,73123041;1,96571857;3;2;2;0;1;1;1;0;1;50;0;Blessé léger
202300054159;155 584 491;1;1;0;2;2;5;203 722 326;1;1;4;1;1993.0;9;8;29;3;2023;16;1;75;75112;2;3;1;6;48,83361200;2,39489700;4;2;2;0;2;1;1;0;1;30;2;Blessé léger